Sample	0	1	2	3	4	5	6	7	8	9	10	11	12	13	14	15	16	17	18	19	20	21	22	23	24	25	26	27	28	29	30	31	32	33	34	35	36	37	38	39	40	41	42	43	44	45	46	47	48	49	50	51	52	53	54	55
SRR908430_1 - illumina_universal_adapter	(1, 29.03910553949964)	(2, 31.490308760135733)	(3, 33.69309706809238)	(4, 35.440898241633896)	(5, 39.006006719852756)	(6, 43.545869181120466)	(7, 48.43062106508415)	(8, 50.283793533427584)	(9, 50.575580271935785)	(10, 50.79674878120999)	(15, 50.92469566740482)	(20, 51.127848187488624)	(25, 51.31042689275621)	(30, 51.55992610108137)	(35, 51.84278825235174)	(40, 52.224126690215336)	(45, 52.70002126887613)	(50, 53.295494195542986)	(55, 53.96133512937176)	(60, 54.779172070768354)	(65, 55.6341808910964)	(70, 56.6741594276031)	(75, 57.79470947132246)	(80, 59.003810326108876)	(85, 60.29584589656654)	(90, 61.70951719651191)	(95, 63.09085424425289)	(100, 64.49181982342661)	(105, 65.93688009219292)	(110, 67.35491637717362)	(115, 68.77681720304548)	(120, 70.17202767456118)	(125, 71.61213910679062)	(130, 73.02594941899825)	(135, 74.38779694756875)	(140, 75.7496722785917)	(145, 77.13423441081738)	(150, 78.41189611335616)	(155, 79.52802556713529)	(160, 80.56892158457296)	(165, 81.47286272122065)	(170, 82.216578324374)	(175, 82.85022401826065)	(180, 83.41094387935959)	(185, 83.91491893499926)	(190, 84.35383625189579)	(195, 84.72955859436361)	(200, 85.06999962466689)	(205, 85.35247254160289)	(210, 85.56997112715312)	(215, 85.71726852025617)	(220, 85.81574480684942)	(225, 85.8772994365833)	(230, 85.91024534274167)	(235, 85.92703802402409)	(240, 85.93293214394441)
SRR908430_1 - polya	(1, 4.456455103904715)	(2, 5.224358840693338)	(3, 5.407855026891922)	(4, 5.478751280650466)	(5, 5.561602588964373)	(6, 5.682126220353897)	(7, 5.726749156543098)	(8, 5.737870137524831)	(9, 5.742735566704339)	(10, 5.752021585824086)	(15, 5.7638654305696315)	(20, 5.775653670410267)	(25, 5.7881369715622615)	(30, 5.806987034326298)	(35, 5.823807518061168)	(40, 5.833232549443187)	(45, 5.841767902346666)	(50, 5.846466516811448)	(55, 5.86862507141755)	(60, 6.273289766890337)	(65, 35.06890142779494)	(70, 46.74440232372898)	(75, 48.2874662373968)	(80, 48.406988980497964)	(85, 48.58803855088057)	(90, 48.74820847946997)	(95, 48.956893687592185)	(100, 49.219543455928246)	(105, 49.57355208302924)	(110, 50.00713132905454)	(115, 50.52611970901953)	(120, 51.11352992447464)	(125, 51.809063877524636)	(130, 52.5788303786277)	(135, 53.48452306977998)	(140, 54.449629601827176)	(145, 55.48568799253782)	(150, 56.623503359231314)	(155, 57.825570193546774)	(160, 59.02051960003392)	(165, 60.23187245346912)	(170, 61.477033089088785)	(175, 62.6900818921237)	(180, 63.87193634350486)	(185, 64.948475104989)	(190, 65.96187449694938)	(195, 66.82144291947994)	(200, 67.47288218293735)	(205, 67.945218047684)	(210, 68.25749519365102)	(215, 68.4504442136841)	(220, 68.55111689402123)	(225, 68.61258811639775)	(230, 68.65062187135527)	(235, 68.67052842731258)	(240, 68.68178842055657)
SRR908430_1 - polyg	(1, 0.00027802452454330997)	(2, 0.00027802452454330997)	(3, 0.00027802452454330997)	(4, 0.00027802452454330997)	(5, 0.00027802452454330997)	(6, 0.00041703678681496493)	(7, 0.00041703678681496493)	(8, 0.00041703678681496493)	(9, 0.00041703678681496493)	(10, 0.0004170367868149649)	(15, 0.0011955054555362328)	(20, 0.00139012262271655)	(25, 0.0015291348849882048)	(30, 0.0015291348849882048)	(35, 0.0018349618619858457)	(40, 0.002085183934074825)	(45, 0.002446615815981128)	(50, 0.0034753065567913743)	(55, 0.0060609346350441575)	(60, 0.006589181231676446)	(65, 0.007423254805306376)	(70, 0.009007994595203243)	(75, 0.011148783434186729)	(80, 0.013289572273170217)	(85, 0.016598064115235605)	(90, 0.019322704455760044)	(95, 0.021074258960382897)	(100, 0.022798011012551418)	(105, 0.02396571401563332)	(110, 0.02507781211380656)	(115, 0.025967490592345148)	(120, 0.0265513420938861)	(125, 0.027885859811693992)	(130, 0.02866432848041526)	(135, 0.02988763638840582)	(140, 0.030805117319398743)	(145, 0.031778203155300326)	(150, 0.03258447427647592)	(155, 0.03391899199428382)	(160, 0.03472526311545941)	(165, 0.03547592933172635)	(170, 0.03689385440689723)	(175, 0.038395186839431106)	(180, 0.03956288984251301)	(185, 0.04078619775050357)	(190, 0.04214851792076579)	(195, 0.04562382447755717)	(200, 0.05037804384724777)	(205, 0.0614434199240715)	(210, 0.09772562037697344)	(215, 0.20020546012363752)	(220, 0.36635291599071956)	(225, 0.5919698176576155)	(230, 0.8394116445011616)	(235, 1.0789019699427684)	(240, 1.2392943181518041)
SRR908430_2 - illumina_universal_adapter	(1, 28.801672595539653)	(2, 31.17767018228678)	(3, 33.351404927428646)	(4, 35.056390324190495)	(5, 38.58215833218648)	(6, 43.066693913070075)	(7, 47.89820410058371)	(8, 49.72454720230871)	(9, 49.997706297672515)	(10, 50.21375915569512)	(15, 50.339732067765695)	(20, 50.54132765051205)	(25, 50.7274650696938)	(30, 50.977520327068056)	(35, 51.255517049158904)	(40, 51.60471585198529)	(45, 52.04735869751071)	(50, 52.61074759404528)	(55, 53.25367930705168)	(60, 54.039904860007695)	(65, 54.873366779683636)	(70, 55.886349134857184)	(75, 56.970644780576094)	(80, 58.12030399201514)	(85, 59.34030340816363)	(90, 60.68424615735354)	(95, 61.99057218837273)	(100, 63.314191344818525)	(105, 64.67578865131694)	(110, 66.00580237182722)	(115, 67.34540793843425)	(120, 68.6534021166007)	(125, 69.99653859466943)	(130, 71.30717400581905)	(135, 72.56637487992816)	(140, 73.8299407390726)	(145, 75.12047497709773)	(150, 76.31750956751895)	(155, 77.33958332464508)	(160, 78.29281820949426)	(165, 79.10734665904879)	(170, 79.77062976725178)	(175, 80.29712480937943)	(180, 80.71744228558401)	(185, 81.04056238800824)	(190, 81.28847685654353)	(195, 81.47945190245231)	(200, 81.66036246057264)	(205, 81.80980064251467)	(210, 81.91127959397298)	(215, 81.96580020323594)	(220, 81.98598478371778)	(225, 81.99599366660132)	(230, 82.001053712948)	(235, 82.00294427971491)	(240, 82.00402857536064)
SRR908430_2 - polya	(1, 0.007784686687212679)	(2, 0.009452833834472539)	(3, 0.01084295645718909)	(4, 0.011259993244004054)	(5, 0.014318263013980464)	(6, 0.021546900652106522)	(7, 0.0333629429451972)	(8, 0.03586516366608698)	(9, 0.03795034760016181)	(10, 0.057968113367280125)	(15, 0.0944449309873624)	(20, 0.12544466547394145)	(25, 0.33963475918210745)	(30, 0.4818999083909191)	(35, 0.5356142465326866)	(40, 0.5544643092967231)	(45, 0.5739260260147547)	(50, 0.5961957904306738)	(55, 5.272679503058965)	(60, 28.371596458523605)	(65, 36.52853018164733)	(70, 36.889934261101175)	(75, 36.97879089914521)	(80, 37.08674782202537)	(85, 37.19609486752826)	(90, 37.34347566798867)	(95, 37.527583508141255)	(100, 37.76418237852761)	(105, 38.04715573960779)	(110, 38.393629902093664)	(115, 38.80721918480428)	(120, 39.2771918410923)	(125, 39.80785725108812)	(130, 40.42598917650527)	(135, 41.07253520833073)	(140, 41.75739301963826)	(145, 42.50786461873802)	(150, 43.268539717888515)	(155, 44.00944727334398)	(160, 44.74037374836834)	(165, 45.42081096973565)	(170, 46.01108483779355)	(175, 46.45178151164714)	(180, 46.7102331096626)	(185, 46.89083784080593)	(190, 47.0610722571838)	(195, 47.29892223793061)	(200, 47.67314324796591)	(205, 48.188350494397106)	(210, 48.721879556995724)	(215, 49.15103821308078)	(220, 49.443297593280704)	(225, 49.66207509164384)	(230, 49.839204516230375)	(235, 50.04908522980812)	(240, 50.19093334223012)
SRR908430_2 - polyg	(1, 0.004309380130421305)	(2, 0.004865429179507924)	(3, 0.0055604904908662)	(4, 0.008201723474027645)	(5, 0.010008882883559158)	(6, 0.010147895145830813)	(7, 0.010981968719460744)	(8, 0.011399005506275709)	(9, 0.012372091342177293)	(10, 0.01765455730850018)	(15, 0.026134305307071136)	(20, 0.03244546201420427)	(25, 0.035392521974363364)	(30, 0.0373108911937122)	(35, 0.040452568321051596)	(40, 0.04684713238554773)	(45, 0.05421478228594545)	(50, 0.060081099753809285)	(55, 0.06850524284747157)	(60, 0.08354636962526464)	(65, 0.09647451001652856)	(70, 0.10762329345071528)	(75, 0.12272002513341702)	(80, 0.14059700206155185)	(85, 0.15694484410469847)	(90, 0.16895550356496947)	(95, 0.17849174475680502)	(100, 0.18677687558819564)	(105, 0.1956180554686729)	(110, 0.20301350782152494)	(115, 0.20971389886301872)	(120, 0.21510757463915892)	(125, 0.2206402626775708)	(130, 0.2267011973126149)	(135, 0.2332069711869284)	(140, 0.23873965922534027)	(145, 0.24341047123766785)	(150, 0.2467467655321876)	(155, 0.2528633050721404)	(160, 0.2600919427102665)	(165, 0.2678488269450249)	(170, 0.2789142030218486)	(175, 0.3116654920130505)	(180, 0.4173704162444169)	(185, 0.6506885972411627)	(190, 0.9555146859504478)	(195, 1.2252818821148215)	(200, 1.4286568218182523)	(205, 1.685301260424182)	(210, 2.159583296842615)	(215, 3.1863278659810583)	(220, 5.6260208713010575)	(225, 9.563070558453962)	(230, 13.53968313544938)	(235, 16.49494481908249)	(240, 18.05685879551435)
SRR908431_1 - illumina_universal_adapter	(1, 30.382027067953068)	(2, 31.887834367096822)	(3, 33.19875397740011)	(4, 34.56768758185873)	(5, 37.85678606405531)	(6, 42.09161097978753)	(7, 46.19723184751956)	(8, 47.910512922371375)	(9, 48.237947838536236)	(10, 48.56927657532576)	(15, 48.70760553630496)	(20, 48.88664262199655)	(25, 49.07177609351463)	(30, 49.29844365169578)	(35, 49.54674354668062)	(40, 49.90619432131493)	(45, 50.350640513826995)	(50, 50.921301558708194)	(55, 51.5183540544899)	(60, 52.18836652258219)	(65, 52.86766122973935)	(70, 53.614488159245454)	(75, 54.432937789332506)	(80, 55.340197994879034)	(85, 56.327537178120664)	(90, 57.492300854673964)	(95, 58.375018190828676)	(100, 59.262691298687514)	(105, 60.18847665084229)	(110, 61.063327682704745)	(115, 61.84976145432235)	(120, 62.65188850300295)	(125, 63.42192103017121)	(130, 64.15509992173027)	(135, 64.84493547663905)	(140, 65.51958906426378)	(145, 66.1690704781533)	(150, 66.7532222348957)	(155, 67.29127744848554)	(160, 67.78559601021047)	(165, 68.25096657213992)	(170, 68.66335757466106)	(175, 69.05218899582694)	(180, 69.39921100967949)	(185, 69.70288968688176)	(190, 69.97915429362554)	(195, 70.21750331368068)	(200, 70.4416536544883)	(205, 70.62533185971233)	(210, 70.76086828266777)	(215, 70.86313023846701)	(220, 70.93184240645981)	(225, 70.96936467793383)	(230, 70.99087902017314)	(235, 71.00259981356858)	(240, 71.00617898202157)
SRR908431_1 - polya	(1, 18.787684514000055)	(2, 21.562720010698175)	(3, 22.106674952507188)	(4, 22.293106364233488)	(5, 22.456332178297654)	(6, 22.737355899138247)	(7, 22.846304213585896)	(8, 22.87265633296493)	(9, 22.887405653512896)	(10, 22.90931331096681)	(15, 22.927956452139437)	(20, 22.934760805352234)	(25, 22.942076468344027)	(30, 22.946717587876453)	(35, 22.954347903039935)	(40, 22.960444288866427)	(45, 22.967956609465524)	(50, 22.97141778335411)	(55, 22.99820254946922)	(60, 23.549394491227105)	(65, 52.793678637870755)	(70, 63.0647121522602)	(75, 64.57590786984413)	(80, 64.69909419506074)	(85, 64.86031410153039)	(90, 65.023579247116)	(95, 65.2195682185574)	(100, 65.46149640706551)	(105, 65.79990481771806)	(110, 66.20159764640175)	(115, 66.69540489834768)	(120, 67.20773729690185)	(125, 67.77784770048261)	(130, 68.38170454947709)	(135, 69.04294608828353)	(140, 69.74863224634119)	(145, 70.52629508867291)	(150, 71.43693780506511)	(155, 72.36130722244728)	(160, 73.12551868443927)	(165, 73.90333885285685)	(170, 74.69874021136759)	(175, 75.44175198329198)	(180, 76.0989423753879)	(185, 76.7186104960098)	(190, 77.24911405747909)	(195, 77.70158388036926)	(200, 78.02441700852313)	(205, 78.24451620262026)	(210, 78.37328760388439)	(215, 78.44620824467353)	(220, 78.4906921954462)	(225, 78.52321936369465)	(230, 78.54280646138234)	(235, 78.55598252107185)	(240, 78.56215756994128)
SRR908431_1 - polyg	(1, 0.0005899728219186703)	(2, 0.0005899728219186703)	(3, 0.0005899728219186703)	(4, 0.0005899728219186703)	(5, 0.0005899728219186703)	(6, 0.0005899728219186703)	(7, 0.0005899728219186703)	(8, 0.0005899728219186703)	(9, 0.0005899728219186703)	(10, 0.0005899728219186703)	(15, 0.0005899728219186703)	(20, 0.0005899728219186703)	(25, 0.0005899728219186703)	(30, 0.0005899728219186703)	(35, 0.0005899728219186703)	(40, 0.0005899728219186703)	(45, 0.0005899728219186703)	(50, 0.0006293043433799149)	(55, 0.0007866304292248937)	(60, 0.0011406141223760959)	(65, 0.001376603251143564)	(70, 0.0014552662940660534)	(75, 0.002792538023748373)	(80, 0.004011815189046958)	(85, 0.005309755397268032)	(90, 0.008377614071245116)	(95, 0.009282239064853745)	(100, 0.010147532537001128)	(105, 0.010540847751613578)	(110, 0.010619510794536066)	(115, 0.011130820573532246)	(120, 0.011799456438373405)	(125, 0.01266474991052079)	(130, 0.01309739664659448)	(135, 0.013844695554358128)	(140, 0.014473999897738043)	(145, 0.015417956412807918)	(150, 0.016243918363494054)	(155, 0.01655857053518401)	(160, 0.016833891185412724)	(165, 0.017423864007331397)	(170, 0.01781717922194384)	(175, 0.018643141172629978)	(180, 0.01939044008039363)	(185, 0.02088503789592093)	(190, 0.0218289944109908)	(195, 0.022930277011905652)	(200, 0.02698142372241385)	(205, 0.03681430408772503)	(210, 0.0659196299690461)	(215, 0.14328473268331438)	(220, 0.2644651503054093)	(225, 0.4184873883476435)	(230, 0.5963445283953919)	(235, 0.7507994131736998)	(240, 0.8477909450971292)
SRR908431_2 - illumina_universal_adapter	(1, 30.158427368445892)	(2, 31.620183363553053)	(3, 32.907307403372286)	(4, 34.23631951354774)	(5, 37.48058006127851)	(6, 41.66112747739421)	(7, 45.70598114446861)	(8, 47.39585996405099)	(9, 47.70775892923866)	(10, 48.030198742177944)	(15, 48.16738708903476)	(20, 48.348548076885265)	(25, 48.54048590161613)	(30, 48.78595392705576)	(35, 49.04935712628172)	(40, 49.402750846611)	(45, 49.82233951755956)	(50, 50.37077825281516)	(55, 50.95980711821876)	(60, 51.61176641796035)	(65, 52.286026690370456)	(70, 53.02215544603912)	(75, 53.822355250168144)	(80, 54.69799291245984)	(85, 55.647416509012814)	(90, 56.77756844668022)	(95, 57.62866323958009)	(100, 58.48361252158317)	(105, 59.37447148268036)	(110, 60.22135780278389)	(115, 60.973927134423334)	(120, 61.73833525402263)	(125, 62.47104216732415)	(130, 63.16988464064756)	(135, 63.82801898925855)	(140, 64.46058784891976)	(145, 65.07191768699188)	(150, 65.62263765049224)	(155, 66.12647444041077)	(160, 66.59007508387447)	(165, 67.02099123300385)	(170, 67.39530932275053)	(175, 67.7328917714524)	(180, 67.999677481524)	(185, 68.1990096322896)	(190, 68.35971822898026)	(195, 68.48384851071194)	(200, 68.60408497181896)	(205, 68.70426235698075)	(210, 68.77112594346487)	(215, 68.80443974214253)	(220, 68.82044767137727)	(225, 68.82776333436905)	(230, 68.82992656804943)	(235, 68.8316964865152)	(240, 68.83252244846588)
SRR908431_2 - polya	(1, 0.024582200913277927)	(2, 0.028318695452096174)	(3, 0.028908668274014844)	(4, 0.029105325881321066)	(5, 0.03264516281283309)	(6, 0.03402176606397665)	(7, 0.03756160299548868)	(8, 0.0377582606027949)	(9, 0.0377582606027949)	(10, 0.038544891032019794)	(15, 0.04204539644207057)	(20, 0.04409063555805529)	(25, 0.07126871688777536)	(30, 0.08641135265035457)	(35, 0.09380567868506857)	(40, 0.09722752105219687)	(45, 0.10304858622846107)	(50, 0.10780770032527169)	(55, 5.0547691436347835)	(60, 27.58638185400926)	(65, 34.865230541713046)	(70, 35.257798457417735)	(75, 35.336146848168525)	(80, 35.437700836581456)	(85, 35.548537064059246)	(90, 35.69186112826402)	(95, 35.88891205078486)	(100, 36.145038918540486)	(105, 36.45438133483317)	(110, 36.82889608218715)	(115, 37.226773753289095)	(120, 37.638063473209336)	(125, 38.077632557060205)	(130, 38.574979645937646)	(135, 39.0980888813722)	(140, 39.64137518731637)	(145, 40.31115166627991)	(150, 40.89270754260587)	(155, 41.399297539026705)	(160, 41.915484426684074)	(165, 42.38085498861353)	(170, 42.76433732286066)	(175, 43.02553795688478)	(180, 43.189865053549866)	(185, 43.29547018867331)	(190, 43.402884573783965)	(195, 43.55777210529834)	(200, 43.811617744809226)	(205, 44.20925942678241)	(210, 44.67620324957031)	(215, 45.03494605681832)	(220, 45.25484859330813)	(225, 45.40891016287183)	(230, 45.536934265228176)	(235, 45.71392611180379)	(240, 45.84993451301677)
SRR908431_2 - polyg	(1, 0.0025565488949809046)	(2, 0.003933152146124469)	(3, 0.004719782575349362)	(4, 0.006293043433799149)	(5, 0.007079673863024044)	(6, 0.00806296189955516)	(7, 0.009439565150698725)	(8, 0.010422853187229842)	(9, 0.010422853187229842)	(10, 0.014356005333354311)	(15, 0.022576293318754447)	(20, 0.029341315010088537)	(25, 0.03236984216260437)	(30, 0.03339246172059673)	(35, 0.03484772801466279)	(40, 0.03858422255348103)	(45, 0.04314667904298542)	(50, 0.045427907287737615)	(55, 0.04900707574071088)	(60, 0.05447415722382389)	(65, 0.05891861914894454)	(70, 0.06281243977360776)	(75, 0.0680435321279533)	(80, 0.07681446141381086)	(85, 0.08495608635628853)	(90, 0.08983319501748287)	(95, 0.09317637434168866)	(100, 0.09553626562936332)	(105, 0.09876145038918542)	(110, 0.1010426786339376)	(115, 0.103677890571841)	(120, 0.10580179273074819)	(125, 0.10749304815358174)	(130, 0.10993160248417891)	(135, 0.11166218942847365)	(140, 0.11307812420107848)	(145, 0.11465138505952828)	(150, 0.11653929808966801)	(155, 0.11937116763487761)	(160, 0.12271434695908341)	(165, 0.12491691216091312)	(170, 0.12908605343580506)	(175, 0.14139681965317463)	(180, 0.1979948790359058)	(185, 0.32944082375938544)	(190, 0.5084779094509713)	(195, 0.6709957561288344)	(200, 0.7824612879500018)	(205, 0.9179190478625285)	(210, 1.2053144751798432)	(215, 1.8257692262309781)	(220, 3.387859932585772)	(225, 5.927771593988569)	(230, 8.557201798237163)	(235, 10.56723920251407)	(240, 11.637213912345771)
SRR908432_1 - illumina_universal_adapter	(1, 27.39009259214065)	(2, 33.304616916491355)	(3, 41.378973725698835)	(4, 46.17331374434417)	(5, 53.16555787130815)	(6, 60.19221288870884)	(7, 69.66179707824695)	(8, 73.00648681892062)	(9, 73.34254211063224)	(10, 73.53968478648164)	(15, 73.69909750728486)	(20, 73.90239021461657)	(25, 74.05086954611792)	(30, 74.1841202282345)	(35, 74.33264836950951)	(40, 74.53135295811634)	(45, 74.78736022101066)	(50, 75.08973676889062)	(55, 75.39548119115372)	(60, 75.73475792792749)	(65, 76.10244195297666)	(70, 76.52698936435031)	(75, 76.9930250833427)	(80, 77.4956193228132)	(85, 78.04355784202228)	(90, 78.72806610795746)	(95, 79.50672842730029)	(100, 80.12490421081918)	(105, 80.70920601141172)	(110, 81.25167783596987)	(115, 81.76969596391982)	(120, 82.3138761305564)	(125, 82.8846576238426)	(130, 83.4131698531314)	(135, 83.87564245864591)	(140, 84.3385055423498)	(145, 84.78970309014679)	(150, 85.1890158485335)	(155, 85.54708434816988)	(160, 85.90437189142753)	(165, 86.23803550422937)	(170, 86.52406077793016)	(175, 86.78333829566033)	(180, 87.01977283931336)	(185, 87.24297993430204)	(190, 87.44090356653015)	(195, 87.62657594556734)	(200, 87.79462799630998)	(205, 87.92641438521649)	(210, 88.03140420837867)	(215, 88.10457005910864)	(220, 88.1502560072629)	(225, 88.17983473010636)	(230, 88.19545385768046)	(235, 88.20331223124118)	(240, 88.20633843720867)
SRR908432_1 - polya	(1, 3.53041092948452)	(2, 4.264998023204166)	(3, 4.5290588987538865)	(4, 4.660845287660401)	(5, 4.774572060309357)	(6, 4.981769549534599)	(7, 5.001781556738921)	(8, 5.013251853551155)	(9, 5.016424488839645)	(10, 5.023794764663675)	(15, 5.030237654787994)	(20, 5.035069822381233)	(25, 5.054154443885844)	(30, 5.057717557363686)	(35, 5.061280670841529)	(40, 5.064062827940667)	(45, 5.0654783113770705)	(50, 5.067869990286855)	(55, 5.107942814469169)	(60, 5.652708698389765)	(65, 39.96514982160028)	(70, 62.79870361241135)	(75, 65.42554801173387)	(80, 65.59667507821766)	(85, 65.80899759367817)	(90, 66.0343523187083)	(95, 66.15803628518574)	(100, 66.30876086627588)	(105, 66.52035123513132)	(110, 66.77338110183184)	(115, 67.04905870351479)	(120, 67.3256148811238)	(125, 67.63770457396387)	(130, 68.01827437926171)	(135, 68.43574437345333)	(140, 68.84691790684167)	(145, 69.28308204434856)	(150, 69.77952625233677)	(155, 70.37871503389837)	(160, 71.0633209193809)	(165, 71.58417001420364)	(170, 72.09486667610322)	(175, 72.56636908974653)	(180, 73.00726777529933)	(185, 73.44265095642751)	(190, 73.8497732786013)	(195, 74.16962372545478)	(200, 74.39405106478522)	(205, 74.56141977869648)	(210, 74.66626317253767)	(215, 74.72654324301898)	(220, 74.75880650341423)	(225, 74.77725659786115)	(230, 74.79111857358318)	(235, 74.80049005012764)	(240, 74.80390673428447)
SRR908432_1 - polyg	(1, 0.00024404886834539748)	(2, 0.00024404886834539748)	(3, 0.00024404886834539748)	(4, 0.00024404886834539748)	(5, 0.00024404886834539748)	(6, 0.00024404886834539748)	(7, 0.00024404886834539748)	(8, 0.00024404886834539748)	(9, 0.00024404886834539748)	(10, 0.00024404886834539745)	(15, 0.00024404886834539745)	(20, 0.00024404886834539745)	(25, 0.00024404886834539745)	(30, 0.00024404886834539745)	(35, 0.00024404886834539745)	(40, 0.00024404886834539745)	(45, 0.0006345270576980334)	(50, 0.000780956378705272)	(55, 0.0009761954733815898)	(60, 0.0009761954733815898)	(65, 0.0011714345680579078)	(70, 0.0012202443417269873)	(75, 0.001708342078417782)	(80, 0.0029773961938138493)	(85, 0.004344069856548076)	(90, 0.0056619337456132205)	(95, 0.006589319445325731)	(100, 0.006833368313671128)	(105, 0.006833368313671128)	(110, 0.007516705145038242)	(115, 0.008444090844750753)	(120, 0.009469096091801422)	(125, 0.009810764507484977)	(130, 0.010835769754535648)	(135, 0.012300062964608033)	(140, 0.013032209569644224)	(145, 0.014398883232378451)	(150, 0.015179839611083722)	(155, 0.016351274179141635)	(160, 0.01766913806820678)	(165, 0.01893819218360284)	(170, 0.020597724488351548)	(175, 0.021866778603747618)	(180, 0.022598925208783805)	(185, 0.024746555250223304)	(190, 0.02718704393367728)	(195, 0.03148230401655627)	(200, 0.03602161296778067)	(205, 0.04861453457440318)	(210, 0.0885409294357102)	(215, 0.19397004056092193)	(220, 0.35133275087003424)	(225, 0.5508671056292312)	(230, 0.7716825217081469)	(235, 0.9765859515709426)	(240, 1.1026127871845057)
SRR908432_2 - illumina_universal_adapter	(1, 27.237073951688085)	(2, 32.91853160676894)	(3, 40.87110803067206)	(4, 45.55782249837708)	(5, 52.460988788394985)	(6, 59.36757176256974)	(7, 68.72342917945889)	(8, 72.02882705232896)	(9, 72.346822727783)	(10, 72.53649750826105)	(15, 72.69766738091634)	(20, 72.92575545327198)	(25, 73.33116943336734)	(30, 73.4699844296822)	(35, 73.6149006477057)	(40, 73.79837658692777)	(45, 74.0377885267746)	(50, 74.32483880572246)	(55, 74.62257842510385)	(60, 74.95419202741157)	(65, 75.31392005935268)	(70, 75.73275672720705)	(75, 76.183222128399)	(80, 76.65526144955265)	(85, 77.17698912030146)	(90, 77.82654958828957)	(95, 78.58051416215582)	(100, 79.1701362280783)	(105, 79.71953904049747)	(110, 80.22711187688222)	(115, 80.71911439546655)	(120, 81.22912772053476)	(125, 81.76252092719047)	(130, 82.25740322242126)	(135, 82.69283521332311)	(140, 83.13197674702383)	(145, 83.54910507279978)	(150, 83.91927839630607)	(155, 84.2505991399718)	(160, 84.57845438970699)	(165, 84.88673692020089)	(170, 85.144989432684)	(175, 85.36707390287832)	(180, 85.54181289261362)	(185, 85.68951126773624)	(190, 85.8068987734104)	(195, 85.9037861741435)	(200, 85.99056995172714)	(205, 86.05743934165378)	(210, 86.10576101758618)	(215, 86.13358258857754)	(220, 86.1424659673853)	(225, 86.14793266203625)	(230, 86.14934814547266)	(235, 86.15017791162502)	(240, 86.1502267213987)
SRR908432_2 - polya	(1, 0.013910785495687656)	(2, 0.016839371915832426)	(3, 0.017815567389214016)	(4, 0.019035811730941005)	(5, 0.021476300414394977)	(6, 0.023428691361158157)	(7, 0.024404886834539747)	(8, 0.024648935702885146)	(9, 0.024648935702885146)	(10, 0.025820370270943055)	(15, 0.03021324990116021)	(20, 0.03499660772073)	(25, 0.053544321714980206)	(30, 0.06745510721066786)	(35, 0.07463014394002256)	(40, 0.07638729579210941)	(45, 0.07912064311757787)	(50, 0.08546591369455818)	(55, 4.493086095559775)	(60, 34.988651727621935)	(65, 50.442167739668186)	(70, 50.940710767924166)	(75, 51.05629231197255)	(80, 51.19876804131259)	(85, 51.33226277229753)	(90, 51.40528219370647)	(95, 51.50173030647657)	(100, 51.636054803613874)	(105, 51.80547352801925)	(110, 51.98016370798088)	(115, 52.162761071276904)	(120, 52.36663949589266)	(125, 52.57949891886351)	(130, 52.83521332311583)	(135, 53.10064087232827)	(140, 53.382468505493534)	(145, 53.71129995070213)	(150, 54.1220830059011)	(155, 54.527106507807126)	(160, 54.81410797698131)	(165, 55.08129267804585)	(170, 55.30025332272535)	(175, 55.46288748859072)	(180, 55.559335601360814)	(185, 55.625228795814074)	(190, 55.686143393353085)	(195, 55.77732005056693)	(200, 55.91916125284928)	(205, 56.11737774371941)	(210, 56.33316575311041)	(215, 56.515763116406426)	(220, 56.64169233247266)	(225, 56.73936068958447)	(230, 56.81482059967688)	(235, 56.907705598969144)	(240, 56.98077383015175)
SRR908432_2 - polyg	(1, 0.003172635288490167)	(2, 0.0039047818935263596)	(3, 0.005369075103598744)	(4, 0.007077417182016527)	(5, 0.008053612655398118)	(6, 0.009273856997125105)	(7, 0.009761954733815898)	(8, 0.010006003602161296)	(9, 0.010738150207197488)	(10, 0.015521508026767277)	(15, 0.0290418153331023)	(20, 0.04236688354476101)	(25, 0.04822405638505054)	(30, 0.049883588689799245)	(35, 0.051738360089224264)	(40, 0.05652171790879405)	(45, 0.061451505049371094)	(50, 0.06423366214850862)	(55, 0.06882178087340209)	(60, 0.07399561688232452)	(65, 0.07809563787052719)	(70, 0.0833182836531187)	(75, 0.09200642336621485)	(80, 0.10616125773024791)	(85, 0.12236610258838229)	(90, 0.12983399795975145)	(95, 0.13339711143759428)	(100, 0.13686260536809888)	(105, 0.13979119178824367)	(110, 0.1428173977557266)	(115, 0.14462335938148257)	(120, 0.146136462365224)	(125, 0.1492602878800451)	(130, 0.1525793524895425)	(135, 0.15414126524695307)	(140, 0.15609365619371623)	(145, 0.15819247646148663)	(150, 0.15965676967155903)	(155, 0.16229249744968932)	(160, 0.16424488839645252)	(165, 0.16605085002220846)	(170, 0.16897943644235322)	(175, 0.18552594971617115)	(180, 0.2429262435510086)	(185, 0.3669518784441397)	(190, 0.52070266550174)	(195, 0.6637153023521429)	(200, 0.7757825426963495)	(205, 0.9124987187434412)	(210, 1.1799274686763277)	(215, 1.7662304699893105)	(220, 3.266496483255807)	(225, 5.761652113219151)	(230, 8.404262069436786)	(235, 10.43958082166373)	(240, 11.507636289090527)
SRR908433_1 - illumina_universal_adapter	(1, 27.829971518863875)	(2, 33.44270609808435)	(3, 41.19659786976708)	(4, 46.07272443525419)	(5, 54.30377277515509)	(6, 63.65182786469509)	(7, 76.34466076235809)	(8, 80.55986890874333)	(9, 80.96484725527681)	(10, 81.19644180874721)	(15, 81.2951504038079)	(20, 81.45331824743475)	(25, 81.53134875736413)	(30, 81.60610198587646)	(35, 81.69412040107682)	(40, 81.80726464047443)	(45, 81.94139908704304)	(50, 82.10456088330537)	(55, 82.26116811673364)	(60, 82.42760719441301)	(65, 82.60676524521088)	(70, 82.81885217119894)	(75, 83.06909601654247)	(80, 83.3530490421755)	(85, 83.66064531231711)	(90, 83.98540829464321)	(95, 84.29667199875152)	(100, 84.6288478795209)	(105, 84.98318442511021)	(110, 85.32480199758106)	(115, 85.68062112285904)	(120, 86.02223869532988)	(125, 86.3797744918263)	(130, 86.71694432523115)	(135, 87.02141937497562)	(140, 87.29866177675471)	(145, 87.59002770083103)	(150, 87.86087160079592)	(155, 88.12227380905934)	(160, 88.37704342397879)	(165, 88.6108228317272)	(170, 88.82899613748975)	(175, 89.02305801568414)	(180, 89.20291834107135)	(185, 89.37762865280325)	(190, 89.5240919199407)	(195, 89.67016503452851)	(200, 89.79571612500487)	(205, 89.90573914400531)	(210, 90.00585228824471)	(215, 90.0724903437244)	(220, 90.10705785962311)	(225, 90.12640942608559)	(230, 90.13959658226366)	(235, 90.14771175529633)	(240, 90.14981857906442)
SRR908433_1 - polya	(1, 2.3998283328781556)	(2, 2.94253052943701)	(3, 3.2488002809098355)	(4, 3.419687097655183)	(5, 3.596816355194881)	(6, 3.9108891576606455)	(7, 3.9670711248098005)	(8, 3.9881393624907338)	(9, 3.9904802777886155)	(10, 4.001170457648941)	(15, 4.009753813741172)	(20, 4.013187156178065)	(25, 4.013811400257501)	(30, 4.014903827396512)	(35, 4.017088681674535)	(40, 4.018181108813546)	(45, 4.020600054621357)	(50, 4.022004603800086)	(55, 4.045803909328548)	(60, 4.454059537279076)	(65, 38.901408450704224)	(70, 66.71990948460848)	(75, 70.12453669384729)	(80, 70.24626428933713)	(85, 70.39608286840155)	(90, 70.47739065974795)	(95, 70.56197573251141)	(100, 70.67387148375015)	(105, 70.82080293394716)	(110, 70.97069954352153)	(115, 71.1315984549959)	(120, 71.2871912917951)	(125, 71.45714174242127)	(130, 71.66579532597245)	(135, 71.89809215403223)	(140, 72.13592914829698)	(145, 72.39647302095119)	(150, 72.68495181616012)	(155, 72.97982911318326)	(160, 73.278451874683)	(165, 73.58636026686435)	(170, 73.90683157114431)	(175, 74.2246498380867)	(180, 74.53052943700989)	(185, 74.80925441847762)	(190, 75.07315360305878)	(195, 75.28414810190785)	(200, 75.44114548788575)	(205, 75.54477000507197)	(210, 75.6128126097304)	(215, 75.65939682415824)	(220, 75.68694159416332)	(225, 75.70332800124848)	(230, 75.71581288283718)	(235, 75.72252350669112)	(240, 75.72587881861809)
SRR908433_1 - polyg	(1, 0.0003901525496469119)	(2, 0.0003901525496469119)	(3, 0.0003901525496469119)	(4, 0.0003901525496469119)	(5, 0.0003901525496469119)	(6, 0.0003901525496469119)	(7, 0.0003901525496469119)	(8, 0.0003901525496469119)	(9, 0.0003901525496469119)	(10, 0.0003901525496469119)	(15, 0.0003901525496469119)	(20, 0.0003901525496469119)	(25, 0.0003901525496469119)	(30, 0.0003901525496469119)	(35, 0.0003901525496469119)	(40, 0.0003901525496469119)	(45, 0.0003901525496469119)	(50, 0.0003901525496469119)	(55, 0.0003901525496469119)	(60, 0.0003901525496469119)	(65, 0.0003901525496469119)	(70, 0.0003901525496469119)	(75, 0.0003901525496469119)	(80, 0.0027310678475283836)	(85, 0.005384105185127386)	(90, 0.0064765323241387385)	(95, 0.007803050992938239)	(100, 0.008505325582302681)	(105, 0.009363661191525886)	(110, 0.009753813741172799)	(115, 0.010221996800749093)	(120, 0.011002301900042916)	(125, 0.011938668019195506)	(130, 0.012875034138348094)	(135, 0.013499278217783153)	(140, 0.01474776637665327)	(145, 0.015606101985876478)	(150, 0.016464437595099683)	(155, 0.017166712184464125)	(160, 0.01896141391283992)	(165, 0.020443993601498185)	(170, 0.022316725839803358)	(175, 0.023565213998673482)	(180, 0.025281885217119892)	(185, 0.027778861534860134)	(190, 0.029885685302953453)	(195, 0.03152432601147049)	(200, 0.035737973547657134)	(205, 0.052592563692403727)	(210, 0.09363661191525886)	(215, 0.20155280714759471)	(220, 0.36689945768795595)	(225, 0.5701689360539971)	(230, 0.7842846553002223)	(235, 0.9795950216534666)	(240, 1.0967188170574695)
SRR908433_2 - illumina_universal_adapter	(1, 27.61343685380984)	(2, 32.981935936951345)	(3, 40.61527057079318)	(4, 45.361086184698216)	(5, 53.511372946822206)	(6, 62.734189067925556)	(7, 75.2760329288752)	(8, 79.43700987085951)	(9, 79.81935936951348)	(10, 80.04361905505053)	(15, 80.13936249073387)	(20, 80.29838866996997)	(25, 80.38976239709726)	(30, 80.46911942569544)	(35, 80.55362646794896)	(40, 80.65943583941322)	(45, 80.78311419765127)	(50, 80.93262065467597)	(55, 81.08493621005813)	(60, 81.24809800632048)	(65, 81.42288634856229)	(70, 81.6345831220007)	(75, 81.87975498419881)	(80, 82.14981857906442)	(85, 82.44305723537903)	(90, 82.75439896999727)	(95, 83.04100503296789)	(100, 83.34345128945418)	(105, 83.6812453669385)	(110, 84.0111583629199)	(115, 84.34450470133822)	(120, 84.66770707346572)	(125, 85.00854434083726)	(130, 85.327064882369)	(135, 85.61242245718077)	(140, 85.8709375365768)	(145, 86.144746595919)	(150, 86.40131091256681)	(155, 86.6445320120167)	(160, 86.88182279271194)	(165, 87.10194686122274)	(170, 87.2981155631852)	(175, 87.45963871873903)	(180, 87.59697241621474)	(185, 87.71175529632086)	(190, 87.7952479419453)	(195, 87.86875268229878)	(200, 87.94139908704304)	(205, 88.00366743396668)	(210, 88.04993952635479)	(215, 88.07202216066483)	(220, 88.0820880964457)	(225, 88.08747220163085)	(230, 88.09059342202801)	(235, 88.09207600171666)	(240, 88.0929343373259)
SRR908433_2 - polya	(1, 0.012484881588701181)	(2, 0.0163864070851703)	(3, 0.021068237680933244)	(4, 0.02418945807810854)	(5, 0.029651593773165306)	(6, 0.037064492216456635)	(7, 0.038625102415044285)	(8, 0.038625102415044285)	(9, 0.03979556006398502)	(10, 0.04088798720299637)	(15, 0.04354102454059537)	(20, 0.04549178728882993)	(25, 0.057430455308025444)	(30, 0.06570168936053997)	(35, 0.07186609964496117)	(40, 0.07295852678397254)	(45, 0.07412898443291327)	(50, 0.07873278451874684)	(55, 4.423549607896687)	(60, 34.88822129452616)	(65, 53.709258320003116)	(70, 54.305099293823886)	(75, 54.37025476961492)	(80, 54.44992392025282)	(85, 54.495727829581355)	(90, 54.54691584409504)	(95, 54.60855994693925)	(100, 54.69369123327222)	(105, 54.77991494674418)	(110, 54.87628262650696)	(115, 54.97709804533573)	(120, 55.07931801334322)	(125, 55.18739026959541)	(130, 55.33190277398463)	(135, 55.48289181069798)	(140, 55.656899847840506)	(145, 55.845265498810036)	(150, 56.014825796886576)	(155, 56.188209589949665)	(160, 56.36206156607234)	(165, 56.54902266786314)	(170, 56.69860715539776)	(175, 56.80613319808045)	(180, 56.875034138348084)	(185, 56.92263274940501)	(190, 56.97030939097188)	(195, 57.02274589364443)	(200, 57.11084233935469)	(205, 57.23459872810268)	(210, 57.3753657680153)	(215, 57.478756193671735)	(220, 57.567789005501155)	(225, 57.642698295033355)	(230, 57.69903632320237)	(235, 57.770278178767896)	(240, 57.82880106121493)
SRR908433_2 - polyg	(1, 0.0039015254964691196)	(2, 0.0039015254964691196)	(3, 0.004291678046116031)	(4, 0.005852288244703679)	(5, 0.006632593343997503)	(6, 0.007022745893644415)	(7, 0.008973508641878975)	(8, 0.010143966290819711)	(9, 0.010143966290819711)	(10, 0.01474776637665327)	(15, 0.026140220826343097)	(20, 0.04159026179236082)	(25, 0.04752058054699388)	(30, 0.05032967890445165)	(35, 0.05290468573212126)	(40, 0.057430455308025444)	(45, 0.06195622488392962)	(50, 0.06421910967188171)	(55, 0.06577971987046935)	(60, 0.06835472669813897)	(65, 0.06960321485700909)	(70, 0.07116382505559674)	(75, 0.07444110647263079)	(80, 0.08380476766415668)	(85, 0.09074948304787171)	(90, 0.09472903905427021)	(95, 0.09628964925285788)	(100, 0.0974601069017986)	(105, 0.0983964730209512)	(110, 0.1005032967890445)	(115, 0.1014396629081971)	(120, 0.10268815106706722)	(125, 0.10424876126565488)	(130, 0.10502906636494869)	(135, 0.10658967656353635)	(140, 0.10768210370254769)	(145, 0.10846240880184152)	(150, 0.10947680543092349)	(155, 0.11017908002028794)	(160, 0.11173969021887557)	(165, 0.11330030041746322)	(170, 0.11454878857633335)	(175, 0.12336623619835355)	(180, 0.1555148062892591)	(185, 0.23167258398033633)	(190, 0.3380281690140845)	(195, 0.4308844758300495)	(200, 0.5074324060707737)	(205, 0.6098084350981233)	(210, 0.791931645273302)	(215, 1.2080683547266982)	(220, 2.3562092778276305)	(225, 4.38781163434903)	(230, 6.623853926885412)	(235, 8.338808474113378)	(240, 9.21540322266006)
SRR908434_1 - illumina_universal_adapter	(1, 15.41066606660666)	(2, 20.086633663366335)	(3, 28.42315481548155)	(4, 34.171917191719174)	(5, 44.16572907290729)	(6, 56.59428442844285)	(7, 75.0371287128713)	(8, 80.8933393339334)	(9, 81.36588658865887)	(10, 81.505400540054)	(15, 81.55738073807382)	(20, 81.6218496849685)	(25, 81.67180468046804)	(30, 81.72130963096309)	(35, 81.77295229522953)	(40, 81.8463096309631)	(45, 81.94723222322233)	(50, 82.06728172817282)	(55, 82.21478397839783)	(60, 82.38827632763277)	(65, 82.60137263726372)	(70, 82.82785778577858)	(75, 83.09799729972998)	(80, 83.36892439243925)	(85, 83.67799279927992)	(90, 84.02216471647165)	(95, 84.33505850585058)	(100, 84.64885238523853)	(105, 84.96635913591358)	(110, 85.2773402340234)	(115, 85.60463546354636)	(120, 85.94419441944194)	(125, 86.24358685868586)	(130, 86.54556705670566)	(135, 86.82448244824482)	(140, 87.06818181818181)	(145, 87.3311206120612)	(150, 87.54781728172819)	(155, 87.74898739873987)	(160, 87.93170567056707)	(165, 88.0981098109811)	(170, 88.25078757875788)	(175, 88.39671467146715)	(180, 88.51462646264626)	(185, 88.62252475247524)	(190, 88.72772277227723)	(195, 88.81660666066605)	(200, 88.89626462646265)	(205, 88.95904590459045)	(210, 89.00348784878489)	(215, 89.0349909990999)	(220, 89.05985598559855)	(225, 89.0725697569757)	(230, 89.08179567956796)	(235, 89.08674617461746)	(240, 89.08809630963097)
SRR908434_1 - polya	(1, 2.488748874887489)	(2, 3.2065706570657064)	(3, 3.661116111611161)	(4, 3.9592709270927093)	(5, 4.3350585058505855)	(6, 5.003937893789379)	(7, 5.066944194419442)	(8, 5.090571557155716)	(9, 5.093946894689469)	(10, 5.108010801080107)	(15, 5.1183618361836185)	(20, 5.125)	(25, 5.130063006300629)	(30, 5.135463546354636)	(35, 5.138501350135014)	(40, 5.1392889288928885)	(45, 5.1400765076507655)	(50, 5.140639063906391)	(55, 5.165954095409541)	(60, 5.544779477947794)	(65, 30.499887488748875)	(70, 66.93766876687668)	(75, 71.65492799279927)	(80, 71.752700270027)	(85, 71.87128712871288)	(90, 71.93778127812782)	(95, 71.99358685868587)	(100, 72.07245724572456)	(105, 72.19734473447345)	(110, 72.33224572457246)	(115, 72.47344734473447)	(120, 72.63197569756976)	(125, 72.80738073807382)	(130, 73.0241899189919)	(135, 73.25135013501351)	(140, 73.50483798379838)	(145, 73.76642664266426)	(150, 74.0716696669667)	(155, 74.38456345634563)	(160, 74.6819306930693)	(165, 74.97986048604861)	(170, 75.28802880288029)	(175, 75.58224572457246)	(180, 75.88782628262827)	(185, 76.16539153915393)	(190, 76.38141314131413)	(195, 76.57268226822683)	(200, 76.71129612961298)	(205, 76.80175517551756)	(210, 76.86611161116112)	(215, 76.90121512151215)	(220, 76.91831683168317)	(225, 76.93035553555356)	(230, 76.93710621062107)	(235, 76.94205670567058)	(240, 76.94363186318631)
SRR908434_1 - polyg	(1, 0.0011251125112511251)	(2, 0.0011251125112511251)	(3, 0.0011251125112511251)	(4, 0.0011251125112511251)	(5, 0.0011251125112511251)	(6, 0.0011251125112511251)	(7, 0.0011251125112511251)	(8, 0.0011251125112511251)	(9, 0.0011251125112511251)	(10, 0.0011251125112511251)	(15, 0.0011251125112511251)	(20, 0.0011251125112511251)	(25, 0.0012376237623762376)	(30, 0.0016876687668766876)	(35, 0.0016876687668766876)	(40, 0.0022502250225022503)	(45, 0.0028127812781278128)	(50, 0.0033753375337533752)	(55, 0.0033753375337533752)	(60, 0.0033753375337533752)	(65, 0.0033753375337533752)	(70, 0.0033753375337533752)	(75, 0.0033753375337533752)	(80, 0.0051755175517551755)	(85, 0.007200720072007201)	(90, 0.007875787578757875)	(95, 0.009113411341134114)	(100, 0.009563456345634564)	(105, 0.010013501350135012)	(110, 0.011026102610261027)	(115, 0.01248874887488749)	(120, 0.013276327632763277)	(125, 0.014513951395139512)	(130, 0.01575157515751575)	(135, 0.015976597659765973)	(140, 0.017101710171017102)	(145, 0.018001800180018002)	(150, 0.018676867686768676)	(155, 0.019914491449144915)	(160, 0.02171467146714671)	(165, 0.02193969396939694)	(170, 0.022052205220522054)	(175, 0.023064806480648063)	(180, 0.024639963996399637)	(185, 0.026665166516651666)	(190, 0.02824032403240324)	(195, 0.03139063906390639)	(200, 0.03566606660666066)	(205, 0.051417641764176424)	(210, 0.08877137713771377)	(215, 0.18946894689468946)	(220, 0.34135913591359135)	(225, 0.5397164716471647)	(230, 0.7436993699369937)	(235, 0.9319306930693069)	(240, 1.0514176417641765)
SRR908434_2 - illumina_universal_adapter	(1, 15.408415841584159)	(2, 20.015751575157516)	(3, 28.326395139513952)	(4, 34.01665166516651)	(5, 43.998087308730874)	(6, 56.367011701170114)	(7, 74.75697569756976)	(8, 80.59687218721872)	(9, 81.05029252925293)	(10, 81.1881188118812)	(15, 81.24201170117013)	(20, 81.31649414941494)	(25, 81.38028802880288)	(30, 81.4364311431143)	(35, 81.48627362736273)	(40, 81.55265526552655)	(45, 81.6437893789379)	(50, 81.75596309630961)	(55, 81.89772727272728)	(60, 82.06413141314133)	(65, 82.27036453645364)	(70, 82.49459945994599)	(75, 82.75911341134113)	(80, 83.01822682268227)	(85, 83.3019801980198)	(90, 83.63096309630963)	(95, 83.92337983798379)	(100, 84.22007200720073)	(105, 84.52092709270927)	(110, 84.81649414941494)	(115, 85.12950045004501)	(120, 85.43946894689468)	(125, 85.7178217821782)	(130, 86.00236273627362)	(135, 86.26192619261926)	(140, 86.48638613861387)	(145, 86.72299729972998)	(150, 86.92315481548155)	(155, 87.1071107110711)	(160, 87.26833933393338)	(165, 87.41685418541854)	(170, 87.55456795679568)	(175, 87.67698019801979)	(180, 87.75911341134113)	(185, 87.82515751575157)	(190, 87.8852385238524)	(195, 87.9340684068407)	(200, 87.97659765976599)	(205, 88.01057605760577)	(210, 88.03150315031505)	(215, 88.04174167416741)	(220, 88.04624212421241)	(225, 88.04849234923492)	(230, 88.04984248424844)	(235, 88.05074257425743)	(240, 88.05074257425743)
SRR908434_2 - polya	(1, 0.007875787578757875)	(2, 0.008438343834383438)	(3, 0.011251125112511251)	(4, 0.011813681368136814)	(5, 0.013501350135013501)	(6, 0.017439243924392438)	(7, 0.018001800180018002)	(8, 0.018001800180018002)	(9, 0.018001800180018002)	(10, 0.019689468946894686)	(15, 0.022727272727272728)	(20, 0.025202520252025202)	(25, 0.03926642664266426)	(30, 0.04961746174617462)	(35, 0.055018001800180016)	(40, 0.056255625562556255)	(45, 0.05805580558055805)	(50, 0.060981098109810984)	(55, 2.8842259225922593)	(60, 29.967709270927095)	(65, 58.21725922592259)	(70, 59.0465796579658)	(75, 59.08427092709271)	(80, 59.13006300630063)	(85, 59.16854185418542)	(90, 59.20904590459045)	(95, 59.264963996399636)	(100, 59.33922142214222)	(105, 59.42889288928893)	(110, 59.52182718271827)	(115, 59.62758775877588)	(120, 59.753937893789384)	(125, 59.897502250225024)	(130, 60.044891989198916)	(135, 60.205670567056714)	(140, 60.367574257425744)	(145, 60.562781278127815)	(150, 60.747299729972994)	(155, 60.916404140414045)	(160, 61.09473447344734)	(165, 61.26687668766876)	(170, 61.41212871287129)	(175, 61.518226822682266)	(180, 61.58719621962196)	(185, 61.627812781278124)	(190, 61.67236723672367)	(195, 61.7280603060306)	(200, 61.813231323132314)	(205, 61.92720522052205)	(210, 62.04410441044105)	(215, 62.14727722772277)	(220, 62.21433393339335)	(225, 62.267776777677774)	(230, 62.31941944194419)	(235, 62.3763501350135)	(240, 62.413366336633665)
SRR908434_2 - polyg	(1, 0.0033753375337533752)	(2, 0.0033753375337533752)	(3, 0.007313231323132313)	(4, 0.009000900090009001)	(5, 0.010126012601260125)	(6, 0.012376237623762377)	(7, 0.012938793879387938)	(8, 0.013501350135013501)	(9, 0.014626462646264627)	(10, 0.02205220522052205)	(15, 0.04095409540954095)	(20, 0.06615661566156615)	(25, 0.07932043204320431)	(30, 0.08809630963096308)	(35, 0.08978397839783978)	(40, 0.09203420342034203)	(45, 0.09743474347434744)	(50, 0.10002250225022502)	(55, 0.10531053105310531)	(60, 0.11059855985598559)	(65, 0.1141989198919892)	(70, 0.11836183618361835)	(75, 0.12308730873087308)	(80, 0.13602610261026102)	(85, 0.14952745274527451)	(90, 0.15920342034203422)	(95, 0.16325382538253824)	(100, 0.16775427542754276)	(105, 0.16966696669666967)	(110, 0.1718046804680468)	(115, 0.17259225922592258)	(120, 0.17416741674167416)	(125, 0.17596759675967596)	(130, 0.17664266426642664)	(135, 0.1774302430243024)	(140, 0.1782178217821782)	(145, 0.1791179117911791)	(150, 0.18046804680468048)	(155, 0.18136813681368136)	(160, 0.18226822682268226)	(165, 0.18530603060306033)	(170, 0.18946894689468946)	(175, 0.20184518451845185)	(180, 0.24302430243024303)	(185, 0.34000900090009)	(190, 0.4749099909990999)	(195, 0.6003600360036003)	(200, 0.6967821782178218)	(205, 0.8137938793879389)	(210, 1.059180918091809)	(215, 1.6063231323132314)	(220, 3.064806480648065)	(225, 5.644576957695769)	(230, 8.351035103510352)	(235, 10.388838883888388)	(240, 11.468834383438343)
SRR908435_1 - illumina_universal_adapter	(1, 16.08565119221894)	(2, 18.17978810510384)	(3, 20.695729846413418)	(4, 22.515693620822272)	(5, 26.110132413633394)	(6, 30.238030254158087)	(7, 34.62397340148376)	(8, 36.253297934810476)	(9, 36.52664400499549)	(10, 36.79965924786409)	(15, 36.88451645452365)	(20, 37.02139625668892)	(25, 37.16985501492859)	(30, 37.37753186280591)	(35, 37.6470734188522)	(40, 37.96301350602519)	(45, 38.37464539447022)	(50, 38.89842774317876)	(55, 39.45587177133216)	(60, 40.07824066033132)	(65, 40.78191036233862)	(70, 41.58970796218644)	(75, 42.49452067257194)	(80, 43.480965023281975)	(85, 44.55722899039773)	(90, 45.84803447220637)	(95, 46.97359170946745)	(100, 48.13727679494496)	(105, 49.46703719326105)	(110, 50.712602039550404)	(115, 52.02342257400194)	(120, 53.311994971424795)	(125, 54.58865758545683)	(130, 55.861102151204626)	(135, 57.108486547734245)	(140, 58.35868297645337)	(145, 59.631292955859365)	(150, 60.824504379326605)	(155, 61.902257069366215)	(160, 62.912520986857885)	(165, 63.88531871076596)	(170, 64.76689080217353)	(175, 65.57394404055943)	(180, 66.37297471652234)	(185, 67.12411813843468)	(190, 67.81761490046233)	(195, 68.4719086254952)	(200, 69.04531507166548)	(205, 69.54469890578865)	(210, 69.9684886981118)	(215, 70.26515809410382)	(220, 70.46605298199472)	(225, 70.58606059102301)	(230, 70.65966966892456)	(235, 70.69258698690751)	(240, 70.70482759761474)
SRR908435_1 - polya	(1, 10.666286215252793)	(2, 12.630986940591685)	(3, 13.244671612535047)	(4, 13.552341016797756)	(5, 13.837266043057175)	(6, 14.30249195676087)	(7, 14.388507059027864)	(8, 14.413319107758728)	(9, 14.423243927251074)	(10, 14.446484546228982)	(15, 14.46592065106816)	(20, 14.474604868123961)	(25, 14.48064246664847)	(30, 14.492304129551977)	(35, 14.499251503196618)	(40, 14.507274065619601)	(45, 14.513228957315004)	(50, 14.518356780719383)	(55, 14.681289234052056)	(60, 15.823718664450123)	(65, 34.53109363240122)	(70, 45.561786136681306)	(75, 46.99410300308496)	(80, 47.07780231413708)	(85, 47.201118196329475)	(90, 47.336261155083584)	(95, 47.51077256449065)	(100, 47.75442688302773)	(105, 48.04563762829897)	(110, 48.40913414220612)	(115, 48.84193897890149)	(120, 49.29715736628374)	(125, 49.83582694423079)	(130, 50.441406346922065)	(135, 51.12870009676699)	(140, 51.887121719640405)	(145, 52.702114813620156)	(150, 53.65167191855031)	(155, 54.66797343456649)	(160, 55.611658354630336)	(165, 56.608523765807355)	(170, 57.702321580692924)	(175, 58.73359303277671)	(180, 59.75378176976072)	(185, 60.70234639274165)	(190, 61.54463274032537)	(195, 62.311159632450845)	(200, 62.893911950309736)	(205, 63.325310770910356)	(210, 63.624626785433676)	(215, 63.810551737256944)	(220, 63.90872474340206)	(225, 63.96695035109049)	(230, 64.00681504271809)	(235, 64.04047672216295)	(240, 64.0535444011612)
SRR908435_1 - polyg	(1, 0.0)	(2, 0.0)	(3, 0.0)	(4, 0.0)	(5, 0.0)	(6, 0.0)	(7, 0.0008270682910287903)	(8, 0.0008270682910287903)	(9, 0.0008270682910287903)	(10, 0.0008270682910287902)	(15, 0.0008270682910287902)	(20, 0.0008270682910287902)	(25, 0.0008270682910287902)	(30, 0.0009097751201316694)	(35, 0.0012406024365431854)	(40, 0.0012406024365431854)	(45, 0.0012406024365431854)	(50, 0.0014060160947489434)	(55, 0.001984963898469096)	(60, 0.002315791214880613)	(65, 0.0025639117021892498)	(70, 0.0029774458477036447)	(75, 0.003804514138732435)	(80, 0.004962409746172741)	(85, 0.005872184866304411)	(90, 0.0062030121827159265)	(95, 0.007360907790156234)	(100, 0.007857148764773508)	(105, 0.008849630714008055)	(110, 0.009759405834139725)	(115, 0.010007526321448362)	(120, 0.010834594612477152)	(125, 0.0118270765617117)	(130, 0.012819558510946249)	(135, 0.01348121314376928)	(140, 0.014060160947489433)	(145, 0.01439098826390095)	(150, 0.014969936067621103)	(155, 0.01530076338403262)	(160, 0.01546617704223838)	(165, 0.01629324533326717)	(170, 0.01720302045339884)	(175, 0.01786467508622187)	(180, 0.019022570693662175)	(185, 0.01993234581379385)	(190, 0.02117294825033703)	(195, 0.023571446294320522)	(200, 0.026052651167406893)	(205, 0.03738348675450132)	(210, 0.06815042718077233)	(215, 0.1502783084799312)	(220, 0.28004532334234844)	(225, 0.4614213995649621)	(230, 0.6514816928433781)	(235, 0.825166033959424)	(240, 0.9420307834817921)
SRR908435_2 - illumina_universal_adapter	(1, 15.888808938954089)	(2, 17.912231512956026)	(3, 20.39674465920651)	(4, 22.160054255679892)	(5, 25.718515577831262)	(6, 29.82242843791612)	(7, 34.14303319025052)	(8, 35.76036523335732)	(9, 36.024613552341016)	(10, 36.288696457666504)	(15, 36.37247847554773)	(20, 36.50762143430184)	(25, 36.65765162229445)	(30, 36.86400516090613)	(35, 37.129990323300994)	(40, 37.419381518331974)	(45, 37.80115624147085)	(50, 38.29541225218966)	(55, 38.8396231876866)	(60, 39.45289432548445)	(65, 40.146308380682996)	(70, 40.93260220496406)	(75, 41.81541489880819)	(80, 42.775475771034415)	(85, 43.818905126996334)	(90, 45.05719177232464)	(95, 46.13585423748439)	(100, 47.249418984525555)	(105, 48.51855527710923)	(110, 49.705067447419125)	(115, 50.950466880050286)	(120, 52.17378358931097)	(125, 53.389822097610605)	(130, 54.59444706349403)	(135, 55.77690659917789)	(140, 56.96383230363331)	(145, 58.17391592023754)	(150, 59.298315261891176)	(155, 60.30766940426271)	(160, 61.24672274189679)	(165, 62.15955801470527)	(170, 62.95188943751085)	(175, 63.64869447270261)	(180, 64.26419869488623)	(185, 64.77648479434947)	(190, 65.19580841790108)	(195, 65.55649289961873)	(200, 65.87871870580355)	(205, 66.17249336277696)	(210, 66.38835818673547)	(215, 66.50241090406834)	(220, 66.54765153958763)	(225, 66.56956884929988)	(230, 66.58255382146903)	(235, 66.58842600633534)	(240, 66.59181698632857)
SRR908435_2 - polya	(1, 0.10503767296065636)	(2, 0.12116550463571778)	(3, 0.12943618754600567)	(4, 0.13315799485563523)	(5, 0.14142867776592313)	(6, 0.15424823627686937)	(7, 0.1612783167506141)	(8, 0.16251891918715727)	(9, 0.16375952162370047)	(10, 0.17318810014142866)	(15, 0.18733096791802098)	(20, 0.20378962690949393)	(25, 0.2687971945843568)	(30, 0.31436865742004316)	(35, 0.32917317982945854)	(40, 0.3333085212846024)	(45, 0.3390152924927011)	(50, 0.347285975402989)	(55, 3.493949995451125)	(60, 19.967330802504364)	(65, 28.00196842253265)	(70, 28.36612659107262)	(75, 28.42914919484902)	(80, 28.51003647371163)	(85, 28.609532789122397)	(90, 28.741036647395976)	(95, 28.927623253852072)	(100, 29.14911214218958)	(105, 29.421879264570872)	(110, 29.750059962451097)	(115, 30.097759471999602)	(120, 30.495083079009834)	(125, 30.93847438983037)	(130, 31.458286810741964)	(135, 32.028715811064515)	(140, 32.61469369525842)	(145, 33.33110024894755)	(150, 34.016160914406704)	(155, 34.66797343456649)	(160, 35.32706415568733)	(165, 35.99723759190796)	(170, 36.566425989793984)	(175, 37.0036969952609)	(180, 37.27257689667435)	(185, 37.44650935827771)	(190, 37.63011851888611)	(195, 37.88245705447899)	(200, 38.28449495074808)	(205, 38.865841252512226)	(210, 39.469683811792336)	(215, 39.963857115682046)	(220, 40.31916565350801)	(225, 40.599128270021254)	(230, 40.85800064511327)	(235, 41.17882043520334)	(240, 41.405106319628814)
SRR908435_2 - polyg	(1, 0.002894739018600766)	(2, 0.003308273164115161)	(3, 0.0062030121827159265)	(4, 0.0062030121827159265)	(5, 0.007857148764773508)	(6, 0.007857148764773508)	(7, 0.01116542192888867)	(8, 0.011578956074403063)	(9, 0.012819558510946249)	(10, 0.016706779478781564)	(15, 0.029112803844213414)	(20, 0.041932362355159666)	(25, 0.04755642673415544)	(30, 0.052270715993019544)	(35, 0.056488764277266366)	(40, 0.06608275645320034)	(45, 0.07468426667989976)	(50, 0.08171434715364448)	(55, 0.08924066860200647)	(60, 0.09916548809435195)	(65, 0.10867677344118305)	(70, 0.1186842997626314)	(75, 0.13803769777270508)	(80, 0.15507530456789817)	(85, 0.1732708069705316)	(90, 0.18187231719723096)	(95, 0.18675202011430084)	(100, 0.1920452571768851)	(105, 0.194857289366383)	(110, 0.1987445103342183)	(115, 0.2041204542259054)	(120, 0.20933098445938683)	(125, 0.21239113713619337)	(130, 0.21660918542044016)	(135, 0.22107535419199564)	(140, 0.22496257515983092)	(145, 0.229676864418695)	(150, 0.23513551513948508)	(155, 0.23927085659462902)	(160, 0.24307537073336144)	(165, 0.2520904151055753)	(170, 0.2633385438635668)	(175, 0.2931130023406033)	(180, 0.36912057828614914)	(185, 0.5782034422582274)	(190, 0.8520457534178597)	(195, 1.0913166100124887)	(200, 1.2755047184246002)	(205, 1.5017906028500771)	(210, 1.9413773995318793)	(215, 2.8652126806110383)	(220, 5.09077074494041)	(225, 8.643442589054578)	(230, 12.242678377953668)	(235, 15.00607895193906)	(240, 16.448320637835067)
SRR908436_1 - illumina_universal_adapter	(1, 18.988165389903752)	(2, 23.85991619197276)	(3, 31.599882144961697)	(4, 36.361553067504744)	(5, 44.432986315720555)	(6, 54.48217442545669)	(7, 69.41088849603877)	(8, 74.10135533294049)	(9, 74.50893734040464)	(10, 74.68817521115695)	(15, 74.74120997839324)	(20, 74.79326262031034)	(25, 74.84727951286584)	(30, 74.9054704380279)	(35, 74.97225495973285)	(40, 75.05868198782164)	(45, 75.17710993256073)	(50, 75.32205526091795)	(55, 75.48697047076539)	(60, 75.68159497151836)	(65, 75.89717147908073)	(70, 76.14851371701695)	(75, 76.43357559091206)	(80, 76.76381522948995)	(85, 77.12900216067571)	(90, 77.53568388659727)	(95, 77.88409284358018)	(100, 78.23872192758463)	(105, 78.58115628887579)	(110, 78.94978065867872)	(115, 79.29401558305506)	(120, 79.67041511163491)	(125, 80.02447128920315)	(130, 80.37803640411184)	(135, 80.73250180056309)	(140, 81.08156550775878)	(145, 81.38782491979309)	(150, 81.69113795586983)	(155, 81.993141491521)	(160, 82.27321089504355)	(165, 82.55147973548091)	(170, 82.80593203692791)	(175, 83.03501276762915)	(180, 83.24592417992537)	(185, 83.45167943429581)	(190, 83.63329077456949)	(195, 83.79951548484253)	(200, 83.94896222091272)	(205, 84.07221894847116)	(210, 84.17951613959274)	(215, 84.25317553853206)	(220, 84.30318208603418)	(225, 84.33182740784392)	(230, 84.34786878805735)	(235, 84.35809926013226)	(240, 84.36047272965364)
SRR908436_1 - polya	(1, 5.693053100242258)	(2, 6.975954298435147)	(3, 7.6879951548484255)	(4, 8.112764355398415)	(5, 8.527303083873502)	(6, 9.263078635500557)	(7, 9.367429450664572)	(8, 9.392801021410332)	(9, 9.39730242912329)	(10, 9.408760557847183)	(15, 9.422019249656255)	(20, 9.429467033326786)	(25, 9.435441629018529)	(30, 9.436996660773914)	(35, 9.438060629869705)	(40, 9.439861192954888)	(45, 9.439861192954888)	(50, 9.44067963072088)	(55, 9.477263798860735)	(60, 9.945737576114713)	(65, 37.251522294244744)	(70, 67.54427748314018)	(75, 71.42719177633732)	(80, 71.4947947358083)	(85, 71.58253126432267)	(90, 71.65095266155961)	(95, 71.7156910888496)	(100, 71.79908989720421)	(105, 71.92038237412427)	(110, 72.06598245269429)	(115, 72.21960322137105)	(120, 72.38419105611209)	(125, 72.57537811824788)	(130, 72.79635631506581)	(135, 73.03370326720355)	(140, 73.3055064492896)	(145, 73.6108655797813)	(150, 73.95788319256204)	(155, 74.31717737183264)	(160, 74.64815360439992)	(165, 74.97798402409481)	(170, 75.31157925751326)	(175, 75.64975774242126)	(180, 75.9633830943495)	(185, 76.27332547633078)	(190, 76.55445884894912)	(195, 76.79524323970405)	(200, 76.99477836705296)	(205, 77.12556472205854)	(210, 77.20167943429581)	(215, 77.24808485562758)	(220, 77.2784488967459)	(225, 77.29579977738493)	(230, 77.3102042820664)	(235, 77.31969816015192)	(240, 77.32518169318405)
SRR908436_1 - polyg	(1, 0.0)	(2, 0.0)	(3, 0.0)	(4, 0.0)	(5, 0.0)	(6, 0.0)	(7, 0.0)	(8, 0.0)	(9, 0.0)	(10, 0.0)	(15, 0.0003273751063969096)	(20, 0.00040921888299613697)	(25, 0.00040921888299613697)	(30, 0.00040921888299613697)	(35, 0.00040921888299613697)	(40, 0.00040921888299613697)	(45, 0.00040921888299613697)	(50, 0.00040921888299613697)	(55, 0.00040921888299613697)	(60, 0.00040921888299613697)	(65, 0.00040921888299613697)	(70, 0.0006547502127938192)	(75, 0.001227656648988411)	(80, 0.0013913442021868659)	(85, 0.0027826884043737313)	(90, 0.0038466575001636872)	(95, 0.005156157925751326)	(100, 0.0067111896811366464)	(105, 0.006956721010934329)	(110, 0.006956721010934329)	(115, 0.006956721010934329)	(120, 0.006956721010934329)	(125, 0.007857002553525831)	(130, 0.00883912787271656)	(135, 0.00973940941530806)	(140, 0.010312315851502652)	(145, 0.011048909840895698)	(150, 0.011048909840895698)	(155, 0.01162181627709029)	(160, 0.012031035160086427)	(165, 0.012685785372880246)	(170, 0.014240817128265568)	(175, 0.01571400510705166)	(180, 0.016450599096444706)	(185, 0.01767825574543312)	(190, 0.01915144372421921)	(195, 0.02177044457539449)	(200, 0.027745040267138088)	(205, 0.04026713808681988)	(210, 0.07734236888626989)	(215, 0.17620965101813657)	(220, 0.3238558240031428)	(225, 0.5110325410855758)	(230, 0.7140051070516599)	(235, 0.8827669743992669)	(240, 0.9870359457866824)
SRR908436_2 - illumina_universal_adapter	(1, 18.817521115694362)	(2, 23.53295030445885)	(3, 31.202121390689452)	(4, 35.88276697439927)	(5, 43.901001767825576)	(6, 53.84420218686571)	(7, 68.63541871276108)	(8, 73.2833267858312)	(9, 73.67740457015648)	(10, 73.85214103319584)	(15, 73.90468473777254)	(20, 73.96042034963662)	(25, 74.02368558894781)	(30, 74.08768742224841)	(35, 74.15471747528318)	(40, 74.2375433772016)	(45, 74.34909644470635)	(50, 74.48986774045702)	(55, 74.65322791854906)	(60, 74.84539710600406)	(65, 75.05769986250246)	(70, 75.30601388070451)	(75, 75.58714725332285)	(80, 75.90551954429385)	(85, 76.26153997250051)	(90, 76.65872782033654)	(95, 76.99314149152099)	(100, 77.33721272834414)	(105, 77.66696130426243)	(110, 78.02060826294769)	(115, 78.35068421397236)	(120, 78.69958423361487)	(125, 79.0372716558633)	(130, 79.38044261114385)	(135, 79.72254959732861)	(140, 80.05434426766188)	(145, 80.34055195442939)	(150, 80.62610489098408)	(155, 80.90912067046422)	(160, 81.17102075558175)	(165, 81.43071105873109)	(170, 81.66748510443264)	(175, 81.86440123093038)	(180, 82.02907090944804)	(185, 82.16051201466641)	(190, 82.27165586328815)	(195, 82.36184770510052)	(200, 82.44189091861455)	(205, 82.50384665750016)	(210, 82.55933673803443)	(215, 82.58675440319519)	(220, 82.59837621947227)	(225, 82.60443265894062)	(230, 82.60696981601518)	(235, 82.60893406665357)	(240, 82.60901591043017)
SRR908436_2 - polya	(1, 0.011458128723891835)	(2, 0.01473187978786093)	(3, 0.01759641196883389)	(4, 0.020051725266810712)	(5, 0.021688600798795258)	(6, 0.02946375957572186)	(7, 0.030691416224710274)	(8, 0.03396516728867937)	(9, 0.034783605054671644)	(10, 0.036993387022850786)	(15, 0.03920316899102992)	(20, 0.043704576703987426)	(25, 0.05639036207686767)	(30, 0.059500425587638316)	(35, 0.06072808223662672)	(40, 0.061137301119622865)	(45, 0.06277417665160741)	(50, 0.06612977149217573)	(55, 3.4526615596150068)	(60, 30.492208472467752)	(65, 52.856020428206634)	(70, 53.5391704314804)	(75, 53.56797944084332)	(80, 53.604318077653375)	(85, 53.6441759968572)	(90, 53.68526157271001)	(95, 53.7387055588293)	(100, 53.809418581811045)	(105, 53.91131408367708)	(110, 54.02262161985202)	(115, 54.14530544097427)	(120, 54.27920185949061)	(125, 54.43380475348655)	(130, 54.60592221567472)	(135, 54.805375499247035)	(140, 55.00679303345773)	(145, 55.25076933150003)	(150, 55.47215674720094)	(155, 55.67095528056046)	(160, 55.860750998494076)	(165, 56.03900674392719)	(170, 56.204658547764026)	(175, 56.32996136973744)	(180, 56.4080403326131)	(185, 56.45829241144504)	(190, 56.5148464610751)	(195, 56.58956982911019)	(200, 56.71012571204086)	(205, 56.88437111242062)	(210, 57.10403980881294)	(215, 57.29007071302298)	(220, 57.38861062004845)	(225, 57.476265304786224)	(230, 57.55385320500229)	(235, 57.6595953643685)	(240, 57.733418450860995)
SRR908436_2 - polyg	(1, 0.0032737510639690957)	(2, 0.0032737510639690957)	(3, 0.005319845478949781)	(4, 0.007775158776926603)	(5, 0.011048909840895698)	(6, 0.011867347606887972)	(7, 0.01227656648988411)	(8, 0.013095004255876383)	(9, 0.015141098670857068)	(10, 0.020542787926406077)	(15, 0.03552019904406469)	(20, 0.05499901787468081)	(25, 0.061137301119622865)	(30, 0.06408367707719505)	(35, 0.0668663654815688)	(40, 0.07038564787533556)	(45, 0.0747233680350946)	(50, 0.07693315000327375)	(55, 0.07996136973744516)	(60, 0.084217246120605)	(65, 0.08642702808878414)	(70, 0.08822759117396714)	(75, 0.09297453021672233)	(80, 0.10320500229162574)	(85, 0.11376284947292607)	(90, 0.11769135074968899)	(95, 0.12047403915406271)	(100, 0.12153800824985268)	(105, 0.12374779021803181)	(110, 0.12538466575001636)	(115, 0.12620310351600864)	(120, 0.1271852288351994)	(125, 0.12808551037779087)	(130, 0.12857657303738623)	(135, 0.12980422968637464)	(140, 0.1311955738885615)	(145, 0.13348719963333988)	(150, 0.1343874811759314)	(155, 0.13586066915471745)	(160, 0.13676095069730895)	(165, 0.13913442021868655)	(170, 0.1406894519740719)	(175, 0.15173836181496758)	(180, 0.19004124926340604)	(185, 0.2782688404373731)	(190, 0.39915209847443195)	(195, 0.5003110063510772)	(200, 0.5767530936947555)	(205, 0.685605316571728)	(210, 0.9014273554638905)	(215, 1.3862698880377136)	(220, 2.7087834741046293)	(225, 5.032983041969489)	(230, 7.5742323053755)	(235, 9.557634387481176)	(240, 10.58362797092909)
SRR908437_1 - illumina_universal_adapter	(1, 14.394364914304798)	(2, 19.120125089186768)	(3, 27.683572935800708)	(4, 32.68106811592003)	(5, 42.323865620208586)	(6, 54.96333854538278)	(7, 74.28384922502391)	(8, 79.95992288190912)	(9, 80.4047181698116)	(10, 80.51978807705737)	(15, 80.58385074309656)	(20, 80.62301701759448)	(25, 80.65216401256964)	(30, 80.67463148786301)	(35, 80.69770619221836)	(40, 80.72351342735263)	(45, 80.76723391981541)	(50, 80.81581224477404)	(55, 80.8850363578401)	(60, 80.97065565557969)	(65, 81.06386531659405)	(70, 81.17802438024685)	(75, 81.30523886873226)	(80, 81.4673690282817)	(85, 81.65803895374432)	(90, 81.85326309717183)	(95, 82.07581254838856)	(100, 82.31536441334083)	(105, 82.55916688172695)	(110, 82.80418380823707)	(115, 83.08290194768722)	(120, 83.3676923777572)	(125, 83.61240568973632)	(130, 83.8510467110956)	(135, 84.08725881620695)	(140, 84.33561550255794)	(145, 84.59125893765275)	(150, 84.86542285913804)	(155, 85.13563979172042)	(160, 85.38399647807144)	(165, 85.577398934313)	(170, 85.76563994352769)	(175, 85.95691709805232)	(180, 86.14667617992197)	(185, 86.31730754633918)	(190, 86.46729312464895)	(195, 86.61727870295871)	(200, 86.76271006330363)	(205, 86.90267636209069)	(210, 87.02078241464636)	(215, 87.1118667739438)	(220, 87.17046437842517)	(225, 87.19930775886934)	(230, 87.2150957144809)	(235, 87.22238246322469)	(240, 87.22390053587965)
SRR908437_1 - polya	(1, 2.5093740986443613)	(2, 3.336723695596071)	(3, 3.9424346849240206)	(4, 4.40392877203103)	(5, 4.880603585687611)	(6, 5.805109832556586)	(7, 5.884049610614364)	(8, 5.90833877309368)	(9, 5.90833877309368)	(10, 5.912285761996569)	(15, 5.917447209023424)	(20, 5.917447209023424)	(25, 5.917447209023424)	(30, 5.917447209023424)	(35, 5.917447209023424)	(40, 5.917447209023424)	(45, 5.917447209023424)	(50, 5.917447209023424)	(55, 5.971490595539902)	(60, 6.443914805762605)	(65, 30.49899048168445)	(70, 67.37752948856132)	(75, 72.21198366553823)	(80, 72.2948704324989)	(85, 72.38079334476947)	(90, 72.42026323379837)	(95, 72.4621620390752)	(100, 72.51924157090158)	(105, 72.59909219255232)	(110, 72.69867775871754)	(115, 72.77609946412035)	(120, 72.86961273966571)	(125, 72.98012842894661)	(130, 73.09489472166138)	(135, 73.2394152384133)	(140, 73.36207550893387)	(145, 73.53604663519195)	(150, 73.72398402987567)	(155, 73.93621058703869)	(160, 74.17333353574301)	(165, 74.4122781716333)	(170, 74.64211437159382)	(175, 74.88713129810392)	(180, 75.14216750413674)	(185, 75.38263021268196)	(190, 75.56935314924172)	(195, 75.72783993441926)	(200, 75.85353635024971)	(205, 75.950085771105)	(210, 76.00746891746239)	(215, 76.05301109711111)	(220, 76.0858014664582)	(225, 76.09855327675982)	(230, 76.1067508690966)	(235, 76.11221593065444)	(240, 76.11768099221229)
SRR908437_1 - polyg	(1, 0.0)	(2, 0.0)	(3, 0.0)	(4, 0.0)	(5, 0.0)	(6, 0.0)	(7, 0.0)	(8, 0.0)	(9, 0.0)	(10, 0.0)	(15, 0.0)	(20, 0.0)	(25, 0.0)	(30, 0.0)	(35, 0.0)	(40, 0.0)	(45, 0.0)	(50, 0.0)	(55, 0.0)	(60, 0.0)	(65, 0.0)	(70, 0.0)	(75, 0.0)	(80, 0.00030361453099145324)	(85, 0.0015180726549572662)	(90, 0.003643374371897439)	(95, 0.004554217964871799)	(100, 0.004554217964871799)	(105, 0.005161447026854705)	(110, 0.006072290619829065)	(115, 0.0066795196818119715)	(120, 0.007590363274786331)	(125, 0.009108435929743598)	(130, 0.010626508584700864)	(135, 0.01214458123965813)	(140, 0.012448195770649585)	(145, 0.013662653894615396)	(150, 0.014877112018581209)	(155, 0.015180726549572662)	(160, 0.015180726549572662)	(165, 0.015180726549572662)	(170, 0.015180726549572662)	(175, 0.017913257328495743)	(180, 0.01973494451444446)	(185, 0.021253017169401728)	(190, 0.025503620603282075)	(195, 0.026718078727247886)	(200, 0.030665067630136777)	(205, 0.043416877931777814)	(210, 0.07681447634083767)	(215, 0.1818651040638805)	(220, 0.3528000850120687)	(225, 0.5759567652907868)	(230, 0.7872724788608382)	(235, 0.9448484204454026)	(240, 1.0383616959907702)
SRR908437_2 - illumina_universal_adapter	(1, 14.26532873863343)	(2, 18.86812502846386)	(3, 27.376922259499338)	(4, 32.29395958890593)	(5, 41.79254019097354)	(6, 54.28172392330697)	(7, 73.33505381567562)	(8, 78.97469372884186)	(9, 79.40582636284972)	(10, 79.51543120853763)	(15, 79.58010110363882)	(20, 79.62685774141151)	(25, 79.66906016121932)	(30, 79.69183125104367)	(35, 79.71278065368207)	(40, 79.73403367085149)	(45, 79.77198548722541)	(50, 79.81661682328117)	(55, 79.87825057307244)	(60, 79.9614409545641)	(65, 80.05070362667557)	(70, 80.16061208689447)	(75, 80.284486815539)	(80, 80.43659769556571)	(85, 80.61056882182382)	(90, 80.79729175838355)	(95, 81.01134000273252)	(100, 81.2329786103563)	(105, 81.45947505047592)	(110, 81.69143655215339)	(115, 81.95861733942587)	(120, 82.24006800965495)	(125, 82.47324396945638)	(130, 82.69518619161114)	(135, 82.92289708985471)	(140, 83.15637666418715)	(145, 83.39714298726338)	(150, 83.65157196423421)	(155, 83.9041792540191)	(160, 84.12763954882881)	(165, 84.29675284259105)	(170, 84.46677697994626)	(175, 84.63133605574362)	(180, 84.77798187421249)	(185, 84.90185660285701)	(190, 84.99203011856147)	(195, 85.08068556161098)	(200, 85.1723771499704)	(205, 85.2504060844352)	(210, 85.32114827015621)	(215, 85.36243984637106)	(220, 85.38035310369953)	(225, 85.3894615396293)	(230, 85.39219407040821)	(235, 85.39310491400119)	(240, 85.39310491400119)
SRR908437_2 - polya	(1, 0.016698799204529928)	(2, 0.027325307789230792)	(3, 0.03946988902888892)	(4, 0.047060252303675255)	(5, 0.06527712416316245)	(6, 0.09108435929743597)	(7, 0.09563857726230778)	(8, 0.09563857726230778)	(9, 0.09563857726230778)	(10, 0.09776387897924795)	(15, 0.10019279522717957)	(20, 0.10262171147511119)	(25, 0.11476629271476932)	(30, 0.11810605255567533)	(35, 0.12083858333459838)	(40, 0.12174942692757276)	(45, 0.12296388505153857)	(50, 0.12417834317550439)	(55, 2.7288874045511817)	(60, 28.000546506155786)	(65, 55.13275545367601)	(70, 55.925492994094704)	(75, 55.9610158942207)	(80, 55.990770118257856)	(85, 56.005343615745446)	(90, 56.024471331197915)	(95, 56.0460279628983)	(100, 56.08094363396233)	(105, 56.12344966830112)	(110, 56.1668665462329)	(115, 56.210890653226656)	(120, 56.268881028646035)	(125, 56.333550923747204)	(130, 56.42250998132771)	(135, 56.49628831235863)	(140, 56.61166183413538)	(145, 56.72096306529231)	(150, 56.84726671018475)	(155, 56.96931975164331)	(160, 57.08651496060601)	(165, 57.2043173986307)	(170, 57.325155981965295)	(175, 57.4280813079714)	(180, 57.48728614151473)	(185, 57.52523795788867)	(190, 57.57381628284729)	(195, 57.624823524053866)	(200, 57.70254884398768)	(205, 57.824601885446235)	(210, 57.95667420642752)	(215, 58.09117544365673)	(220, 58.20503089277853)	(225, 58.27607669303053)	(230, 58.34226466078667)	(235, 58.42909841665022)	(240, 58.4974116861233)
SRR908437_2 - polyg	(1, 0.010626508584700864)	(2, 0.01214458123965813)	(3, 0.013662653894615396)	(4, 0.015180726549572662)	(5, 0.018216871859487196)	(6, 0.018216871859487196)	(7, 0.018216871859487196)	(8, 0.01973494451444446)	(9, 0.022771089824358992)	(10, 0.028539765913196607)	(15, 0.045542179648717984)	(20, 0.09078074476644452)	(25, 0.1089976166259317)	(30, 0.11537352177675224)	(35, 0.11749882349369241)	(40, 0.12053496880360695)	(45, 0.1253928012994702)	(50, 0.12903617567136763)	(55, 0.13146509191929928)	(60, 0.1357156953531796)	(65, 0.13662653894615395)	(70, 0.13875184066309415)	(75, 0.14057352784904287)	(80, 0.15211088002671808)	(85, 0.17002413735521382)	(90, 0.17518558438206852)	(95, 0.17609642797504288)	(100, 0.17609642797504288)	(105, 0.17609642797504288)	(110, 0.17640004250603433)	(115, 0.1791325732849574)	(120, 0.1791325732849574)	(125, 0.1791325732849574)	(130, 0.1791325732849574)	(135, 0.18065064593991467)	(140, 0.18065064593991467)	(145, 0.18065064593991467)	(150, 0.18065064593991467)	(155, 0.18065064593991467)	(160, 0.18065064593991467)	(165, 0.18095426047090613)	(170, 0.18550847843577797)	(175, 0.19188438358659846)	(180, 0.22437113840268394)	(185, 0.3066506763013678)	(190, 0.42323865620208584)	(195, 0.532539887359009)	(200, 0.6303037663382569)	(205, 0.740212226557163)	(210, 0.9791568624474369)	(215, 1.4922654198229925)	(220, 2.83302718868125)	(225, 5.257996447709987)	(230, 7.856633218465835)	(235, 9.882349369240812)	(240, 10.91797853445266)
SRR908438_1 - illumina_universal_adapter	(1, 19.23744192799071)	(2, 23.840374564459932)	(3, 31.231126596980257)	(4, 35.59850464576074)	(5, 42.858231707317074)	(6, 52.78346399535424)	(7, 67.60471109175377)	(8, 72.1265243902439)	(9, 72.70016695702671)	(10, 73.27431765389083)	(15, 74.41967915214866)	(20, 77.07955865272939)	(25, 77.67200203252034)	(30, 77.74118031358884)	(35, 77.82161004645761)	(40, 77.93176538908247)	(45, 78.07356997677121)	(50, 78.27613240418118)	(55, 78.50493612078978)	(60, 78.80814459930313)	(65, 79.14750290360047)	(70, 79.5438443670151)	(75, 79.98486498257839)	(80, 80.50947299651568)	(85, 81.07876016260163)	(90, 81.68328977932637)	(95, 82.26774825783973)	(100, 82.8483594657375)	(105, 83.42178426248549)	(110, 84.01640534262485)	(115, 84.60431184668991)	(120, 85.18318089430895)	(125, 85.77213995354239)	(130, 86.34200783972126)	(135, 86.89249419279906)	(140, 87.43967770034843)	(145, 87.94475900116143)	(150, 88.42595818815332)	(155, 88.89038908246225)	(160, 89.28698461091753)	(165, 89.6839793844367)	(170, 90.02330139372823)	(175, 90.32741724738676)	(180, 90.61124419279906)	(185, 90.86128048780488)	(190, 91.06798054587689)	(195, 91.25685975609755)	(200, 91.4389880952381)	(205, 91.57716318234611)	(210, 91.69729965156793)	(215, 91.7756968641115)	(220, 91.82745354239255)	(225, 91.85627177700349)	(230, 91.87118902439025)	(235, 91.87913763066202)	(240, 91.8826219512195)
SRR908438_1 - polya	(1, 1.410242450638792)	(2, 1.7069541231126597)	(3, 1.8573969221835076)	(4, 1.9439605110336817)	(5, 2.0370572009291523)	(6, 2.2056475029036005)	(7, 2.231598432055749)	(8, 2.2383130081300813)	(9, 2.2392203832752613)	(10, 2.2452453542392563)	(15, 2.251415505226481)	(20, 2.2662238675958193)	(25, 2.2698533681765385)	(30, 2.2719221835075496)	(35, 2.2736643437862947)	(40, 2.275950929152148)	(45, 2.2767857142857144)	(50, 2.2772575493612077)	(55, 2.2907592915214865)	(60, 2.524063588850174)	(65, 28.422873112659705)	(70, 57.108231707317074)	(75, 61.42102206736352)	(80, 62.243612078977925)	(85, 64.3981199186992)	(90, 64.49027293844367)	(95, 64.57404181184668)	(100, 64.67523228803717)	(105, 64.81946864111498)	(110, 64.98936556329849)	(115, 65.1956300813008)	(120, 65.42454268292684)	(125, 65.7243031358885)	(130, 66.14347415795586)	(135, 66.59737950058073)	(140, 67.00315766550523)	(145, 67.4758275261324)	(150, 67.98798635307783)	(155, 68.51393728222996)	(160, 69.03861788617886)	(165, 69.53974303135888)	(170, 70.05063153310104)	(175, 70.58086527293844)	(180, 71.07273519163762)	(185, 71.52551538908247)	(190, 71.93677409988386)	(195, 72.2807055749129)	(200, 72.54398954703834)	(205, 72.71809668989548)	(210, 72.82237224157957)	(215, 72.88643292682927)	(220, 72.92501451800231)	(225, 72.94820702671312)	(230, 72.96377758420441)	(235, 72.97339576074333)	(240, 72.97818670150987)
SRR908438_1 - polyg	(1, 0.0)	(2, 0.0)	(3, 0.0)	(4, 0.0)	(5, 0.0)	(6, 0.0)	(7, 0.0)	(8, 0.0)	(9, 0.0)	(10, 0.0)	(15, 0.0)	(20, 0.0)	(25, 3.629500580720093e-05)	(30, 0.00018147502903600465)	(35, 0.0002540650406504065)	(40, 0.0005444250871080139)	(45, 0.0006533101045296168)	(50, 0.0007259001161440186)	(55, 0.0007259001161440186)	(60, 0.0007259001161440186)	(65, 0.0007259001161440186)	(70, 0.0007259001161440186)	(75, 0.0008710801393728223)	(80, 0.0016332752613240418)	(85, 0.003193960511033682)	(90, 0.004573170731707318)	(95, 0.006024970963995354)	(100, 0.006896051103368177)	(105, 0.007331591173054587)	(110, 0.007948606271777004)	(115, 0.008710801393728223)	(120, 0.00936411149825784)	(125, 0.009981126596980255)	(130, 0.010707026713124275)	(135, 0.011505516840882694)	(140, 0.012340301974448317)	(145, 0.01295731707317073)	(150, 0.014227642276422764)	(155, 0.015026132404181183)	(160, 0.015534262485481998)	(165, 0.01596980255516841)	(170, 0.016986062717770034)	(175, 0.01840156794425087)	(180, 0.02072444831591173)	(185, 0.02261178861788618)	(190, 0.024172473867595818)	(195, 0.025987224157955867)	(200, 0.029398954703832754)	(205, 0.0428644018583043)	(210, 0.08061120789779327)	(215, 0.18165650406504064)	(220, 0.33794279907084784)	(225, 0.5486353077816493)	(230, 0.7642276422764228)	(235, 0.9629065040650406)	(240, 1.0821355981416958)
SRR908438_2 - illumina_universal_adapter	(1, 19.123657084785133)	(2, 23.593205574912893)	(3, 30.932781649245065)	(4, 35.22375871080139)	(5, 42.429043263646925)	(6, 52.27224883855981)	(7, 66.96374128919861)	(8, 71.46159988385598)	(9, 72.01038037166086)	(10, 72.58133710801394)	(15, 73.75043554006967)	(20, 76.55901567944251)	(25, 77.19864256678281)	(30, 77.27293844367014)	(35, 77.34995644599303)	(40, 77.45241724738676)	(45, 77.58540214866434)	(50, 77.78132259001161)	(55, 78.00591608594658)	(60, 78.3039706736353)	(65, 78.64078832752614)	(70, 79.03295586527295)	(75, 79.4621806039489)	(80, 79.97165360046458)	(85, 80.51996225319395)	(90, 81.10340447154472)	(95, 81.65864547038328)	(100, 82.2167537746806)	(105, 82.75718641114983)	(110, 83.3165287456446)	(115, 83.87060830429732)	(120, 84.41898954703834)	(125, 84.97212543554006)	(130, 85.50410133565622)	(135, 86.02827380952381)	(140, 86.5468568524971)	(145, 87.01988966318234)	(150, 87.46918554006969)	(155, 87.90581445993031)	(160, 88.28262921022068)	(165, 88.65465301974449)	(170, 88.96287020905923)	(175, 89.22198025551684)	(180, 89.44123838559815)	(185, 89.60369483159117)	(190, 89.72357723577235)	(195, 89.82585656213705)	(200, 89.92218350754936)	(205, 89.99488240418118)	(210, 90.05418844367016)	(215, 90.08398664343785)	(220, 90.09589140534261)	(225, 90.10144454123113)	(230, 90.10365853658536)	(235, 90.10565476190476)	(240, 90.1063443670151)
SRR908438_2 - polya	(1, 0.0009073751451800233)	(2, 0.001996225319396051)	(3, 0.0023591753774680605)	(4, 0.0023591753774680605)	(5, 0.003448025551684088)	(6, 0.003629500580720093)	(7, 0.004173925667828107)	(8, 0.004173925667828107)	(9, 0.004355400696864111)	(10, 0.004972415795586527)	(15, 0.007621951219512195)	(20, 0.010452961672473868)	(25, 0.023410278745644598)	(30, 0.029689314750290362)	(35, 0.03335511033681766)	(40, 0.03469802555168409)	(45, 0.0350609756097561)	(50, 0.035786875725900114)	(55, 3.1207534843205575)	(60, 28.289162311265965)	(65, 49.23787746806039)	(70, 50.408355110336814)	(75, 51.248693379790936)	(80, 52.49208768873403)	(85, 52.539343786295)	(90, 52.584168118466906)	(95, 52.640135017421606)	(100, 52.722633565621365)	(105, 52.83097415795587)	(110, 52.96272502903601)	(115, 53.117486933797906)	(120, 53.311882984901274)	(125, 53.52580574912893)	(130, 53.77878193960511)	(135, 54.06130226480836)	(140, 54.37619773519164)	(145, 54.71689895470384)	(150, 55.051684088269454)	(155, 55.38160569105692)	(160, 55.688479965156795)	(165, 55.97840447154472)	(170, 56.244700929152145)	(175, 56.43452380952381)	(180, 56.54729239256678)	(185, 56.62391114982579)	(190, 56.70023954703832)	(195, 56.809995644599304)	(200, 56.96228948896631)	(205, 57.16089576074332)	(210, 57.375036295005806)	(215, 57.55360772357724)	(220, 57.67813588850174)	(225, 57.78575058072009)	(230, 57.87942799070847)	(235, 57.98544570267131)	(240, 58.0640243902439)
SRR908438_2 - polyg	(1, 0.003992450638792102)	(2, 0.00544425087108014)	(3, 0.00544425087108014)	(4, 0.006896051103368176)	(5, 0.007259001161440186)	(6, 0.007259001161440186)	(7, 0.007621951219512195)	(8, 0.00816637630662021)	(9, 0.008710801393728223)	(10, 0.01212253193960511)	(15, 0.02105110336817654)	(20, 0.03422619047619048)	(25, 0.040323751451800234)	(30, 0.041848141695702674)	(35, 0.04351771196283391)	(40, 0.04751016260162602)	(45, 0.05030487804878049)	(50, 0.05270034843205575)	(55, 0.054805458768873404)	(60, 0.05908826945412311)	(65, 0.06300813008130082)	(70, 0.0666013356562137)	(75, 0.07197299651567944)	(80, 0.08213559814169571)	(85, 0.09393147502903601)	(90, 0.09941202090592335)	(95, 0.1015534262485482)	(100, 0.10376742160278744)	(105, 0.1059451219512195)	(110, 0.10765098722415796)	(115, 0.1088487224157956)	(120, 0.11040940766550522)	(125, 0.11142566782810685)	(130, 0.11374854819976772)	(135, 0.11621660859465736)	(140, 0.11784988385598141)	(145, 0.12071718931475031)	(150, 0.12293118466898956)	(155, 0.12456445993031359)	(160, 0.12576219512195122)	(165, 0.12786730545876887)	(170, 0.13117015098722415)	(175, 0.14303861788617886)	(180, 0.1916013356562137)	(185, 0.30963269454123116)	(190, 0.4777511614401858)	(195, 0.6280850754936121)	(200, 0.7424506387921023)	(205, 0.8852714866434379)	(210, 1.1899317653890826)	(215, 1.84375)	(220, 3.5657665505226483)	(225, 6.54369918699187)	(230, 9.747096399535426)	(235, 12.232070267131244)	(240, 13.512812137049941)
SRR908439_1 - illumina_universal_adapter	(1, 14.456416412362785)	(2, 18.595664058545335)	(3, 26.214945836888766)	(4, 30.81787021101196)	(5, 39.7000419420621)	(6, 53.096336577816984)	(7, 74.00026033004065)	(8, 80.24702428300768)	(9, 80.7699984090942)	(10, 81.05508872915553)	(15, 81.54502986564077)	(20, 82.50773035592901)	(25, 82.706506804738)	(30, 82.72438280086197)	(35, 82.74804390900019)	(40, 82.78217606988416)	(45, 82.83239084216768)	(50, 82.89729979896735)	(55, 82.97545666227961)	(60, 83.07322505532014)	(65, 83.1904892758486)	(70, 83.33517492732453)	(75, 83.49762087268417)	(80, 83.6989427707794)	(85, 83.91750430267706)	(90, 84.16678477937029)	(95, 84.44070983324414)	(100, 84.73222162764128)	(105, 85.0281301071692)	(110, 85.34631126795193)	(115, 85.66073210592539)	(120, 86.0018223102845)	(125, 86.32885469244897)	(130, 86.68429197460335)	(135, 87.03429125146435)	(140, 87.3737037733393)	(145, 87.70467003167349)	(150, 88.01949582748796)	(155, 88.30632168115355)	(160, 88.59008142545161)	(165, 88.83745281518013)	(170, 89.06133665013087)	(175, 89.26636101991525)	(180, 89.4590631011093)	(185, 89.61844293710138)	(190, 89.7600046280896)	(195, 89.8872770924027)	(200, 89.99592149602996)	(205, 90.09143369538492)	(210, 90.16577238476779)	(215, 90.22275573810798)	(220, 90.25758211243365)	(225, 90.27973909144816)	(230, 90.29159857107734)	(235, 90.29703657637072)	(240, 90.30010268573825)
SRR908439_1 - polya	(1, 1.4465672591585554)	(2, 1.9582604168173205)	(3, 2.4236726783622347)	(4, 2.7751182332267907)	(5, 3.1971421546649696)	(6, 3.990570267416803)	(7, 4.088049404856601)	(8, 4.122181565740567)	(9, 4.125652632949105)	(10, 4.132884022966895)	(15, 4.137338559217854)	(20, 4.140288966345111)	(25, 4.143644331313365)	(30, 4.1489087832463145)	(35, 4.153305468377131)	(40, 4.156834386705812)	(45, 4.158049260228801)	(50, 4.158454218069798)	(55, 4.172164933543526)	(60, 4.418495003109498)	(65, 26.948671593653728)	(70, 64.3762636854056)	(75, 69.78904589040106)	(80, 70.17225171022375)	(85, 70.9911343158382)	(90, 71.04302677060585)	(95, 71.08861345327799)	(100, 71.14993564062884)	(105, 71.24458007318167)	(110, 71.35021621856154)	(115, 71.44694329143948)	(120, 71.54754638936697)	(125, 71.66319077853146)	(130, 71.82025656971783)	(135, 72.00995039266448)	(140, 72.18113185716558)	(145, 72.37724715444803)	(150, 72.58169301303096)	(155, 72.82547763331067)	(160, 73.09014650796175)	(165, 73.36250958159177)	(170, 73.63770736010875)	(175, 73.92864064330445)	(180, 74.20493759310413)	(185, 74.47145770359978)	(190, 74.70928365850484)	(195, 74.92744023256151)	(200, 75.08942336895998)	(205, 75.19500166321971)	(210, 75.26494366747175)	(215, 75.30977828558206)	(220, 75.33060468883329)	(225, 75.34489391550844)	(230, 75.35339803016936)	(235, 75.35779471530017)	(240, 75.35976165338501)
SRR908439_1 - polyg	(1, 0.0002892556007115688)	(2, 0.0002892556007115688)	(3, 0.0002892556007115688)	(4, 0.0002892556007115688)	(5, 0.0002892556007115688)	(6, 0.0002892556007115688)	(7, 0.0002892556007115688)	(8, 0.0002892556007115688)	(9, 0.0002892556007115688)	(10, 0.0002892556007115688)	(15, 0.0002892556007115688)	(20, 0.0002892556007115688)	(25, 0.0002892556007115688)	(30, 0.0002892556007115688)	(35, 0.0002892556007115688)	(40, 0.0002892556007115688)	(45, 0.0002892556007115688)	(50, 0.0005785112014231376)	(55, 0.0005785112014231376)	(60, 0.0005785112014231376)	(65, 0.0005785112014231376)	(70, 0.0005785112014231376)	(75, 0.0009256179222770202)	(80, 0.0018512358445540399)	(85, 0.0034132160883965116)	(90, 0.00647932545593914)	(95, 0.00850411466092012)	(100, 0.009314030342912515)	(105, 0.009834690424193339)	(110, 0.0109338617068973)	(115, 0.011512372908320436)	(120, 0.012842948671593652)	(125, 0.014404928915436124)	(130, 0.0155619513182824)	(135, 0.01660327148084405)	(140, 0.017644591643405694)	(145, 0.018917316286536597)	(150, 0.019900785328955933)	(155, 0.021636318933225346)	(160, 0.02337185253749476)	(165, 0.024818130541052603)	(170, 0.025685897343187308)	(175, 0.02695862198631821)	(180, 0.02799994214887986)	(185, 0.030429689194857036)	(190, 0.03170241383798794)	(195, 0.03453711872496131)	(200, 0.04055363521976195)	(205, 0.05524781973590964)	(210, 0.09418162359168679)	(215, 0.2005698335334018)	(220, 0.36694965506269617)	(225, 0.5630649523451398)	(230, 0.7767669901508467)	(235, 0.9588244652387082)	(240, 1.074584556643478)
SRR908439_2 - illumina_universal_adapter	(1, 14.415342117061742)	(2, 18.4623172266173)	(3, 26.03878917605542)	(4, 30.561879004382224)	(5, 39.36971204604949)	(6, 52.68212255759802)	(7, 73.42348466222177)	(8, 79.64074454391623)	(9, 80.14347077795294)	(10, 80.42572639312729)	(15, 80.92897328724527)	(20, 81.95432654064764)	(25, 82.17641699087399)	(30, 82.19776405420649)	(35, 82.22206152466629)	(40, 82.25225980938056)	(45, 82.29703657637072)	(50, 82.35818521036113)	(55, 82.43020985493833)	(60, 82.5241022229293)	(65, 82.64096148561677)	(70, 82.78246532548486)	(75, 82.94236582155823)	(80, 83.1338530292293)	(85, 83.33187741347642)	(90, 83.56530668325065)	(95, 83.82326482796523)	(100, 84.09244608998742)	(105, 84.36897444426768)	(110, 84.66789118204301)	(115, 84.95483273794889)	(120, 85.27035274720507)	(125, 85.57505459699463)	(130, 85.90746713333237)	(135, 86.22981357476534)	(140, 86.54591209522295)	(145, 86.85541558798431)	(150, 87.14872076710584)	(155, 87.41917475377116)	(160, 87.68216594593812)	(165, 87.91050431713984)	(170, 88.11356174883936)	(175, 88.28445395773977)	(180, 88.43249497418394)	(185, 88.53622203259911)	(190, 88.61831277208105)	(195, 88.68750271177126)	(200, 88.74986621928467)	(205, 88.80274214309475)	(210, 88.8410974357491)	(215, 88.86209739236075)	(220, 88.87123786934325)	(225, 88.87488248991221)	(230, 88.87731223695819)	(235, 88.8780064503999)	(240, 88.87812215264017)
SRR908439_2 - polya	(1, 0.0011570224028462752)	(2, 0.0017355336042694128)	(3, 0.0031818116078272565)	(4, 0.004917345212096669)	(5, 0.008677668021347062)	(6, 0.010991712827039613)	(7, 0.013016502032020595)	(8, 0.013305757632732163)	(9, 0.013595013233443733)	(10, 0.014694184516147693)	(15, 0.01706608044198256)	(20, 0.02065284989080601)	(25, 0.03795033481335782)	(30, 0.05270237044964783)	(35, 0.058024673502740695)	(40, 0.05895029142501771)	(45, 0.06074367614942944)	(50, 0.06380978551697207)	(55, 2.5742591440926774)	(60, 26.914770837250337)	(65, 56.0082148590602)	(70, 57.10889027088787)	(75, 57.47445149906715)	(80, 57.96745874491995)	(85, 57.990657044097006)	(90, 58.01356608767337)	(95, 58.04289660558553)	(100, 58.08345024080529)	(105, 58.13730963365778)	(110, 58.19302026235482)	(115, 58.254689556426534)	(120, 58.3253257741203)	(125, 58.40915204720651)	(130, 58.506746886886596)	(135, 58.60827560273636)	(140, 58.72849023039208)	(145, 58.86183706232013)	(150, 59.010630143326146)	(155, 59.165786847547835)	(160, 59.32233197865294)	(165, 59.472397784302096)	(170, 59.61158757936452)	(175, 59.71618240458181)	(180, 59.77594261168882)	(185, 59.821876401081816)	(190, 59.86752093487411)	(195, 59.93520674544061)	(200, 60.03592554560838)	(205, 60.17673517203476)	(210, 60.32934642697019)	(215, 60.46142053425509)	(220, 60.54970134359227)	(225, 60.62161028592916)	(230, 60.683221728880724)	(235, 60.75501496897734)	(240, 60.80673387038456)
SRR908439_2 - polyg	(1, 0.0031818116078272565)	(2, 0.004049578409961963)	(3, 0.004917345212096669)	(4, 0.005495856413519806)	(5, 0.006942134417077651)	(6, 0.008099156819923925)	(7, 0.008677668021347062)	(8, 0.008677668021347062)	(9, 0.009834690424193339)	(10, 0.014578482275863067)	(15, 0.030429689194857036)	(20, 0.0559420331776174)	(25, 0.06589242584209537)	(30, 0.07034696209305352)	(35, 0.07410728490230392)	(40, 0.0786196722734044)	(45, 0.08365271972578568)	(50, 0.08677668021347064)	(55, 0.08851221381774003)	(60, 0.09192542990613657)	(65, 0.09626426391681009)	(70, 0.10095020464833751)	(75, 0.10667746554242656)	(80, 0.11807413621046237)	(85, 0.1348509610517334)	(90, 0.1425451600306611)	(95, 0.14618978059962687)	(100, 0.14786746308375398)	(105, 0.14908233660674255)	(110, 0.1513963814124351)	(115, 0.15342117061741609)	(120, 0.15550381094253937)	(125, 0.158569920310082)	(130, 0.16065256063520528)	(135, 0.16267734984018628)	(140, 0.16458643680488264)	(145, 0.1658013103278712)	(150, 0.16707403497100212)	(155, 0.16875171745512924)	(160, 0.17042939993925632)	(165, 0.1729169981053758)	(170, 0.1758674052326338)	(175, 0.18795828934237738)	(180, 0.22579292191545058)	(185, 0.327090233284642)	(190, 0.4702139045167263)	(195, 0.5992219024340859)	(200, 0.7047423455736661)	(205, 0.8272131669149445)	(210, 1.0750473656046164)	(215, 1.670856051950306)	(220, 3.2563817016906995)	(225, 5.983367802959085)	(230, 8.884022966894696)	(235, 11.11464645734203)	(240, 12.280635783810364)
SRR908440_1 - illumina_universal_adapter	(1, 26.509349589317104)	(2, 27.637571059962788)	(3, 28.857283838934176)	(4, 30.170029914573846)	(5, 33.84356014268532)	(6, 39.30476885594745)	(7, 44.15329420109584)	(8, 46.23497846356282)	(9, 46.60916763469268)	(10, 47.02571008563176)	(15, 47.17261017506708)	(20, 47.31694028393146)	(25, 47.45921440833907)	(30, 47.62009519208034)	(35, 47.8227124602938)	(40, 48.080738509616864)	(45, 48.431592257162535)	(50, 48.89573074827554)	(55, 49.421240375422755)	(60, 50.05664237178367)	(65, 50.7325472619427)	(70, 51.52214809256043)	(75, 52.3968666796879)	(80, 53.323396075125665)	(85, 54.315305776288334)	(90, 55.444041243048204)	(95, 56.5983737162947)	(100, 57.84872066367179)	(105, 59.05969550870195)	(110, 60.27539911798267)	(115, 61.51731652908704)	(120, 62.751215600810056)	(125, 63.949648940654)	(130, 65.16761413283716)	(135, 66.38372893900922)	(140, 67.55317289801289)	(145, 68.67512361606546)	(150, 69.70136825765596)	(155, 70.67076492901712)	(160, 71.54517511847611)	(165, 72.34454187526343)	(170, 73.05488450507313)	(175, 73.70961275532757)	(180, 74.27541967782723)	(185, 74.78293944097781)	(190, 75.26887136733247)	(195, 75.70576806439344)	(200, 76.08591959044789)	(205, 76.38928009704247)	(210, 76.6255127111239)	(215, 76.77703876558692)	(220, 76.87490362572859)	(225, 76.93812514777389)	(230, 76.96896491462526)	(235, 76.98644078250769)	(240, 76.99096394831255)
SRR908440_1 - polya	(1, 12.7491596163533)	(2, 14.523474202535029)	(3, 14.738838574380377)	(4, 14.853973703958799)	(5, 14.929017136630447)	(6, 15.047750239008193)	(7, 15.111999753281864)	(8, 15.125363652250789)	(9, 15.134615582306198)	(10, 15.150241064177555)	(15, 15.159904191124316)	(20, 15.164838553820534)	(25, 15.16925892040256)	(30, 15.174398881544457)	(35, 15.179847240354864)	(40, 15.183548012377026)	(45, 15.186015193725137)	(50, 15.187351583622029)	(55, 15.229190867317044)	(60, 15.756859278143855)	(65, 40.96549030089333)	(70, 52.63823925491123)	(75, 54.38294766491565)	(80, 54.503017157190286)	(85, 54.627815413715474)	(90, 54.75610884381714)	(95, 54.89869136589327)	(100, 55.094215487730914)	(105, 55.347307174357766)	(110, 55.66927434028598)	(115, 56.07738725495235)	(120, 56.5356661903636)	(125, 57.07310052736002)	(130, 57.664196058677796)	(135, 58.346063303761426)	(140, 59.073676203007906)	(145, 59.85166072144496)	(150, 60.70592226322769)	(155, 61.67583293070304)	(160, 62.65365913833692)	(165, 63.7165003032577)	(170, 64.72783905753673)	(175, 65.756139683584)	(180, 66.76531965418341)	(185, 67.6934938371866)	(190, 68.48206667557594)	(195, 69.17770901651984)	(200, 69.72059171232664)	(205, 70.08799613474922)	(210, 70.32463994572201)	(215, 70.46753086546667)	(220, 70.53291117119156)	(225, 70.57053568675022)	(230, 70.5976746815794)	(235, 70.61443095490198)	(240, 70.62203809739198)
SRR908440_1 - polyg	(1, 0.0)	(2, 0.0)	(3, 0.0)	(4, 0.0)	(5, 0.0)	(6, 0.0)	(7, 0.0)	(8, 0.0)	(9, 0.0)	(10, 0.0002055984456757507)	(15, 0.0005139961141893768)	(20, 0.0005139961141893768)	(25, 0.0005139961141893768)	(30, 0.0005139961141893768)	(35, 0.0005139961141893768)	(40, 0.0009251930055408782)	(45, 0.0010279922283787536)	(50, 0.0010279922283787536)	(55, 0.0016447875654060056)	(60, 0.0026727797937847594)	(65, 0.0030839766851362602)	(70, 0.0030839766851362602)	(75, 0.0030839766851362602)	(80, 0.004111968913515013)	(85, 0.006373551815948271)	(90, 0.008326737049867904)	(95, 0.009868725392436033)	(100, 0.010588319952301162)	(105, 0.010999516843652659)	(110, 0.011410713735004163)	(115, 0.01192470984919354)	(120, 0.012438705963382916)	(125, 0.013363898968923793)	(130, 0.013363898968923793)	(135, 0.01387789508311317)	(140, 0.014597489642978297)	(145, 0.015317084202843428)	(150, 0.015933879539870677)	(155, 0.016961871768249433)	(160, 0.017270269436763058)	(165, 0.01788706477379031)	(170, 0.017989863996628185)	(175, 0.020457045344737197)	(180, 0.023952218921224955)	(185, 0.026008203377982465)	(190, 0.029708975400145977)	(195, 0.03279295208528223)	(200, 0.03597972799325637)	(205, 0.04841843395663929)	(210, 0.07771621246543377)	(215, 0.15707721249627354)	(220, 0.28783782394605095)	(225, 0.4704092437061176)	(230, 0.6611018020703764)	(235, 0.8553923332339608)	(240, 0.967340686904407)
SRR908440_2 - illumina_universal_adapter	(1, 26.264173442848772)	(2, 27.349219239902546)	(3, 28.55248414321988)	(4, 29.81845657246831)	(5, 33.438017208589905)	(6, 38.81544455523916)	(7, 43.59098245217266)	(8, 45.635144998303815)	(9, 45.98980231709448)	(10, 46.391027683830714)	(15, 46.531759819895754)	(20, 46.67280035362933)	(25, 46.81815845472208)	(30, 46.983973601159576)	(35, 47.18494608180762)	(40, 47.42169269200325)	(45, 47.745715842388236)	(50, 48.176855782970286)	(55, 48.680263577207356)	(60, 49.2992176979142)	(65, 49.96689865024621)	(70, 50.74262158578081)	(75, 51.584752819268694)	(80, 52.460807796293054)	(85, 53.406252248733)	(90, 54.49129804578678)	(95, 55.590118938700826)	(100, 56.786187896419506)	(105, 57.937539192203715)	(110, 59.08118054627507)	(115, 60.2581288485459)	(120, 61.440114312735794)	(125, 62.57625132354)	(130, 63.71978987838852)	(135, 64.85736607831244)	(140, 65.9705788624238)	(145, 67.02848566464839)	(150, 67.99294797331332)	(155, 68.91166462781541)	(160, 69.71144258149408)	(165, 70.4448122372195)	(170, 71.08864376985309)	(175, 71.64838553820533)	(180, 72.06883435961224)	(185, 72.39080152554047)	(190, 72.65396753600542)	(195, 72.86892071095943)	(200, 73.05848247787247)	(205, 73.22491441964698)	(210, 73.34354472280191)	(215, 73.40142068525962)	(220, 73.42146653371302)	(225, 73.43102686143693)	(230, 73.43421363734491)	(235, 73.43575562568746)	(240, 73.43616682257883)
SRR908440_2 - polya	(1, 0.02364382125271133)	(2, 0.02518580959527946)	(3, 0.02672779793784759)	(4, 0.02672779793784759)	(5, 0.027755790166226344)	(6, 0.032895751308120114)	(7, 0.03597972799325637)	(8, 0.037521716335824504)	(9, 0.037521716335824504)	(10, 0.04153088602650164)	(15, 0.051194012973261926)	(20, 0.05684797022934507)	(25, 0.11061196377355387)	(30, 0.15347923969694788)	(35, 0.17342228892749573)	(40, 0.18349661276560753)	(45, 0.1971689094030449)	(50, 0.21248599360588835)	(55, 4.330520061268337)	(60, 23.34179713601365)	(65, 31.410096939667135)	(70, 31.844937652271348)	(75, 31.91052355644191)	(80, 31.984333398439503)	(85, 32.06513358759008)	(90, 32.16114806172065)	(95, 32.30311378845976)	(100, 32.49113356703023)	(105, 32.720273034735854)	(110, 32.992690975256224)	(115, 33.30221943522107)	(120, 33.65543756489201)	(125, 34.06622325935216)	(130, 34.54249205876003)	(135, 35.048161435899544)	(140, 35.57120388169865)	(145, 36.150374703167245)	(150, 36.77457158423882)	(155, 37.39928246142459)	(160, 38.03869362747618)	(165, 38.63472352149017)	(170, 39.16455071599658)	(175, 39.555496160449025)	(180, 39.78864479784532)	(185, 39.93862886396579)	(190, 40.09179970599422)	(195, 40.332966682771875)	(200, 40.69913751452039)	(205, 41.24664617535491)	(210, 41.88472095150961)	(215, 42.389876332534925)	(220, 42.70156357617937)	(225, 42.934712213575665)	(230, 43.12129280302641)	(235, 43.37253410364218)	(240, 43.554488728065216)
SRR908440_2 - polyg	(1, 0.004111968913515014)	(2, 0.004111968913515014)	(3, 0.005139961141893767)	(4, 0.005653957256083144)	(5, 0.005653957256083144)	(6, 0.006681949484461897)	(7, 0.008223937827030028)	(8, 0.008223937827030028)	(9, 0.009251930055408782)	(10, 0.012233107517707167)	(15, 0.017270269436763058)	(20, 0.02045704534473719)	(25, 0.022513029801494697)	(30, 0.02518580959527946)	(35, 0.02693339638352334)	(40, 0.030120172291497476)	(45, 0.03269015286244435)	(50, 0.03546573187906699)	(55, 0.03957770079258201)	(60, 0.04667084716839541)	(65, 0.05787596245772382)	(70, 0.06414671505083422)	(75, 0.07021186919826886)	(80, 0.07627702334570349)	(85, 0.08614574873813953)	(90, 0.09241650133124993)	(95, 0.0955004780163862)	(100, 0.09899565159287396)	(105, 0.10074323838111784)	(110, 0.10608879796868735)	(115, 0.10948117232233726)	(120, 0.11379873968152801)	(125, 0.11821910626355665)	(130, 0.12243387439990953)	(135, 0.12541505186220792)	(140, 0.12901302466153358)	(145, 0.13137740678680468)	(150, 0.13446138347194095)	(155, 0.13631176948302273)	(160, 0.13929294694532107)	(165, 0.1428909197446467)	(170, 0.148442077777892)	(175, 0.16694593788870954)	(180, 0.2314010506080574)	(185, 0.388478263104331)	(190, 0.5865723655129168)	(195, 0.7584526660978442)	(200, 0.8926056519012716)	(205, 1.0695231144052553)	(210, 1.4076297583190271)	(215, 2.132055881657535)	(220, 3.962396044285905)	(225, 6.915303720303873)	(230, 9.856697883364001)	(235, 12.084151443815085)	(240, 13.266239707227813)
SRR908441_1 - illumina_universal_adapter	(1, 11.356376563026034)	(2, 14.497671200557745)	(3, 20.708686673753355)	(4, 24.935782394435268)	(5, 33.10553424541331)	(6, 43.68917883642205)	(7, 59.601095344256734)	(8, 64.55930419661058)	(9, 64.94023587544038)	(10, 65.031161112628)	(15, 65.08571625494059)	(20, 65.14143778513544)	(25, 65.19705328006827)	(30, 65.27005855797346)	(35, 65.3510164805306)	(40, 65.47126046766853)	(45, 65.61292357773577)	(50, 65.80808147749534)	(55, 66.0381779960926)	(60, 66.30830282610482)	(65, 66.60769338843632)	(70, 66.94737735033786)	(75, 67.33944273168042)	(80, 67.77365712967847)	(85, 68.26120726447581)	(90, 68.85028616266338)	(95, 69.4056988651576)	(100, 69.97129095280636)	(105, 70.7261559831722)	(110, 71.32202113812949)	(115, 71.96560216099864)	(120, 72.59783741083098)	(125, 73.35408089960315)	(130, 74.06282059098754)	(135, 74.77808145098652)	(140, 75.52960637059854)	(145, 76.43716217828239)	(150, 77.3188983996628)	(155, 78.06453836223235)	(160, 78.83822465160787)	(165, 79.61191094098342)	(170, 80.37197169918856)	(175, 81.04434129569789)	(180, 81.74152314352138)	(185, 82.45095206410892)	(190, 83.10847672393456)	(195, 83.70683370754946)	(200, 84.24284195709284)	(205, 84.74004130073456)	(210, 85.15220036423113)	(215, 85.42995973310926)	(220, 85.65152041311339)	(225, 85.77462735232602)	(230, 85.85606243356229)	(235, 85.90144552570958)	(240, 85.9156012331901)
SRR908441_1 - polya	(1, 0.5012817012297439)	(2, 0.702748699079879)	(3, 0.8811530274392749)	(4, 1.0553159453176153)	(5, 1.2750740258673021)	(6, 1.6599820270230865)	(7, 1.7053121015393669)	(8, 1.7297002118054359)	(9, 1.7347368867516892)	(10, 1.7421063374625234)	(15, 1.7538232339164388)	(20, 1.7630483017127347)	(25, 1.7728565634501752)	(30, 1.7809682609951938)	(35, 1.7913066990427666)	(40, 1.7995774494808248)	(45, 1.806681812036593)	(50, 1.8205724313620493)	(55, 1.8502092870984246)	(60, 2.141064010836804)	(65, 20.506848552486126)	(70, 50.82927527549286)	(75, 54.888570194018016)	(80, 54.980820871980974)	(85, 55.084099217194684)	(90, 55.159066147447334)	(95, 55.237055082667744)	(100, 55.33752349343774)	(105, 55.49063841180386)	(110, 55.656000402934)	(115, 55.85709627736704)	(120, 56.072612947435665)	(125, 56.333141586234504)	(130, 56.611272078529716)	(135, 56.92815845909557)	(140, 57.274363589611724)	(145, 57.65937762602954)	(150, 58.114799076432874)	(155, 58.64285468132427)	(160, 59.12865523429817)	(165, 59.67330535769671)	(170, 60.298860386021374)	(175, 60.8314224895489)	(180, 61.36822600355748)	(185, 61.87809656101136)	(190, 62.40122152621855)	(195, 62.83501178316849)	(200, 63.18365572471125)	(205, 63.43533041913088)	(210, 63.623171885810635)	(215, 63.741189132445996)	(220, 63.80056887918077)	(225, 63.84012003191661)	(230, 63.86970387002198)	(235, 63.89165316926144)	(240, 63.901885572046986)
SRR908441_1 - polyg	(1, 0.0)	(2, 0.0)	(3, 0.0)	(4, 0.0)	(5, 0.0)	(6, 0.0)	(7, 0.0)	(8, 0.0)	(9, 0.0)	(10, 0.0)	(15, 0.0)	(20, 0.0)	(25, 0.0)	(30, 0.00015905289303958032)	(35, 0.0002650881550659672)	(40, 0.0003711234170923541)	(45, 0.0005301763101319344)	(50, 0.0007952644651979016)	(55, 0.0011133702512770621)	(60, 0.0016435465614089966)	(65, 0.0023857933955937047)	(70, 0.0030220049677520257)	(75, 0.0035521812778839604)	(80, 0.005619868887398504)	(85, 0.007475485972860274)	(90, 0.010285420416559528)	(95, 0.011133702512770622)	(100, 0.011822931715942137)	(105, 0.01298931959823239)	(110, 0.013837601694443485)	(115, 0.014526830897615)	(120, 0.014897954314707357)	(125, 0.01526907773179971)	(130, 0.016594518507129546)	(135, 0.018450135592591316)	(140, 0.019828593998934347)	(145, 0.020729893726158636)	(150, 0.021684211084396117)	(155, 0.02253249318060721)	(160, 0.02375189869391066)	(165, 0.024812251314174527)	(170, 0.025713551041398813)	(175, 0.02735709760280781)	(180, 0.029954961522454294)	(185, 0.03260584307311397)	(190, 0.035044654099720865)	(195, 0.038066659067472884)	(200, 0.04267919296562071)	(205, 0.05482023046764202)	(210, 0.08822133800595387)	(215, 0.185826796701243)	(220, 0.3334808990729867)	(225, 0.5272603404262087)	(230, 0.736733000559336)	(235, 0.9330572882011914)	(240, 1.066979824140518)
SRR908441_2 - illumina_universal_adapter	(1, 11.274729411265717)	(2, 14.331195839176319)	(3, 20.49688123785565)	(4, 24.638353484451255)	(5, 32.7558829688813)	(6, 43.23773370834471)	(7, 59.03513213319089)	(8, 63.94032335453155)	(9, 64.30455447959218)	(10, 64.39309392338423)	(15, 64.4456874133493)	(20, 64.5051731953461)	(25, 64.56927151124106)	(30, 64.64317808887344)	(35, 64.72106098883184)	(40, 64.83314026079373)	(45, 64.96467700333746)	(50, 65.15310166395835)	(55, 65.37890375444354)	(60, 65.64653675579815)	(65, 65.94279927789987)	(70, 66.276863370914)	(75, 66.66171835443876)	(80, 67.08395076782784)	(85, 67.55384603149777)	(90, 68.12118770096995)	(95, 68.65756707393044)	(100, 69.20407281441443)	(105, 69.92267378516725)	(110, 70.4890081196502)	(115, 71.10618636227477)	(120, 71.709898126622)	(125, 72.43019566156725)	(130, 73.10166395834935)	(135, 73.77673745404033)	(140, 74.48579525121079)	(145, 75.34049248077447)	(150, 76.16539380170875)	(155, 76.86612783081014)	(160, 77.58907624730605)	(165, 78.30688195359367)	(170, 79.0045939777273)	(175, 79.59542245773831)	(180, 80.14134500428118)	(185, 80.61198251478528)	(190, 81.00611558373737)	(195, 81.32787958635645)	(200, 81.6447659669223)	(205, 81.94155866533416)	(210, 82.15691628250974)	(215, 82.2680412371134)	(220, 82.31247001190245)	(225, 82.33097316512607)	(230, 82.33977409187426)	(235, 82.34428059051037)	(240, 82.34698448969205)
SRR908441_2 - polya	(1, 0.003711234170923541)	(2, 0.005566851256385311)	(3, 0.007422468341847082)	(4, 0.009543173582374819)	(5, 0.016170377459024)	(6, 0.020146699785013506)	(7, 0.02253249318060721)	(8, 0.023062669490739145)	(9, 0.023062669490739145)	(10, 0.02629674498254394)	(15, 0.033560160431351446)	(20, 0.04299729875169987)	(25, 0.08127602834322553)	(30, 0.10926933751819168)	(35, 0.11923665214867205)	(40, 0.12379616841580668)	(45, 0.12867379046902047)	(50, 0.14267044505650356)	(55, 2.1572874059268408)	(60, 21.787171323823735)	(65, 44.4838070900478)	(70, 45.143081331696855)	(75, 45.18496526019727)	(80, 45.23040136997558)	(85, 45.274459021347546)	(90, 45.321379624794226)	(95, 45.388234857501864)	(100, 45.49039983246429)	(105, 45.60878820251675)	(110, 45.74992113627386)	(115, 45.90043819072032)	(120, 46.08101624195126)	(125, 46.262601628171446)	(130, 46.48135237373189)	(135, 46.71664462016844)	(140, 46.99042766672057)	(145, 47.300050631837614)	(150, 47.6319410019802)	(155, 47.928468612237005)	(160, 48.283845792918434)	(165, 48.63206559341309)	(170, 48.90346284656963)	(175, 49.11007255462805)	(180, 49.243517931888256)	(185, 49.338419491401865)	(190, 49.4289736051724)	(195, 49.567773763164936)	(200, 49.77629210593983)	(205, 50.104577277173526)	(210, 50.4251748919103)	(215, 50.68808932410472)	(220, 50.90747628123732)	(225, 51.108890261456445)	(230, 51.2903165947836)	(235, 51.51002165770227)	(240, 51.66276545265128)
SRR908441_2 - polyg	(1, 0.008217732807044983)	(2, 0.008747909117176917)	(3, 0.012724231443166424)	(4, 0.01404967221849626)	(5, 0.017495818234353835)	(6, 0.01988161162994754)	(7, 0.02067687609514544)	(8, 0.020941964250211408)	(9, 0.02173722871540931)	(10, 0.026720886030649493)	(15, 0.042520140072581133)	(20, 0.06340908669177935)	(25, 0.07284622501212779)	(30, 0.07491391262164233)	(35, 0.07661047681406451)	(40, 0.08026869335397487)	(45, 0.08546442119326783)	(50, 0.08949376115027052)	(55, 0.09410629504841836)	(60, 0.10158178102127864)	(65, 0.10704259701563756)	(70, 0.11080684881757427)	(75, 0.12019096950690952)	(80, 0.13620229407289391)	(85, 0.15661408201297342)	(90, 0.16684648479851977)	(95, 0.17198919500679954)	(100, 0.17665474653596053)	(105, 0.18057805123093684)	(110, 0.18471342644996594)	(115, 0.18810655483481029)	(120, 0.19171175374370747)	(125, 0.19738464026211916)	(130, 0.20242131520837256)	(135, 0.20756402541665234)	(140, 0.21116922432554946)	(145, 0.21678909321294798)	(150, 0.22262103262439928)	(155, 0.2264383020573492)	(160, 0.23046764201435188)	(165, 0.23709484589100108)	(170, 0.24536559632905924)	(175, 0.2666256663653498)	(180, 0.3383055034951873)	(185, 0.5161796555444513)	(190, 0.7437313278530775)	(195, 0.966670466263556)	(200, 1.1449157417299125)	(205, 1.3573573891997783)	(210, 1.7750302863217162)	(215, 2.6607958476591387)	(220, 4.835473036558307)	(225, 8.424342515103397)	(230, 12.095707427505015)	(235, 14.936816238240024)	(240, 16.424862087887327)
SRR908442_1 - illumina_universal_adapter	(1, 31.514169389832325)	(2, 32.68066641667113)	(3, 34.42438527883431)	(4, 35.92569775539722)	(5, 39.516258638238604)	(6, 44.01617828253067)	(7, 48.58306101676756)	(8, 50.61472116569347)	(9, 51.41693898323244)	(10, 52.281298548240215)	(15, 54.618578239674285)	(20, 57.007821288905554)	(25, 57.50629453045482)	(30, 57.68870198746451)	(35, 57.903519580007504)	(40, 58.2061927465581)	(45, 58.59109658756093)	(50, 58.978678952161566)	(55, 59.45840252852628)	(60, 60.007232013714045)	(65, 60.62623881716398)	(70, 61.29774468313066)	(75, 62.10264102426743)	(80, 62.98976803985643)	(85, 63.98832163711362)	(90, 65.03374939733219)	(95, 66.25622756736487)	(100, 67.50441956393635)	(105, 68.81368189853752)	(110, 70.1591043017089)	(115, 71.51497294691167)	(120, 72.9305726683452)	(125, 74.41715326512028)	(130, 75.83730647667005)	(135, 77.22772807628435)	(140, 78.56618631810146)	(145, 79.8213424760272)	(150, 80.98087534151175)	(155, 82.05951679434295)	(160, 83.00851770504099)	(165, 83.77457545400975)	(170, 84.53554400814271)	(175, 85.22419242513527)	(180, 85.86168104140998)	(185, 86.45175979000376)	(190, 86.91219799646436)	(195, 87.31397653613328)	(200, 87.66298816092569)	(205, 87.95092944768844)	(210, 88.16521133551187)	(215, 88.30904805271334)	(220, 88.38029678041462)	(225, 88.4207424867413)	(230, 88.44243852788343)	(235, 88.45529544115284)	(240, 88.4622596025071)
SRR908442_1 - polya	(1, 3.2008356993625116)	(2, 3.5771682648524132)	(3, 3.6146675952215137)	(4, 3.6414528311994427)	(5, 3.650827663791718)	(6, 3.6923447795575077)	(7, 3.7700219638935017)	(8, 3.775379011089088)	(9, 3.7807360582846736)	(10, 3.788503776718273)	(15, 3.7965393475116516)	(20, 3.805914180103927)	(25, 3.8088605560614988)	(30, 3.8088605560614988)	(35, 3.8088605560614988)	(40, 3.8088605560614988)	(45, 3.8088605560614988)	(50, 3.8088605560614988)	(55, 3.862966732736916)	(60, 4.503133872609418)	(65, 34.07349868752344)	(70, 45.04151711576579)	(75, 47.44790271602293)	(80, 49.11233727969143)	(85, 50.80248566989875)	(90, 50.926233460116784)	(95, 51.077034338672526)	(100, 51.279262870305885)	(105, 51.557561472116575)	(110, 51.89023410296245)	(115, 52.223442438527876)	(120, 52.654416885412765)	(125, 53.127979857502545)	(130, 53.72448706273102)	(135, 54.324744200996406)	(140, 54.98178603953501)	(145, 55.6945411689077)	(150, 56.52461563186372)	(155, 57.41147479509294)	(160, 58.44431349440189)	(165, 59.4736701130337)	(170, 60.59382868163068)	(175, 61.67193442974233)	(180, 62.702094605453475)	(185, 63.736004714201535)	(190, 64.64482777093266)	(195, 65.37418974661168)	(200, 65.90346600953555)	(205, 66.25247763432796)	(210, 66.45122408528418)	(215, 66.56023999571435)	(220, 66.61809610542669)	(225, 66.64166711308727)	(230, 66.6542561739969)	(235, 66.67005946322386)	(240, 66.67916644345637)
SRR908442_1 - polyg	(1, 0.0)	(2, 0.0)	(3, 0.0)	(4, 0.0)	(5, 0.0)	(6, 0.0)	(7, 0.0)	(8, 0.0)	(9, 0.0)	(10, 0.0)	(15, 0.0)	(20, 0.0)	(25, 0.0)	(30, 0.0)	(35, 0.0)	(40, 0.0)	(45, 0.0)	(50, 0.0)	(55, 0.0)	(60, 0.0)	(65, 0.0)	(70, 0.0)	(75, 0.000803557079337869)	(80, 0.001607114158675738)	(85, 0.0026785235977928967)	(90, 0.003214228317351476)	(95, 0.004017785396689345)	(100, 0.004017785396689345)	(105, 0.004017785396689345)	(110, 0.004017785396689345)	(115, 0.004017785396689345)	(120, 0.004017785396689345)	(125, 0.004017785396689345)	(130, 0.004553490116247925)	(135, 0.006428456634702952)	(140, 0.00803557079337869)	(145, 0.00803557079337869)	(150, 0.00803557079337869)	(155, 0.008571275512937269)	(160, 0.009642684952054429)	(165, 0.010714094391171587)	(170, 0.010981946750950876)	(175, 0.012053356190068034)	(180, 0.012053356190068034)	(185, 0.012856913269405903)	(190, 0.014196175068302352)	(195, 0.017678255745433115)	(200, 0.02196389350190175)	(205, 0.032677987893073336)	(210, 0.06642738522526384)	(215, 0.16901483902073178)	(220, 0.31981571757647187)	(225, 0.519633577971822)	(230, 0.7274870091605508)	(235, 0.9286441313547973)	(240, 1.0593560829270905)
SRR908442_2 - illumina_universal_adapter	(1, 31.52622274602239)	(2, 32.6552204424921)	(3, 34.386885948465206)	(4, 35.88016285423475)	(5, 39.4412599775004)	(6, 43.935822574596884)	(7, 48.48127712005143)	(8, 50.51561579257513)	(9, 51.29640542133176)	(10, 52.15460438206461)	(15, 54.53822253174051)	(20, 57.055766861306054)	(25, 57.577007553436545)	(30, 57.761825681684265)	(35, 57.97048266995232)	(40, 58.256013285477046)	(45, 58.625649541972464)	(50, 58.9936786843092)	(55, 59.46911662291744)	(60, 60.017410403385654)	(65, 60.64739915358655)	(70, 61.328279852145485)	(75, 62.10987303798147)	(80, 62.96726844163497)	(85, 63.93984035999358)	(90, 64.96169711255156)	(95, 66.13676541490331)	(100, 67.34451170514812)	(105, 68.60368564847056)	(110, 69.89687684148495)	(115, 71.200246424171)	(120, 72.57432902983875)	(125, 74.0092141211764)	(130, 75.36883269941609)	(135, 76.72229067338083)	(140, 78.0160175711148)	(145, 79.21894251888358)	(150, 80.33213692612632)	(155, 81.36363636363636)	(160, 82.27192371564794)	(165, 82.99753575829003)	(170, 83.70814806878448)	(175, 84.32019071088015)	(180, 84.82964589918036)	(185, 85.2405314190818)	(190, 85.5057052552633)	(195, 85.72614774736167)	(200, 85.92301923179943)	(205, 86.06792735844003)	(210, 86.18444313494402)	(215, 86.2350672309423)	(220, 86.25381689612685)	(225, 86.26399528579847)	(230, 86.26587025231693)	(235, 86.2664059570365)	(240, 86.26720951411582)
SRR908442_2 - polya	(1, 0.0)	(2, 0.0)	(3, 0.0013392617988964484)	(4, 0.0013392617988964484)	(5, 0.0013392617988964484)	(6, 0.0013392617988964484)	(7, 0.0013392617988964484)	(8, 0.0013392617988964484)	(9, 0.0013392617988964484)	(10, 0.005624899555365082)	(15, 0.00803557079337869)	(20, 0.00803557079337869)	(25, 0.008571275512937269)	(30, 0.018749665184550273)	(35, 0.02303530294101891)	(40, 0.026785235977928968)	(45, 0.03160657845395618)	(50, 0.03589221621042481)	(55, 5.019285369904109)	(60, 27.86923447795575)	(65, 36.08614131890502)	(70, 37.32977982536026)	(75, 38.729040552847266)	(80, 39.726522740665345)	(85, 39.80902126747737)	(90, 39.92044784914555)	(95, 40.06990946590239)	(100, 40.27856645417046)	(105, 40.529544115283656)	(110, 40.77837895751862)	(115, 41.07569507687363)	(120, 41.40943911715862)	(125, 41.804521347833074)	(130, 42.28156640059999)	(135, 42.780843199228585)	(140, 43.36047570579096)	(145, 43.93876895055446)	(150, 44.59581078909305)	(155, 45.30883377082552)	(160, 46.004178496812564)	(165, 46.68827342368886)	(170, 47.337279691434084)	(175, 47.83119944286709)	(180, 48.140033213692604)	(185, 48.33904751700862)	(190, 48.55761504258852)	(195, 48.88707344511705)	(200, 49.316976482562815)	(205, 49.84544918840735)	(210, 50.401510687309155)	(215, 50.87132372636203)	(220, 51.18899662506027)	(225, 51.42979589650186)	(230, 51.66711308726631)	(235, 51.89585900251782)	(240, 52.05844538490384)
SRR908442_2 - polyg	(1, 0.005357047195585793)	(2, 0.005357047195585793)	(3, 0.00803557079337869)	(4, 0.00803557079337869)	(5, 0.00803557079337869)	(6, 0.00803557079337869)	(7, 0.009374832592275138)	(8, 0.010714094391171587)	(9, 0.012053356190068034)	(10, 0.01687469866609525)	(15, 0.023838860020356775)	(20, 0.027053088337708253)	(25, 0.029195907215942573)	(30, 0.029463759575721858)	(35, 0.03160657845395618)	(40, 0.03535651149086623)	(45, 0.038570739808217715)	(50, 0.04071355868645203)	(55, 0.0441956393635828)	(60, 0.049820538918947874)	(65, 0.05303476723629935)	(70, 0.05785610971232656)	(75, 0.06803449938393957)	(80, 0.08035570793378691)	(85, 0.0905340976053999)	(90, 0.09696255424010285)	(95, 0.10312315851502651)	(100, 0.10660523919215728)	(105, 0.10714094391171587)	(110, 0.10928376278995018)	(115, 0.11330154818663954)	(120, 0.11464080998553597)	(125, 0.11598007178443244)	(130, 0.11731933358332887)	(135, 0.11839074302244601)	(140, 0.1216049713397975)	(145, 0.12374779021803184)	(150, 0.12562275673648687)	(155, 0.12856913269405904)	(160, 0.13017624685273477)	(165, 0.13124765629185192)	(170, 0.13553329404832054)	(175, 0.15374725451331225)	(180, 0.2276745058123962)	(185, 0.4063320297851824)	(190, 0.648202710665881)	(195, 0.8782878877162907)	(200, 1.0499812503348154)	(205, 1.2527454866877377)	(210, 1.6638988589489472)	(215, 2.607810574811164)	(220, 4.978036106498098)	(225, 8.905555257941824)	(230, 12.745218835377939)	(235, 15.613114051534797)	(240, 17.146568811271226)
SRR908443_1 - illumina_universal_adapter	(1, 10.118768364650979)	(2, 10.442781851952448)	(3, 11.090808826555389)	(4, 11.748986943436188)	(5, 13.363841631206258)	(6, 16.153485271241266)	(7, 19.145603046440105)	(8, 20.52368919945897)	(9, 20.80298278969851)	(10, 21.062742289933087)	(15, 21.185927773250917)	(20, 21.405411930610086)	(25, 21.6006979596204)	(30, 21.894093406970267)	(35, 22.315777344296567)	(40, 22.91738341961804)	(45, 23.698856761895357)	(50, 24.682255528943102)	(55, 25.89978902085374)	(60, 27.383611666680384)	(65, 29.088125632731668)	(70, 30.99253479509782)	(75, 33.09058385529409)	(80, 35.45420874589496)	(85, 37.93306281910939)	(90, 40.6242678145688)	(95, 43.4575888019183)	(100, 46.41716805078863)	(105, 49.39430603224771)	(110, 52.36628613600884)	(115, 55.272201508404876)	(120, 58.172355421670225)	(125, 61.025265370064005)	(130, 63.79756976166764)	(135, 66.43554984896747)	(140, 68.9505639371068)	(145, 71.24883741985398)	(150, 73.31829866855423)	(155, 75.15779539138141)	(160, 76.77144291628599)	(165, 78.1330128864636)	(170, 79.31570326839345)	(175, 80.30870446732567)	(180, 81.1701797849604)	(185, 81.91220084995238)	(190, 82.5295549135644)	(195, 83.11480941916261)	(200, 83.60590522125375)	(205, 84.03285677835666)	(210, 84.36444246908704)	(215, 84.59517518951085)	(220, 84.74947255213434)	(225, 84.8482952939853)	(230, 84.90382478579718)	(235, 84.93394898639471)	(240, 84.94393551555457)
SRR908443_1 - polya	(1, 4.957324049153477)	(2, 5.726067310303958)	(3, 5.8083738693136455)	(4, 5.849801504015188)	(5, 5.881901062028966)	(6, 5.91784159279653)	(7, 5.935400325385263)	(8, 5.9521359923839)	(9, 5.961738424268363)	(10, 5.977376670480203)	(15, 5.998172794389985)	(20, 6.00997006784804)	(25, 6.029339544734986)	(30, 6.063743686401035)	(35, 6.103909287197763)	(40, 6.136283200408241)	(45, 6.159493650048972)	(50, 6.173869862355998)	(55, 6.19422701795106)	(60, 6.415686532726459)	(65, 15.840171636611055)	(70, 21.777711932530572)	(75, 22.85548888724276)	(80, 22.960951024853838)	(85, 23.151902241756314)	(90, 23.30713241204858)	(95, 23.541376878990157)	(100, 23.883278325116397)	(105, 24.373002351224034)	(110, 24.993484064078398)	(115, 25.75964838637991)	(120, 26.704527683811126)	(125, 27.841236134774242)	(130, 29.178772589721007)	(135, 30.61140055584363)	(140, 32.24869749870367)	(145, 34.04698607098667)	(150, 35.96752731891871)	(155, 38.03045891393752)	(160, 40.18535437088982)	(165, 42.42568403609417)	(170, 44.678963266582706)	(175, 46.891967154195854)	(180, 48.92740835850542)	(185, 50.76915479394553)	(190, 52.38340590028285)	(195, 53.65048794071733)	(200, 54.53259476914381)	(205, 55.08756046102648)	(210, 55.407403749338116)	(215, 55.57898548935365)	(220, 55.66441969760571)	(225, 55.709688305061036)	(230, 55.73964789254055)	(235, 55.75791994864071)	(240, 55.765985991423655)
SRR908443_1 - polyg	(1, 0.0002743551966989583)	(2, 0.0002743551966989583)	(3, 0.0002743551966989583)	(4, 0.0002743551966989583)	(5, 0.0002743551966989583)	(6, 0.0002743551966989583)	(7, 0.0002743551966989583)	(8, 0.0002743551966989583)	(9, 0.0008230655900968748)	(10, 0.0008230655900968748)	(15, 0.0009876787081162497)	(20, 0.0013717759834947915)	(25, 0.0014266470228345833)	(30, 0.0016461311801937496)	(35, 0.0016461311801937496)	(40, 0.0019753574162324995)	(45, 0.002414325730950833)	(50, 0.0026338098883099993)	(55, 0.0029630361243487497)	(60, 0.003676359635766041)	(65, 0.004060456911144582)	(70, 0.005706588091338333)	(75, 0.00663939576011479)	(80, 0.006913750956813748)	(85, 0.008011171743609583)	(90, 0.009986529159842081)	(95, 0.011138820985977705)	(100, 0.012510596969472498)	(105, 0.013059307362870412)	(110, 0.013717759834947916)	(115, 0.013827501913627499)	(120, 0.013992115031646874)	(125, 0.014485954385704995)	(130, 0.014924922700423332)	(135, 0.01585773036919979)	(140, 0.01668079595929666)	(145, 0.017558732588733326)	(150, 0.018107442982131246)	(155, 0.018436669218169992)	(160, 0.019040250650907704)	(165, 0.019424347926286247)	(170, 0.02030228455572291)	(175, 0.021674060539217704)	(180, 0.02255199716865437)	(185, 0.02326532068007166)	(190, 0.024033515230828743)	(195, 0.025405291214323535)	(200, 0.028697553574711033)	(205, 0.036544112200301244)	(210, 0.06386988979151749)	(215, 0.14634106191922433)	(220, 0.29087137954023556)	(225, 0.47781701057090575)	(230, 0.6842967316065417)	(235, 0.8961538144974772)	(240, 1.0233448836871144)
SRR908443_2 - illumina_universal_adapter	(1, 10.100660921668847)	(2, 10.417541173856145)	(3, 11.062550241295396)	(4, 11.707559308734647)	(5, 13.318573023750929)	(6, 16.11480118850671)	(7, 19.08908587592012)	(8, 20.455923465874328)	(9, 20.720401875492126)	(10, 20.973631722045262)	(15, 21.09528081626158)	(20, 21.320142335476046)	(25, 21.5174037219026)	(30, 21.80706793857736)	(35, 22.219972509609292)	(40, 22.785583183123865)	(45, 23.52167817586717)	(50, 24.461948305993836)	(55, 25.653857022532794)	(60, 27.117377383803717)	(65, 28.83215223421155)	(70, 30.728769708991443)	(75, 32.800919638619334)	(80, 35.12009898735497)	(85, 37.53502829973854)	(90, 40.15533991237095)	(95, 42.91584703051653)	(100, 45.793394075573886)	(105, 48.672367767654066)	(110, 51.553755785465206)	(115, 54.3644699046067)	(120, 57.16360623444749)	(125, 59.91352324200049)	(130, 62.58096907742579)	(135, 65.11535264245208)	(140, 67.52830659741943)	(145, 69.73675618876736)	(150, 71.72286832871045)	(155, 73.48532611230455)	(160, 75.00914974580992)	(165, 76.29274796908565)	(170, 77.39247333953377)	(175, 78.28253646866453)	(180, 78.98532474052857)	(185, 79.52415834684533)	(190, 79.91286478952841)	(195, 80.25410778318258)	(200, 80.54569248623423)	(205, 80.81543851562864)	(210, 81.00551179590168)	(215, 81.09912178901536)	(220, 81.13067263663575)	(225, 81.14614626972956)	(230, 81.15448666770922)	(235, 81.15799841422697)	(240, 81.15920557709244)
SRR908443_2 - polya	(1, 0.003840972753785416)	(2, 0.006035814327377082)	(3, 0.006858879917473957)	(4, 0.007681945507570832)	(5, 0.00932807668776458)	(6, 0.01262033904815208)	(7, 0.02249712612931458)	(8, 0.027709874866594784)	(9, 0.031002137226982286)	(10, 0.04301889484239666)	(15, 0.07341745063664123)	(20, 0.0986032576936056)	(25, 0.26074717894268995)	(30, 0.3745497145334178)	(35, 0.41400199181872804)	(40, 0.4305181746600053)	(45, 0.44604667879316634)	(50, 0.46387976657859864)	(55, 2.1773925830816125)	(60, 10.265274039688222)	(65, 15.048602023095222)	(70, 15.378157485370007)	(75, 15.466390116628395)	(80, 15.59654422194238)	(85, 15.720004060456912)	(90, 15.916991091686764)	(95, 16.19996104156207)	(100, 16.585649577081462)	(105, 17.06944753094041)	(110, 17.66984644339641)	(115, 18.441552740671238)	(120, 19.354058124891974)	(125, 20.414276347015424)	(130, 21.559928777390937)	(135, 22.881991599243875)	(140, 24.31055910845535)	(145, 25.806288769818735)	(150, 27.387342897355488)	(155, 29.02891978128404)	(160, 30.680538065411763)	(165, 32.21281183897545)	(170, 33.56258453569499)	(175, 34.542252072067626)	(180, 35.131018324183586)	(185, 35.50628136222842)	(190, 35.90563278654342)	(195, 36.440076709713004)	(200, 37.1608626824805)	(205, 38.05103555368994)	(210, 38.95959022307821)	(215, 39.687454559920546)	(220, 40.1809098167033)	(225, 40.5479970698865)	(230, 40.853957985245174)	(235, 41.19355484771915)	(240, 41.41227081052756)
SRR908443_2 - polyg	(1, 0.00466403834388229)	(2, 0.005212748737280207)	(3, 0.005487103933979166)	(4, 0.006584524720774998)	(5, 0.008230655900968747)	(6, 0.009053721491065623)	(7, 0.009876787081162498)	(8, 0.009876787081162498)	(9, 0.010151142277861456)	(10, 0.012400854890792914)	(15, 0.017064893234675204)	(20, 0.0210156080671402)	(25, 0.023320191719411455)	(30, 0.025405291214323535)	(35, 0.028093972141973327)	(40, 0.0322093000924577)	(45, 0.03753179090841749)	(50, 0.04247018444899874)	(55, 0.05092032450732666)	(60, 0.062388371729343105)	(65, 0.07495383973815539)	(70, 0.08570856344875458)	(75, 0.09948119432304228)	(80, 0.11473534325950437)	(85, 0.1307576867467235)	(90, 0.14420109138497245)	(95, 0.15627272003972664)	(100, 0.1629121157998414)	(105, 0.1697161246779756)	(110, 0.17580681004469245)	(115, 0.18195236645074914)	(120, 0.18694563103067016)	(125, 0.19226812184662995)	(130, 0.1973162574658908)	(135, 0.20170594061307412)	(140, 0.2049982029734616)	(145, 0.2090037888452664)	(150, 0.21432627966122625)	(155, 0.2194841573591666)	(160, 0.2248615192144662)	(165, 0.23232398056467787)	(170, 0.2445053512981116)	(175, 0.2875791171798481)	(180, 0.44889997283883554)	(185, 0.8326131509419985)	(190, 1.3496080836015154)	(195, 1.7911004661294794)	(200, 2.121094896718986)	(205, 2.511557212660944)	(210, 3.2724539151858343)	(215, 4.817183414679649)	(220, 8.491128724714738)	(225, 14.236620382944983)	(230, 19.799007382898345)	(235, 23.972279150925537)	(240, 26.134527327149367)
SRR908444_1 - illumina_universal_adapter	(1, 1.57752998376481)	(2, 1.6299360645814038)	(3, 1.7159248175947535)	(4, 1.794854792375664)	(5, 2.0198800863309967)	(6, 2.3390224233855186)	(7, 2.6440472039751617)	(8, 2.779875209356945)	(9, 2.807254712803982)	(10, 2.840409580259378)	(15, 2.8905055154726282)	(20, 3.0123443058119412)	(25, 3.1995516606310543)	(30, 3.527335653461047)	(35, 4.021193446886972)	(40, 4.728440245303238)	(45, 5.670765749096797)	(50, 6.887228531153812)	(55, 8.48229850931438)	(60, 10.467184167802131)	(65, 12.793757473214075)	(70, 15.62894783562886)	(75, 18.59474698558084)	(80, 21.809528495004308)	(85, 25.22139964877231)	(90, 28.898809205502424)	(95, 32.73168300524275)	(100, 36.664406431616484)	(105, 40.596744833722994)	(110, 44.548890595354464)	(115, 48.58646896383553)	(120, 52.81082688239434)	(125, 57.06748405892582)	(130, 61.2870505643814)	(135, 65.4297405578146)	(140, 69.44460249452945)	(145, 73.21570128961739)	(150, 76.5758936306291)	(155, 79.45377890623163)	(160, 81.76366782673053)	(165, 83.55582744923561)	(170, 84.88630019486507)	(175, 85.9129887936548)	(180, 86.72496219275597)	(185, 87.40234822022532)	(190, 87.97997018200951)	(195, 88.50086523508939)	(200, 88.94659499511233)	(205, 89.3277262391899)	(210, 89.61829121952158)	(215, 89.83428983343423)	(220, 89.97161515541077)	(225, 90.05914400549301)	(230, 90.11013833066312)	(235, 90.13871568738595)	(240, 90.14765680648038)
SRR908444_1 - polya	(1, 0.6795678316502782)	(2, 0.8692992344434154)	(3, 0.8932562999595725)	(4, 0.9120797085794102)	(5, 0.9311170195699279)	(6, 0.9540045732326852)	(7, 0.9644857893960038)	(8, 0.9818118814210818)	(9, 0.9858760264640013)	(10, 1.003801045126983)	(15, 1.0219827466347808)	(20, 1.0351591326686673)	(25, 1.0524852246937453)	(30, 1.0892764324507007)	(35, 1.1264954449490163)	(40, 1.1433937322327343)	(45, 1.1621743603784362)	(50, 1.172869478912435)	(55, 1.187029815851449)	(60, 1.2489759424003697)	(65, 2.7599822888837076)	(70, 3.4671863068258384)	(75, 3.5914635841909037)	(80, 3.6475487857831927)	(85, 3.7608742617694433)	(90, 3.9201887474518884)	(95, 4.199588024034071)	(100, 4.613788574618772)	(105, 5.197528144204422)	(110, 5.960860144212978)	(115, 6.9626077265814335)	(120, 8.282941499840643)	(125, 9.917412294680462)	(130, 11.883046739807018)	(135, 14.186818052504474)	(140, 16.577348166749733)	(145, 19.16556685197742)	(150, 21.920586605861352)	(155, 24.929508473742416)	(160, 28.03909279726547)	(165, 31.224441340483377)	(170, 34.4245491472782)	(175, 37.59483896360023)	(180, 40.72234830578628)	(185, 43.704660718754745)	(190, 46.43097477449342)	(195, 48.73252150253581)	(200, 50.53469175598873)	(205, 51.75299409843359)	(210, 52.49557756848619)	(215, 52.93026996618204)	(220, 53.15799043000793)	(225, 53.28483453582116)	(230, 53.34951861271479)	(235, 53.38233123637709)	(240, 53.39687659758333)
SRR908444_1 - polyg	(1, 0.0)	(2, 0.0)	(3, 0.00021390237067997424)	(4, 0.00021390237067997424)	(5, 0.00021390237067997424)	(6, 0.00021390237067997424)	(7, 0.00021390237067997424)	(8, 0.00021390237067997424)	(9, 0.0006417071120399227)	(10, 0.0009839509051278814)	(15, 0.0011978532758078557)	(20, 0.0012834142240798455)	(25, 0.0015828775430318093)	(30, 0.002609608922295686)	(35, 0.0031657550860636195)	(40, 0.0033368769826075985)	(45, 0.004620291206687444)	(50, 0.005219217844591372)	(55, 0.0058181444824953)	(60, 0.00680209538762318)	(65, 0.008128290085839021)	(70, 0.009882289525414808)	(75, 0.011251264697766645)	(80, 0.013433068878702381)	(85, 0.014630922154510237)	(90, 0.016470482542358018)	(95, 0.018695067197429752)	(100, 0.019892920473237603)	(105, 0.020235164266325562)	(110, 0.02057740805941352)	(115, 0.021475798016269414)	(120, 0.023015895085165227)	(125, 0.023957065516157117)	(130, 0.02417096788683709)	(135, 0.024812674998877012)	(140, 0.025283260214372955)	(145, 0.026309991593636832)	(150, 0.02729394249876471)	(155, 0.027807308188396652)	(160, 0.027807308188396652)	(165, 0.028106771507348617)	(170, 0.02849179577457257)	(175, 0.029219063834884484)	(180, 0.029775209998652418)	(185, 0.030502478058964326)	(190, 0.03140086801582022)	(195, 0.033197647929532004)	(200, 0.03559335448114771)	(205, 0.043464961722170764)	(210, 0.07401022025527108)	(215, 0.17539994395757888)	(220, 0.3566608128717891)	(225, 0.6078677569983508)	(230, 0.8815772305204458)	(235, 1.1628588479646118)	(240, 1.3617024917487162)
SRR908444_2 - illumina_universal_adapter	(1, 1.568332181825571)	(2, 1.620524360271485)	(3, 1.7054436014314347)	(4, 1.7813789430228255)	(5, 2.001912287193879)	(6, 2.311642919938482)	(7, 2.6128174578558854)	(8, 2.7443674158240694)	(9, 2.7702496026763463)	(10, 2.8023777387524786)	(15, 2.8515325035347368)	(20, 2.97294348913269)	(25, 3.1635732818826834)	(30, 3.489218251005876)	(35, 3.97143975546681)	(40, 4.623670864144187)	(45, 5.49951551113041)	(50, 6.667850259784428)	(55, 8.226941859196625)	(60, 10.180341088720287)	(65, 12.509566783528662)	(70, 15.328628907194178)	(75, 18.23894178219177)	(80, 21.37158478127413)	(85, 24.6709860685386)	(90, 28.228139712472434)	(95, 31.927410091486042)	(100, 35.72819853562437)	(105, 39.52030254351309)	(110, 43.31801079351362)	(115, 47.189600922347026)	(120, 51.22974611927624)	(125, 55.30082159900578)	(130, 59.333266310590524)	(135, 63.29289865519579)	(140, 67.12594357683267)	(145, 70.71436974735991)	(150, 73.91905506488729)	(155, 76.65212843553944)	(160, 78.84424271074197)	(165, 80.5350553900189)	(170, 81.76208494918748)	(175, 82.65645354147459)	(180, 83.30902689394506)	(185, 83.78572971724246)	(190, 84.14487179761413)	(195, 84.45165057764335)	(200, 84.71607668827794)	(205, 84.93943354374197)	(210, 85.09776407851928)	(215, 85.18353892916195)	(220, 85.21425530959159)	(225, 85.22897179269438)	(230, 85.2362444732975)	(235, 85.23885408221979)	(240, 85.24009471596973)
SRR908444_2 - polya	(1, 0.0012834142240798455)	(2, 0.0023529260774797166)	(3, 0.003208535560199614)	(4, 0.004064145042919511)	(5, 0.006844875861759176)	(6, 0.0141175564648783)	(7, 0.02524047974023696)	(8, 0.032085355601996136)	(9, 0.0365773053862756)	(10, 0.06027768805761674)	(15, 0.10532552732281933)	(20, 0.15054448848456586)	(25, 0.4135588434726622)	(30, 0.5977287846281201)	(35, 0.6746480771246388)	(40, 0.7069473350973149)	(45, 0.7403161049233908)	(50, 0.773085948111563)	(55, 1.0748166321927346)	(60, 2.347107932997221)	(65, 2.913735312928473)	(70, 2.97101836779657)	(75, 3.033349518612715)	(80, 3.1204077834794646)	(85, 3.252428326663144)	(90, 3.466672941136207)	(95, 3.7738795259067857)	(100, 4.212464946749004)	(105, 4.781060228490512)	(110, 5.543237155697397)	(115, 6.537284252721373)	(120, 7.754559863786969)	(125, 9.232197440444233)	(130, 10.942560796401306)	(135, 12.718848863001949)	(140, 14.613681623433433)	(145, 16.606353328213935)	(150, 18.727195333505883)	(155, 20.878154792589566)	(160, 23.004943283786414)	(165, 24.970534948438836)	(170, 26.72461994896289)	(175, 28.08867536678909)	(180, 28.920413344941103)	(185, 29.489607553320514)	(190, 30.060384639242955)	(195, 30.87672164670601)	(200, 31.992179729327937)	(205, 33.377539823273864)	(210, 34.74304977722068)	(215, 35.79326763678522)	(220, 36.44789445201421)	(225, 36.894094797252635)	(230, 37.2170873769794)	(235, 37.535801909292566)	(240, 37.72253867889618)
SRR908444_2 - polyg	(1, 0.009197801939238892)	(2, 0.010481216163318739)	(3, 0.011336825646038636)	(4, 0.013261946982158403)	(5, 0.014759263576918223)	(6, 0.015187068318278171)	(7, 0.016042677800998068)	(8, 0.016684384913037992)	(9, 0.017753896766437863)	(10, 0.019550676680149648)	(15, 0.02365760219720515)	(20, 0.027165601076356728)	(25, 0.028962380990068516)	(30, 0.03135808754168422)	(35, 0.03525111068805976)	(40, 0.041796523230866967)	(45, 0.049111984308122095)	(50, 0.05813866435081701)	(55, 0.0689193438330877)	(60, 0.08740050865983748)	(65, 0.10652338059862716)	(70, 0.11982810805492157)	(75, 0.13655527344209556)	(80, 0.15597760869983718)	(85, 0.17664057770752273)	(90, 0.19161374365512093)	(95, 0.2050040320596873)	(100, 0.21616973580918195)	(105, 0.22656539102422873)	(110, 0.23537816869624367)	(115, 0.2441053854199866)	(120, 0.2522336755058256)	(125, 0.26006250227271266)	(130, 0.2675490852465118)	(135, 0.27499288774617486)	(140, 0.28282171451306193)	(145, 0.29047941938340505)	(150, 0.29676814908139626)	(155, 0.3023723911932116)	(160, 0.3082333161498429)	(165, 0.31888565420970555)	(170, 0.3347999905882957)	(175, 0.38262856067233797)	(180, 0.5608092354487565)	(185, 0.9927636827998965)	(190, 1.5745781310494265)	(195, 2.085334211759069)	(200, 2.4520484360528174)	(205, 2.9195534574109687)	(210, 3.8250021924993)	(215, 5.706359103577944)	(220, 10.19300410906454)	(225, 16.926394055225312)	(230, 23.449047385792177)	(235, 28.090771610021754)	(240, 30.519162443877367)
SRR908445_1 - illumina_universal_adapter	(1, 8.56451435485645)	(2, 10.292963737029297)	(3, 13.709529571370952)	(4, 15.888974443588898)	(5, 22.49990833424999)	(6, 33.02826971730283)	(7, 42.19997800022)	(8, 46.23693763062369)	(9, 47.35379312873538)	(10, 48.393062736039305)	(15, 48.86459135408646)	(20, 49.59454405455945)	(25, 50.11989880101199)	(30, 50.712866204671286)	(35, 51.43269900634327)	(40, 52.28159718402816)	(45, 53.20280130532028)	(50, 54.33754995783376)	(55, 55.56983096835698)	(60, 56.985296813698525)	(65, 58.327430059032736)	(70, 59.768855644776885)	(75, 61.36046639533604)	(80, 63.141861914714184)	(85, 64.98793678729879)	(90, 66.99226341069922)	(95, 68.68976643566899)	(100, 70.57764089025777)	(105, 72.36182304843618)	(110, 74.01811315220182)	(115, 75.62380376196238)	(120, 77.27290727092729)	(125, 78.70113298867011)	(130, 80.09826568400982)	(135, 81.46885197814689)	(140, 82.68807978586881)	(145, 83.6770432295677)	(150, 84.61658050086166)	(155, 85.50801158655081)	(160, 86.3110035566311)	(165, 87.02775638910276)	(170, 87.66032339676603)	(175, 88.15487845121548)	(180, 88.56187438125619)	(185, 88.99659003409965)	(190, 89.34081325853408)	(195, 89.66083672496607)	(200, 89.92014079859203)	(205, 90.15700509661572)	(210, 90.31628350383163)	(215, 90.42202911304221)	(220, 90.48729512704872)	(225, 90.52484141825248)	(230, 90.54493455065452)	(235, 90.55784108825578)	(240, 90.5620943790562)
SRR908445_1 - polya	(1, 2.9201041322920105)	(2, 3.2772338943277233)	(3, 3.3080335863308035)	(4, 3.326366736332637)	(5, 3.34249990833425)	(6, 3.3652330143365234)	(7, 3.4202324643420234)	(8, 3.4341656583434164)	(9, 3.43929894034393)	(10, 3.452938803945294)	(15, 3.4640853591464085)	(20, 3.4756719099475673)	(25, 3.491951747149195)	(30, 3.507058262750706)	(35, 3.5192314743519235)	(40, 3.5192314743519235)	(45, 3.519818135151982)	(50, 3.524364756352436)	(55, 3.549444505554945)	(60, 3.7547757855754775)	(65, 15.640670259964068)	(70, 37.34785318813478)	(75, 40.95053716129506)	(80, 41.30209364573021)	(85, 41.80148865178015)	(90, 42.20320463462032)	(95, 42.663000036666304)	(100, 43.25186081472519)	(105, 43.93429399039343)	(110, 44.714992850071496)	(115, 45.6630367029663)	(120, 46.68485315146849)	(125, 47.859934733985995)	(130, 48.97107028929711)	(135, 50.18633813661864)	(140, 51.51717816155171)	(145, 53.02826971730283)	(150, 54.617973820261795)	(155, 56.21721116122171)	(160, 57.70278297217028)	(165, 59.31111355553111)	(170, 60.853738129285375)	(175, 62.219777802221984)	(180, 63.568217651156814)	(185, 64.80005866608)	(190, 65.81938180618195)	(195, 66.72415942507241)	(200, 67.42624573754263)	(205, 67.83558831078356)	(210, 68.06027939720602)	(215, 68.219997800022)	(220, 68.3220767792322)	(225, 68.37120962123711)	(230, 68.41036922964103)	(235, 68.43016903164302)	(240, 68.4391156088439)
SRR908445_1 - polyg	(1, 0.0)	(2, 0.0)	(3, 0.0)	(4, 0.0)	(5, 0.0)	(6, 0.0)	(7, 0.0)	(8, 0.0)	(9, 0.0)	(10, 0.0)	(15, 0.000879991200087999)	(20, 0.0014666520001466652)	(25, 0.0014666520001466652)	(30, 0.0021999780002199976)	(35, 0.0021999780002199976)	(40, 0.0021999780002199976)	(45, 0.0021999780002199976)	(50, 0.0021999780002199976)	(55, 0.0021999780002199976)	(60, 0.0021999780002199976)	(65, 0.0021999780002199976)	(70, 0.0021999780002199976)	(75, 0.002346643200234664)	(80, 0.004546621200454662)	(85, 0.007039929600703994)	(90, 0.00879991200087999)	(95, 0.009533238000953324)	(100, 0.01011989880101199)	(105, 0.011879881201187988)	(110, 0.012466542001246654)	(115, 0.013639863601363985)	(120, 0.014666520001466652)	(125, 0.015399846001539985)	(130, 0.015986506801598653)	(135, 0.01686649800168665)	(140, 0.01935980640193598)	(145, 0.020533128002053314)	(150, 0.02111978880211198)	(155, 0.02214644520221464)	(160, 0.02273310600227331)	(165, 0.02273310600227331)	(170, 0.02273310600227331)	(175, 0.023173101602317312)	(180, 0.02434642320243464)	(185, 0.025666410002566642)	(190, 0.02786638800278664)	(195, 0.032413009203241305)	(200, 0.03739962600373996)	(205, 0.05441278920544128)	(210, 0.1094122392109412)	(215, 0.24023759762402377)	(220, 0.4505554944450556)	(225, 0.7308326916730832)	(230, 1.0385362813038537)	(235, 1.3506398269350641)	(240, 1.5407179261540718)
SRR908445_2 - illumina_universal_adapter	(1, 8.490448428849044)	(2, 10.138965277013897)	(3, 13.533531331353354)	(4, 15.655043449565504)	(5, 22.241777582224177)	(6, 32.66967330326697)	(7, 41.78491548417849)	(8, 45.78594214057859)	(9, 46.85293147068529)	(10, 47.869907967587)	(15, 48.33043669563305)	(20, 49.006123272100616)	(25, 49.53529131375353)	(30, 50.138965277013895)	(35, 50.836504968283656)	(40, 51.627617057162766)	(45, 52.48208851244821)	(50, 53.57973086935798)	(55, 54.79543871227954)	(60, 56.18787812121879)	(65, 57.52047812855206)	(70, 58.942543907894255)	(75, 60.50276830565027)	(80, 62.232831005023286)	(85, 64.03285300480329)	(90, 65.98966010339896)	(95, 67.63568364316357)	(100, 69.44729219374473)	(105, 71.16855498111684)	(110, 72.75708576247571)	(115, 74.28577714222858)	(120, 75.84761485718477)	(125, 77.23418765812342)	(130, 78.57676089905767)	(135, 79.89733435998974)	(140, 81.06992263410699)	(145, 82.01767315660177)	(150, 82.91555751109155)	(155, 83.76577567557658)	(160, 84.52667473325268)	(165, 85.20353463132037)	(170, 85.7840354929784)	(175, 86.21992446742198)	(180, 86.54713452865472)	(185, 86.83929160708394)	(190, 87.03230301030324)	(195, 87.20038132952004)	(200, 87.33369999633337)	(205, 87.4570454295457)	(210, 87.529938033953)	(215, 87.57115095515711)	(220, 87.58464415355846)	(225, 87.59080409195909)	(230, 87.59359073075936)	(235, 87.59637736955963)	(240, 87.59725736075973)
SRR908445_2 - polya	(1, 0.006599934000659994)	(2, 0.010999890001099988)	(3, 0.010999890001099988)	(4, 0.010999890001099988)	(5, 0.010999890001099988)	(6, 0.010999890001099988)	(7, 0.011733216001173321)	(8, 0.011733216001173321)	(9, 0.011733216001173321)	(10, 0.01217321160121732)	(15, 0.014373189601437316)	(20, 0.014666520001466652)	(25, 0.016573167601657317)	(30, 0.021853114802185308)	(35, 0.021999780002199976)	(40, 0.021999780002199976)	(45, 0.021999780002199976)	(50, 0.023026436402302643)	(55, 1.3862794705386279)	(60, 14.112125545411212)	(65, 30.224177758222417)	(70, 31.294833718329482)	(75, 31.557951087155793)	(80, 31.860081399186004)	(85, 32.15282513841528)	(90, 32.47622190444762)	(95, 32.905657610090564)	(100, 33.38774612253878)	(105, 33.94008726579401)	(110, 34.61606717266161)	(115, 35.385326146738535)	(120, 36.214864518021486)	(125, 37.02152311810215)	(130, 37.94390056099439)	(135, 38.92479741869248)	(140, 40.039746269203974)	(145, 41.20514794852052)	(150, 42.25967073662597)	(155, 43.301286987130126)	(160, 44.36856964763685)	(165, 45.307373592930745)	(170, 46.03673963260368)	(175, 46.61020056466102)	(180, 46.941517251494155)	(185, 47.1370219631137)	(190, 47.338099952333806)	(195, 47.628057052762806)	(200, 47.97418692479742)	(205, 48.42268910644226)	(210, 48.92751072489275)	(215, 49.33831995013384)	(220, 49.60921057456092)	(225, 49.79679536537968)	(230, 49.95460712059546)	(235, 50.137938620613795)	(240, 50.25629743702563)
SRR908445_2 - polyg	(1, 0.0029333040002933303)	(2, 0.0029333040002933303)	(3, 0.003666630000366663)	(4, 0.004399956000439995)	(5, 0.005133282000513328)	(6, 0.005133282000513328)	(7, 0.005133282000513328)	(8, 0.005133282000513328)	(9, 0.007333260000733326)	(10, 0.00806658600080666)	(15, 0.013346533201334655)	(20, 0.023466432002346643)	(25, 0.02654640120265464)	(30, 0.027866388002786634)	(35, 0.028013053202801303)	(40, 0.029626370402962638)	(45, 0.03138635280313864)	(50, 0.03475965240347596)	(55, 0.0363729696036373)	(60, 0.03989293440398929)	(65, 0.04267957320426796)	(70, 0.04502621640450262)	(75, 0.05015949840501595)	(80, 0.06365269680636527)	(85, 0.08477248560847725)	(90, 0.08975910240897592)	(95, 0.0910790892091079)	(100, 0.09445238880944523)	(105, 0.09841234920984124)	(110, 0.10046566201004656)	(115, 0.10163898361016391)	(120, 0.10310563561031057)	(125, 0.10530561361053056)	(130, 0.10706559601070656)	(135, 0.10809225241080922)	(140, 0.10955890441095588)	(145, 0.11087889121108789)	(150, 0.11190554761119056)	(155, 0.11381219521138122)	(160, 0.11689216441168922)	(165, 0.11953213801195321)	(170, 0.12569207641256921)	(175, 0.14637186961463716)	(180, 0.23481098522348107)	(185, 0.4341289920434129)	(190, 0.6853664796685367)	(195, 0.9024309756902431)	(200, 1.047189528104719)	(205, 1.241520918124152)	(210, 1.664210024566421)	(215, 2.5537344626553735)	(220, 4.723939427272394)	(225, 8.189051442818904)	(230, 11.84409489238441)	(235, 14.671946613867195)	(240, 16.216771165621676)
SRR908446_1 - illumina_universal_adapter	(1, 17.514792169926913)	(2, 18.031893144336923)	(3, 18.85411793874648)	(4, 19.567374832455858)	(5, 21.412774654244373)	(6, 23.91417356648309)	(7, 26.198184598883746)	(8, 27.177662881670173)	(9, 27.413680094626052)	(10, 27.678641264109835)	(15, 27.80412899991302)	(20, 27.992709903613747)	(25, 28.1927149718882)	(30, 28.455032419833934)	(35, 28.769676376978254)	(40, 29.159878717562187)	(45, 29.678075535096774)	(50, 30.345868637175244)	(55, 31.13798514173704)	(60, 32.081245809256174)	(65, 33.16284297321417)	(70, 34.46677300910988)	(75, 35.955448497770305)	(80, 37.600062463058094)	(85, 39.44042140647355)	(90, 41.463690265420055)	(95, 43.606584099453244)	(100, 45.87415748498523)	(105, 48.21574137554338)	(110, 50.60896687334725)	(115, 53.06209389594833)	(120, 55.560123090578976)	(125, 58.08237041826277)	(130, 60.58911156573381)	(135, 62.99041890658143)	(140, 65.28216933104942)	(145, 67.43382991007923)	(150, 69.38832091491942)	(155, 71.13349218492627)	(160, 72.65701548494825)	(165, 73.99523171260418)	(170, 75.17337265583745)	(175, 76.2336282749443)	(180, 77.15815002503317)	(185, 77.98873062326763)	(190, 78.71850735208002)	(195, 79.37488998762383)	(200, 79.94446814966204)	(205, 80.42609120291384)	(210, 80.79396573983453)	(215, 81.05952962303681)	(220, 81.23982321310794)	(225, 81.34229824329498)	(230, 81.4027750857326)	(235, 81.43425317948609)	(240, 81.44422535191974)
SRR908446_1 - polya	(1, 7.546523677402962)	(2, 8.50881092117258)	(3, 8.632572704054551)	(4, 8.674762664350785)	(5, 8.70955568355612)	(6, 8.756471467327096)	(7, 8.789757702236136)	(8, 8.808044584377523)	(9, 8.815920956835424)	(10, 8.840043203615185)	(15, 8.854946670109442)	(20, 8.864028470004376)	(25, 8.877342963967994)	(30, 8.90075291271678)	(35, 8.927573673190814)	(40, 8.94029915147497)	(45, 8.95355885328236)	(50, 8.961174962998173)	(55, 9.018090315280917)	(60, 9.522465811406766)	(65, 26.31219337795698)	(70, 32.13364080865004)	(75, 33.07158663701498)	(80, 33.18065042398855)	(85, 33.346328206385614)	(90, 33.5214439376931)	(95, 33.74896836643351)	(100, 34.02702486125598)	(105, 34.376585119957156)	(110, 34.835428334256804)	(115, 35.41177332758929)	(120, 36.09199055109266)	(125, 36.898805051562846)	(130, 37.832723656444955)	(135, 38.96607201196113)	(140, 40.23381182866767)	(145, 41.63013513800432)	(150, 43.20694380995889)	(155, 44.92970508806811)	(160, 46.77903624706605)	(165, 48.70729550711168)	(170, 50.7023464056003)	(175, 52.720122350884864)	(180, 54.713885633702105)	(185, 56.600502855013794)	(190, 58.32731875268396)	(195, 59.79409107689189)	(200, 60.89111223282831)	(205, 61.62812152626291)	(210, 62.07873221908917)	(215, 62.35062459633591)	(220, 62.50049484166094)	(225, 62.585436381854755)	(230, 62.637995757717306)	(235, 62.670377922048566)	(240, 62.686884059112515)
SRR908446_1 - polyg	(1, 0.00020547058585828145)	(2, 0.00020547058585828145)	(3, 0.00020547058585828145)	(4, 0.00027396078114437527)	(5, 0.00027396078114437527)	(6, 0.00027396078114437527)	(7, 0.00027396078114437527)	(8, 0.0004109411717165629)	(9, 0.0004109411717165629)	(10, 0.0004109411717165629)	(15, 0.00042463921077378166)	(20, 0.0005753176404031882)	(25, 0.0009725607730625321)	(30, 0.001451992140065189)	(35, 0.0017670470383812204)	(40, 0.0019862156632967204)	(45, 0.0024382509521849397)	(50, 0.002780701928615409)	(55, 0.0034519058424191283)	(60, 0.004082015639051192)	(65, 0.004629937201339942)	(70, 0.0055203097400591625)	(75, 0.006657246981808319)	(80, 0.008465388137361196)	(85, 0.009931078316483603)	(90, 0.01141046653466323)	(95, 0.012835062596613983)	(100, 0.013766529252504859)	(105, 0.014218564541393077)	(110, 0.015218521392570048)	(115, 0.015807537072030454)	(120, 0.016656815493578017)	(125, 0.01750609391512558)	(130, 0.018218391946100955)	(135, 0.018738917430275268)	(140, 0.01973887428145224)	(145, 0.02034158799996986)	(150, 0.02084841544508696)	(155, 0.02147852524171902)	(160, 0.022177125233637178)	(165, 0.022656556600639834)	(170, 0.023560627178416275)	(175, 0.02449209383430715)	(180, 0.025492050685484123)	(185, 0.026519403614775526)	(190, 0.02746456830972362)	(195, 0.02894395652790325)	(200, 0.031519187870660374)	(205, 0.03979280346122051)	(210, 0.0656957953184212)	(215, 0.14673339438092742)	(220, 0.28653558099890214)	(225, 0.4719385396383581)	(230, 0.6814911411356908)	(235, 0.8837837819326972)	(240, 1.0153671451163409)
SRR908446_2 - illumina_universal_adapter	(1, 17.371305210802547)	(2, 17.877242283380923)	(3, 18.687755254396556)	(4, 19.382656775769266)	(5, 21.206619166433228)	(6, 23.67555372610634)	(7, 25.93127830785384)	(8, 26.89637364963019)	(9, 27.124309019542306)	(10, 27.382955393020712)	(15, 27.506717175902686)	(20, 27.69468166784584)	(25, 27.898029057650252)	(30, 28.168784497655235)	(35, 28.47694928232549)	(40, 28.835454360531013)	(45, 29.322323762741746)	(50, 29.96010446124585)	(55, 30.732742354268275)	(60, 31.661757061167908)	(65, 32.73123146056027)	(70, 34.01042283791864)	(75, 35.46211362112457)	(80, 37.04534667339696)	(85, 38.818749601900734)	(90, 40.7710763165699)	(95, 42.83316541820456)	(100, 45.01900260468213)	(105, 47.26968630805658)	(110, 49.56773783049088)	(115, 51.908855987721076)	(120, 54.294095528754575)	(125, 56.70266283030253)	(130, 59.087532524281485)	(135, 61.37288596450976)	(140, 63.56546258620348)	(145, 65.6117441507661)	(150, 67.45908909410073)	(155, 69.10900420050368)	(160, 70.54280534470088)	(165, 71.79999767133334)	(170, 72.8840741803607)	(175, 73.81425322058021)	(180, 74.5534405022249)	(185, 75.13482637393045)	(190, 75.58330017266378)	(195, 75.95998254869824)	(200, 76.29009159193815)	(205, 76.57701071803066)	(210, 76.77487889221219)	(215, 76.8806003576558)	(220, 76.91865351015676)	(225, 76.93536511780655)	(230, 76.94288534124897)	(235, 76.94714543139578)	(240, 76.94955628626984)
SRR908446_2 - polya	(1, 0.008903725387192196)	(2, 0.009451646949480946)	(3, 0.009588627340053134)	(4, 0.010478999878772354)	(5, 0.011780313589208138)	(6, 0.015889725306373767)	(7, 0.019245744875392365)	(8, 0.021231960538689084)	(9, 0.023903078154846744)	(10, 0.030464438863254527)	(15, 0.04498436026390642)	(20, 0.06123023458576787)	(25, 0.14567864537352154)	(30, 0.20823758974783962)	(35, 0.23349677376935105)	(40, 0.24577021676461905)	(45, 0.2629612557814286)	(50, 0.27701544385413507)	(55, 3.1893007356531875)	(60, 15.938558815612751)	(65, 20.05476476015076)	(70, 20.32701328641298)	(75, 20.40770843449906)	(80, 20.513073750927184)	(85, 20.634287698544515)	(90, 20.794499963357744)	(95, 20.998819913935222)	(100, 21.264972812816982)	(105, 21.600889824617155)	(110, 22.03209039609935)	(115, 22.531370221695916)	(120, 23.11103014048024)	(125, 23.78386412093177)	(130, 24.589144441027546)	(135, 25.489598736492876)	(140, 26.474912383917676)	(145, 27.562180536045368)	(150, 28.727828867658452)	(155, 29.950543229983914)	(160, 31.16947693352958)	(165, 32.35475455511167)	(170, 33.41842098594376)	(175, 34.23263242750484)	(180, 34.72787133157953)	(185, 35.0605556061622)	(190, 35.39552745326743)	(195, 35.863178506680875)	(200, 36.541943738044175)	(205, 37.40219428887657)	(210, 38.30567585097356)	(215, 39.03201437198258)	(220, 39.50651444492464)	(225, 39.88019695040556)	(230, 40.19571758204955)	(235, 40.56387977779041)	(240, 40.81741678270047)
SRR908446_2 - polyg	(1, 0.004588843084168286)	(2, 0.005479215622887505)	(3, 0.007328450895612039)	(4, 0.009109195973050477)	(5, 0.01020503909762798)	(6, 0.0121912547609247)	(7, 0.012670686127927357)	(8, 0.012944646909071732)	(9, 0.013492568471360482)	(10, 0.01673900372792133)	(15, 0.02183467425720671)	(20, 0.02598518009154399)	(25, 0.028176866340699)	(30, 0.030286364355510687)	(35, 0.033560195690185965)	(40, 0.03998457600802157)	(45, 0.046080203388483926)	(50, 0.04999784255884848)	(55, 0.05760025423560491)	(60, 0.06999697958238789)	(65, 0.07917466575072445)	(70, 0.08905095191097918)	(75, 0.10224216352308084)	(80, 0.1174606849156509)	(85, 0.13173404161327287)	(90, 0.14076104935198)	(95, 0.1493771159189706)	(100, 0.15604806093983614)	(105, 0.16110263735194988)	(110, 0.1653490294596877)	(115, 0.17011594705159983)	(120, 0.17517052346371353)	(125, 0.17947170772768023)	(130, 0.1827181429842411)	(135, 0.18681385666234954)	(140, 0.19100545661385845)	(145, 0.1956216957761412)	(150, 0.1999228800401079)	(155, 0.20378572705424353)	(160, 0.20815540151349632)	(165, 0.21364831517544108)	(170, 0.22282600134377764)	(175, 0.2574957381975983)	(180, 0.37606596427688394)	(185, 0.6705601059680302)	(190, 1.0678717288226605)	(195, 1.4145690973608676)	(200, 1.6706265414574577)	(205, 1.9815857260953806)	(210, 2.595107197429152)	(215, 3.8599704259336756)	(220, 6.894401132005948)	(225, 11.681578123683703)	(230, 16.34955477948554)	(235, 19.8141313080326)	(240, 21.672284004183382)
SRR908447_1 - illumina_universal_adapter	(1, 1.4434389219430357)	(2, 1.531959112768775)	(3, 1.696403736041888)	(4, 1.8477277776708694)	(5, 2.2514918101329378)	(6, 2.9181922987433984)	(7, 3.567923501760782)	(8, 3.8626992360322663)	(9, 3.9344250823535174)	(10, 4.033056868099668)	(15, 4.094251260887896)	(20, 4.2130362600394315)	(25, 4.368418934923665)	(30, 4.6090329081681745)	(35, 4.977773734694842)	(40, 5.515787558539661)	(45, 6.232416233833257)	(50, 7.153061206638665)	(55, 8.296651102741153)	(60, 9.751426207224716)	(65, 11.456611985913742)	(70, 13.482674709291647)	(75, 15.774927793065682)	(80, 18.41296943254359)	(85, 21.224762561207513)	(90, 24.318630701111402)	(95, 27.56910610351964)	(100, 31.05953070303575)	(105, 34.678956861276966)	(110, 38.233025028821544)	(115, 41.82218637873696)	(120, 45.536710512734835)	(125, 49.22257929642193)	(130, 52.85921965778025)	(135, 56.451180065113064)	(140, 59.94587322719074)	(145, 63.29449058029709)	(150, 66.41732896447121)	(155, 69.18426719802106)	(160, 71.66650630400213)	(165, 73.820101080961)	(170, 75.57801410375056)	(175, 77.04587480166053)	(180, 78.33669511791905)	(185, 79.45117481688041)	(190, 80.39424723724287)	(195, 81.232634910194)	(200, 81.9674924469185)	(205, 82.56687560464013)	(210, 83.02746050267572)	(215, 83.37898712608528)	(220, 83.60983938658657)	(225, 83.7502121160699)	(230, 83.8283408062335)	(235, 83.87011673818843)	(240, 83.88460186032354)
SRR908447_1 - polya	(1, 4.246519984395255)	(2, 4.930014817510203)	(3, 5.011012541526641)	(4, 5.048624875573151)	(5, 5.071367217089645)	(6, 5.112128490730746)	(7, 5.1292727174124115)	(8, 5.147816472802783)	(9, 5.155163998523498)	(10, 5.173427848172128)	(15, 5.191411792079017)	(20, 5.205931902431855)	(25, 5.224510646039946)	(30, 5.257854417524898)	(35, 5.300994889970802)	(40, 5.324681913365674)	(45, 5.3480540428010865)	(50, 5.362609141371643)	(55, 5.381432802503757)	(60, 5.465579466114787)	(65, 7.1106204985471155)	(70, 8.660633531658213)	(75, 8.966675472034792)	(80, 9.030179087192389)	(85, 9.14420568873432)	(90, 9.286747687716161)	(95, 9.502205132421658)	(100, 9.834243318562475)	(105, 10.31477150069714)	(110, 10.9509972516755)	(115, 11.75635604710114)	(120, 12.778501839505545)	(125, 14.067397803789571)	(130, 15.610763075534317)	(135, 17.406078503064094)	(140, 19.44655637214168)	(145, 21.73747990364245)	(150, 24.22377764287876)	(155, 26.94134750122896)	(160, 29.808806884281715)	(165, 32.89364806401444)	(170, 36.05850729766751)	(175, 39.12830354378163)	(180, 42.16451110088678)	(185, 45.0789946485521)	(190, 47.734705337977445)	(195, 50.015972121388124)	(200, 51.81860008642089)	(205, 53.08534850888962)	(210, 53.90694183733628)	(215, 54.42424263629223)	(220, 54.70677249436252)	(225, 54.88370791136085)	(230, 54.98940731708596)	(235, 55.05039178056789)	(240, 55.07635303811441)
SRR908447_1 - polyg	(1, 0.0005248232657652536)	(2, 0.0005248232657652536)	(3, 0.0005248232657652536)	(4, 0.0005248232657652536)	(5, 0.0005248232657652536)	(6, 0.0005248232657652536)	(7, 0.0005248232657652536)	(8, 0.0005248232657652536)	(9, 0.0005248232657652536)	(10, 0.0005248232657652536)	(15, 0.0008397172252244057)	(20, 0.0013295522732719755)	(25, 0.0018193873213195456)	(30, 0.002169269498496382)	(35, 0.002274234151649432)	(40, 0.0024491752402378496)	(45, 0.0033588689008976227)	(50, 0.004548468303298863)	(55, 0.005038303351346434)	(60, 0.006192914536029991)	(65, 0.0069976435435367135)	(70, 0.008082278292784906)	(75, 0.009096936606597727)	(80, 0.010811359274764221)	(85, 0.012105923330318517)	(90, 0.01371538134533196)	(95, 0.015044933618603937)	(100, 0.015744697972957605)	(105, 0.01665439163361738)	(110, 0.017529097076559468)	(115, 0.017878979253736306)	(120, 0.018578743608089972)	(125, 0.01913855509157291)	(130, 0.02018820162310342)	(135, 0.020957942412892457)	(140, 0.021342812807786975)	(145, 0.021692694984963814)	(150, 0.021937612508987597)	(155, 0.022322482903882116)	(160, 0.022882294387365054)	(165, 0.023512082306283356)	(170, 0.024211846660637033)	(175, 0.025296481409885226)	(180, 0.02568135180477974)	(185, 0.02634612794141573)	(190, 0.02708088051348708)	(195, 0.027990574174146854)	(200, 0.029739985060031032)	(205, 0.03516315880627199)	(210, 0.05892015863657914)	(215, 0.13879825968605072)	(220, 0.29222159437809314)	(225, 0.5049149698838915)	(230, 0.7573549607169785)	(235, 1.0239651797257274)	(240, 1.2013204553366654)
SRR908447_2 - illumina_universal_adapter	(1, 1.4304932813874927)	(2, 1.5156895915300523)	(3, 1.6740112767025703)	(4, 1.821661555471195)	(5, 2.2200024141870225)	(6, 2.879180435988181)	(7, 3.5229636419935586)	(8, 3.813715731227509)	(9, 3.882817461219934)	(10, 3.9801896711282474)	(15, 4.040509358473534)	(20, 4.1599591337617055)	(25, 4.3179309367570475)	(30, 4.557530251687744)	(35, 4.914165154884094)	(40, 5.4059945313415705)	(45, 6.077453417561637)	(50, 6.961360761763477)	(55, 8.087841419402016)	(60, 9.519104441579298)	(65, 11.219706763747308)	(70, 13.232159070433033)	(75, 15.481621563938342)	(80, 18.04352884166257)	(85, 20.77425426987462)	(90, 23.76914074185518)	(95, 26.91444156180406)	(100, 30.290314736512478)	(105, 33.77986463058565)	(110, 37.20346173426098)	(115, 40.66001773902638)	(120, 44.23528876650788)	(125, 47.77889545695487)	(130, 51.25469498146499)	(135, 54.68207081265384)	(140, 58.026384614980905)	(145, 61.214615978069375)	(150, 64.19025893030522)	(155, 66.82630624137322)	(160, 69.18171305812767)	(165, 71.20858051051309)	(170, 72.84382484198447)	(175, 74.14300734227749)	(180, 75.18768554689208)	(185, 75.97953889027869)	(190, 76.57545821444629)	(195, 77.0673925555569)	(200, 77.50023179694237)	(205, 77.86771304763121)	(210, 78.11672419312796)	(215, 78.25352812440411)	(220, 78.30086718297613)	(225, 78.32203505469533)	(230, 78.33197170852715)	(235, 78.33669511791905)	(240, 78.34141852731092)
SRR908447_2 - polya	(1, 0.0038487039489451926)	(2, 0.005248232657652535)	(3, 0.0054231737462409535)	(4, 0.006122938100594625)	(5, 0.008397172252244057)	(6, 0.011721052935423996)	(7, 0.017843991036018622)	(8, 0.02204257716214065)	(9, 0.0244917524023785)	(10, 0.04104117938284283)	(15, 0.0741050451260538)	(20, 0.11490130698487284)	(25, 0.30628685790060195)	(30, 0.4395569791872587)	(35, 0.4941385988268451)	(40, 0.5139769182727717)	(45, 0.5364743422652423)	(50, 0.5617358354574098)	(55, 0.8462950101553302)	(60, 2.2426048028326457)	(65, 3.3646419568210404)	(70, 3.4682070812653842)	(75, 3.5295764151422007)	(80, 3.6106791038117914)	(85, 3.7169033328026786)	(90, 3.87442028896769)	(95, 4.112899980931422)	(100, 4.458863477723876)	(105, 4.903423772044763)	(110, 5.482443787054709)	(115, 6.221919768517952)	(120, 7.115273931503566)	(125, 8.17674648062265)	(130, 9.42316674859741)	(135, 10.864926236089996)	(140, 12.412385129307706)	(145, 14.067117898047835)	(150, 15.815269208094174)	(155, 17.656454189051836)	(160, 19.545852934024467)	(165, 21.337284669387582)	(170, 22.903987082350017)	(175, 24.08452453636238)	(180, 24.816618003887193)	(185, 25.299700325915246)	(190, 25.79173963167903)	(195, 26.47418481826245)	(200, 27.476492291220932)	(205, 28.762274304128084)	(210, 30.06495562619288)	(215, 31.15532844314677)	(220, 31.90257180894334)	(225, 32.4972665454908)	(230, 32.96306468796633)	(235, 33.45849785084873)	(240, 33.78427314601808)
SRR908447_2 - polyg	(1, 0.0026241163288262676)	(2, 0.004198586126122028)	(3, 0.007172584632125132)	(4, 0.007347525720713549)	(5, 0.008047290075067222)	(6, 0.009096936606597729)	(7, 0.010846347492481907)	(8, 0.011196229669658742)	(9, 0.011546111846835579)	(10, 0.014695051441427099)	(15, 0.018473778954936924)	(20, 0.020713024888868673)	(25, 0.022182530033011384)	(30, 0.023791988048024827)	(35, 0.027535727343816967)	(40, 0.03442840623420064)	(45, 0.04055134433479526)	(50, 0.04646435312908377)	(55, 0.055596277953399185)	(60, 0.06833198920263601)	(65, 0.07998306570262464)	(70, 0.09061948388880045)	(75, 0.10283037187227202)	(80, 0.11738547044282839)	(85, 0.13337508593980976)	(90, 0.14789519629264844)	(95, 0.15772688547131755)	(100, 0.16559923445779634)	(105, 0.17476614749982938)	(110, 0.182883414010332)	(115, 0.19135056269801143)	(120, 0.19855813554785423)	(125, 0.2061505787925916)	(130, 0.21164372897426795)	(135, 0.21650709123702594)	(140, 0.22186028854783152)	(145, 0.22763334447124933)	(150, 0.23228677742770124)	(155, 0.23854966839916658)	(160, 0.24558230016042099)	(165, 0.2540144606303827)	(170, 0.2655255842595007)	(175, 0.30558709354624825)	(180, 0.45463690102358034)	(185, 0.8194940353835847)	(190, 1.301771628404135)	(195, 1.7251640510058237)	(200, 2.032885425832851)	(205, 2.4026758988910486)	(210, 3.144216185199634)	(215, 4.681598471714651)	(220, 8.34846865318104)	(225, 14.096053154100355)	(230, 19.751583654204445)	(235, 23.926692686237907)	(240, 26.178709319636614)
SRR908448_1 - illumina_universal_adapter	(1, 13.85492445797895)	(2, 14.307612646559724)	(3, 14.831818391547086)	(4, 15.374992950778491)	(5, 16.744336270936188)	(6, 18.847567634076192)	(7, 20.975407188667926)	(8, 21.921797218249026)	(9, 22.130966845588727)	(10, 22.380688721758254)	(15, 22.481736107906922)	(20, 22.62769344345499)	(25, 22.745556427095668)	(30, 22.939858605433283)	(35, 23.223929415504188)	(40, 23.626375879871013)	(45, 24.18093172764884)	(50, 24.901592867725846)	(55, 25.81814546517172)	(60, 26.89747099565768)	(65, 28.142645483115196)	(70, 29.61759895825323)	(75, 31.186781299825178)	(80, 32.91314846429505)	(85, 34.74281876579666)	(90, 36.763253818114705)	(95, 38.9000138421077)	(100, 41.159250885638556)	(105, 43.52696903981913)	(110, 45.863721886422944)	(115, 48.27558098402005)	(120, 50.78561651209647)	(125, 53.43233003686102)	(130, 56.09867884772143)	(135, 58.699354547645044)	(140, 61.31761485104354)	(145, 63.849182546640215)	(150, 66.23161434862631)	(155, 68.44148120805713)	(160, 70.48006480157082)	(165, 72.31891190780132)	(170, 73.92869776526861)	(175, 75.36350912810103)	(180, 76.66815341156688)	(185, 77.82099591401489)	(190, 78.85464248911856)	(195, 79.82415396525117)	(200, 80.65621843871278)	(205, 81.36478055132602)	(210, 81.96117032457178)	(215, 82.3830982738379)	(220, 82.68131879399355)	(225, 82.86767457717488)	(230, 82.97918044469053)	(235, 83.03654829101237)	(240, 83.05854186212235)
SRR908448_1 - polya	(1, 2.25062417652276)	(2, 2.6466622576990315)	(3, 2.7099770836217107)	(4, 2.740224652281128)	(5, 2.765601849715724)	(6, 2.807640843445762)	(7, 2.8330180408803582)	(8, 2.8504488431586665)	(9, 2.856600891021599)	(10, 2.875620972331165)	(15, 2.8984860835550634)	(20, 2.91878784150274)	(25, 2.945959386230691)	(30, 2.9858964302742272)	(35, 3.0311652491323047)	(40, 3.0655141830336774)	(45, 3.0906350451406515)	(50, 3.1066816366498)	(55, 3.1321101011499204)	(60, 3.359223201423174)	(65, 16.513737010207272)	(70, 21.44973007890001)	(75, 22.32270567065012)	(80, 22.415293990987248)	(85, 22.550177640382042)	(90, 22.66501586715678)	(95, 22.84588607432699)	(100, 23.109398791122594)	(105, 23.478008992243293)	(110, 23.965815120708307)	(115, 24.61101114033334)	(120, 25.41554519960832)	(125, 26.370855698590667)	(130, 27.487965056368143)	(135, 28.774204463310724)	(140, 30.1544164013596)	(145, 31.657618029601604)	(150, 33.278580107353235)	(155, 35.066006346862714)	(160, 36.94566203725064)	(165, 38.93856667538207)	(170, 41.018779126101606)	(175, 43.072589038076046)	(180, 45.15936367318271)	(185, 47.19840867028612)	(190, 49.19428679821796)	(195, 50.967255725249544)	(200, 52.38335460916553)	(205, 53.44653101401129)	(210, 54.14976135180998)	(215, 54.589325171616494)	(220, 54.84868525610462)	(225, 55.01643109450058)	(230, 55.115991735749034)	(235, 55.17182157010516)	(240, 55.197455102867366)
SRR908448_1 - polyg	(1, 0.0)	(2, 0.0)	(3, 0.0002563353276221822)	(4, 0.0005126706552443644)	(5, 0.0005126706552443644)	(6, 0.0005126706552443644)	(7, 0.0010253413104887288)	(8, 0.0010253413104887288)	(9, 0.0012816766381109112)	(10, 0.0012816766381109112)	(15, 0.0012816766381109112)	(20, 0.0012816766381109112)	(25, 0.0012816766381109112)	(30, 0.0014354778346842203)	(35, 0.0015380119657330935)	(40, 0.0020506826209774577)	(45, 0.0027171544727951314)	(50, 0.0037937628488082962)	(55, 0.004306433504052661)	(60, 0.004767837093772589)	(65, 0.0049729053558703355)	(70, 0.006152047862932374)	(75, 0.008151463418385393)	(80, 0.010509748432509472)	(85, 0.012201561594815873)	(90, 0.01338070410187791)	(95, 0.014252244215793334)	(100, 0.015277585526282061)	(105, 0.015841523247050862)	(110, 0.016507995098868536)	(115, 0.01804600706460163)	(120, 0.019430217833761414)	(125, 0.020250490882152396)	(130, 0.020404292078725704)	(135, 0.02091696273397007)	(140, 0.02219863937208098)	(145, 0.023070179485996403)	(150, 0.023172713617045274)	(155, 0.023480316010191887)	(160, 0.024403123189631747)	(165, 0.02496706091040055)	(170, 0.02609493635193815)	(175, 0.02650507287613364)	(180, 0.027479147121097936)	(185, 0.02814561897291561)	(190, 0.030452636921515248)	(195, 0.03219571714934609)	(200, 0.03547680934291002)	(205, 0.045115017661504074)	(210, 0.07572145577959263)	(215, 0.17138580004819104)	(220, 0.3599973341125927)	(225, 0.6089502042992562)	(230, 0.8943539580737939)	(235, 1.1924719440983917)	(240, 1.3988218828342485)
SRR908448_2 - illumina_universal_adapter	(1, 13.81493614686989)	(2, 14.259421604966754)	(3, 14.777987972746429)	(4, 15.30783309494148)	(5, 16.669742690598135)	(6, 18.761695299322763)	(7, 20.877743428843875)	(8, 21.81798141056204)	(9, 22.018948307417833)	(10, 22.26303080637967)	(15, 22.363719323069667)	(20, 22.508651317307248)	(25, 22.62943652368282)	(30, 22.824405173872254)	(35, 23.099350446279807)	(40, 23.468780920448896)	(45, 23.989910641504792)	(50, 24.68381037337804)	(55, 25.581291622448823)	(60, 26.639187519545573)	(65, 27.874108593898193)	(70, 29.323172200946384)	(75, 30.855647323602845)	(80, 32.52603085252004)	(85, 34.302588474138325)	(90, 36.247097002414684)	(95, 38.32315682082673)	(100, 40.51584921330688)	(105, 42.80323187581066)	(110, 45.07323500310166)	(115, 47.40429720543226)	(120, 49.82461536884091)	(125, 52.366692812870085)	(130, 54.912564019748075)	(135, 57.40588648446352)	(140, 59.91792142809537)	(145, 62.35505518899604)	(150, 64.63838775332339)	(155, 66.75469221817212)	(160, 68.70171283265917)	(165, 70.4506375059598)	(170, 71.96491282035507)	(175, 73.26007269669893)	(180, 74.32606879014853)	(185, 75.16336250429362)	(190, 75.8405491728059)	(195, 76.44160424901438)	(200, 76.96750180716406)	(205, 77.42449642924889)	(210, 77.76885730837652)	(215, 77.93778228927954)	(220, 78.00145598466091)	(225, 78.03267762756528)	(230, 78.04651973525687)	(235, 78.05487626693736)	(240, 78.05974663816218)
SRR908448_2 - polya	(1, 0.00461403589719928)	(2, 0.005639377207688009)	(3, 0.006408383190554556)	(4, 0.00692105384579892)	(5, 0.007690059828665467)	(6, 0.012560431053486929)	(7, 0.02204483817550767)	(8, 0.028196886038440047)	(9, 0.03101657464228405)	(10, 0.048703712248214626)	(15, 0.08464192518084457)	(20, 0.11817058603382602)	(25, 0.3009376746284419)	(30, 0.42715718994960444)	(35, 0.46868351302439804)	(40, 0.4830382913712402)	(45, 0.5031862481223437)	(50, 0.5310242647021127)	(55, 2.833479444470078)	(60, 13.07294790753472)	(65, 16.764843097145963)	(70, 17.04250552402631)	(75, 17.121046668409747)	(80, 17.207585475014994)	(85, 17.29084318942668)	(90, 17.42511163403518)	(95, 17.620080284224613)	(100, 17.89471795423902)	(105, 18.247025228522947)	(110, 18.714375797843708)	(115, 19.28420923114782)	(120, 19.967342879260933)	(125, 20.759521575744525)	(130, 21.66089912179517)	(135, 22.62887258596205)	(140, 23.672875108301675)	(145, 24.768247230296783)	(150, 25.9521575744526)	(155, 27.204099314559336)	(160, 28.4562973899937)	(165, 29.64789779397817)	(170, 30.68692741096192)	(175, 31.505303577928505)	(180, 32.01002783801658)	(185, 32.35802867879646)	(190, 32.723921725444356)	(195, 33.25699667276744)	(200, 34.02492604725798)	(205, 35.02027612441492)	(210, 36.030083514049736)	(215, 36.906545266255506)	(220, 37.54266701528272)	(225, 38.05969537109665)	(230, 38.499771861558415)	(235, 39.00454738871202)	(240, 39.34465310140113)
SRR908448_2 - polyg	(1, 0.003076023931466187)	(2, 0.003332359259088369)	(3, 0.004101365241954915)	(4, 0.004357700569577098)	(5, 0.004870371224821463)	(6, 0.005895712535310191)	(7, 0.006152047862932374)	(8, 0.006408383190554556)	(9, 0.006664718518176738)	(10, 0.008715401139154196)	(15, 0.012099027463767002)	(20, 0.01630292683677079)	(25, 0.018302342392223815)	(30, 0.019686553161383596)	(35, 0.021788502847885492)	(40, 0.027786749514244556)	(45, 0.032862189001163764)	(50, 0.0367072189154965)	(55, 0.04080858415745141)	(60, 0.05270254335912067)	(65, 0.06239201874323915)	(70, 0.07285050011022419)	(75, 0.08679514193287091)	(80, 0.10176512506600635)	(85, 0.11678637526466622)	(90, 0.12688598717298022)	(95, 0.13247409731514379)	(100, 0.13780587212968515)	(105, 0.1448807271720574)	(110, 0.15098150796946533)	(115, 0.15774876061869095)	(120, 0.16349067195742784)	(125, 0.16754077013385832)	(130, 0.17312888027602186)	(135, 0.17682010899378128)	(140, 0.1798961329252475)	(145, 0.18379242990510464)	(150, 0.1874836586228641)	(155, 0.1926616322408322)	(160, 0.19696806574488482)	(165, 0.2030688465422928)	(170, 0.21393746443347328)	(175, 0.24192928220981563)	(180, 0.3531275473323182)	(185, 0.623151181449525)	(190, 1.0013483238232925)	(195, 1.3186914594195542)	(200, 1.5692848757029996)	(205, 1.8990859082216993)	(210, 2.510086795141933)	(215, 3.753364401175041)	(220, 6.767355183356659)	(225, 11.599942580886614)	(230, 16.44001496998313)	(235, 20.10571268911139)	(240, 22.068933696304157)
SRR908449_1 - illumina_universal_adapter	(1, 22.885443458820056)	(2, 23.828231237768346)	(3, 25.668182660830627)	(4, 27.033465469412402)	(5, 30.86533775735731)	(6, 36.9027095851756)	(7, 42.143823702126575)	(8, 44.46244001425338)	(9, 45.019587295843095)	(10, 45.503935775427124)	(15, 45.76207291202979)	(20, 46.116964296616814)	(25, 46.387578690531825)	(30, 46.69185059705453)	(35, 46.99627791425549)	(40, 47.381474381104724)	(45, 47.84548626336115)	(50, 48.37050793760039)	(55, 48.97894074301845)	(60, 49.62706987597117)	(65, 50.32435318630743)	(70, 51.14210197382662)	(75, 52.11637151588686)	(80, 53.146411289919726)	(85, 54.3256453150896)	(90, 55.58831267296377)	(95, 56.86148135238373)	(100, 58.13376197078501)	(105, 59.455374378773556)	(110, 60.84407979672284)	(115, 62.2779431174716)	(120, 63.67865956069842)	(125, 65.06048250575297)	(130, 66.39164156969225)	(135, 67.64642738602569)	(140, 68.88109862028621)	(145, 70.02201281250034)	(150, 71.04055219634141)	(155, 71.95041511302242)	(160, 72.78197324938196)	(165, 73.51824243843794)	(170, 74.1494984120359)	(175, 74.70897685379961)	(180, 75.19581190423594)	(185, 75.63335956813593)	(190, 76.00774389208283)	(195, 76.35899422649331)	(200, 76.65913664927919)	(205, 76.89169762854405)	(210, 77.0834744055264)	(215, 77.21322012035446)	(220, 77.29438889746113)	(225, 77.34509718162735)	(230, 77.3763791310101)	(235, 77.39056590578339)	(240, 77.39485080019848)
SRR908449_1 - polya	(1, 13.90659152190347)	(2, 15.719235068641566)	(3, 15.955015269099139)	(4, 16.08611527698068)	(5, 16.18135982123332)	(6, 16.327667874059628)	(7, 16.470645698065915)	(8, 16.505724108303482)	(9, 16.52936873292564)	(10, 16.57081898097218)	(15, 16.594463605594342)	(20, 16.60048021899585)	(25, 16.6082729544347)	(30, 16.62852074566043)	(35, 16.651787944349657)	(40, 16.657649147072895)	(45, 16.661490010978657)	(50, 16.665819308444682)	(55, 16.707913400729765)	(60, 17.13620302851009)	(65, 40.43417303202902)	(70, 54.19927423213248)	(75, 56.38197280535146)	(80, 56.601323876963576)	(85, 56.895050058889545)	(90, 57.126101334422685)	(95, 57.37236065490059)	(100, 57.6479259889947)	(105, 58.00552595968869)	(110, 58.42657789016683)	(115, 58.89949258413545)	(120, 59.43450494483476)	(125, 60.025731568016035)	(130, 60.66600136095351)	(135, 61.42691424327766)	(140, 62.29177466783743)	(145, 63.24717291325087)	(150, 64.31084799836597)	(155, 65.44245975140952)	(160, 66.59003440126371)	(165, 67.731858856022)	(170, 68.93857836971978)	(175, 70.18752518485545)	(180, 71.42550444641051)	(185, 72.56435389675626)	(190, 73.61326496743591)	(195, 74.50789763764668)	(200, 75.19474623101353)	(205, 75.69723335690396)	(210, 76.00829893021948)	(215, 76.20165201550999)	(220, 76.31596767013862)	(225, 76.38441497315281)	(230, 76.42497716018067)	(235, 76.44915462141404)	(240, 76.46072161618225)
SRR908449_1 - polyg	(1, 0.0003330228820022224)	(2, 0.0003330228820022224)	(3, 0.0003330228820022224)	(4, 0.0003330228820022224)	(5, 0.0003330228820022224)	(6, 0.0003330228820022224)	(7, 0.0003330228820022224)	(8, 0.0003330228820022224)	(9, 0.0003330228820022224)	(10, 0.0010656732224071117)	(15, 0.001665114410011112)	(20, 0.0021091449193474084)	(25, 0.0021091449193474084)	(30, 0.002442167801349631)	(35, 0.002664183056017779)	(40, 0.002664183056017779)	(45, 0.002730787632418223)	(50, 0.002908399836152742)	(55, 0.0034856394982899276)	(60, 0.003840863905758965)	(65, 0.004218289838694817)	(70, 0.004662320348031113)	(75, 0.004773327975365187)	(80, 0.005661388994037781)	(85, 0.007060085098447115)	(90, 0.008258967473655116)	(95, 0.008969416288593188)	(100, 0.00961326052713082)	(105, 0.010101694087400746)	(110, 0.010590127647670672)	(115, 0.011122964258874227)	(120, 0.012321846634082227)	(125, 0.013365318331022525)	(130, 0.014453193078896451)	(135, 0.015052634266500452)	(140, 0.01549666477583675)	(145, 0.015962896810639858)	(150, 0.016273718167175266)	(155, 0.016695547151044748)	(160, 0.017317189864115564)	(165, 0.018072041729987266)	(170, 0.018937901223193047)	(175, 0.020025775971066972)	(180, 0.021135852244407713)	(185, 0.022423540721482973)	(190, 0.024022050555093637)	(195, 0.02613119547444105)	(200, 0.029794447176465493)	(205, 0.04029576872226891)	(210, 0.07135570285034284)	(215, 0.15771963691625251)	(220, 0.31044393060247166)	(225, 0.5016212663972142)	(230, 0.7157105764737095)	(235, 0.9299997002794061)	(240, 1.0630090393510938)
SRR908449_2 - illumina_universal_adapter	(1, 22.791975036604764)	(2, 23.70923106126622)	(3, 25.532753355483056)	(4, 26.874391539442676)	(5, 30.690500744306142)	(6, 36.6929051695142)	(7, 41.897275761817596)	(8, 44.19857488408029)	(9, 44.73440870122186)	(10, 45.20732339519047)	(15, 45.461641869412844)	(20, 45.808673913984634)	(25, 46.08137525129352)	(30, 46.38222812289432)	(35, 46.67679796278802)	(40, 47.03115651076386)	(45, 47.46708346330477)	(50, 47.96632916647703)	(55, 48.56321717865235)	(60, 49.20399760667556)	(65, 49.89737344852965)	(70, 50.70348863670422)	(75, 51.65529023499205)	(80, 52.650384807940156)	(85, 53.77418162401939)	(90, 54.98156718348118)	(95, 56.19750033024768)	(100, 57.4181846034641)	(105, 58.68453741456575)	(110, 60.011100762733406)	(115, 61.391325197954345)	(120, 62.730698826316356)	(125, 64.06405584127685)	(130, 65.33358347052027)	(135, 66.53237703962638)	(140, 67.70372952325553)	(145, 68.78054791144699)	(150, 69.74678050128824)	(155, 70.60340415989984)	(160, 71.39024842396921)	(165, 72.08078247056355)	(170, 72.65864377541381)	(175, 73.13986183990701)	(180, 73.51730997436835)	(185, 73.80941544493523)	(190, 74.03533816808553)	(195, 74.23353118592779)	(200, 74.40375028168185)	(205, 74.52896688531469)	(210, 74.63000602771416)	(215, 74.67911580204677)	(220, 74.69678821631835)	(225, 74.70324886022918)	(230, 74.70673449972747)	(235, 74.70859942786669)	(240, 74.70968730261457)
SRR908449_2 - polya	(1, 0.008658594932057782)	(2, 0.009879678832732598)	(3, 0.010878747478739265)	(4, 0.011433785615409635)	(5, 0.011766808497411857)	(6, 0.014208976298761488)	(7, 0.014986029690100006)	(8, 0.015097037317434081)	(9, 0.017650212746117784)	(10, 0.02324499716375512)	(15, 0.029550230396330528)	(20, 0.038342034481189204)	(25, 0.09988466307519991)	(30, 0.14559760401137162)	(35, 0.1733939138958238)	(40, 0.1780340327183881)	(45, 0.18769169629645252)	(50, 0.19548443173530453)	(55, 3.95298160936638)	(60, 22.666802836022864)	(65, 32.52872044838201)	(70, 33.14092751312943)	(75, 33.291964490880176)	(80, 33.46506978494493)	(85, 33.63613253866673)	(90, 33.83323768176111)	(95, 34.08458115157092)	(100, 34.38101591960384)	(105, 34.71335055431659)	(110, 35.079320500111564)	(115, 35.48227818733425)	(120, 35.92812922175883)	(125, 36.39405043520539)	(130, 36.93623388863049)	(135, 37.53316630385674)	(140, 38.18931018750298)	(145, 38.87180728187833)	(150, 39.591780551241676)	(155, 40.30555959499977)	(160, 40.99043225260008)	(165, 41.673728601892236)	(170, 42.29625937598173)	(175, 42.76833041198262)	(180, 43.04476160556992)	(185, 43.23052176915076)	(190, 43.41881290663481)	(195, 43.69864093361855)	(200, 44.15816810773068)	(205, 44.85889265451429)	(210, 45.62848633329595)	(215, 46.19156142218532)	(220, 46.5175908236655)	(225, 46.74044973630138)	(230, 46.92472239767595)	(235, 47.17127033798492)	(240, 47.36373536225674)
SRR908449_2 - polyg	(1, 0.001776122037345186)	(2, 0.0027751906833518533)	(3, 0.0034412364473562977)	(4, 0.0037742593293585204)	(5, 0.004440305093362965)	(6, 0.004773327975365187)	(7, 0.005328366112035558)	(8, 0.0059944118760400025)	(9, 0.006771465267378521)	(10, 0.008880610186725929)	(15, 0.014342185451562378)	(20, 0.019981372920133345)	(25, 0.022934175807219716)	(30, 0.024776902420965342)	(35, 0.0269526519167132)	(40, 0.03243642870701646)	(45, 0.03769819024265157)	(50, 0.04091741143533972)	(55, 0.04504689517216728)	(60, 0.051796158914078995)	(65, 0.05741314485718314)	(70, 0.06209766673068107)	(75, 0.06937976708379631)	(80, 0.07957026727306434)	(85, 0.08931673695299605)	(90, 0.0959993961185073)	(95, 0.09917421426026182)	(100, 0.10112794850134152)	(105, 0.10334810104802301)	(110, 0.10652291918977755)	(115, 0.10821023512525545)	(120, 0.11003076021353426)	(125, 0.11298356310062066)	(130, 0.11484849123983307)	(135, 0.11689103158278005)	(140, 0.11868935514559206)	(145, 0.12104271684507442)	(150, 0.12290764498428688)	(155, 0.12579384329497278)	(160, 0.12879104923299278)	(165, 0.13247650246048406)	(170, 0.13838210823465683)	(175, 0.15763083081438528)	(180, 0.2245240270458983)	(185, 0.3918791260147485)	(190, 0.6189563284893305)	(195, 0.8194361034546684)	(200, 0.9646562815331041)	(205, 1.1387606442438662)	(210, 1.4960941966322505)	(215, 2.2315641307714253)	(220, 4.069650625694491)	(225, 7.070120187958115)	(230, 10.113882724882027)	(235, 12.412251245783098)	(240, 13.616528591679534)
SRR908450_1 - illumina_universal_adapter	(1, 26.180713595978318)	(2, 27.187104224996723)	(3, 28.42592547662835)	(4, 29.702110314776085)	(5, 32.712062615548106)	(6, 36.80652940805404)	(7, 41.09945992634036)	(8, 42.86428283749751)	(9, 43.20395180582581)	(10, 43.56157470533717)	(15, 43.77187832087073)	(20, 44.2067516486076)	(25, 44.43471805049422)	(30, 44.6608405351242)	(35, 44.90511104749058)	(40, 45.229446388105764)	(45, 45.670045564165896)	(50, 46.24816214826065)	(55, 46.9371078643071)	(60, 47.776672505737984)	(65, 48.75948040352673)	(70, 49.92803870285273)	(75, 51.141918547381394)	(80, 52.4418802133121)	(85, 53.87091608720758)	(90, 55.53810843203951)	(95, 57.04575341003382)	(100, 58.55281609836813)	(105, 60.081520552398786)	(110, 61.661369448232016)	(115, 63.17338159867626)	(120, 64.70664732171018)	(125, 66.12335806446917)	(130, 67.52619090366503)	(135, 68.8388658938389)	(140, 70.12883158727308)	(145, 71.31320875569551)	(150, 72.405390061286)	(155, 73.36937059340168)	(160, 74.32966329100411)	(165, 75.23250340882073)	(170, 76.04489453278534)	(175, 76.7737270905412)	(180, 77.47024257216752)	(185, 78.11687523958793)	(190, 78.65559022335661)	(195, 79.13297069627285)	(200, 79.5378561065202)	(205, 79.89712882673487)	(210, 80.18516811187725)	(215, 80.38334069282764)	(220, 80.50940640421577)	(225, 80.58850074969794)	(230, 80.63110494315396)	(235, 80.64964116399703)	(240, 80.6558522537036)
SRR908450_1 - polya	(1, 9.396699388110616)	(2, 10.687926709141463)	(3, 10.948986573370924)	(4, 11.054283953552694)	(5, 11.149876506067944)	(6, 11.317770024698786)	(7, 11.36483843888142)	(8, 11.374058025164619)	(9, 11.382307128681163)	(10, 11.397252563287608)	(15, 11.408413115104109)	(20, 11.420738246240592)	(25, 11.428987349757136)	(30, 11.432092894610424)	(35, 11.436557115337024)	(40, 11.438303984316999)	(45, 11.43908037053032)	(50, 11.439468563636982)	(55, 11.464798163846606)	(60, 11.943634360912835)	(65, 37.18443539738843)	(70, 47.18768651465672)	(75, 48.772193727769874)	(80, 48.937952184314085)	(85, 49.29538098727212)	(90, 49.439885871226636)	(95, 49.62146319686728)	(100, 49.83797790210741)	(105, 50.13795412527962)	(110, 50.539151701013665)	(115, 51.04370569139618)	(120, 51.63938801356735)	(125, 52.36492092991659)	(130, 53.23389119917702)	(135, 54.24843388343531)	(140, 55.27481645744676)	(145, 56.38252548730365)	(150, 57.6676387669046)	(155, 59.04902393695744)	(160, 60.36189302368463)	(165, 61.66622186206528)	(170, 62.9957832523789)	(175, 64.33213802205907)	(180, 65.59434790836703)	(185, 66.75892722834973)	(190, 67.75998020215155)	(195, 68.61487847129555)	(200, 69.2440424489162)	(205, 69.69910181819947)	(210, 69.98684995851185)	(215, 70.1530936564394)	(220, 70.25227699519124)	(225, 70.32273404405021)	(230, 70.36417365818626)	(235, 70.38824163079923)	(240, 70.39930513433907)
SRR908450_1 - polyg	(1, 0.0)	(2, 0.0)	(3, 0.0)	(4, 0.0)	(5, 0.0)	(6, 0.0)	(7, 0.0)	(8, 0.0)	(9, 0.0)	(10, 0.0)	(15, 0.0)	(20, 0.0)	(25, 0.0)	(30, 0.0)	(35, 0.0)	(40, 0.0)	(45, 0.0)	(50, 0.00019409655333045423)	(55, 0.00048524138332613556)	(60, 0.00048524138332613556)	(65, 0.000873434489987044)	(70, 0.0009704827666522711)	(75, 0.0010675310433174983)	(80, 0.002426206916630678)	(85, 0.0038819310666090845)	(90, 0.0049494621099265826)	(95, 0.005531751769917945)	(100, 0.006308137983239761)	(105, 0.006308137983239761)	(110, 0.007084524196561579)	(115, 0.00805500696321385)	(120, 0.008637296623205214)	(125, 0.009219586283196576)	(130, 0.009801875943187937)	(135, 0.010675310433174982)	(140, 0.010675310433174982)	(145, 0.011257600093166346)	(150, 0.01242217941314907)	(155, 0.013586758733131796)	(160, 0.01475133805311452)	(165, 0.015042482883110202)	(170, 0.016692303586419065)	(175, 0.01814802773639747)	(180, 0.01911851050304974)	(185, 0.019894896716371558)	(190, 0.021253572589684737)	(195, 0.022224055356337008)	(200, 0.025426648486289505)	(205, 0.035131476152812216)	(210, 0.057355531509149224)	(215, 0.1449901253378493)	(220, 0.28784518858906366)	(225, 0.4641819072897813)	(230, 0.6575991226835789)	(235, 0.8447082000941368)	(240, 0.9491321457859212)
SRR908450_2 - illumina_universal_adapter	(1, 26.14917290606212)	(2, 27.14003581081409)	(3, 28.37546037276243)	(4, 29.623015969293924)	(5, 32.6227782010161)	(6, 36.6852190622225)	(7, 40.948064614742606)	(8, 42.707549870683174)	(9, 43.034602563044984)	(10, 43.391546124619694)	(15, 43.60427594706987)	(20, 44.06457592329305)	(25, 44.30292649078284)	(30, 44.5324456650961)	(35, 44.77448406709918)	(40, 45.08523264898123)	(45, 45.50351072140837)	(50, 46.06250879500007)	(55, 46.74126444199668)	(60, 47.55957551083787)	(65, 48.53685165685671)	(70, 49.69716085266616)	(75, 50.898036228121676)	(80, 52.167621783456184)	(85, 53.56327305017881)	(90, 55.196401449901245)	(95, 56.66522711722946)	(100, 58.126191874147786)	(105, 59.61326261748907)	(110, 61.14332574739304)	(115, 62.60031152496809)	(120, 64.08320919241277)	(125, 65.44838730026251)	(130, 66.79988160110247)	(135, 68.07160221852361)	(140, 69.30935593911192)	(145, 70.45190530029163)	(150, 71.50798464696263)	(155, 72.43236948219892)	(160, 73.32987194479894)	(165, 74.18690527602956)	(170, 74.93272128220183)	(175, 75.56382622535583)	(180, 76.1144781471543)	(185, 76.54944852316785)	(190, 76.87980085693627)	(195, 77.16609327309871)	(200, 77.40366745437518)	(205, 77.61445631129206)	(210, 77.76410475390983)	(215, 77.84329614766867)	(220, 77.87202243756157)	(225, 77.8853180514647)	(230, 77.88881178942465)	(235, 77.8911409480646)	(240, 77.89385829981124)
SRR908450_2 - polya	(1, 0.007763862133218169)	(2, 0.00873434489987044)	(3, 0.009704827666522711)	(4, 0.009704827666522711)	(5, 0.010190069049848847)	(6, 0.010190069049848847)	(7, 0.013586758733131796)	(8, 0.013586758733131796)	(9, 0.013586758733131796)	(10, 0.013780855286462248)	(15, 0.015236579436440656)	(20, 0.0161100139264277)	(25, 0.02241815190966746)	(30, 0.02717351746626359)	(35, 0.031055448532872676)	(40, 0.033578703726168585)	(45, 0.036004910642799266)	(50, 0.03804292445276902)	(55, 4.49081195440672)	(60, 24.84338834353149)	(65, 32.447411965082026)	(70, 32.91004109994517)	(75, 33.062406894309575)	(80, 33.304736441142644)	(85, 33.42119437314092)	(90, 33.54570731210241)	(95, 33.70641925826002)	(100, 33.94418753608983)	(105, 34.25066599379862)	(110, 34.61071510022661)	(115, 35.04879102109344)	(120, 35.58207130136886)	(125, 36.23967042405244)	(130, 36.98558347850138)	(135, 37.762843126313186)	(140, 38.55252495353814)	(145, 39.500201375174086)	(150, 40.43972574157014)	(155, 41.340721942130116)	(160, 42.21270070796718)	(165, 43.03664057685495)	(170, 43.76974325878408)	(175, 44.31039920808606)	(180, 44.6359961762979)	(185, 44.84474701940481)	(190, 45.05718569702499)	(195, 45.34066371316411)	(200, 45.76097979940121)	(205, 46.370345928582175)	(210, 47.00523575452609)	(215, 47.516874269105166)	(220, 47.87284734791322)	(225, 48.13846848114595)	(230, 48.376819048635745)	(235, 48.68135654081122)	(240, 48.92349199109097)
SRR908450_2 - polyg	(1, 0.0009704827666522711)	(2, 0.0019409655333045422)	(3, 0.0029114482999568134)	(4, 0.0029114482999568134)	(5, 0.0038819310666090845)	(6, 0.0038819310666090845)	(7, 0.004852413833261356)	(8, 0.004852413833261356)	(9, 0.004852413833261356)	(10, 0.008152055239879077)	(15, 0.014169048393123157)	(20, 0.020283089823032466)	(25, 0.024165020889641554)	(30, 0.025523696762954733)	(35, 0.027755807126254955)	(40, 0.03144364163953358)	(45, 0.036587200302790626)	(50, 0.04056617964606494)	(55, 0.045321545202661066)	(60, 0.05289131078254877)	(65, 0.05958764187244945)	(70, 0.0647312005357065)	(75, 0.07686223511885988)	(80, 0.09122538006531349)	(85, 0.10034791807184484)	(90, 0.10655900777841938)	(95, 0.11034389056836322)	(100, 0.11354648369831573)	(105, 0.11704022165826392)	(110, 0.12092215272487297)	(115, 0.12431884240815594)	(120, 0.12723029070811273)	(125, 0.1314033666047175)	(130, 0.13373252524468296)	(135, 0.13625578043797887)	(140, 0.1378085528646225)	(145, 0.13974951839792707)	(150, 0.14120524254790548)	(155, 0.14421373912452748)	(160, 0.1471251874244843)	(165, 0.15110416676775862)	(170, 0.1600326082209595)	(175, 0.18293600151395312)	(180, 0.25494582279955164)	(185, 0.42827404492364723)	(190, 0.6793379366565898)	(195, 0.8955614970667158)	(200, 1.0602524225676062)	(205, 1.2423149895915724)	(210, 1.6251704410358934)	(215, 2.4944318551263325)	(220, 4.649388838477701)	(225, 8.122649612049514)	(230, 11.69305571056322)	(235, 14.396432505349788)	(240, 15.820324820581998)
SRR908451_1 - illumina_universal_adapter	(1, 11.715623774895016)	(2, 13.696629570634919)	(3, 17.756119785688302)	(4, 20.516954570016846)	(5, 28.450513705282564)	(6, 40.74624124546601)	(7, 52.50424703061041)	(8, 57.636708471810664)	(9, 58.921942932623196)	(10, 60.28858617145643)	(15, 62.170135516477764)	(20, 67.29585115438)	(25, 68.59401212831861)	(30, 69.03997683116772)	(35, 69.47160228721582)	(40, 69.97958599839654)	(45, 70.52638456729733)	(50, 71.08007021286366)	(55, 71.68849928833541)	(60, 72.35965373897626)	(65, 73.0467367618025)	(70, 73.76376973853831)	(75, 74.49726106258763)	(80, 75.26970851772451)	(85, 76.0899063710757)	(90, 76.99278446275505)	(95, 77.8069075613038)	(100, 78.62918919682559)	(105, 79.49420602601549)	(110, 80.27763748547532)	(115, 81.11037335019196)	(120, 81.95953224388022)	(125, 82.79152642341748)	(130, 83.64223932414822)	(135, 84.45572669254325)	(140, 85.19681146009557)	(145, 85.92878409544429)	(150, 86.66637234715104)	(155, 87.32950953418639)	(160, 87.96425077435464)	(165, 88.56402685606717)	(170, 89.116441041326)	(175, 89.58875322721349)	(180, 90.025323251124)	(185, 90.36328446452096)	(190, 90.70008017263606)	(195, 91.02232472389888)	(200, 91.27668742207891)	(205, 91.50053507287939)	(210, 91.67200562268003)	(215, 91.79286498857451)	(220, 91.8795361995345)	(225, 91.92015229269016)	(230, 91.94296794154107)	(235, 91.95716591497464)	(240, 91.96172198107644)
SRR908451_1 - polya	(1, 0.9952708740230064)	(2, 1.1044045504151672)	(3, 1.120827579386803)	(4, 1.1330124073335006)	(5, 1.1503183948519984)	(6, 1.1918174465545193)	(7, 1.2847046856844164)	(8, 1.2868237861968856)	(9, 1.2877067447437478)	(10, 1.2937461812042848)	(15, 1.3001741194254413)	(20, 1.3418850811792091)	(25, 1.3517742169040647)	(30, 1.3526924937928015)	(35, 1.3558358262196308)	(40, 1.3578489717064763)	(45, 1.3585200202020915)	(50, 1.3585200202020915)	(55, 1.3744839107293592)	(60, 1.532144988857063)	(65, 16.600892141315747)	(70, 42.59596876445845)	(75, 47.28638583875764)	(80, 48.71172816178626)	(85, 52.431950384793346)	(90, 52.79569398775866)	(95, 53.13817594891556)	(100, 53.50015363478715)	(105, 53.96586129074412)	(110, 54.433158272085436)	(115, 54.90324540243485)	(120, 55.422919484776024)	(125, 55.99995055432138)	(130, 56.6658778903648)	(135, 57.413602506189534)	(140, 58.03605296338547)	(145, 58.69308007727652)	(150, 59.40294343061182)	(155, 60.13777685165237)	(160, 60.82101017521429)	(165, 61.51579259656918)	(170, 62.227633777049434)	(175, 62.875513440395004)	(180, 63.5387212641141)	(185, 64.14732693129523)	(190, 64.68381254436868)	(195, 65.13154316431151)	(200, 65.46074542892362)	(205, 65.65157043007144)	(210, 65.7665316328729)	(215, 65.8404529224162)	(220, 65.87799631982878)	(225, 65.9024719307478)	(230, 65.92069619515502)	(235, 65.931680199478)	(240, 65.93669540402418)
SRR908451_1 - polyg	(1, 0.0001765917093724284)	(2, 0.0001765917093724284)	(3, 0.0001765917093724284)	(4, 0.0001765917093724284)	(5, 0.0001765917093724284)	(6, 0.0001765917093724284)	(7, 0.0001765917093724284)	(8, 0.0001765917093724284)	(9, 0.0001765917093724284)	(10, 0.0001765917093724284)	(15, 0.0001765917093724284)	(20, 0.0001765917093724284)	(25, 0.00021191005124691404)	(30, 0.0003531834187448568)	(35, 0.0004238201024938281)	(40, 0.0005297751281172851)	(45, 0.0005297751281172851)	(50, 0.0010595502562345705)	(55, 0.0017659170937242836)	(60, 0.0017659170937242836)	(65, 0.0017659170937242836)	(70, 0.0017659170937242836)	(75, 0.001836553777473255)	(80, 0.002825467349958854)	(85, 0.0046973394693065945)	(90, 0.006498574904905364)	(95, 0.007664080186763391)	(100, 0.008582357075500018)	(105, 0.00939467893861319)	(110, 0.009924454066730476)	(115, 0.010595502562345703)	(120, 0.011690371160454759)	(125, 0.012608648049191384)	(130, 0.013350333228555587)	(135, 0.013632879963551472)	(140, 0.014374565142915668)	(145, 0.015116250322279867)	(150, 0.016705575706631722)	(155, 0.017694489279117327)	(160, 0.018506811142230496)	(165, 0.01974295310783749)	(170, 0.02080250336407206)	(175, 0.022109282013428034)	(180, 0.023945835790901288)	(185, 0.0253938878077552)	(190, 0.026700666457111173)	(195, 0.028819766969580312)	(200, 0.03351710643888691)	(205, 0.048244855000547426)	(210, 0.08886094815620596)	(215, 0.19983117832583996)	(220, 0.3659686585034206)	(225, 0.5817990456984026)	(230, 0.8035982326701726)	(235, 1.004559597935996)	(240, 1.1358378746834594)
SRR908451_2 - illumina_universal_adapter	(1, 11.634038405164954)	(2, 13.539109765874711)	(3, 17.542973592475782)	(4, 20.244650154164564)	(5, 28.113929907218715)	(6, 40.347850349121806)	(7, 52.01791346299874)	(8, 57.10728652711212)	(9, 58.33124366477243)	(10, 59.673517247712255)	(15, 61.609244929169066)	(20, 67.14306400743098)	(25, 68.52849660414142)	(30, 68.97156520295685)	(35, 69.40121283185997)	(40, 69.87684494188366)	(45, 70.38740689202123)	(50, 70.91343827589984)	(55, 71.52006611593598)	(60, 72.19358689548243)	(65, 72.87682021904436)	(70, 73.59374724075454)	(75, 74.31455928007092)	(80, 75.06673400697184)	(85, 75.85987801044716)	(90, 76.73559629722503)	(95, 77.52785734215351)	(100, 78.32488636323502)	(105, 79.16489780637778)	(110, 79.9215226443549)	(115, 80.72254263806823)	(120, 81.53013184337021)	(125, 82.32320521016179)	(130, 83.12931104510506)	(135, 83.90571415453186)	(140, 84.61306990559407)	(145, 85.30880592217957)	(150, 86.00680231264502)	(155, 86.62928808818285)	(160, 87.2288522598441)	(165, 87.7872705632216)	(170, 88.28469409018184)	(175, 88.68227266466293)	(180, 89.01207534108688)	(185, 89.23168479086243)	(190, 89.41477507513977)	(195, 89.58063000858235)	(200, 89.70576289384366)	(205, 89.82386742907195)	(210, 89.90195628295643)	(215, 89.94384383641957)	(220, 89.9581830832206)	(225, 89.9657765267236)	(230, 89.96807221894548)	(235, 89.96944963427856)	(240, 89.97065045790231)
SRR908451_2 - polya	(1, 0.0010595502562345703)	(2, 0.0012361419656069987)	(3, 0.0012361419656069987)	(4, 0.0012361419656069987)	(5, 0.0014127336749794272)	(6, 0.0017659170937242839)	(7, 0.006180709828034993)	(8, 0.007240260084269564)	(9, 0.009182768887366275)	(10, 0.014974976954781926)	(15, 0.01741194254412144)	(20, 0.020590593312825145)	(25, 0.03567152529323053)	(30, 0.04905717686366061)	(35, 0.05333069623047337)	(40, 0.055449796742942516)	(45, 0.05672125705042399)	(50, 0.05848717414414828)	(55, 1.847714373505593)	(60, 17.686683925563063)	(65, 37.23531551640714)	(70, 38.91678645470953)	(75, 40.459209081052066)	(80, 42.64414298277525)	(85, 42.88162351353928)	(90, 43.11002723044159)	(95, 43.37138296031278)	(100, 43.7024570970442)	(105, 44.00891434948912)	(110, 44.343449683724245)	(115, 44.723792907370594)	(120, 45.13055425073904)	(125, 45.529580877236974)	(130, 45.969223596890565)	(135, 46.40823058639044)	(140, 46.87309060214241)	(145, 47.379767534673775)	(150, 47.85769533691932)	(155, 48.323968086346284)	(160, 48.780104471655264)	(165, 49.18852577709181)	(170, 49.54446402650288)	(175, 49.82676353310565)	(180, 49.982128919011515)	(185, 50.09112132203618)	(190, 50.20170305044518)	(195, 50.35413701397547)	(200, 50.560713995599336)	(205, 50.8546332366788)	(210, 51.15759397327814)	(215, 51.407541878723876)	(220, 51.58777137730938)	(225, 51.74507927201834)	(230, 51.87808814751766)	(235, 52.028438328877336)	(240, 52.125104630587806)
SRR908451_2 - polyg	(1, 0.004238201024938281)	(2, 0.005650934699917709)	(3, 0.007063668374897135)	(4, 0.007416851793641992)	(5, 0.007770035212386849)	(6, 0.011655052818580274)	(7, 0.011655052818580274)	(8, 0.01200823623732513)	(9, 0.01200823623732513)	(10, 0.0140567000660453)	(15, 0.019142541295971236)	(20, 0.024475610919018575)	(25, 0.027018531533981545)	(30, 0.028289991841463025)	(35, 0.030197182302685255)	(40, 0.03242223784077786)	(45, 0.03390560819950625)	(50, 0.034611975036995965)	(55, 0.03514175016511325)	(60, 0.03609534539572436)	(65, 0.0377199891219507)	(70, 0.04058077481378404)	(75, 0.04527811428309064)	(80, 0.05386047135859066)	(85, 0.0698243618858582)	(90, 0.0766761202095084)	(95, 0.07883053906385204)	(100, 0.08102027626007015)	(105, 0.08349256019128413)	(110, 0.08571761572937674)	(115, 0.08748353282310102)	(120, 0.08843712805371214)	(125, 0.0897439067030681)	(130, 0.09069750193367922)	(135, 0.09150982379679239)	(140, 0.09246341902740349)	(145, 0.09454720119799816)	(150, 0.09571270647985618)	(155, 0.09793776201794879)	(160, 0.1008691843935311)	(165, 0.10496611205097142)	(170, 0.11255955555398585)	(175, 0.135622432798025)	(180, 0.2091905389225787)	(185, 0.39348164682364495)	(190, 0.6269712049558697)	(195, 0.8399408064590184)	(200, 1.005583829850356)	(205, 1.2114544446367332)	(210, 1.6360515506518003)	(215, 2.55245656726908)	(220, 4.909567385630379)	(225, 8.777914734459047)	(230, 12.810563009687822)	(235, 15.94029787489537)	(240, 17.59895316434684)
SRR908452_1 - illumina_universal_adapter	(1, 3.3591249584160234)	(2, 3.87591341355695)	(3, 4.662280752067727)	(4, 5.468723113808174)	(5, 8.333142142635907)	(6, 13.565840340472395)	(7, 17.745460176889633)	(8, 19.983251694905533)	(9, 20.598120977825705)	(10, 21.66949628898856)	(15, 21.937813313755406)	(20, 22.242322737544885)	(25, 22.502093538136812)	(30, 22.901930643662602)	(35, 23.42307824670483)	(40, 24.166198249457974)	(45, 25.191343649983367)	(50, 26.421024858614476)	(55, 27.828685487478925)	(60, 29.358861115253575)	(65, 31.09127826276485)	(70, 33.11851146570613)	(75, 35.33169674096337)	(80, 37.661603936998844)	(85, 40.2078051690317)	(90, 42.84377043350579)	(95, 45.58854232388469)	(100, 48.54805960561183)	(105, 51.50522524176064)	(110, 54.55645670104276)	(115, 57.622371605887146)	(120, 60.6724559209847)	(125, 63.54668303259037)	(130, 66.35259770800592)	(135, 69.01712686267537)	(140, 71.42515457767887)	(145, 73.78161816158674)	(150, 75.92058320810342)	(155, 77.9374347561745)	(160, 79.71338602548954)	(165, 81.31835545409703)	(170, 82.75297397129846)	(175, 84.0454039668246)	(180, 85.12819336262375)	(185, 86.06409094559095)	(190, 86.93838688584768)	(195, 87.72980165877048)	(200, 88.4028885090567)	(205, 88.95477957624493)	(210, 89.34429238410976)	(215, 89.6325697176878)	(220, 89.80974613699196)	(225, 89.91493925871542)	(230, 89.97562318607827)	(235, 90.00911979626719)	(240, 90.01927202230048)
SRR908452_1 - polya	(1, 1.0771683892948505)	(2, 1.264152891376917)	(3, 1.3203629564199924)	(4, 1.3642412214791277)	(5, 1.4422470260287015)	(6, 1.5996925653585399)	(7, 1.9868537276450278)	(8, 1.998038383444415)	(9, 2.0043476764594543)	(10, 2.0123776857513223)	(15, 2.0251109861998553)	(20, 2.03273949502713)	(25, 2.035951498743877)	(30, 2.043924150826517)	(35, 2.047996512681679)	(40, 2.057058951739644)	(45, 2.060041526619481)	(50, 2.0622784577793585)	(55, 2.0724306838126485)	(60, 2.1850802427357094)	(65, 6.561377949594484)	(70, 16.480045426909708)	(75, 18.61499546878047)	(80, 18.769630504858156)	(85, 18.98930861619997)	(90, 19.182200910832485)	(95, 19.470592958828995)	(100, 19.883679579686373)	(105, 20.500843150975648)	(110, 21.326213391761208)	(115, 22.299852018400195)	(120, 23.41384373601918)	(125, 24.62809585536806)	(130, 26.0253748293623)	(135, 27.647666135156527)	(140, 29.396085944042305)	(145, 31.277975978800775)	(150, 33.29694974361327)	(155, 35.40798182923611)	(160, 37.648985350968765)	(165, 40.0184690213713)	(170, 42.38141396992188)	(175, 44.76368829798218)	(180, 47.101797574937194)	(185, 49.196654927557844)	(190, 51.029045690752874)	(195, 52.536794649719525)	(200, 53.62704048271828)	(205, 54.308214699505584)	(210, 54.735927408715995)	(215, 54.970231608410856)	(220, 55.10989641288014)	(225, 55.19071272068186)	(230, 55.24049877829145)	(235, 55.27026716988058)	(240, 55.28718754660273)
SRR908452_1 - polyg	(1, 0.0)	(2, 0.0)	(3, 0.0005735720922762783)	(4, 0.0005735720922762783)	(5, 0.0005735720922762783)	(6, 0.0008603581384144173)	(7, 0.0008603581384144173)	(8, 0.0008603581384144173)	(9, 0.0008603581384144173)	(10, 0.0008603581384144172)	(15, 0.0008603581384144172)	(20, 0.0008603581384144172)	(25, 0.000975072556869673)	(30, 0.0011471441845525565)	(35, 0.0011471441845525565)	(40, 0.0011471441845525565)	(45, 0.0016060018583735792)	(50, 0.002007502322966974)	(55, 0.002007502322966974)	(60, 0.002007502322966974)	(65, 0.002294288369105113)	(70, 0.002294288369105113)	(75, 0.0024663599967879963)	(80, 0.003097289298291902)	(85, 0.004416505110527343)	(90, 0.005678363713535154)	(95, 0.006538721851949571)	(100, 0.0071696511534534765)	(105, 0.007341722781136361)	(110, 0.007456437199591616)	(115, 0.007571151618046871)	(120, 0.00814472371032315)	(125, 0.009177153476420452)	(130, 0.009406582313330964)	(135, 0.010037511614834868)	(140, 0.010439012079428264)	(145, 0.011127298590159797)	(150, 0.01187294231011896)	(155, 0.012159728356257098)	(160, 0.01284801486698863)	(165, 0.013192158122354396)	(170, 0.013364229750037282)	(175, 0.013478944168492537)	(180, 0.013536301377720165)	(185, 0.013823087423858304)	(190, 0.014339302306906953)	(195, 0.01474080277150035)	(200, 0.0166909478852397)	(205, 0.025753386943204892)	(210, 0.06022506968900922)	(215, 0.17000676815068888)	(220, 0.3523453362853177)	(225, 0.5769561676207082)	(230, 0.836669611003407)	(235, 1.0888692599772862)	(240, 1.2546889518543585)
SRR908452_2 - illumina_universal_adapter	(1, 3.354249595631675)	(2, 3.844940520574031)	(3, 4.615534626547211)	(4, 5.403049109242541)	(5, 8.25743062645544)	(6, 13.443382698771408)	(7, 17.60550858637422)	(8, 19.821504364883623)	(9, 20.40626111295929)	(10, 21.45704518600943)	(15, 21.717676344739772)	(20, 22.0206371238801)	(25, 22.285283287256373)	(30, 22.682654032785383)	(35, 23.193649409794318)	(40, 23.886352425636378)	(45, 24.859302765764628)	(50, 26.05715072327441)	(55, 27.443933327979995)	(60, 28.96275222832758)	(65, 30.70165074048157)	(70, 32.72767944202907)	(75, 34.922338338705785)	(80, 37.199132758996484)	(85, 39.69784222178886)	(90, 42.27977699517052)	(95, 44.97057575166623)	(100, 47.84830165303477)	(105, 50.717940187902215)	(110, 53.6810709738107)	(115, 56.6691521457332)	(120, 59.62178656235302)	(125, 62.405905498262086)	(130, 65.12589907425465)	(135, 67.71752721599577)	(140, 70.04686083993896)	(145, 72.33271769928763)	(150, 74.412891606346)	(155, 76.35925114427633)	(160, 78.05908939694629)	(165, 79.59305060052998)	(170, 80.94702488155735)	(175, 82.11992245305312)	(180, 82.99651268167896)	(185, 83.65669415988896)	(190, 84.2008993610407)	(195, 84.65379188510204)	(200, 85.04519748087138)	(205, 85.37213357346886)	(210, 85.56783637135352)	(215, 85.67348835075082)	(220, 85.71054110791185)	(225, 85.72660112649558)	(230, 85.73497527904283)	(235, 85.73927706973488)	(240, 85.74243171624241)
SRR908452_2 - polya	(1, 0.004588576738210226)	(2, 0.006022506968900921)	(3, 0.01261858603007812)	(4, 0.014912874399183233)	(5, 0.017493948814426487)	(6, 0.03355396739816228)	(7, 0.0564968510892134)	(8, 0.05678363713535154)	(9, 0.05707042318148968)	(10, 0.06039714131669209)	(15, 0.07347458502059126)	(20, 0.07886616268798825)	(25, 0.09475410964404116)	(30, 0.10760212451102977)	(35, 0.11219070124924002)	(40, 0.11391141752606886)	(45, 0.11534534775675953)	(50, 0.11878678031041723)	(55, 0.693964874445069)	(60, 5.563018365778395)	(65, 13.368474183520126)	(70, 14.162928888531999)	(75, 14.287967604648227)	(80, 14.434802060270954)	(85, 14.610257763298268)	(90, 14.903926674543722)	(95, 15.306631640530899)	(100, 15.846362979362876)	(105, 16.510616819428034)	(110, 17.281669783075035)	(115, 18.169043167035664)	(120, 19.136716643914973)	(125, 20.251396648044693)	(130, 21.582370688171796)	(135, 22.976036157984698)	(140, 24.495371273215333)	(145, 26.089156046023426)	(150, 27.72377915180159)	(155, 29.472198960687372)	(160, 31.219471625388593)	(165, 32.87371089672261)	(170, 34.36752205384695)	(175, 35.52567882257121)	(180, 36.176969933350925)	(185, 36.61254058022553)	(190, 37.04535808105721)	(195, 37.60241129707593)	(200, 38.35241416493639)	(205, 39.30918977206245)	(210, 40.25908251408119)	(215, 41.09603891113074)	(220, 41.65888520528146)	(225, 42.1342043981508)	(230, 42.548266091565054)	(235, 43.00264990306632)	(240, 43.29293473896734)
SRR908452_2 - polyg	(1, 0.0054489348766246426)	(2, 0.007169651153453477)	(3, 0.007169651153453477)	(4, 0.0074564371995916165)	(5, 0.007743223245729756)	(6, 0.008890367430282313)	(7, 0.010037511614834868)	(8, 0.010611083707111146)	(9, 0.011184655799387424)	(10, 0.014339302306906953)	(15, 0.019329379509710577)	(20, 0.026957888336985075)	(25, 0.030399320890642744)	(30, 0.03326718135202414)	(35, 0.03579089855803976)	(40, 0.039232331111697424)	(45, 0.04336205017608663)	(50, 0.04594312459132988)	(55, 0.04955662877267043)	(60, 0.053342204581693864)	(65, 0.05695570876303443)	(70, 0.06114278503665125)	(75, 0.06836979339933236)	(80, 0.07634244548197264)	(85, 0.08712560081676665)	(90, 0.09418053755176488)	(95, 0.09670425475778051)	(100, 0.0987691142899751)	(105, 0.10307090498204721)	(110, 0.10507840730501417)	(115, 0.1076021245110298)	(120, 0.10966698404322442)	(125, 0.1113303431108256)	(130, 0.11396877473529647)	(135, 0.11907356635655535)	(140, 0.12188406960870912)	(145, 0.12538285937159444)	(150, 0.12836543425143104)	(155, 0.13197893843277161)	(160, 0.13542037098642928)	(165, 0.14172966400146833)	(170, 0.15119360352402694)	(175, 0.18709921650052191)	(180, 0.3202826563270737)	(185, 0.6474481777614628)	(190, 1.0677618069815196)	(195, 1.4278503665125668)	(200, 1.6783866564188454)	(205, 1.9875420141557592)	(210, 2.642102485861448)	(215, 4.035767955674349)	(220, 7.389730765259886)	(225, 12.701237768575131)	(230, 18.104631021073036)	(235, 22.174698587865507)	(240, 24.379108210110928)
SRR908453_1 - illumina_universal_adapter	(1, 4.927909325753309)	(2, 6.211954627121826)	(3, 9.404860869021123)	(4, 11.559983195230306)	(5, 16.789126956459558)	(6, 26.07108060032358)	(7, 39.80406353633138)	(8, 44.07319013524264)	(9, 44.63454095268742)	(10, 45.357324823683996)	(15, 45.97865436700544)	(20, 46.919006373298295)	(25, 47.165982855559434)	(30, 47.287370500478225)	(35, 47.465697710797066)	(40, 47.718931288157115)	(45, 48.062803357378456)	(50, 48.470676570754335)	(55, 48.97142295281257)	(60, 49.59757939806745)	(65, 50.31017314276009)	(70, 51.155685464768084)	(75, 52.176843384909674)	(80, 53.39974792845459)	(85, 54.87481340448544)	(90, 56.46098701205832)	(95, 58.19169951641594)	(100, 60.017877414568304)	(105, 62.10140069543142)	(110, 64.22952812564247)	(115, 66.44319898456286)	(120, 68.65257926398684)	(125, 70.75380118527258)	(130, 72.83973791710244)	(135, 74.84880176628856)	(140, 76.79377508424732)	(145, 78.55487919337106)	(150, 80.14123157508962)	(155, 81.52717813949747)	(160, 82.8607438792202)	(165, 84.10805109365083)	(170, 85.22485318173287)	(175, 86.23215610558401)	(180, 87.11699873964228)	(185, 87.89690095018459)	(190, 88.58178470229636)	(195, 89.16959409330222)	(200, 89.65058593226249)	(205, 90.04683882616897)	(210, 90.36085561306125)	(215, 90.5880775522244)	(220, 90.74718654188231)	(225, 90.83156793864471)	(230, 90.8803732804162)	(235, 90.89673111474619)	(240, 90.90218372618952)
SRR908453_1 - polya	(1, 1.0140963413871087)	(2, 1.2290722515709778)	(3, 1.3211409365977493)	(4, 1.3930975302351774)	(5, 1.4444950971190547)	(6, 1.532988299232165)	(7, 1.5794695771097584)	(8, 1.5821511892950042)	(9, 1.5821511892950042)	(10, 1.5837601566061514)	(15, 1.5849221885530915)	(20, 1.592162541453255)	(25, 1.5937715087644024)	(30, 1.5941290570557685)	(35, 1.5961849597311235)	(40, 1.5969000563138558)	(45, 1.599313507280577)	(50, 1.6031571514127627)	(55, 1.623090468656423)	(60, 1.8015070660481078)	(65, 10.20800371850223)	(70, 32.68205912060998)	(75, 36.659158152547974)	(80, 37.040394018217086)	(85, 37.77524514404727)	(90, 37.868922796385185)	(95, 37.99826589078687)	(100, 38.16819071625862)	(105, 38.426340582624945)	(110, 38.74938546387422)	(115, 39.1176602039813)	(120, 39.548595282150295)	(125, 40.08018020433885)	(130, 40.7462926711539)	(135, 41.54845226283375)	(140, 42.41961867474726)	(145, 43.458564622384316)	(150, 44.70462041779518)	(155, 46.05338195990096)	(160, 47.503419055536185)	(165, 49.06876547513699)	(170, 50.813601137003566)	(175, 52.56469389396906)	(180, 54.31703806995432)	(185, 55.93136860547228)	(190, 57.324823683998815)	(195, 58.51188401133428)	(200, 59.371966426215444)	(205, 59.94234533801722)	(210, 60.30686582106496)	(215, 60.51093650836216)	(220, 60.61453612578549)	(225, 60.68255968821789)	(230, 60.72206877441384)	(235, 60.74620328408106)	(240, 60.757287281113406)
SRR908453_1 - polyg	(1, 0.0)	(2, 0.0)	(3, 0.0)	(4, 0.0)	(5, 0.0)	(6, 0.0)	(7, 0.0)	(8, 0.0)	(9, 0.0)	(10, 0.0)	(15, 0.0)	(20, 0.0)	(25, 0.0)	(30, 0.0011620319469398334)	(35, 0.0019665156025135645)	(40, 0.0022346768210381417)	(45, 0.0025922251124042444)	(50, 0.0026816121852457696)	(55, 0.0026816121852457696)	(60, 0.0030391604766118723)	(65, 0.0034860958408195)	(70, 0.004022418277868655)	(75, 0.004022418277868655)	(80, 0.004469353642076283)	(85, 0.004826901933442386)	(90, 0.006257095098906795)	(95, 0.007687288264371206)	(100, 0.00804483655573731)	(105, 0.008312997774261888)	(110, 0.008938707284152567)	(115, 0.008938707284152567)	(120, 0.009564416794043245)	(125, 0.009921965085409348)	(130, 0.010726448740983078)	(135, 0.011441545323715283)	(140, 0.012067254833605963)	(145, 0.01215664190644749)	(150, 0.01251419019781359)	(155, 0.013050512634862746)	(160, 0.014570092873168683)	(165, 0.015374576528742412)	(170, 0.01680476969420682)	(175, 0.017788027495463606)	(180, 0.01957576895229412)	(185, 0.020469639680709372)	(190, 0.021452897481966157)	(195, 0.02547531575983481)	(200, 0.028067540872239054)	(205, 0.037810731811965356)	(210, 0.07043701339912221)	(215, 0.16742198743217757)	(220, 0.3305533953679619)	(225, 0.5415962743468039)	(230, 0.7660472142518748)	(235, 0.9754811259195696)	(240, 1.1262771178032234)
SRR908453_2 - illumina_universal_adapter	(1, 4.917629812376534)	(2, 6.180222216263084)	(3, 9.325753309556372)	(4, 11.446014677357361)	(5, 16.64208522163525)	(6, 25.814092765904196)	(7, 39.39735235490243)	(8, 43.61016509792354)	(9, 44.14023043987378)	(10, 44.84951686287129)	(15, 45.477639823728694)	(20, 46.47341181518329)	(25, 46.757036997309456)	(30, 46.89049189706185)	(35, 47.06756768836091)	(40, 47.30453281846379)	(45, 47.626505054838965)	(50, 48.01918246583179)	(55, 48.50732527061936)	(60, 49.125526266391354)	(65, 49.83043272281962)	(70, 50.66325208048412)	(75, 51.65795142706462)	(80, 52.849123559750794)	(85, 54.280031821797934)	(90, 55.819009054910474)	(95, 57.49707257336445)	(100, 59.28016590240719)	(105, 61.30496187641343)	(110, 63.36765796930448)	(115, 65.51107058897142)	(120, 67.65099711279755)	(125, 69.68240773019406)	(130, 71.69325932083703)	(135, 73.63564041368338)	(140, 75.51482484603078)	(145, 77.20701152199368)	(150, 78.73195498467012)	(155, 80.06131953196929)	(160, 81.34321954358961)	(165, 82.53081619336211)	(170, 83.5685107219794)	(175, 84.47176709304301)	(180, 85.20706515423738)	(185, 85.76019236098077)	(190, 86.18120547406434)	(195, 86.5291893486364)	(200, 86.8077194676106)	(205, 87.04057279236277)	(210, 87.20853110223199)	(215, 87.2912141446104)	(220, 87.32017555621105)	(225, 87.33286852055456)	(230, 87.33832113199789)	(235, 87.3419860019844)	(240, 87.34368435636839)
SRR908453_2 - polya	(1, 0.0004469353642076283)	(2, 0.0004469353642076283)	(3, 0.0004469353642076283)	(4, 0.0004469353642076283)	(5, 0.0004469353642076283)	(6, 0.0004469353642076283)	(7, 0.0004469353642076283)	(8, 0.0004469353642076283)	(9, 0.0008938707284152566)	(10, 0.0008938707284152564)	(15, 0.00473751486060086)	(20, 0.009653803866884771)	(25, 0.013497447999070374)	(30, 0.016625995548523773)	(35, 0.017877414568305133)	(40, 0.017877414568305133)	(45, 0.017877414568305133)	(50, 0.019486381879452595)	(55, 0.9155917871157474)	(60, 10.835054034485532)	(65, 28.38021685303871)	(70, 29.437308376462596)	(75, 29.742475843143563)	(80, 30.15052783066513)	(85, 30.208182492647914)	(90, 30.29068676088064)	(95, 30.40608547191905)	(100, 30.577887425920466)	(105, 30.79572372243526)	(110, 31.050387492960766)	(115, 31.365208763508623)	(120, 31.754400078660627)	(125, 32.2156373745229)	(130, 32.76232871202167)	(135, 33.40806092622885)	(140, 34.1923431033404)	(145, 35.10838182582036)	(150, 36.068041439846965)	(155, 37.087322231458884)	(160, 38.196437031276545)	(165, 39.33746301609861)	(170, 40.349861003101736)	(175, 41.153272013801356)	(180, 41.60512366701528)	(185, 41.90278261957756)	(190, 42.2218944696218)	(195, 42.63897455150037)	(200, 43.2228509113012)	(205, 43.93562343013953)	(210, 44.6157696673907)	(215, 45.19598115720504)	(220, 45.63862594191628)	(225, 46.00457661812949)	(230, 46.317520760147666)	(235, 46.68382898465224)	(240, 46.93134178935043)
SRR908453_2 - polyg	(1, 0.008938707284152567)	(2, 0.009832578012567822)	(3, 0.011173384105190707)	(4, 0.012514190197813592)	(5, 0.014748867018851733)	(6, 0.017430479204097505)	(7, 0.017877414568305133)	(8, 0.017877414568305133)	(9, 0.02011209138934327)	(10, 0.02449205795857803)	(15, 0.03682747401070857)	(20, 0.050593083228303526)	(25, 0.05926362929393151)	(30, 0.06176646733349424)	(35, 0.06337543464464168)	(40, 0.06677214341261968)	(45, 0.0685598848694502)	(50, 0.07213536778311122)	(55, 0.07562146362393071)	(60, 0.08178917164999598)	(65, 0.08563281578218158)	(70, 0.0909066530798316)	(75, 0.0982363930528367)	(80, 0.10806897106540451)	(85, 0.12067254833605964)	(90, 0.1260357727065512)	(95, 0.1317565453684088)	(100, 0.13595773779196052)	(105, 0.13908628534141393)	(110, 0.1406952526525614)	(115, 0.14301931654644104)	(120, 0.1466841865329436)	(125, 0.14793560555272497)	(130, 0.14927641164534786)	(135, 0.15168986261206904)	(140, 0.15374576528742412)	(145, 0.15723186112824364)	(150, 0.16187998891600297)	(155, 0.1661705684123962)	(160, 0.16786892279638516)	(165, 0.17055053498163095)	(170, 0.17645008178917165)	(175, 0.20049520438354204)	(180, 0.29149124453621517)	(185, 0.5280094392748921)	(190, 0.8540040939279361)	(195, 1.1256514082933324)	(200, 1.314436906134635)	(205, 1.5598044210846225)	(210, 2.071902961393723)	(215, 3.1693080546691337)	(220, 5.8560153030668705)	(225, 10.193344238556222)	(230, 14.638116435601082)	(235, 18.116703762301892)	(240, 19.955217076506397)
