Sample	0	1	2	3	4	5	6	7	8	9	10	11	12	13	14	15	16	17	18	19	20	21	22	23	24	25	26	27	28	29	30	31	32	33	34	35	36	37	38	39	40	41	42	43	44	45	46	47	48	49	50	51	52	53	54	55	56	57	58	59	60	61	62	63	64	65	66	67	68	69	70	71	72	73	74	75	76	77	78	79	80	81	82	83	84	85	86	87	88	89	90	91	92	93	94	95	96	97	98	99	100
SRR908430_1	(0.0, 4.1682768239138674)	(1.0, 0.942926508201016)	(2.0, 0.328034515015965)	(3.0, 0.18617179299277353)	(4.0, 0.11588526253582544)	(5.0, 0.08106441258468061)	(6.0, 0.056837207459941086)	(7.0, 0.04559873207888281)	(8.0, 0.03730805351908571)	(9.0, 0.028925256308624483)	(10.0, 0.02395084917274644)	(11.0, 0.019989747194176885)	(12.0, 0.013172967045010581)	(13.0, 0.012896611093017351)	(14.0, 0.013080848394346171)	(15.0, 0.023674493220753212)	(16.0, 0.13044000934080133)	(17.0, 0.2701840023987246)	(18.0, 0.3418523126156232)	(19.0, 0.3873589260438312)	(20.0, 0.39592596055561935)	(21.0, 0.4110334192645791)	(22.0, 0.4061511307793665)	(23.0, 0.41895562322171653)	(24.0, 0.4416168112851561)	(25.0, 0.4831623227347954)	(26.0, 0.5139299520567011)	(27.0, 0.5559360567596624)	(28.0, 0.6395797915629774)	(29.0, 0.7549123421948706)	(30.0, 0.9045130308739397)	(31.0, 1.1036735536104836)	(32.0, 1.394584252408463)	(33.0, 1.7568869054712561)	(34.0, 2.2155456671289344)	(35.0, 2.715749940237456)	(36.0, 3.258605148603809)	(37.0, 3.840979258105265)	(38.0, 4.381623618855668)	(39.0, 4.8503233134352755)	(40.0, 5.182687405031257)	(41.0, 5.306494871523772)	(42.0, 5.32114173697936)	(43.0, 5.235379273211107)	(44.0, 5.016321121931938)	(45.0, 4.74392627191827)	(46.0, 4.419392265628145)	(47.0, 4.012043592389385)	(48.0, 3.6049712751026184)	(49.0, 3.262474131931721)	(50.0, 2.8418603729972616)	(51.0, 2.3832016113383325)	(52.0, 1.950796665119662)	(53.0, 1.6343691000877032)	(54.0, 1.3214420437809884)	(55.0, 1.06820787310467)	(56.0, 0.8743902321066641)	(57.0, 0.7129983561425451)	(58.0, 0.5461714797892372)	(59.0, 0.43480003113599136)	(60.0, 0.34820849951146604)	(61.0, 0.26502535796151705)	(62.0, 0.2108595913708381)	(63.0, 0.15899679104676964)	(64.0, 0.11763551689844912)	(65.0, 0.08760483678185331)	(66.0, 0.06779932688900614)	(67.0, 0.051310088420076366)	(68.0, 0.03712381621775689)	(69.0, 0.03067551067124824)	(70.0, 0.022384832111451498)	(71.0, 0.013909916250325862)	(72.0, 0.010685763477071506)	(73.0, 0.008474915861125667)	(74.0, 0.0064483055465086635)	(75.0, 0.005158644437206935)	(76.0, 0.0030399154719255154)	(77.0, 0.0025793222186034667)	(78.0, 0.0019344916639526)	(79.0, 0.0014738984106305523)	(80.0, 0.0011054238079729146)	(81.0, 0.0010133051573085051)	(82.0, 0.0004605932533220477)	(83.0, 0.0004605932533220477)	(84.0, 0.0001842373013288191)	(85.0, 0.0001842373013288191)	(86.0, 0.0001842373013288191)	(87.0, 0.0001842373013288191)	(88.0, 0.0001842373013288191)	(89.0, 9.211865066440955e-05)	(90.0, 9.211865066440955e-05)	(91.0, 0.0)	(92.0, 0.0)	(93.0, 0.0)	(94.0, 0.0)	(95.0, 0.0)	(96.0, 0.0)	(97.0, 0.0)	(98.0, 0.0)	(99.0, 0.0)	(100.0, 0.00013817797599661433)
SRR908430_2	(0.0, 3.7521404434461956)	(1.0, 1.5352780495252543)	(2.0, 0.5228592230977694)	(3.0, 0.20890452069935866)	(4.0, 0.0919878999116483)	(5.0, 0.05362894564849151)	(6.0, 0.03789901476359914)	(7.0, 0.02262902337826556)	(8.0, 0.018489567882241428)	(9.0, 0.015729930884891965)	(10.0, 0.013246257587277432)	(11.0, 0.01205041488842599)	(12.0, 0.009658729490723108)	(13.0, 0.008554874691783319)	(14.0, 0.010302644790104652)	(15.0, 0.009198789991164861)	(16.0, 0.0103946326900163)	(17.0, 0.01343023338710073)	(18.0, 0.02152516857932579)	(19.0, 0.032011789169253596)	(20.0, 0.04801768375388078)	(21.0, 0.07184254983099837)	(22.0, 0.09594337960784897)	(23.0, 0.12050414888425777)	(24.0, 0.155643526650508)	(25.0, 0.1894950738179986)	(26.0, 0.2287739070802771)	(27.0, 0.2740319538368134)	(28.0, 0.32204963759068594)	(29.0, 0.37089521244376034)	(30.0, 0.4363905971808393)	(31.0, 0.511360735608816)	(32.0, 0.5993931558242671)	(33.0, 0.7178735709105245)	(34.0, 0.8748049281598687)	(35.0, 1.0891367349541077)	(36.0, 1.3599491122938112)	(37.0, 1.7247731233430783)	(38.0, 2.2438608425440396)	(39.0, 2.8639512758495456)	(40.0, 3.5522967308896645)	(41.0, 4.282220716689925)	(42.0, 5.041212878859482)	(43.0, 5.679332940544268)	(44.0, 6.1495750848909045)	(45.0, 6.410912708538949)	(46.0, 6.3990462694503885)	(47.0, 6.145619605194719)	(48.0, 5.75163542987456)	(49.0, 5.216633803990358)	(50.0, 4.624139740661584)	(51.0, 3.9529040350056235)	(52.0, 3.327294327705363)	(53.0, 2.712631180494608)	(54.0, 2.1492052935350396)	(55.0, 1.6747317057911868)	(56.0, 1.3269254562255595)	(57.0, 1.0196858705207812)	(58.0, 0.7897161207415548)	(59.0, 0.6198144696046624)	(60.0, 0.47640533364239734)	(61.0, 0.38515333693006265)	(62.0, 0.3000645295118069)	(63.0, 0.24551570486419902)	(64.0, 0.18894314641852863)	(65.0, 0.15463165975147977)	(66.0, 0.12482758018010501)	(67.0, 0.10302644790104551)	(68.0, 0.08867633551482913)	(69.0, 0.07285441673002645)	(70.0, 0.05960815914274885)	(71.0, 0.048661599053262346)	(72.0, 0.04406220405767978)	(73.0, 0.033115643968193366)	(74.0, 0.028792212672345933)	(75.0, 0.02649251517455475)	(76.0, 0.025664624075349925)	(77.0, 0.01802962838268319)	(78.0, 0.01067059638975125)	(79.0, 0.008370898891960021)	(80.0, 0.00671511669355035)	(81.0, 0.0057032497945222185)	(82.0, 0.0037715038963775987)	(83.0, 0.003035600697084408)	(84.0, 0.00285162489726111)	(85.0, 0.002391685397702866)	(86.0, 0.0012878305987630819)	(87.0, 0.0009198789991164872)	(88.0, 0.001011866899028136)	(89.0, 0.0011038547989397846)	(90.0, 0.0007359031992931897)	(91.0, 0.00018397579982329742)	(92.0, 0.00045993949955824354)	(93.0, 0.00045993949955824354)	(94.0, 0.00036795159964659484)	(95.0, 0.00027596369973494615)	(96.0, 0.0)	(97.0, 9.198789991164871e-05)	(98.0, 0.00018397579982329742)	(99.0, 0.00018397579982329742)	(100.0, 0.0005519273994698923)
SRR908431_1	(0.0, 16.869179943586605)	(1.0, 3.3912494687078216)	(2.0, 1.171159567754258)	(3.0, 0.6662716863512437)	(4.0, 0.4648317255058587)	(5.0, 0.3411857137337369)	(6.0, 0.24175371260030323)	(7.0, 0.19332569132288038)	(8.0, 0.15223915199443488)	(9.0, 0.12274442626962605)	(10.0, 0.09672724462590802)	(11.0, 0.07637717185507749)	(12.0, 0.06517175203822775)	(13.0, 0.0515191715717212)	(14.0, 0.0435336999781044)	(15.0, 0.0498447984956402)	(16.0, 0.1378137839543537)	(17.0, 0.28103708092374524)	(18.0, 0.328692314627593)	(19.0, 0.3785371131232392)	(20.0, 0.38124186963075485)	(21.0, 0.3902577246558071)	(22.0, 0.421298025527764)	(23.0, 0.43456421220747926)	(24.0, 0.4471864092425481)	(25.0, 0.45916461663297065)	(26.0, 0.5061758606921558)	(27.0, 0.5587254156952997)	(28.0, 0.638708929560379)	(29.0, 0.7586198013935334)	(30.0, 0.9121469326773107)	(31.0, 1.151968676343783)	(32.0, 1.4371272909933908)	(33.0, 1.7718731082805448)	(34.0, 2.1793897554124904)	(35.0, 2.6188482889188744)	(36.0, 3.046199817105915)	(37.0, 3.5222369624291616)	(38.0, 3.9571875684242106)	(39.0, 4.208343529836809)	(40.0, 4.385698277972783)	(41.0, 4.434383895108148)	(42.0, 4.3376566504820655)	(43.0, 4.108653932845347)	(44.0, 3.8352159297279385)	(45.0, 3.52249455828702)	(46.0, 3.141767880371371)	(47.0, 2.769026674050306)	(48.0, 2.4168931363579103)	(49.0, 2.0945119202481566)	(50.0, 1.8105124869593006)	(51.0, 1.5068069705441756)	(52.0, 1.2198451848895568)	(53.0, 1.0187916178308225)	(54.0, 0.8471039785679828)	(55.0, 0.6985999665124915)	(56.0, 0.559369405339946)	(57.0, 0.4675364820133735)	(58.0, 0.37480197318428893)	(59.0, 0.2977808116845566)	(60.0, 0.2485800028335571)	(61.0, 0.21225898687548939)	(62.0, 0.18147628186138515)	(63.0, 0.14322329696938416)	(64.0, 0.10677348308239332)	(65.0, 0.08346105794618938)	(66.0, 0.06323978310428814)	(67.0, 0.050359990211357425)	(68.0, 0.04018495382594255)	(69.0, 0.026017181643719363)	(70.0, 0.021122860344405824)	(71.0, 0.015584549400445735)	(72.0, 0.010819026030061487)	(73.0, 0.009659844669697758)	(74.0, 0.005280715086101448)	(75.0, 0.0033487461521618917)	(76.0, 0.0021895647917981598)	(77.0, 0.0009015855025051249)	(78.0, 0.0012879792892930356)	(79.0, 0.00038639378678791066)	(80.0, 0.00038639378678791066)	(81.0, 0.00025759585785860707)	(82.0, 0.0005151917157172141)	(83.0, 0.00025759585785860707)	(84.0, 0.00012879792892930354)	(85.0, 0.0)	(86.0, 0.0)	(87.0, 0.00012879792892930354)	(88.0, 0.0)	(89.0, 0.0)	(90.0, 0.0)	(91.0, 0.0)	(92.0, 0.0)	(93.0, 0.0)	(94.0, 0.0)	(95.0, 0.0)	(96.0, 0.0)	(97.0, 0.0)	(98.0, 0.00012879792892930354)	(99.0, 0.00012879792892930354)	(100.0, 0.0)
SRR908431_2	(0.0, 14.372943786574432)	(1.0, 5.822156949151304)	(2.0, 2.0798246044763506)	(3.0, 0.9471256216865623)	(4.0, 0.469353930488357)	(5.0, 0.26643488064950827)	(6.0, 0.17422213832801187)	(7.0, 0.12371557406894154)	(8.0, 0.09718687365003587)	(9.0, 0.07767297382266612)	(10.0, 0.06275057983703043)	(11.0, 0.04935868779863944)	(12.0, 0.04208880354922747)	(13.0, 0.040303217944108745)	(14.0, 0.03698713039174541)	(15.0, 0.03316087552363385)	(16.0, 0.032140540892137436)	(17.0, 0.03239562455001154)	(18.0, 0.03545662844450079)	(19.0, 0.04489472378584261)	(20.0, 0.05981711777147813)	(21.0, 0.07346409346774323)	(22.0, 0.09910000108409162)	(23.0, 0.130475291002605)	(24.0, 0.15866203519769223)	(25.0, 0.1927157035238836)	(26.0, 0.23493204890205252)	(27.0, 0.28071956549045995)	(28.0, 0.31821686319795794)	(29.0, 0.3706365548910929)	(30.0, 0.4398917680039044)	(31.0, 0.5134834033005675)	(32.0, 0.5860547039657344)	(33.0, 0.6951029677068904)	(34.0, 0.8356540631955268)	(35.0, 1.02007954783859)	(36.0, 1.2467213778598374)	(37.0, 1.5931249852529967)	(38.0, 2.0567395334387646)	(39.0, 2.5547903754375056)	(40.0, 3.1747712059000683)	(41.0, 3.8068685101132553)	(42.0, 4.430548053616581)	(43.0, 4.9024528206845375)	(44.0, 5.202686286002908)	(45.0, 5.293113442719443)	(46.0, 5.169780494137088)	(47.0, 4.873373283686837)	(48.0, 4.399555389184822)	(49.0, 3.879822436265383)	(50.0, 3.3233574366120058)	(51.0, 2.7841105838661195)	(52.0, 2.258255623159126)	(53.0, 1.7834173940269076)	(54.0, 1.3759212505731313)	(55.0, 1.0820648767020264)	(56.0, 0.8212418365256333)	(57.0, 0.6328625551856224)	(58.0, 0.49409704530213977)	(59.0, 0.396144920678505)	(60.0, 0.2983203378837753)	(61.0, 0.24143668217784298)	(62.0, 0.19705212570774333)	(63.0, 0.16427387567092225)	(64.0, 0.1382553425677648)	(65.0, 0.11249189312248148)	(66.0, 0.08596319270357483)	(67.0, 0.07333655163880617)	(68.0, 0.05905186679785577)	(69.0, 0.05139935706163235)	(70.0, 0.03992059245729759)	(71.0, 0.033033333694696805)	(72.0, 0.027549035050403577)	(73.0, 0.018748648853746892)	(74.0, 0.016197812275005805)	(75.0, 0.013391892038390607)	(76.0, 0.008800386196656686)	(77.0, 0.007652509736223209)	(78.0, 0.0059944659600415185)	(79.0, 0.004974131328545089)	(80.0, 0.002805920236615176)	(81.0, 0.0021682110919299087)	(82.0, 0.0017855856051187489)	(83.0, 0.0014029601183075887)	(84.0, 0.0016580437761816956)	(85.0, 0.0014029601183075887)	(86.0, 0.0015305019472446422)	(87.0, 0.000510167315748214)	(88.0, 0.000255083657874107)	(89.0, 0.00038262548681116055)	(90.0, 0.000255083657874107)	(91.0, 0.0001275418289370535)	(92.0, 0.000255083657874107)	(93.0, 0.00038262548681116055)	(94.0, 0.0007652509736223209)	(95.0, 0.0007652509736223209)	(96.0, 0.0001275418289370535)	(97.0, 0.0001275418289370535)	(98.0, 0.0001275418289370535)	(99.0, 0.0001275418289370535)	(100.0, 0.00019131274340558027)
SRR908432_1	(0.0, 3.2234899541006405)	(1.0, 0.9680763373255562)	(2.0, 0.38547982755533017)	(3.0, 0.21932472947112655)	(4.0, 0.15302479277217068)	(5.0, 0.10244880194069148)	(6.0, 0.07375665329590862)	(7.0, 0.057222194754847515)	(8.0, 0.04311927423453112)	(9.0, 0.037283582984745024)	(10.0, 0.02853004611006583)	(11.0, 0.01847968895765623)	(12.0, 0.018641791492372512)	(13.0, 0.017020766145209674)	(14.0, 0.014913433193897992)	(15.0, 0.02301855992971218)	(16.0, 0.12773679735643204)	(17.0, 0.32939235054349)	(18.0, 0.44740299581695725)	(19.0, 0.5219701617864475)	(20.0, 0.5610368726530628)	(21.0, 0.5913500466450008)	(22.0, 0.5913500466450008)	(23.0, 0.5976720454989344)	(24.0, 0.6497069591428494)	(25.0, 0.6822895686208147)	(26.0, 0.7210320744179974)	(27.0, 0.7750122184785073)	(28.0, 0.859143433996239)	(29.0, 0.9959579732967506)	(30.0, 1.2006934746435087)	(31.0, 1.4474135324818032)	(32.0, 1.783776292018243)	(33.0, 2.255818873111913)	(34.0, 2.752014731878003)	(35.0, 3.3028391448434307)	(36.0, 3.9142899057926934)	(37.0, 4.509206208202343)	(38.0, 5.002322118810172)	(39.0, 5.374671641054151)	(40.0, 5.54098884167336)	(41.0, 5.621229596358066)	(42.0, 5.455074498273573)	(43.0, 5.209651260712675)	(44.0, 4.880745217772739)	(45.0, 4.371743258762685)	(46.0, 3.8873808850298146)	(47.0, 3.364600210570278)	(48.0, 2.8620823529502593)	(49.0, 2.4349421739732424)	(50.0, 2.041681424751898)	(51.0, 1.7043460500072283)	(52.0, 1.4148309230038156)	(53.0, 1.1583847130825398)	(54.0, 0.9482998280901742)	(55.0, 0.7884667288599557)	(56.0, 0.6417639349417532)	(57.0, 0.5034904728287954)	(58.0, 0.40606684946430044)	(59.0, 0.3280955302657596)	(60.0, 0.2561220048517218)	(61.0, 0.19095678589577872)	(62.0, 0.1556184333276311)	(63.0, 0.11703803006515734)	(64.0, 0.0983962385727843)	(65.0, 0.06694834683782455)	(66.0, 0.04652342746357301)	(67.0, 0.0333931221515543)	(68.0, 0.025450097950456437)	(69.0, 0.018317586422939947)	(70.0, 0.016048150936911972)	(71.0, 0.010860869825990938)	(72.0, 0.006321998853935029)	(73.0, 0.0035662557637582185)	(74.0, 0.0035662557637582185)	(75.0, 0.0035662557637582185)	(76.0, 0.0008105126735814137)	(77.0, 0.0003242050694325655)	(78.0, 0.001134717743013979)	(79.0, 0.001296820277730262)	(80.0, 0.0003242050694325655)	(81.0, 0.0)	(82.0, 0.00016210253471628274)	(83.0, 0.00016210253471628274)	(84.0, 0.00016210253471628274)	(85.0, 0.0)	(86.0, 0.00016210253471628274)	(87.0, 0.0)	(88.0, 0.0003242050694325655)	(89.0, 0.0)	(90.0, 0.0)	(91.0, 0.0)	(92.0, 0.00016210253471628274)	(93.0, 0.0003242050694325655)	(94.0, 0.00016210253471628274)	(95.0, 0.0)	(96.0, 0.0)	(97.0, 0.0)	(98.0, 0.0)	(99.0, 0.0)	(100.0, 0.0)
SRR908432_2	(0.0, 2.928388581266169)	(1.0, 1.3809016799296605)	(2.0, 0.5567943145814089)	(3.0, 0.2545299206150901)	(4.0, 0.12880217216123174)	(5.0, 0.07119718059163489)	(6.0, 0.04854353222156915)	(7.0, 0.03478953142545804)	(8.0, 0.022977271918209505)	(9.0, 0.02184458949970621)	(10.0, 0.01634298918126165)	(11.0, 0.012297694829464214)	(12.0, 0.011165012410960936)	(13.0, 0.011974071281320421)	(14.0, 0.011650447733176627)	(15.0, 0.009708706444313861)	(16.0, 0.011326824185032832)	(17.0, 0.01472487144054267)	(18.0, 0.024433577884856592)	(19.0, 0.03414228432917046)	(20.0, 0.055501438506660644)	(21.0, 0.08268581655073995)	(22.0, 0.1213588305539246)	(23.0, 0.15663379730159657)	(24.0, 0.2122970475823262)	(25.0, 0.2674748625408434)	(26.0, 0.31035498266990114)	(27.0, 0.3669891035950718)	(28.0, 0.42653583645353693)	(29.0, 0.488186122374937)	(30.0, 0.5809042689181162)	(31.0, 0.6554994967652441)	(32.0, 0.7328455247715937)	(33.0, 0.8648839324142322)	(34.0, 1.023135847456532)	(35.0, 1.2181190352132574)	(36.0, 1.4990242750021996)	(37.0, 1.8849453561638512)	(38.0, 2.418924210600769)	(39.0, 3.045459399806587)	(40.0, 3.8247449037361374)	(41.0, 4.688657965507156)	(42.0, 5.550305662441579)	(43.0, 6.396743052613216)	(44.0, 6.915187976740518)	(45.0, 7.100786081601323)	(46.0, 6.972954780084291)	(47.0, 6.602729441007115)	(48.0, 5.906291565400402)	(49.0, 5.12231352002063)	(50.0, 4.241086598423473)	(51.0, 3.4469144112786)	(52.0, 2.658082012678816)	(53.0, 2.069734402153931)	(54.0, 1.5647198552754198)	(55.0, 1.1694136912175939)	(56.0, 0.8783143096621966)	(57.0, 0.670709803527999)	(58.0, 0.49223141672673487)	(59.0, 0.3571185853766849)	(60.0, 0.2843032870443227)	(61.0, 0.2156950948378359)	(62.0, 0.16682793906812554)	(63.0, 0.12847854861308797)	(64.0, 0.10453040605044676)	(65.0, 0.0857602402581061)	(66.0, 0.07313892188049773)	(67.0, 0.05841405043995476)	(68.0, 0.043041931903124706)	(69.0, 0.03656946094024889)	(70.0, 0.03333322545881098)	(71.0, 0.027184378044078875)	(72.0, 0.021035530629346717)	(73.0, 0.01537211853683026)	(74.0, 0.009870518218385759)	(75.0, 0.010517765314673348)	(76.0, 0.006957906285091606)	(77.0, 0.005663412092516422)	(78.0, 0.005177976770300727)	(79.0, 0.0038834825777255434)	(80.0, 0.0035598590295817484)	(81.0, 0.00210355306293467)	(82.0, 0.0011326824185032838)	(83.0, 0.0009708706444313862)	(84.0, 0.0006472470962875908)	(85.0, 0.0012944941925751817)	(86.0, 0.0008090588703594885)	(87.0, 0.0006472470962875908)	(88.0, 0.0)	(89.0, 0.0003236235481437954)	(90.0, 0.0003236235481437954)	(91.0, 0.0012944941925751817)	(92.0, 0.0012944941925751817)	(93.0, 0.0003236235481437954)	(94.0, 0.0006472470962875908)	(95.0, 0.0006472470962875908)	(96.0, 0.0001618117740718977)	(97.0, 0.0001618117740718977)	(98.0, 0.0)	(99.0, 0.0003236235481437954)	(100.0, 0.00024271766110784654)
SRR908433_1	(0.0, 2.568042484050559)	(1.0, 0.8817101595229347)	(2.0, 0.2987484232001374)	(3.0, 0.1445724341637526)	(4.0, 0.09006577137310891)	(5.0, 0.0638506621261812)	(6.0, 0.04620088560349713)	(7.0, 0.03893333056474473)	(8.0, 0.025695998172731452)	(9.0, 0.023619553875945075)	(10.0, 0.02232177619045359)	(11.0, 0.01635199883719276)	(12.0, 0.01167999916942341)	(13.0, 0.014794665614602976)	(14.0, 0.013496887929111492)	(15.0, 0.026993775858222952)	(16.0, 0.14223643432986785)	(17.0, 0.3340479762455039)	(18.0, 0.46668085570273815)	(19.0, 0.5707626260791674)	(20.0, 0.6128106230890965)	(21.0, 0.6237119556472261)	(22.0, 0.6169635116826696)	(23.0, 0.6416212877070108)	(24.0, 0.6686150635652368)	(25.0, 0.7158541713171324)	(26.0, 0.7467412802318334)	(27.0, 0.7960568322805155)	(28.0, 0.9196052679392777)	(29.0, 1.007075483941384)	(30.0, 1.2289954681603783)	(31.0, 1.506719892855494)	(32.0, 1.8763269776835778)	(33.0, 2.3121207244718183)	(34.0, 2.76244958133757)	(35.0, 3.3942077586348347)	(36.0, 3.992483271645867)	(37.0, 4.5910183401939975)	(38.0, 5.126221857690201)	(39.0, 5.533204939859962)	(40.0, 5.746559591354568)	(41.0, 5.755644035153001)	(42.0, 5.524380051598627)	(43.0, 5.261450292518291)	(44.0, 4.8461614331613925)	(45.0, 4.448003239252966)	(46.0, 3.8782788353227198)	(47.0, 3.3487855396426736)	(48.0, 2.8522557971736218)	(49.0, 2.3946593852691147)	(50.0, 1.999096746731129)	(51.0, 1.6331234394223622)	(52.0, 1.3582541256353011)	(53.0, 1.126471031006574)	(54.0, 0.8967643806746325)	(55.0, 0.7459626136205383)	(56.0, 0.5829617363227888)	(57.0, 0.46694041123983643)	(58.0, 0.40412797126204125)	(59.0, 0.3083519780727739)	(60.0, 0.240607982890122)	(61.0, 0.18142932043171195)	(62.0, 0.13704532358790175)	(63.0, 0.10304354822802375)	(64.0, 0.0770879945181942)	(65.0, 0.06359110658908292)	(66.0, 0.03945244163894134)	(67.0, 0.02751288693241955)	(68.0, 0.02232177619045359)	(69.0, 0.01609244330009446)	(70.0, 0.01167999916942341)	(71.0, 0.007007999501654041)	(72.0, 0.006488888427457444)	(73.0, 0.0059697773532608476)	(74.0, 0.0036337775193761696)	(75.0, 0.001297777685491489)	(76.0, 0.0002595555370982978)	(77.0, 0.0005191110741965956)	(78.0, 0.0002595555370982978)	(79.0, 0.0005191110741965956)	(80.0, 0.0002595555370982978)	(81.0, 0.0002595555370982978)	(82.0, 0.0)	(83.0, 0.0)	(84.0, 0.0002595555370982978)	(85.0, 0.0002595555370982978)	(86.0, 0.0)	(87.0, 0.0)	(88.0, 0.0002595555370982978)	(89.0, 0.0)	(90.0, 0.0)	(91.0, 0.0)	(92.0, 0.0002595555370982978)	(93.0, 0.0002595555370982978)	(94.0, 0.0)	(95.0, 0.0)	(96.0, 0.0002595555370982978)	(97.0, 0.0002595555370982978)	(98.0, 0.0)	(99.0, 0.0)	(100.0, 0.0)
SRR908433_2	(0.0, 2.4780550445892158)	(1.0, 1.119739650822546)	(2.0, 0.40414187166104437)	(3.0, 0.17372145796577115)	(4.0, 0.07637530566304303)	(5.0, 0.04401288800921148)	(6.0, 0.026148833464296143)	(7.0, 0.021229745980913702)	(8.0, 0.013980564426455382)	(9.0, 0.012427168379071455)	(10.0, 0.013203866402763418)	(11.0, 0.009838174966764899)	(12.0, 0.009579275625534244)	(13.0, 0.009579275625534244)	(14.0, 0.008543678260611622)	(15.0, 0.008284778919380967)	(16.0, 0.010097074307995557)	(17.0, 0.017605155203684542)	(18.0, 0.029255625559064025)	(19.0, 0.04401288800921148)	(20.0, 0.061359143871665245)	(21.0, 0.09268596416057406)	(22.0, 0.13799334887593973)	(23.0, 0.17449815598946314)	(24.0, 0.23818739393220278)	(25.0, 0.28841386613094705)	(26.0, 0.3500319093438395)	(27.0, 0.4005172808838148)	(28.0, 0.4535916458361051)	(29.0, 0.5478310060440743)	(30.0, 0.6273131038018945)	(31.0, 0.7363097264600127)	(32.0, 0.8473775438479585)	(33.0, 0.9848530940414052)	(34.0, 1.1777331032581995)	(35.0, 1.4001276373752818)	(36.0, 1.7133958402643867)	(37.0, 2.1159843158782388)	(38.0, 2.7350126407610165)	(39.0, 3.3698338254586147)	(40.0, 4.234816524509447)	(41.0, 5.24814854608531)	(42.0, 6.110542251723838)	(43.0, 6.744586738398177)	(44.0, 7.2719646964859805)	(45.0, 7.337725129158687)	(46.0, 7.063809626136155)	(47.0, 6.459020765020244)	(48.0, 5.67403796240935)	(49.0, 4.747437220145678)	(50.0, 3.9000596762985147)	(51.0, 3.0469863469440983)	(52.0, 2.3124889158723954)	(53.0, 1.7403213717523873)	(54.0, 1.3051115791436527)	(55.0, 0.9641411467429575)	(56.0, 0.7091252956307909)	(57.0, 0.49889903055147494)	(58.0, 0.3813587296327469)	(59.0, 0.29669864505032756)	(60.0, 0.21229745980913872)	(61.0, 0.15171501396116485)	(62.0, 0.13488655678117178)	(63.0, 0.11003222002302818)	(64.0, 0.07559860763935107)	(65.0, 0.05566335836459091)	(66.0, 0.048414176810132645)	(67.0, 0.03779930381967571)	(68.0, 0.025889934123065485)	(69.0, 0.021229745980913702)	(70.0, 0.016569557838761923)	(71.0, 0.015016161791377998)	(72.0, 0.011909369696610146)	(73.0, 0.010614872990456867)	(74.0, 0.00802587957815031)	(75.0, 0.0041423894596904825)	(76.0, 0.005177986824613102)	(77.0, 0.004401288800921136)	(78.0, 0.003624590777229172)	(79.0, 0.0033656914359985173)	(80.0, 0.0020711947298452413)	(81.0, 0.002588993412306552)	(82.0, 0.0012944967061532758)	(83.0, 0.0012944967061532758)	(84.0, 0.0007766980236919654)	(85.0, 0.0010355973649226206)	(86.0, 0.00025889934123065516)	(87.0, 0.0005177986824613103)	(88.0, 0.00025889934123065516)	(89.0, 0.0005177986824613103)	(90.0, 0.0007766980236919654)	(91.0, 0.00025889934123065516)	(92.0, 0.00025889934123065516)	(93.0, 0.0)	(94.0, 0.00025889934123065516)	(95.0, 0.00025889934123065516)	(96.0, 0.0005177986824613103)	(97.0, 0.0005177986824613103)	(98.0, 0.0)	(99.0, 0.0)	(100.0, 0.0)
SRR908434_1	(0.0, 3.1221463425564147)	(1.0, 1.3004741389774006)	(2.0, 0.4313749656860598)	(3.0, 0.15611665424828966)	(4.0, 0.1023348403445727)	(5.0, 0.07208257002373224)	(6.0, 0.06162499509800939)	(7.0, 0.04668560234697673)	(8.0, 0.03846893633390877)	(9.0, 0.029878785502065065)	(10.0, 0.023156058764100443)	(11.0, 0.023156058764100443)	(12.0, 0.016806816844911626)	(13.0, 0.01605984720736)	(14.0, 0.01792727130123907)	(15.0, 0.04257726934044276)	(16.0, 0.18226059156259736)	(17.0, 0.37087042504438145)	(18.0, 0.5452878354126766)	(19.0, 0.6028044975041535)	(20.0, 0.6289484348184634)	(21.0, 0.6674173711523766)	(22.0, 0.6946817629230141)	(23.0, 0.7316567599818239)	(24.0, 0.7447287286389789)	(25.0, 0.7413673652699961)	(26.0, 0.8134499352937363)	(27.0, 0.9071946248064763)	(28.0, 1.0151317374326987)	(29.0, 1.1768506639626344)	(30.0, 1.4155074631603248)	(31.0, 1.7393188010388818)	(32.0, 2.153886949879941)	(33.0, 2.6595853945025265)	(34.0, 3.230643682411005)	(35.0, 3.8622065109611934)	(36.0, 4.43998752560764)	(37.0, 4.953902636242896)	(38.0, 5.349049574507347)	(39.0, 5.4883594119106)	(40.0, 5.60301925127467)	(41.0, 5.5279488027007995)	(42.0, 5.237004128874705)	(43.0, 4.877338248393924)	(44.0, 4.426168587312929)	(45.0, 3.9779868047817484)	(46.0, 3.4181330614365493)	(47.0, 2.9120611319950913)	(48.0, 2.467614197651671)	(49.0, 2.0343718078717075)	(50.0, 1.715789257456011)	(51.0, 1.4405309460182987)	(52.0, 1.1817059666067187)	(53.0, 0.947157500415493)	(54.0, 0.7484635768267374)	(55.0, 0.6072863153294638)	(56.0, 0.48963859741508353)	(57.0, 0.4220378452166651)	(58.0, 0.3316545190729233)	(59.0, 0.23940376883529849)	(60.0, 0.1874893790254589)	(61.0, 0.15312877569808309)	(62.0, 0.10793711262620984)	(63.0, 0.08291362976823068)	(64.0, 0.06760075219842245)	(65.0, 0.043697723796770206)	(66.0, 0.03510757296492644)	(67.0, 0.025396967676755318)	(68.0, 0.02390302840165207)	(69.0, 0.01605984720736)	(70.0, 0.008216666013067898)	(71.0, 0.005975757100413018)	(72.0, 0.004108333006533952)	(73.0, 0.0033613633689823235)	(74.0, 0.003734848187758137)	(75.0, 0.0018674240938790683)	(76.0, 0.0018674240938790683)	(77.0, 0.0007469696375516274)	(78.0, 0.0007469696375516274)	(79.0, 0.0003734848187758137)	(80.0, 0.0007469696375516274)	(81.0, 0.0007469696375516274)	(82.0, 0.0)	(83.0, 0.0)	(84.0, 0.0003734848187758137)	(85.0, 0.0003734848187758137)	(86.0, 0.0)	(87.0, 0.0)	(88.0, 0.0003734848187758137)	(89.0, 0.0003734848187758137)	(90.0, 0.0003734848187758137)	(91.0, 0.0003734848187758137)	(92.0, 0.0)	(93.0, 0.0)	(94.0, 0.0)	(95.0, 0.0)	(96.0, 0.0)	(97.0, 0.0003734848187758137)	(98.0, 0.0003734848187758137)	(99.0, 0.0)	(100.0, 0.0)
SRR908434_2	(0.0, 3.5554776799363594)	(1.0, 1.1937338294177007)	(2.0, 0.3511859048442955)	(3.0, 0.1614262174071973)	(4.0, 0.0909653511486286)	(5.0, 0.05890379295689901)	(6.0, 0.03355279345646135)	(7.0, 0.027215043581352003)	(8.0, 0.019013249625328132)	(9.0, 0.015285161463499087)	(10.0, 0.016403587912047803)	(11.0, 0.01752201436059652)	(12.0, 0.014912352647316184)	(13.0, 0.015285161463499087)	(14.0, 0.009693029220755512)	(15.0, 0.010811455669304226)	(16.0, 0.014539543831133277)	(17.0, 0.014539543831133277)	(18.0, 0.02236852897097426)	(19.0, 0.03578964635355877)	(20.0, 0.06002221940544772)	(21.0, 0.08686445417061671)	(22.0, 0.1256365710536382)	(23.0, 0.1662727320175752)	(24.0, 0.20318080481968379)	(25.0, 0.26767673001932807)	(26.0, 0.32956299350568824)	(27.0, 0.36796230157252524)	(28.0, 0.45818203508878297)	(29.0, 0.5297613277958966)	(30.0, 0.62221791420926)	(31.0, 0.7094551771960695)	(32.0, 0.7996749107123428)	(33.0, 0.8999604822655555)	(34.0, 1.098294772474883)	(35.0, 1.2981202979488902)	(36.0, 1.6056875712997167)	(37.0, 2.040755459785067)	(38.0, 2.589902846022565)	(39.0, 3.2341164803869162)	(40.0, 4.113572477762788)	(41.0, 5.10971763460324)	(42.0, 6.007441263970857)	(43.0, 6.685580500606944)	(44.0, 7.11803872737872)	(45.0, 7.3480617669633626)	(46.0, 7.075911331150089)	(47.0, 6.522663047935162)	(48.0, 5.727834651833934)	(49.0, 4.8905060506878915)	(50.0, 3.974514789326501)	(51.0, 3.1595547171503013)	(52.0, 2.354660483011045)	(53.0, 1.7652497446259634)	(54.0, 1.3059492830887296)	(55.0, 0.9256842905821787)	(56.0, 0.671428677945409)	(57.0, 0.5167130192294956)	(58.0, 0.37057196328580544)	(59.0, 0.26655830357077936)	(60.0, 0.20206237837113503)	(61.0, 0.16030779095864855)	(62.0, 0.1241453357889066)	(63.0, 0.0891013070677141)	(64.0, 0.07083367507475204)	(65.0, 0.04958357255232632)	(66.0, 0.03131594055936393)	(67.0, 0.029824705294632322)	(68.0, 0.02609661713280329)	(69.0, 0.02460538186807168)	(70.0, 0.023486955419522972)	(71.0, 0.015285161463499087)	(72.0, 0.015657970279681993)	(73.0, 0.010065838036938416)	(74.0, 0.009320220404572607)	(75.0, 0.006710558691292278)	(76.0, 0.006337749875109373)	(77.0, 0.0033552793456461394)	(78.0, 0.0033552793456461394)	(79.0, 0.002982470529463235)	(80.0, 0.0014912352647316175)	(81.0, 0.0014912352647316175)	(82.0, 0.0014912352647316175)	(83.0, 0.0014912352647316175)	(84.0, 0.0014912352647316175)	(85.0, 0.0011184264485487132)	(86.0, 0.0014912352647316175)	(87.0, 0.0011184264485487132)	(88.0, 0.0003728088161829044)	(89.0, 0.0003728088161829044)	(90.0, 0.0)	(91.0, 0.0003728088161829044)	(92.0, 0.0003728088161829044)	(93.0, 0.0)	(94.0, 0.0003728088161829044)	(95.0, 0.0003728088161829044)	(96.0, 0.0)	(97.0, 0.0)	(98.0, 0.0)	(99.0, 0.0)	(100.0, 0.0)
SRR908435_1	(0.0, 10.58926905026268)	(1.0, 2.537174151448743)	(2.0, 0.8604377115844799)	(3.0, 0.4389376673092215)	(4.0, 0.28935555722060674)	(5.0, 0.1975355734321503)	(6.0, 0.13514157851358033)	(7.0, 0.10707790394321914)	(8.0, 0.08228378369173596)	(9.0, 0.06266645777847461)	(10.0, 0.05122301766240548)	(11.0, 0.04359405758502591)	(12.0, 0.03569263464773992)	(13.0, 0.030243377449611655)	(14.0, 0.02997091458970524)	(15.0, 0.0550374977010952)	(16.0, 0.1389560585522702)	(17.0, 0.22559924800251008)	(18.0, 0.2798193571238829)	(19.0, 0.31469460319190157)	(20.0, 0.31006273457349287)	(21.0, 0.31605691749143355)	(22.0, 0.3419408891825411)	(23.0, 0.36210314081561445)	(24.0, 0.37545382095102786)	(25.0, 0.42095511855539636)	(26.0, 0.45446805032388876)	(27.0, 0.5223113024405929)	(28.0, 0.6280268920842925)	(29.0, 0.7800611679120873)	(30.0, 0.9555272496917958)	(31.0, 1.2026510636268548)	(32.0, 1.499090655204963)	(33.0, 1.8739995504362363)	(34.0, 2.28814309749417)	(35.0, 2.789474759722195)	(36.0, 3.329768610916854)	(37.0, 3.8392741589414054)	(38.0, 4.458854702368022)	(39.0, 4.684181487510418)	(40.0, 4.770279751240766)	(41.0, 4.813601345965846)	(42.0, 4.85174614635271)	(43.0, 4.542228337499307)	(44.0, 4.26077420321624)	(45.0, 3.8444509532796225)	(46.0, 3.524852018609693)	(47.0, 3.1807314265479794)	(48.0, 2.8594977147181746)	(49.0, 2.61291882650276)	(50.0, 2.2355577655322088)	(51.0, 1.8500228187644612)	(52.0, 1.5236123125965344)	(53.0, 1.2574160984680312)	(54.0, 1.0814050909685293)	(55.0, 0.9176549121648132)	(56.0, 0.769980042095549)	(57.0, 0.6124965090696254)	(58.0, 0.5141374166433996)	(59.0, 0.4059696612605442)	(60.0, 0.33131483764619174)	(61.0, 0.26919330558753346)	(62.0, 0.2196050650845694)	(63.0, 0.20543699636943646)	(64.0, 0.15394151584712326)	(65.0, 0.1092576068224705)	(66.0, 0.08037654367239111)	(67.0, 0.06866064069641559)	(68.0, 0.05285779482184395)	(69.0, 0.0414143547057746)	(70.0, 0.030243377449611655)	(71.0, 0.025883971691109047)	(72.0, 0.013350680135414166)	(73.0, 0.008446348657098755)	(74.0, 0.004904331478315404)	(75.0, 0.006539108637753871)	(76.0, 0.004086942898596171)	(77.0, 0.0019072400193448796)	(78.0, 0.0019072400193448796)	(79.0, 0.0008173885797192344)	(80.0, 0.0005449257198128228)	(81.0, 0.0002724628599064114)	(82.0, 0.0005449257198128228)	(83.0, 0.0)	(84.0, 0.0005449257198128228)	(85.0, 0.0005449257198128228)	(86.0, 0.0002724628599064114)	(87.0, 0.0002724628599064114)	(88.0, 0.0)	(89.0, 0.0)	(90.0, 0.0)	(91.0, 0.0)	(92.0, 0.0)	(93.0, 0.0)	(94.0, 0.0)	(95.0, 0.0)	(96.0, 0.0)	(97.0, 0.0)	(98.0, 0.0)	(99.0, 0.0)	(100.0, 0.0004086942898596172)
SRR908435_2	(0.0, 9.471533265807356)	(1.0, 3.7829259177011605)	(2.0, 1.2880581088620338)	(3.0, 0.5714471424934965)	(4.0, 0.2813903227728581)	(5.0, 0.16276764580027903)	(6.0, 0.10995618002481297)	(7.0, 0.08476917327036074)	(8.0, 0.06499872710826403)	(9.0, 0.04793656124234487)	(10.0, 0.042790828679607255)	(11.0, 0.03466598779107419)	(12.0, 0.03412433173183865)	(13.0, 0.027624459021012203)	(14.0, 0.02545783478407006)	(15.0, 0.021666242369421336)	(16.0, 0.019770446162096975)	(17.0, 0.021666242369421336)	(18.0, 0.026541146902541123)	(19.0, 0.035207643850309736)	(20.0, 0.04956152942005148)	(21.0, 0.06499872710826403)	(22.0, 0.07962344070762324)	(23.0, 0.10562293155092857)	(24.0, 0.12701834589073274)	(25.0, 0.16385095791875012)	(26.0, 0.22505809261236573)	(27.0, 0.269473889469677)	(28.0, 0.30982726588272197)	(29.0, 0.36886777633939183)	(30.0, 0.42709580270721026)	(31.0, 0.5254063774584709)	(32.0, 0.6562163157638672)	(33.0, 0.803546763875949)	(34.0, 0.9514188680472259)	(35.0, 1.1902891901700419)	(36.0, 1.4408051175664194)	(37.0, 1.8205060150905492)	(38.0, 2.3965572340878016)	(39.0, 3.07579393236947)	(40.0, 3.526180945623751)	(41.0, 4.040483373867422)	(42.0, 4.588639305813285)	(43.0, 5.05338020463695)	(44.0, 5.335041355439171)	(45.0, 5.405456643139726)	(46.0, 5.2705842843902015)	(47.0, 5.037672178919133)	(48.0, 4.731907333480953)	(49.0, 4.30399904668527)	(50.0, 3.7926757267673907)	(51.0, 3.3211641272032786)	(52.0, 2.7340089589916925)	(53.0, 2.2107692057699286)	(54.0, 1.7861108553290772)	(55.0, 1.4326802766778883)	(56.0, 1.1521024379939455)	(57.0, 0.9525021801656967)	(58.0, 0.7826930055953788)	(59.0, 0.6139671431434907)	(60.0, 0.49805274646707326)	(61.0, 0.41192943304861435)	(62.0, 0.3339309605187019)	(63.0, 0.27353630991394323)	(64.0, 0.21937070399039296)	(65.0, 0.1811839518142877)	(66.0, 0.15030955643786137)	(67.0, 0.11997681712067063)	(68.0, 0.10399796337322191)	(69.0, 0.08341503312227191)	(70.0, 0.06743617937482389)	(71.0, 0.05633223016049561)	(72.0, 0.05226980971622916)	(73.0, 0.0398117203538118)	(74.0, 0.025999490843305592)	(75.0, 0.023020382517510166)	(76.0, 0.01868713404362591)	(77.0, 0.011916433303181753)	(78.0, 0.009749809066239614)	(79.0, 0.008395668918150776)	(80.0, 0.0054165605923553375)	(81.0, 0.0062290446812086385)	(82.0, 0.0054165605923553375)	(83.0, 0.003249936355413204)	(84.0, 0.0021666242369421354)	(85.0, 0.0018957962073243683)	(86.0, 0.0013541401480888348)	(87.0, 0.0016249681777066017)	(88.0, 0.0010833121184710677)	(89.0, 0.0010833121184710677)	(90.0, 0.00027082802961776693)	(91.0, 0.0)	(92.0, 0.00027082802961776693)	(93.0, 0.000812484088853301)	(94.0, 0.00027082802961776693)	(95.0, 0.0)	(96.0, 0.00027082802961776693)	(97.0, 0.0)	(98.0, 0.0)	(99.0, 0.0)	(100.0, 0.0004062420444266505)
SRR908436_1	(0.0, 6.732835265880441)	(1.0, 2.0253541124371464)	(2.0, 0.5679321185896696)	(3.0, 0.19823535377439358)	(4.0, 0.12359284675975019)	(5.0, 0.09195091443832577)	(6.0, 0.07193806835469035)	(7.0, 0.053006997735035234)	(8.0, 0.03867347283729607)	(9.0, 0.03623947804334036)	(10.0, 0.026773942733512596)	(11.0, 0.02461039180555198)	(12.0, 0.024339947939556905)	(13.0, 0.01974240221764061)	(14.0, 0.02055373381562584)	(15.0, 0.05490010479700074)	(16.0, 0.19823535377439358)	(17.0, 0.3561745715155104)	(18.0, 0.495994050234971)	(19.0, 0.561171021939792)	(20.0, 0.5801020925594496)	(21.0, 0.5960582806531609)	(22.0, 0.6141780196748331)	(23.0, 0.608769142354931)	(24.0, 0.6485243906562118)	(25.0, 0.7091038166391159)	(26.0, 0.7715763496839859)	(27.0, 0.8337784388628595)	(28.0, 0.9481761941787511)	(29.0, 1.1485750988810577)	(30.0, 1.3646597478110751)	(31.0, 1.6521415773637766)	(32.0, 2.0402285250668823)	(33.0, 2.541361008755988)	(34.0, 3.0622358946627433)	(35.0, 3.6509921909338465)	(36.0, 4.21486765153307)	(37.0, 4.690578411817977)	(38.0, 5.007538622763919)	(39.0, 5.291504682058492)	(40.0, 5.260403637469087)	(41.0, 5.176025151278699)	(42.0, 4.983198674824385)	(43.0, 4.562388019336428)	(44.0, 4.144822690240408)	(45.0, 3.7318549068663014)	(46.0, 3.252628376323364)	(47.0, 2.7842196004196773)	(48.0, 2.352050302559348)	(49.0, 1.9731584463000729)	(50.0, 1.6964943713869831)	(51.0, 1.416314526216123)	(52.0, 1.1585815219228732)	(53.0, 0.945201311652806)	(54.0, 0.7767147831378929)	(55.0, 0.6366248605524271)	(56.0, 0.5105980189987068)	(57.0, 0.4048544673946215)	(58.0, 0.3253439707920734)	(59.0, 0.27287786078903137)	(60.0, 0.20553733815626085)	(61.0, 0.1590209932051063)	(62.0, 0.1392785909874651)	(63.0, 0.11142287278997137)	(64.0, 0.08924647577837504)	(65.0, 0.05895676278692683)	(66.0, 0.04759812041513368)	(67.0, 0.037591697373315754)	(68.0, 0.023799060207566752)	(69.0, 0.021635509279606144)	(70.0, 0.015144856495724317)	(71.0, 0.009195091443832622)	(72.0, 0.00622020891788677)	(73.0, 0.004327101855921232)	(74.0, 0.0032453263919409244)	(75.0, 0.0018931070619655392)	(76.0, 0.0005408877319901541)	(77.0, 0.0010817754639803083)	(78.0, 0.0008113315979852311)	(79.0, 0.00027044386599507707)	(80.0, 0.00027044386599507707)	(81.0, 0.0)	(82.0, 0.0)	(83.0, 0.00027044386599507707)	(84.0, 0.00027044386599507707)	(85.0, 0.00027044386599507707)	(86.0, 0.0)	(87.0, 0.00027044386599507707)	(88.0, 0.0)	(89.0, 0.0)	(90.0, 0.0)	(91.0, 0.0)	(92.0, 0.00027044386599507707)	(93.0, 0.0)	(94.0, 0.0)	(95.0, 0.0)	(96.0, 0.0)	(97.0, 0.0)	(98.0, 0.0)	(99.0, 0.0)	(100.0, 0.0)
SRR908436_2	(0.0, 6.863226244857261)	(1.0, 2.20010462564014)	(2.0, 0.6086084250606303)	(3.0, 0.24484556931991192)	(4.0, 0.11460282704951787)	(5.0, 0.07523338528662467)	(6.0, 0.04799836050544536)	(7.0, 0.03829082692007435)	(8.0, 0.03289775270597934)	(9.0, 0.0234598728313131)	(10.0, 0.020493682013560874)	(11.0, 0.0177971449065134)	(12.0, 0.016988183774399156)	(13.0, 0.014291646667351679)	(14.0, 0.015370261510170671)	(15.0, 0.016179222642284913)	(16.0, 0.0177971449065134)	(17.0, 0.01671853006369441)	(18.0, 0.02426883396342734)	(19.0, 0.04907697534826437)	(20.0, 0.06444723685843487)	(21.0, 0.08197472805424329)	(22.0, 0.12377105321347959)	(23.0, 0.17015149145469766)	(24.0, 0.20763335724265874)	(25.0, 0.26048548454078646)	(26.0, 0.30902315246763845)	(27.0, 0.369155929954794)	(28.0, 0.4554451173803156)	(29.0, 0.5217799302136913)	(30.0, 0.5918898949969339)	(31.0, 0.6824935417937397)	(32.0, 0.7933212168934041)	(33.0, 0.9081936976536127)	(34.0, 1.0840079170330688)	(35.0, 1.3021577689931607)	(36.0, 1.6111809214607322)	(37.0, 2.032110363871005)	(38.0, 2.5781591280483696)	(39.0, 3.28788769462359)	(40.0, 4.136487922210698)	(41.0, 4.941673902374345)	(42.0, 5.711265592724997)	(43.0, 6.367063417158349)	(44.0, 6.725163544974197)	(45.0, 6.805790004475064)	(46.0, 6.45928498621929)	(47.0, 5.948021550723551)	(48.0, 5.214293803896598)	(49.0, 4.42286016297888)	(50.0, 3.611741801179734)	(51.0, 2.815993700890066)	(52.0, 2.2205983076537104)	(53.0, 1.6349104480027448)	(54.0, 1.2333960727634656)	(55.0, 0.9019916623074048)	(56.0, 0.66388743575511)	(57.0, 0.512342050339024)	(58.0, 0.38964961196835374)	(59.0, 0.2890687778754882)	(60.0, 0.22138569648860015)	(61.0, 0.17878041019724986)	(62.0, 0.13374824050955558)	(63.0, 0.10974906025683225)	(64.0, 0.09195191535031884)	(65.0, 0.08224438176494803)	(66.0, 0.05878450893363524)	(67.0, 0.053930742140949825)	(68.0, 0.036942558366550596)	(69.0, 0.025617102516951082)	(70.0, 0.021572296856379868)	(71.0, 0.015909568931580166)	(72.0, 0.011595109560304196)	(73.0, 0.010516494717485201)	(74.0, 0.011325455849599446)	(75.0, 0.0067413427676187125)	(76.0, 0.004584113081980725)	(77.0, 0.004584113081980725)	(78.0, 0.0032358445284569833)	(79.0, 0.0032358445284569833)	(80.0, 0.0010786148428189944)	(81.0, 0.0013482685535237428)	(82.0, 0.00188757597493324)	(83.0, 0.0005393074214094972)	(84.0, 0.0008089611321142458)	(85.0, 0.0002696537107047486)	(86.0, 0.0016179222642284915)	(87.0, 0.0008089611321142458)	(88.0, 0.0005393074214094972)	(89.0, 0.0008089611321142458)	(90.0, 0.0002696537107047486)	(91.0, 0.0)	(92.0, 0.0)	(93.0, 0.0)	(94.0, 0.0010786148428189944)	(95.0, 0.0008089611321142458)	(96.0, 0.0)	(97.0, 0.0002696537107047486)	(98.0, 0.0005393074214094972)	(99.0, 0.0002696537107047486)	(100.0, 0.0016179222642284917)
SRR908437_1	(0.0, 3.6817120036170006)	(1.0, 1.793384070529764)	(2.0, 0.5746866601361539)	(3.0, 0.14065757415919788)	(4.0, 0.0914274232034784)	(5.0, 0.05425363574711914)	(6.0, 0.045211363122599296)	(7.0, 0.03215030266495948)	(8.0, 0.02813151483183954)	(9.0, 0.020093939165599668)	(10.0, 0.015070454374199753)	(11.0, 0.015070454374199753)	(12.0, 0.009042272624519853)	(13.0, 0.008037575666239869)	(14.0, 0.01406575741591977)	(15.0, 0.01908924220731968)	(16.0, 0.10147439278627823)	(17.0, 0.24414136086203583)	(18.0, 0.42800090422727205)	(19.0, 0.5797101449275538)	(20.0, 0.6148745384673543)	(21.0, 0.6088463567176743)	(22.0, 0.6530530228819947)	(23.0, 0.6530530228819947)	(24.0, 0.6500389320071547)	(25.0, 0.7173536282119155)	(26.0, 0.7706025670007562)	(27.0, 0.8218421118730326)	(28.0, 0.9223118077010253)	(29.0, 1.0117298369879386)	(30.0, 1.1965940773114452)	(31.0, 1.4949890739205833)	(32.0, 1.834576645819248)	(33.0, 2.3962022454978227)	(34.0, 2.8553487554318275)	(35.0, 3.504382990480628)	(36.0, 4.03084419661922)	(37.0, 4.492000100469627)	(38.0, 5.033531760982416)	(39.0, 5.470574937834109)	(40.0, 5.586115088036281)	(41.0, 5.697636450405334)	(42.0, 5.536884937080573)	(43.0, 5.200311456056855)	(44.0, 4.813503127119149)	(45.0, 4.170497073820106)	(46.0, 3.5787305653933297)	(47.0, 3.122598146334321)	(48.0, 2.7759776957276996)	(49.0, 2.296737246628093)	(50.0, 1.9581543716877001)	(51.0, 1.5482380127094202)	(52.0, 1.2910355913897582)	(53.0, 0.9946499886971799)	(54.0, 0.8590158993293899)	(55.0, 0.6821892346721151)	(56.0, 0.5284706000552732)	(57.0, 0.41393514681135185)	(58.0, 0.338582874940353)	(59.0, 0.24112726998719594)	(60.0, 0.18988772511491744)	(61.0, 0.1386481802426379)	(62.0, 0.11252605932735814)	(63.0, 0.09946499886971825)	(64.0, 0.05626302966367909)	(65.0, 0.03817848441463939)	(66.0, 0.027126817873559556)	(67.0, 0.018084545249039703)	(68.0, 0.018084545249039703)	(69.0, 0.011051666541079821)	(70.0, 0.010046969582799837)	(71.0, 0.006028181749679902)	(72.0, 0.003014090874839951)	(73.0, 0.004018787833119934)	(74.0, 0.002009393916559967)	(75.0, 0.0)	(76.0, 0.0)	(77.0, 0.0)	(78.0, 0.0010046969582799836)	(79.0, 0.0)	(80.0, 0.0010046969582799836)	(81.0, 0.0010046969582799836)	(82.0, 0.0)	(83.0, 0.0)	(84.0, 0.0)	(85.0, 0.0)	(86.0, 0.0)	(87.0, 0.0)	(88.0, 0.0)	(89.0, 0.0)	(90.0, 0.0)	(91.0, 0.0)	(92.0, 0.0)	(93.0, 0.0)	(94.0, 0.0)	(95.0, 0.0)	(96.0, 0.0)	(97.0, 0.0)	(98.0, 0.0)	(99.0, 0.0)	(100.0, 0.0)
SRR908437_2	(0.0, 4.5264721826250405)	(1.0, 1.4445760636055225)	(2.0, 0.36942598429940254)	(3.0, 0.12247274479491133)	(4.0, 0.06424799726946163)	(5.0, 0.05119762282410228)	(6.0, 0.03212399863473083)	(7.0, 0.019073624189371422)	(8.0, 0.013050374445359399)	(9.0, 0.012046499488024059)	(10.0, 0.012046499488024059)	(11.0, 0.011042624530688723)	(12.0, 0.013050374445359399)	(13.0, 0.005019374786676691)	(14.0, 0.005019374786676691)	(15.0, 0.010038749573353383)	(16.0, 0.012046499488024059)	(17.0, 0.010038749573353383)	(18.0, 0.017065874274700746)	(19.0, 0.037143373421407534)	(20.0, 0.053205372738772946)	(21.0, 0.07529062180015031)	(22.0, 0.11143012026422251)	(23.0, 0.16463549300299582)	(24.0, 0.2108137410404213)	(25.0, 0.2600036139498522)	(26.0, 0.3222438613046423)	(27.0, 0.37946473387275576)	(28.0, 0.4678057301182678)	(29.0, 0.5521312265344386)	(30.0, 0.6113598490172252)	(31.0, 0.6464954725239631)	(32.0, 0.815146465356301)	(33.0, 0.9637199590419226)	(34.0, 1.1122934527275443)	(35.0, 1.297006444877236)	(36.0, 1.5278976850643506)	(37.0, 1.8812616700464275)	(38.0, 2.398257273074185)	(39.0, 3.0588069950009134)	(40.0, 3.8639147107836793)	(41.0, 4.73628204870789)	(42.0, 5.541389764490648)	(43.0, 6.383640853694954)	(44.0, 7.125504447166106)	(45.0, 7.271066315979796)	(46.0, 7.215853193326327)	(47.0, 6.7179312144877725)	(48.0, 6.0051799947794695)	(49.0, 5.018370911719057)	(50.0, 4.135964824221495)	(51.0, 3.2525548617665976)	(52.0, 2.5096873933384205)	(53.0, 1.8431144216676802)	(54.0, 1.3451924428293296)	(55.0, 1.0048788322926692)	(56.0, 0.69267372056139)	(57.0, 0.5109723532836886)	(58.0, 0.3413174854940135)	(59.0, 0.23591061497380442)	(60.0, 0.13853474411227684)	(61.0, 0.09837974581886302)	(62.0, 0.07227899692814431)	(63.0, 0.062240247354790966)	(64.0, 0.054209247696108284)	(65.0, 0.029112373762724807)	(66.0, 0.019073624189371422)	(67.0, 0.016061999317365412)	(68.0, 0.015058124360030074)	(69.0, 0.008030999658682706)	(70.0, 0.010038749573353383)	(71.0, 0.0060232497440120296)	(72.0, 0.0020077499146706765)	(73.0, 0.004015499829341353)	(74.0, 0.0010038749573353383)	(75.0, 0.0010038749573353383)	(76.0, 0.0020077499146706765)	(77.0, 0.0030116248720060148)	(78.0, 0.005019374786676691)	(79.0, 0.0)	(80.0, 0.0)	(81.0, 0.0)	(82.0, 0.0010038749573353383)	(83.0, 0.0010038749573353383)	(84.0, 0.0010038749573353383)	(85.0, 0.0010038749573353383)	(86.0, 0.0)	(87.0, 0.0)	(88.0, 0.0)	(89.0, 0.0)	(90.0, 0.0)	(91.0, 0.0)	(92.0, 0.0)	(93.0, 0.0)	(94.0, 0.0)	(95.0, 0.0)	(96.0, 0.0010038749573353383)	(97.0, 0.0)	(98.0, 0.0)	(99.0, 0.0)	(100.0, 0.0)
SRR908438_1	(0.0, 1.5087717391891065)	(1.0, 0.4514302030831073)	(2.0, 0.1517645801753033)	(3.0, 0.06978514506072168)	(4.0, 0.0411708208749236)	(5.0, 0.02861432418579746)	(6.0, 0.022094604751058868)	(7.0, 0.0214909270256201)	(8.0, 0.017868860672987482)	(9.0, 0.014367529865442617)	(10.0, 0.013401645504740586)	(11.0, 0.01074546351281001)	(12.0, 0.00941737251684473)	(13.0, 0.008572223701230461)	(14.0, 0.009658843607020236)	(15.0, 0.021853133660883362)	(16.0, 0.12109775172301576)	(17.0, 0.26924026554569463)	(18.0, 0.4217292589915267)	(19.0, 0.5200079926929353)	(20.0, 0.5569530694897794)	(21.0, 0.5713205993552187)	(22.0, 0.5945018240120621)	(23.0, 0.5926907908357462)	(24.0, 0.6307224875383798)	(25.0, 0.6710481595976802)	(26.0, 0.7355209406745256)	(27.0, 0.7949228288577229)	(28.0, 0.8575845767582952)	(29.0, 1.0181628517250798)	(30.0, 1.2194290053864556)	(31.0, 1.4724907078905012)	(32.0, 1.8089806720497783)	(33.0, 2.2397650969224894)	(34.0, 2.7496313038276066)	(35.0, 3.3593458065212753)	(36.0, 3.948414531005494)	(37.0, 4.516716741734581)	(38.0, 5.05990595908537)	(39.0, 5.422837007619816)	(40.0, 5.678434156571054)	(41.0, 5.733127358495906)	(42.0, 5.650785716745908)	(43.0, 5.391325030351855)	(44.0, 5.017527782759492)	(45.0, 4.527703676337587)	(46.0, 4.053937397412382)	(47.0, 3.5437089838706095)	(48.0, 3.071270795941372)	(49.0, 2.641572990974166)	(50.0, 2.216463136720574)	(51.0, 1.8366291118748483)	(52.0, 1.5378086377829314)	(53.0, 1.258185115359642)	(54.0, 1.057643374968793)	(55.0, 0.8556528080368904)	(56.0, 0.6855364250082072)	(57.0, 0.5708376571748679)	(58.0, 0.48982410642100394)	(59.0, 0.39613332343292884)	(60.0, 0.286626184038333)	(61.0, 0.22082531196550015)	(62.0, 0.17482506928706282)	(63.0, 0.1399324967567042)	(64.0, 0.10298741995985383)	(65.0, 0.0824623772949361)	(66.0, 0.06580087207282571)	(67.0, 0.04962230903106634)	(68.0, 0.0319949194482545)	(69.0, 0.020162836029654806)	(70.0, 0.017385918492636463)	(71.0, 0.013039438869477324)	(72.0, 0.009900314697195742)	(73.0, 0.005674570619124398)	(74.0, 0.003501330807544839)	(75.0, 0.002293975356667308)	(76.0, 0.0015695620861407896)	(77.0, 0.0006036777254387653)	(78.0, 0.0003622066352632592)	(79.0, 0.00012073554508775307)	(80.0, 0.0003622066352632592)	(81.0, 0.00048294218035101227)	(82.0, 0.00024147109017550613)	(83.0, 0.0)	(84.0, 0.0)	(85.0, 0.0)	(86.0, 0.00012073554508775307)	(87.0, 0.0003622066352632592)	(88.0, 0.00012073554508775307)	(89.0, 0.0)	(90.0, 0.0)	(91.0, 0.0)	(92.0, 0.00012073554508775307)	(93.0, 0.00012073554508775307)	(94.0, 0.00012073554508775307)	(95.0, 0.00012073554508775307)	(96.0, 0.0)	(97.0, 0.0)	(98.0, 0.0)	(99.0, 0.0)	(100.0, 0.0)
SRR908438_2	(0.0, 1.5201330319965758)	(1.0, 0.5540587244343894)	(2.0, 0.17189934298258755)	(3.0, 0.07105172843280472)	(4.0, 0.03317355741769292)	(5.0, 0.019180347743320718)	(6.0, 0.015199520853197528)	(7.0, 0.01411384079225484)	(8.0, 0.011701218434604423)	(9.0, 0.007841022662363797)	(10.0, 0.007841022662363797)	(11.0, 0.007358498190833718)	(12.0, 0.005549031422595923)	(13.0, 0.004945875833183322)	(14.0, 0.006031555894126003)	(15.0, 0.005910924776243483)	(16.0, 0.006875973719303641)	(17.0, 0.012304374024017028)	(18.0, 0.020386658922145924)	(19.0, 0.03474176195016566)	(20.0, 0.052836429632543674)	(21.0, 0.07780707103422602)	(22.0, 0.11339325080956866)	(23.0, 0.14692870158090732)	(24.0, 0.18323866806354377)	(25.0, 0.23571320434244555)	(26.0, 0.2830006025523988)	(27.0, 0.33173557417694244)	(28.0, 0.40375235155280365)	(29.0, 0.47721670234324165)	(30.0, 0.5469414884793223)	(31.0, 0.6324689510580096)	(32.0, 0.7193233559334042)	(33.0, 0.8293389354422975)	(34.0, 1.0192123149894705)	(35.0, 1.1988320495166243)	(36.0, 1.4678394423947663)	(37.0, 1.8350405652288428)	(38.0, 2.3371072778554347)	(39.0, 2.9949087636683003)	(40.0, 3.751507135028842)	(41.0, 4.660341977157401)	(42.0, 5.542034817762343)	(43.0, 6.346765005155818)	(44.0, 6.97863080062216)	(45.0, 7.309401325854827)	(46.0, 7.318569290813865)	(47.0, 6.949920594566225)	(48.0, 6.301890229303685)	(49.0, 5.530695492681366)	(50.0, 4.708715055428379)	(51.0, 3.765862238056888)	(52.0, 2.9640271974903207)	(53.0, 2.271363318609521)	(54.0, 1.725990034663144)	(55.0, 1.2929243214650328)	(56.0, 0.9603443294627738)	(57.0, 0.7177551514009318)	(58.0, 0.5419956126461402)	(59.0, 0.42220891258882504)	(60.0, 0.3132790131409147)	(61.0, 0.24825884060222908)	(62.0, 0.1939748375550889)	(63.0, 0.15247773300350292)	(64.0, 0.11761533993545663)	(65.0, 0.09855562331001955)	(66.0, 0.08214979127799688)	(67.0, 0.067432794896329)	(68.0, 0.04837307827089031)	(69.0, 0.04173836678735172)	(70.0, 0.035948073128990836)	(71.0, 0.0258150592268593)	(72.0, 0.01954224109696828)	(73.0, 0.01580267644261013)	(74.0, 0.01266626737766459)	(75.0, 0.008202916016011355)	(76.0, 0.007479129308716238)	(77.0, 0.005187138068948363)	(78.0, 0.004945875833183322)	(79.0, 0.004342720243770721)	(80.0, 0.004222089125888201)	(81.0, 0.0026538845934154388)	(82.0, 0.0019300978861203195)	(83.0, 0.0019300978861203195)	(84.0, 0.00084441782517764)	(85.0, 0.00096504894306016)	(86.0, 0.00096504894306016)	(87.0, 0.00072378670729512)	(88.0, 0.00072378670729512)	(89.0, 0.0006031555894125999)	(90.0, 0.00024126223576504)	(91.0, 0.00024126223576504)	(92.0, 0.00024126223576504)	(93.0, 0.00048252447153008)	(94.0, 0.00036189335364756)	(95.0, 0.00048252447153008)	(96.0, 0.00024126223576504)	(97.0, 0.00012063111788252)	(98.0, 0.00012063111788252)	(99.0, 0.00024126223576504)	(100.0, 0.0)
SRR908439_1	(0.0, 2.2173899256547815)	(1.0, 1.3448860027501977)	(2.0, 0.45162647991756494)	(3.0, 0.11454016256632503)	(4.0, 0.06880097013212061)	(5.0, 0.04804537020399503)	(6.0, 0.04208774429869972)	(7.0, 0.03132558137300486)	(8.0, 0.023061777697917646)	(9.0, 0.020371236966493903)	(10.0, 0.015951062907726354)	(11.0, 0.012683977733854698)	(12.0, 0.012683977733854698)	(13.0, 0.010954344406510882)	(14.0, 0.014413611061198515)	(15.0, 0.018641603639150066)	(16.0, 0.09301583671493462)	(17.0, 0.24714538432934677)	(18.0, 0.4099230985804924)	(19.0, 0.5644370091565581)	(20.0, 0.6251663570944029)	(21.0, 0.6259350830176668)	(22.0, 0.6305474385572492)	(23.0, 0.6570684829098484)	(24.0, 0.6857035235514229)	(25.0, 0.706843486441176)	(26.0, 0.7579637603382152)	(27.0, 0.8254194601046089)	(28.0, 0.9049825931624067)	(29.0, 1.0443141667539608)	(30.0, 1.243798543840946)	(31.0, 1.5057419021932463)	(32.0, 1.8464796676801347)	(33.0, 2.278887999516287)	(34.0, 2.7902829199672583)	(35.0, 3.4285176177565484)	(36.0, 4.024472389766362)	(37.0, 4.603515191464385)	(38.0, 5.116447563762842)	(39.0, 5.4685240366183585)	(40.0, 5.732004846817547)	(41.0, 5.691838917326933)	(42.0, 5.557696243717135)	(43.0, 5.242902978139987)	(44.0, 4.852198027640388)	(45.0, 4.348682547902626)	(46.0, 3.819414749735897)	(47.0, 3.2818831478940895)	(48.0, 2.8731131381988706)	(49.0, 2.4255224693788593)	(50.0, 2.0373158781304896)	(51.0, 1.7159884422060245)	(52.0, 1.4215664135958088)	(53.0, 1.1419423590084565)	(54.0, 0.9215102005125773)	(55.0, 0.7750679121308336)	(56.0, 0.6107527460332077)	(57.0, 0.4917924094081093)	(58.0, 0.3847473245935961)	(59.0, 0.3067216433822992)	(60.0, 0.22638978440122207)	(61.0, 0.16719788830990345)	(62.0, 0.12491796253038827)	(63.0, 0.08628948488637511)	(64.0, 0.05727008128316196)	(65.0, 0.04324083318359559)	(66.0, 0.03132558137300486)	(67.0, 0.02325395917873363)	(68.0, 0.01825724067751811)	(69.0, 0.015566699946094394)	(70.0, 0.011338707368142839)	(71.0, 0.007687259232639218)	(72.0, 0.007110714790191276)	(73.0, 0.0038436296163196063)	(74.0, 0.0038436296163196063)	(75.0, 0.002306177769791764)	(76.0, 0.0009609074040799017)	(77.0, 0.0009609074040799017)	(78.0, 0.0003843629616319607)	(79.0, 0.0003843629616319607)	(80.0, 0.0003843629616319607)	(81.0, 0.000576544442447941)	(82.0, 0.0003843629616319607)	(83.0, 0.00019218148081598036)	(84.0, 0.00019218148081598036)	(85.0, 0.0)	(86.0, 0.0)	(87.0, 0.0)	(88.0, 0.0)	(89.0, 0.0)	(90.0, 0.0)	(91.0, 0.0)	(92.0, 0.0)	(93.0, 0.0)	(94.0, 0.0)	(95.0, 0.0)	(96.0, 0.0)	(97.0, 0.0)	(98.0, 0.0)	(99.0, 0.00019218148081598036)	(100.0, 0.0002882722212239705)
SRR908439_2	(0.0, 3.0071316170269853)	(1.0, 0.958553769055134)	(2.0, 0.2512415841261063)	(3.0, 0.1127710316535526)	(4.0, 0.055234791013984444)	(5.0, 0.03126135741416496)	(6.0, 0.025315945881409636)	(7.0, 0.02148019650543845)	(8.0, 0.017452659660668723)	(9.0, 0.013808697753496142)	(10.0, 0.009972948377525003)	(11.0, 0.011699035596712015)	(12.0, 0.009589373439927888)	(13.0, 0.009781160908726445)	(14.0, 0.008822223564733658)	(15.0, 0.009972948377525003)	(16.0, 0.011123673190316345)	(17.0, 0.01323333534710047)	(18.0, 0.019178746879855744)	(19.0, 0.03164493235176208)	(20.0, 0.0456454175740567)	(21.0, 0.07863286220740837)	(22.0, 0.10912706974637991)	(23.0, 0.14058021462934425)	(24.0, 0.19600679311212485)	(25.0, 0.2491319219693223)	(26.0, 0.30724352501528407)	(27.0, 0.35423145487093605)	(28.0, 0.420398131606446)	(29.0, 0.48829089556114313)	(30.0, 0.5625126459861933)	(31.0, 0.647090919726347)	(32.0, 0.7573687142854927)	(33.0, 0.879537331910146)	(34.0, 1.0243368708530243)	(35.0, 1.2220697511843222)	(36.0, 1.4967094065039817)	(37.0, 1.865900283941373)	(38.0, 2.3628216155986537)	(39.0, 3.0208444210459064)	(40.0, 3.807364830588076)	(41.0, 4.7831794718344405)	(42.0, 5.716033720072321)	(43.0, 6.553761383785946)	(44.0, 7.169015583692836)	(45.0, 7.4386687648241)	(46.0, 7.331267782296711)	(47.0, 6.9175822120974715)	(48.0, 6.158679198060198)	(49.0, 5.34971965466641)	(50.0, 4.385795836484)	(51.0, 3.4362560784632046)	(52.0, 2.6366941210427446)	(53.0, 2.000535087038022)	(54.0, 1.4784895969681104)	(55.0, 1.0676808388014885)	(56.0, 0.7692595373510006)	(57.0, 0.5534986349526602)	(58.0, 0.4062058589153511)	(59.0, 0.2997638137321395)	(60.0, 0.223432401150317)	(61.0, 0.16532079810435735)	(62.0, 0.12159325521828651)	(63.0, 0.08131788677058824)	(64.0, 0.06463237698511363)	(65.0, 0.04142609326048849)	(66.0, 0.029535270194977932)	(67.0, 0.0235898586622226)	(68.0, 0.02186377144303557)	(69.0, 0.0193705343486543)	(70.0, 0.0126579729407048)	(71.0, 0.01323333534710047)	(72.0, 0.010548310783920673)	(73.0, 0.008438648627136542)	(74.0, 0.008822223564733658)	(75.0, 0.006137199001553847)	(76.0, 0.0046028992511653825)	(77.0, 0.004219324313568267)	(78.0, 0.003452174438374037)	(79.0, 0.003835749375971152)	(80.0, 0.00326038696957548)	(81.0, 0.0021096621567841343)	(82.0, 0.001726087219187019)	(83.0, 0.0013425122815899034)	(84.0, 0.0013425122815899034)	(85.0, 0.0007671498751942306)	(86.0, 0.000575362406395673)	(87.0, 0.0009589373439927882)	(88.0, 0.00019178746879855766)	(89.0, 0.0003835749375971153)	(90.0, 0.00019178746879855766)	(91.0, 0.00019178746879855766)	(92.0, 0.0)	(93.0, 0.0)	(94.0, 0.0)	(95.0, 0.00019178746879855766)	(96.0, 0.00019178746879855766)	(97.0, 0.0003835749375971153)	(98.0, 0.00019178746879855766)	(99.0, 0.00019178746879855766)	(100.0, 0.000575362406395673)
SRR908440_1	(0.0, 10.482782675834272)	(1.0, 2.2377357148781063)	(2.0, 0.9031539272972811)	(3.0, 0.5729795444270455)	(4.0, 0.40095022494185595)	(5.0, 0.2969876243868354)	(6.0, 0.22655042270786097)	(7.0, 0.16965883673637905)	(8.0, 0.1334243147188281)	(9.0, 0.10870356605264936)	(10.0, 0.08364417699378342)	(11.0, 0.06738943814478927)	(12.0, 0.051473339688482236)	(13.0, 0.04673237419085885)	(14.0, 0.03962092594442376)	(15.0, 0.0365731624102373)	(16.0, 0.06772807853747666)	(17.0, 0.1848976544073117)	(18.0, 0.24923932901791623)	(19.0, 0.3393176734727558)	(20.0, 0.37318171274149214)	(21.0, 0.37114987038536795)	(22.0, 0.37622947627567843)	(23.0, 0.38469548609286247)	(24.0, 0.3968865402296076)	(25.0, 0.42228456968115985)	(26.0, 0.46901694387201603)	(27.0, 0.51473339688481)	(28.0, 0.5777205099246694)	(29.0, 0.6766035045893963)	(30.0, 0.8174779079473634)	(31.0, 0.9895072274325734)	(32.0, 1.2424716007700078)	(33.0, 1.55639124479114)	(34.0, 1.9332980018521115)	(35.0, 2.4246652116416265)	(36.0, 2.888941190016239)	(37.0, 3.446004635987237)	(38.0, 3.9499015403062914)	(39.0, 4.246889164693144)	(40.0, 4.5526814392895725)	(41.0, 4.771104492572736)	(42.0, 4.850684984854198)	(43.0, 4.737917734089402)	(44.0, 4.484953360752158)	(45.0, 4.231650347022225)	(46.0, 3.9769927717212945)	(47.0, 3.5279556110176205)	(48.0, 3.070113800104071)	(49.0, 2.7829467471050404)	(50.0, 2.4629315760153183)	(51.0, 2.081283853456464)	(52.0, 1.773459736503703)	(53.0, 1.4934041317513014)	(54.0, 1.2323123889893888)	(55.0, 1.053171621257804)	(56.0, 0.8594693166406037)	(57.0, 0.6931968838310799)	(58.0, 0.5628203326464228)	(59.0, 0.4568258897352709)	(60.0, 0.3911296535539224)	(61.0, 0.3105332400943299)	(62.0, 0.242127880771481)	(63.0, 0.19336366422449652)	(64.0, 0.14053576296526332)	(65.0, 0.09820571387934066)	(66.0, 0.0700985612862883)	(67.0, 0.044023251049359766)	(68.0, 0.02912307377111487)	(69.0, 0.020995704346617714)	(70.0, 0.015238817670932226)	(71.0, 0.010159211780621479)	(72.0, 0.00541824628299812)	(73.0, 0.0027091231414990606)	(74.0, 0.004063684712248591)	(75.0, 0.0020318423561242957)	(76.0, 0.0010159211780621479)	(77.0, 0.0010159211780621479)	(78.0, 0.0013545615707495303)	(79.0, 0.0003386403926873826)	(80.0, 0.0010159211780621479)	(81.0, 0.0006772807853747652)	(82.0, 0.0)	(83.0, 0.0)	(84.0, 0.0003386403926873826)	(85.0, 0.0003386403926873826)	(86.0, 0.0003386403926873826)	(87.0, 0.0003386403926873826)	(88.0, 0.0)	(89.0, 0.0)	(90.0, 0.0)	(91.0, 0.0)	(92.0, 0.0)	(93.0, 0.0)	(94.0, 0.0)	(95.0, 0.0)	(96.0, 0.0)	(97.0, 0.0)	(98.0, 0.0)	(99.0, 0.0)	(100.0, 0.0)
SRR908440_2	(0.0, 8.636814748776205)	(1.0, 4.307557738566395)	(2.0, 1.7362781543843058)	(3.0, 0.806405490420376)	(4.0, 0.373765748793077)	(5.0, 0.19243385086376535)	(6.0, 0.11875725411697281)	(7.0, 0.08006863025450328)	(8.0, 0.06392033507712468)	(9.0, 0.05416407340745824)	(10.0, 0.03734293259768851)	(11.0, 0.02960520782519447)	(12.0, 0.024895288398459)	(13.0, 0.016484717993574226)	(14.0, 0.019512523339332743)	(15.0, 0.01614829517737883)	(16.0, 0.01917610052313735)	(17.0, 0.023549597133677436)	(18.0, 0.026577402479435953)	(19.0, 0.038352201046274695)	(20.0, 0.059883261282779945)	(21.0, 0.07233090548200936)	(22.0, 0.09251627445373262)	(23.0, 0.12144863664653592)	(24.0, 0.15105384447173095)	(25.0, 0.19781661592289176)	(26.0, 0.2422244276606848)	(27.0, 0.27250248111826975)	(28.0, 0.33642281619539066)	(29.0, 0.40942656730978655)	(30.0, 0.4437416945617146)	(31.0, 0.5167454456761106)	(32.0, 0.6429040017493969)	(33.0, 0.7377752359165083)	(34.0, 0.8794092415347845)	(35.0, 1.105485374018089)	(36.0, 1.4022102979023574)	(37.0, 1.7638648253123217)	(38.0, 2.229810425742945)	(39.0, 2.789954414708528)	(40.0, 3.3780214974183402)	(41.0, 4.046493633198889)	(42.0, 4.726404144729277)	(43.0, 5.20681592625586)	(44.0, 5.607495500344208)	(45.0, 5.777389022522726)	(46.0, 5.603794849366062)	(47.0, 5.24718666419927)	(48.0, 4.880149371730432)	(49.0, 4.28871806085947)	(50.0, 3.663980891184554)	(51.0, 3.10013625124082)	(52.0, 2.6005483691904354)	(53.0, 2.1362848828405836)	(54.0, 1.7423337650758215)	(55.0, 1.3897626537031307)	(56.0, 1.100102608958964)	(57.0, 0.8821006240643479)	(58.0, 0.7212905179229322)	(59.0, 0.5557704923547804)	(60.0, 0.45787145284192027)	(61.0, 0.3885683527056734)	(62.0, 0.3041262258406348)	(63.0, 0.23314101162340894)	(64.0, 0.19108815959898376)	(65.0, 0.14668034786119072)	(66.0, 0.11808440848458206)	(67.0, 0.09083416037275568)	(68.0, 0.07199448266581399)	(69.0, 0.06190179817995231)	(70.0, 0.039025046678665486)	(71.0, 0.030278053457585254)	(72.0, 0.025904556847045172)	(73.0, 0.023549597133677436)	(74.0, 0.013793335464011083)	(75.0, 0.010092684485861763)	(76.0, 0.009419838853470978)	(77.0, 0.008074147588689408)	(78.0, 0.006392033507712448)	(79.0, 0.006392033507712448)	(80.0, 0.005046342242930881)	(81.0, 0.004709919426735489)	(82.0, 0.0020185368971723525)	(83.0, 0.0013456912647815684)	(84.0, 0.0006728456323907842)	(85.0, 0.0003364228161953921)	(86.0, 0.0003364228161953921)	(87.0, 0.0003364228161953921)	(88.0, 0.0016821140809769606)	(89.0, 0.0006728456323907842)	(90.0, 0.0)	(91.0, 0.0)	(92.0, 0.0)	(93.0, 0.0)	(94.0, 0.0003364228161953921)	(95.0, 0.0003364228161953921)	(96.0, 0.0)	(97.0, 0.0)	(98.0, 0.0)	(99.0, 0.0003364228161953921)	(100.0, 0.0005046342242930881)
SRR908441_1	(0.0, 0.8359524864159997)	(1.0, 0.6086552935716335)	(2.0, 0.22041474678774925)	(3.0, 0.051883054888389936)	(4.0, 0.02894156803297957)	(5.0, 0.022941486855410607)	(6.0, 0.021882649000545495)	(7.0, 0.01958850031500442)	(8.0, 0.013235473185813789)	(9.0, 0.0074118649840557325)	(10.0, 0.008647175814731688)	(11.0, 0.0075883379598665835)	(12.0, 0.005823608201758074)	(13.0, 0.005470662250136372)	(14.0, 0.0072353920082448816)	(15.0, 0.01111779747608359)	(16.0, 0.06229496046122998)	(17.0, 0.19447321934355563)	(18.0, 0.3310633026211565)	(19.0, 0.45018256129349427)	(20.0, 0.5015361972544576)	(21.0, 0.5137128325854078)	(22.0, 0.5273012517228448)	(23.0, 0.5207717516178426)	(24.0, 0.5539486710702822)	(25.0, 0.5738901173369038)	(26.0, 0.6225966586606876)	(27.0, 0.6931858489850117)	(28.0, 0.8052461886248764)	(29.0, 0.9263066500310925)	(30.0, 1.0851323282608227)	(31.0, 1.3221355347749029)	(32.0, 1.678963891864605)	(33.0, 2.0716162630439268)	(34.0, 2.5401520138214413)	(35.0, 3.12021868531118)	(36.0, 3.692697018841059)	(37.0, 4.552296884015518)	(38.0, 5.51354518325897)	(39.0, 5.755136687144464)	(40.0, 5.959845339085423)	(41.0, 5.980845623206952)	(42.0, 5.800137295976312)	(43.0, 5.5230747239527735)	(44.0, 4.9876557153416785)	(45.0, 4.503590342691634)	(46.0, 4.178527121247889)	(47.0, 3.7313446005435997)	(48.0, 3.28380913388769)	(49.0, 2.9958052373646433)	(50.0, 2.5872702983628955)	(51.0, 2.0973813175123226)	(52.0, 1.5794331335072402)	(53.0, 1.273076047499464)	(54.0, 1.0433082329936598)	(55.0, 0.8537762569728493)	(56.0, 0.6820680515089306)	(57.0, 0.5260659408921687)	(58.0, 0.42159393921213323)	(59.0, 0.3335339242825087)	(60.0, 0.27653315309559745)	(61.0, 0.21494408453761318)	(62.0, 0.16623754321382114)	(63.0, 0.1277664344870572)	(64.0, 0.10058959621218544)	(65.0, 0.07411864984055709)	(66.0, 0.05700077118690453)	(67.0, 0.04217704121879329)	(68.0, 0.02964745993622298)	(69.0, 0.020294392218247827)	(70.0, 0.01588256782297654)	(71.0, 0.012529581282570389)	(72.0, 0.010058959621218489)	(73.0, 0.0075883379598665835)	(74.0, 0.005294189274325521)	(75.0, 0.003705932492027863)	(76.0, 0.0024706216613519095)	(77.0, 0.0015882567822976563)	(78.0, 0.0008823648790542534)	(79.0, 0.000529418927432552)	(80.0, 0.0007058919032434028)	(81.0, 0.0003529459516217014)	(82.0, 0.0003529459516217014)	(83.0, 0.0)	(84.0, 0.0)	(85.0, 0.0003529459516217014)	(86.0, 0.000529418927432552)	(87.0, 0.0001764729758108507)	(88.0, 0.0001764729758108507)	(89.0, 0.0001764729758108507)	(90.0, 0.0)	(91.0, 0.0)	(92.0, 0.0)	(93.0, 0.0)	(94.0, 0.0)	(95.0, 0.0)	(96.0, 0.0)	(97.0, 0.0)	(98.0, 0.0)	(99.0, 0.0)	(100.0, 0.0)
SRR908441_2	(0.0, 1.2146734242573547)	(1.0, 0.38478766140092835)	(2.0, 0.11815203168589355)	(3.0, 0.05519639689206599)	(4.0, 0.03491657055792055)	(5.0, 0.016400207383265655)	(6.0, 0.01463674422377473)	(7.0, 0.011991549484538339)	(8.0, 0.010228086325047412)	(9.0, 0.008111930533658296)	(10.0, 0.008111930533658296)	(11.0, 0.006524813690116454)	(12.0, 0.007053852637963736)	(13.0, 0.004937696846574612)	(14.0, 0.004585004214676424)	(15.0, 0.0047613505306255185)	(16.0, 0.005995774742269173)	(17.0, 0.009875393693149225)	(18.0, 0.01463674422377473)	(19.0, 0.02380675265312762)	(20.0, 0.038443496876902364)	(21.0, 0.06524813690116417)	(22.0, 0.08817315797454683)	(23.0, 0.1132143348393188)	(24.0, 0.1608278401455732)	(25.0, 0.21814039282902525)	(26.0, 0.2537623486507401)	(27.0, 0.3056081655397765)	(28.0, 0.3784391940267603)	(29.0, 0.4431582919800849)	(30.0, 0.5154602815192213)	(31.0, 0.6059259416010945)	(32.0, 0.7224908564434187)	(33.0, 0.8443461607642144)	(34.0, 0.998472840903687)	(35.0, 1.201800143193026)	(36.0, 1.465085192905142)	(37.0, 1.8833786543365816)	(38.0, 2.7663446582932756)	(39.0, 3.6644764454211907)	(40.0, 4.18028941957182)	(41.0, 4.712326254790782)	(42.0, 5.496891014449726)	(43.0, 6.247068242498533)	(44.0, 6.709977321865745)	(45.0, 6.996716431599492)	(46.0, 7.038510508479503)	(47.0, 6.744012160843981)	(48.0, 6.157131621364332)	(49.0, 5.5244010397378345)	(50.0, 4.680760264235837)	(51.0, 3.8238935150390265)	(52.0, 3.150250588114103)	(53.0, 2.4769603538210765)	(54.0, 1.852341702729527)	(55.0, 1.352047204381722)	(56.0, 0.9674358892966537)	(57.0, 0.7154370038054566)	(58.0, 0.5329185667981836)	(59.0, 0.40436210247127996)	(60.0, 0.3124856718617919)	(61.0, 0.230308288629512)	(62.0, 0.1892195970133756)	(63.0, 0.15994610856582778)	(64.0, 0.1229133822165192)	(65.0, 0.09663778114010356)	(66.0, 0.07600526217405906)	(67.0, 0.0608394790024369)	(68.0, 0.050611392677389636)	(69.0, 0.04214676951183327)	(70.0, 0.037914457929055095)	(71.0, 0.02698098634021132)	(72.0, 0.021690596861738486)	(73.0, 0.020456172650094823)	(74.0, 0.020103480018196635)	(75.0, 0.014460397907825636)	(76.0, 0.013402320012131078)	(77.0, 0.010228086325047412)	(78.0, 0.007053852637963736)	(79.0, 0.005995774742269173)	(80.0, 0.005114043162523706)	(81.0, 0.004055965266829145)	(82.0, 0.003879618950880051)	(83.0, 0.002645194739236399)	(84.0, 0.0010580778956945597)	(85.0, 0.0014107705275927464)	(86.0, 0.0010580778956945597)	(87.0, 0.0005290389478472798)	(88.0, 0.0003526926318981866)	(89.0, 0.0003526926318981866)	(90.0, 0.0007053852637963732)	(91.0, 0.0007053852637963732)	(92.0, 0.0001763463159490933)	(93.0, 0.0003526926318981866)	(94.0, 0.0001763463159490933)	(95.0, 0.0003526926318981866)	(96.0, 0.0007053852637963732)	(97.0, 0.0003526926318981866)	(98.0, 0.0)	(99.0, 0.0001763463159490933)	(100.0, 0.0005290389478472798)
SRR908442_1	(0.0, 2.0412892071456974)	(1.0, 0.5088741049029468)	(2.0, 0.27181541505323537)	(3.0, 0.18358680492120252)	(4.0, 0.14080929697839809)	(5.0, 0.11674694876057043)	(6.0, 0.11763814684271219)	(7.0, 0.08822861013203397)	(8.0, 0.06773105424277358)	(9.0, 0.05347188492850549)	(10.0, 0.05168948876422199)	(11.0, 0.03653912136781211)	(12.0, 0.03743031944995387)	(13.0, 0.02762714054639451)	(14.0, 0.034756725203528585)	(15.0, 0.03564792328567035)	(16.0, 0.07307824273562412)	(17.0, 0.21834353012473057)	(18.0, 0.32083130957103134)	(19.0, 0.3796503829923881)	(20.0, 0.4438166449065966)	(21.0, 0.4607494084672905)	(22.0, 0.45718461613872335)	(23.0, 0.4883765490136857)	(24.0, 0.49283253942439476)	(25.0, 0.5168948876422229)	(26.0, 0.5302628588743497)	(27.0, 0.5846259418849984)	(28.0, 0.6594865807849082)	(29.0, 0.7486063889990812)	(30.0, 0.8911980821417543)	(31.0, 1.1006296314450557)	(32.0, 1.384921819648263)	(33.0, 1.7520954294907094)	(34.0, 2.179870508918802)	(35.0, 2.8046003645002227)	(36.0, 3.305453686663777)	(37.0, 3.860670091837966)	(38.0, 4.455099212626384)	(39.0, 4.907827838354294)	(40.0, 5.30084619257872)	(41.0, 5.526319307360569)	(42.0, 5.643957454203334)	(43.0, 5.525428109278426)	(44.0, 5.275001448196615)	(45.0, 4.920304611504276)	(46.0, 4.427472072079995)	(47.0, 3.9524634942985464)	(48.0, 3.485475699256371)	(49.0, 3.0407678562677347)	(50.0, 2.6290343423182994)	(51.0, 2.2458191669972996)	(52.0, 2.0043044867368556)	(53.0, 1.6487164519622535)	(54.0, 1.410766564030377)	(55.0, 1.1549927144556997)	(56.0, 0.9687323152880829)	(57.0, 0.8065342643382921)	(58.0, 0.6675073635241843)	(59.0, 0.5311540569564913)	(60.0, 0.4767909739458426)	(61.0, 0.3796503829923881)	(62.0, 0.27359781121751886)	(63.0, 0.2103227473854549)	(64.0, 0.1604156547855169)	(65.0, 0.11942054300699573)	(66.0, 0.11229095834986161)	(67.0, 0.09268460054274279)	(68.0, 0.05436308301064725)	(69.0, 0.04277750794280443)	(70.0, 0.024062348217827472)	(71.0, 0.016041565478551647)	(72.0, 0.013367971232126373)	(73.0, 0.015150367396409887)	(74.0, 0.007129584657134067)	(75.0, 0.002673594246425275)	(76.0, 0.0017823961642835168)	(77.0, 0.0)	(78.0, 0.0)	(79.0, 0.0)	(80.0, 0.0)	(81.0, 0.0)	(82.0, 0.0)	(83.0, 0.0008911980821417584)	(84.0, 0.0)	(85.0, 0.0)	(86.0, 0.0)	(87.0, 0.0)	(88.0, 0.0)	(89.0, 0.0)	(90.0, 0.0)	(91.0, 0.0)	(92.0, 0.0)	(93.0, 0.0)	(94.0, 0.0)	(95.0, 0.0)	(96.0, 0.0)	(97.0, 0.0)	(98.0, 0.0)	(99.0, 0.0)	(100.0, 0.0)
SRR908442_2	(0.0, 1.706569648234086)	(1.0, 1.0389749018177683)	(2.0, 0.47856891881675373)	(3.0, 0.24906932577823446)	(4.0, 0.1476625288542397)	(5.0, 0.08628473071603132)	(6.0, 0.05693013160645372)	(7.0, 0.042697598704840335)	(8.0, 0.03558133225403361)	(9.0, 0.03202319902863024)	(10.0, 0.026685999190525195)	(11.0, 0.022238332658770985)	(12.0, 0.020459266046069305)	(13.0, 0.01512206620796427)	(14.0, 0.01601159951431511)	(15.0, 0.01779066612701679)	(16.0, 0.021348799352420143)	(17.0, 0.028465065803226875)	(18.0, 0.037360398866735284)	(19.0, 0.03913946547943697)	(20.0, 0.06404639805726041)	(21.0, 0.07649986434617212)	(22.0, 0.10941259668115333)	(23.0, 0.13965672909708207)	(24.0, 0.18502292772097492)	(25.0, 0.23572632618297207)	(26.0, 0.272197191743356)	(27.0, 0.3326854565752122)	(28.0, 0.3949527880197724)	(29.0, 0.43142365358015783)	(30.0, 0.5177083842961918)	(31.0, 0.5906501154169628)	(32.0, 0.685830179196505)	(33.0, 0.8308241081316836)	(34.0, 1.0291900354479098)	(35.0, 1.2248873628450834)	(36.0, 1.4846310882995337)	(37.0, 1.8769152764002988)	(38.0, 2.365269061586965)	(39.0, 3.050209707477081)	(40.0, 3.776068885459201)	(41.0, 4.477021130863504)	(42.0, 5.3309731049601154)	(43.0, 5.945640619648733)	(44.0, 6.473133870315022)	(45.0, 6.812935593341196)	(46.0, 6.64392426513446)	(47.0, 6.339703874362335)	(48.0, 5.913617420620089)	(49.0, 5.111258378291509)	(50.0, 4.395184066679245)	(51.0, 3.569697158385853)	(52.0, 2.97904704296903)	(53.0, 2.484466524637991)	(54.0, 1.9765430067116039)	(55.0, 1.537113553374239)	(56.0, 1.2159920297815754)	(57.0, 1.014957502546297)	(58.0, 0.8219287750681756)	(59.0, 0.6244523810582956)	(60.0, 0.5319409171978056)	(61.0, 0.4483247864008243)	(62.0, 0.3326854565752122)	(63.0, 0.24373212594012952)	(64.0, 0.194807794090834)	(65.0, 0.17256946143206334)	(66.0, 0.12186606297006518)	(67.0, 0.09429053047318894)	(68.0, 0.09695913039224148)	(69.0, 0.06404639805726041)	(70.0, 0.044476665317542005)	(71.0, 0.03913946547943697)	(72.0, 0.03202319902863024)	(73.0, 0.027575532496876033)	(74.0, 0.021348799352420143)	(75.0, 0.01512206620796427)	(76.0, 0.012453466288911755)	(77.0, 0.009784866369859238)	(78.0, 0.006226733144455878)	(79.0, 0.003558133225403359)	(80.0, 0.004447666531754198)	(81.0, 0.003558133225403359)	(82.0, 0.002668599919052519)	(83.0, 0.004447666531754198)	(84.0, 0.002668599919052519)	(85.0, 0.0008895333063508397)	(86.0, 0.002668599919052519)	(87.0, 0.0008895333063508397)	(88.0, 0.0017790666127016795)	(89.0, 0.0)	(90.0, 0.0)	(91.0, 0.0)	(92.0, 0.0008895333063508397)	(93.0, 0.0008895333063508397)	(94.0, 0.0)	(95.0, 0.0008895333063508397)	(96.0, 0.0)	(97.0, 0.0)	(98.0, 0.0)	(99.0, 0.0)	(100.0, 0.0)
SRR908443_1	(0.0, 3.4130249257474814)	(1.0, 0.8572409628568225)	(2.0, 0.39783558497225363)	(3.0, 0.273785203394356)	(4.0, 0.21166893303010306)	(5.0, 0.15902493849852217)	(6.0, 0.1413555008875763)	(7.0, 0.11876776620966437)	(8.0, 0.09381196257358407)	(9.0, 0.08452184589153958)	(10.0, 0.0673988857324773)	(11.0, 0.05082240302530061)	(12.0, 0.04663274256084935)	(13.0, 0.04408251445205293)	(14.0, 0.03570319352315042)	(15.0, 0.028234668347389347)	(16.0, 0.030784896456185817)	(17.0, 0.0613876337617429)	(18.0, 0.10474151161128348)	(19.0, 0.13534424891684177)	(20.0, 0.16376107641485815)	(21.0, 0.1714117607412471)	(22.0, 0.18562017449025506)	(23.0, 0.19126710815973264)	(24.0, 0.20347177125182922)	(25.0, 0.22478439187534124)	(26.0, 0.24208951118503047)	(27.0, 0.27287440764121446)	(28.0, 0.3249719247209181)	(29.0, 0.41568718173383085)	(30.0, 0.5218859665501523)	(31.0, 0.6632414674377078)	(32.0, 0.8652559654844665)	(33.0, 1.1426843518913479)	(34.0, 1.4827754861145725)	(35.0, 1.9913638346690676)	(36.0, 2.603236421629368)	(37.0, 3.2260385576270214)	(38.0, 3.9561324333446564)	(39.0, 4.614637762865803)	(40.0, 5.25438069987362)	(41.0, 5.691744820533007)	(42.0, 5.942395811798028)	(43.0, 5.9901215092627345)	(44.0, 5.830003615860151)	(45.0, 5.6043084282312545)	(46.0, 5.2751468430452855)	(47.0, 4.826306695896294)	(48.0, 4.432114293936018)	(49.0, 3.9158752610558345)	(50.0, 3.396539522614972)	(51.0, 2.840771954048479)	(52.0, 2.3713478228797302)	(53.0, 1.90338096491555)	(54.0, 1.5574607378722167)	(55.0, 1.2465150677495365)	(56.0, 0.9348407610244682)	(57.0, 0.7182535309274474)	(58.0, 0.5719797329729411)	(59.0, 0.45940537788463215)	(60.0, 0.3568497760808774)	(61.0, 0.2819823651726302)	(62.0, 0.207479272565652)	(63.0, 0.15501743718469937)	(64.0, 0.11603537895023952)	(65.0, 0.0870720740003361)	(66.0, 0.06266274781614112)	(67.0, 0.03934637653571673)	(68.0, 0.025502281087964557)	(69.0, 0.020948302322256574)	(70.0, 0.01712296015906187)	(71.0, 0.01311545884523889)	(72.0, 0.009107957531415906)	(73.0, 0.005829092820106178)	(74.0, 0.00364318301256636)	(75.0, 0.0034610238619380423)	(76.0, 0.00364318301256636)	(77.0, 0.002003750656911499)	(78.0, 0.0009107957531415902)	(79.0, 0.0014572732050265444)	(80.0, 0.0003643183012566361)	(81.0, 0.0)	(82.0, 0.0003643183012566361)	(83.0, 0.0003643183012566361)	(84.0, 0.00018215915062831805)	(85.0, 0.0007286366025132722)	(86.0, 0.0007286366025132722)	(87.0, 0.0005464774518849542)	(88.0, 0.00018215915062831805)	(89.0, 0.0003643183012566361)	(90.0, 0.00018215915062831805)	(91.0, 0.00018215915062831805)	(92.0, 0.0)	(93.0, 0.00018215915062831805)	(94.0, 0.0)	(95.0, 0.0)	(96.0, 0.0)	(97.0, 0.0)	(98.0, 0.00018215915062831805)	(99.0, 0.0)	(100.0, 0.0)
SRR908443_2	(0.0, 3.087979997597944)	(1.0, 1.5948057808981015)	(2.0, 0.7393537069589664)	(3.0, 0.3683120607642124)	(4.0, 0.18834139470896916)	(5.0, 0.10445213580961311)	(6.0, 0.07278894481506068)	(7.0, 0.049678454836279015)	(8.0, 0.03766827894179412)	(9.0, 0.02911557792602446)	(10.0, 0.02311048997878188)	(11.0, 0.014921733687087489)	(12.0, 0.010736369360221496)	(13.0, 0.012192148256522711)	(14.0, 0.01310201006671097)	(15.0, 0.012920037704673318)	(16.0, 0.012010175894485059)	(17.0, 0.011828203532447408)	(18.0, 0.013647927152823928)	(19.0, 0.01710540203153931)	(20.0, 0.02547613068527138)	(21.0, 0.028751633201949147)	(22.0, 0.03821419602790707)	(23.0, 0.052044095542768475)	(24.0, 0.06714780159189342)	(25.0, 0.08279742472713185)	(26.0, 0.10972933430870518)	(27.0, 0.1406646358551069)	(28.0, 0.17833291479689886)	(29.0, 0.23820182190728312)	(30.0, 0.30462173405102677)	(31.0, 0.37668278941794536)	(32.0, 0.49259918403594316)	(33.0, 0.631990013356776)	(34.0, 0.8470813452852323)	(35.0, 1.126408921012971)	(36.0, 1.4999981802764415)	(37.0, 1.9451025778207418)	(38.0, 2.418958608566755)	(39.0, 3.0196493756524996)	(40.0, 3.665469288523541)	(41.0, 4.362605407489154)	(42.0, 4.996051199743075)	(43.0, 5.512124818482796)	(44.0, 5.955045547683248)	(45.0, 6.095164266452495)	(46.0, 6.181055221334423)	(47.0, 6.042756226185556)	(48.0, 5.8116513263973175)	(49.0, 5.438426011857413)	(50.0, 4.857752204594208)	(51.0, 4.212114264084152)	(52.0, 3.5439117506824998)	(53.0, 2.91537921220502)	(54.0, 2.332521736598949)	(55.0, 1.876317024970478)	(56.0, 1.4350340470289702)	(57.0, 1.0945637576563834)	(58.0, 0.8177837949971768)	(59.0, 0.5983251263798178)	(60.0, 0.4596621865071243)	(61.0, 0.3613971110067808)	(62.0, 0.28096532698612925)	(63.0, 0.22491783947853525)	(64.0, 0.18397405802006575)	(65.0, 0.1432122489236339)	(66.0, 0.10772763832629095)	(67.0, 0.0886205403123369)	(68.0, 0.07078724883264645)	(69.0, 0.052953957352956715)	(70.0, 0.04713084176775192)	(71.0, 0.04112575382050947)	(72.0, 0.03220910808066457)	(73.0, 0.02438429651304546)	(74.0, 0.01965301510006646)	(75.0, 0.017651319117652265)	(76.0, 0.012920037704673318)	(77.0, 0.009826507550033236)	(78.0, 0.007824811567619062)	(79.0, 0.007824811567619062)	(80.0, 0.005641143223167228)	(81.0, 0.0032755025166777444)	(82.0, 0.0025476130685271347)	(83.0, 0.00218366834445183)	(84.0, 0.0007278894481506101)	(85.0, 0.0007278894481506101)	(86.0, 0.0014557788963012201)	(87.0, 0.0012738065342635674)	(88.0, 0.0010918341722259148)	(89.0, 0.0005459170861129575)	(90.0, 0.0007278894481506101)	(91.0, 0.00036394472407530503)	(92.0, 0.00018197236203765251)	(93.0, 0.00036394472407530503)	(94.0, 0.0005459170861129575)	(95.0, 0.00018197236203765251)	(96.0, 0.0)	(97.0, 0.00018197236203765251)	(98.0, 0.00018197236203765251)	(99.0, 0.00018197236203765251)	(100.0, 0.00027295854305647876)
SRR908444_1	(0.0, 0.5921254998460265)	(1.0, 0.1502386730008546)	(2.0, 0.060237875525461414)	(3.0, 0.03844970778220943)	(4.0, 0.029478109299694005)	(5.0, 0.019794479191581955)	(6.0, 0.015522289438003092)	(7.0, 0.013101381910975075)	(8.0, 0.009968442758350607)	(9.0, 0.008686785832276962)	(10.0, 0.006693097280606846)	(11.0, 0.0046994087289367195)	(12.0, 0.0029905328275051835)	(13.0, 0.0028481265023858893)	(14.0, 0.0029905328275051835)	(15.0, 0.005411440354533194)	(16.0, 0.0125317566104979)	(17.0, 0.01751597798967323)	(18.0, 0.0247787005707573)	(19.0, 0.025917951171711667)	(20.0, 0.025063513220995894)	(21.0, 0.028481265023858955)	(22.0, 0.03503195597934641)	(23.0, 0.038592114107328726)	(24.0, 0.04300671018602679)	(25.0, 0.061946751426893)	(26.0, 0.08601342037205446)	(27.0, 0.10879843239114222)	(28.0, 0.1599223031089661)	(29.0, 0.2325495289198045)	(30.0, 0.32781936042462334)	(31.0, 0.46751996536665685)	(32.0, 0.704484090365109)	(33.0, 1.0417022682476356)	(34.0, 1.4411520102074382)	(35.0, 2.0057930893053486)	(36.0, 2.710561992320096)	(37.0, 3.4893821843968094)	(38.0, 4.327870626700712)	(39.0, 5.183732640669229)	(40.0, 5.873691285873465)	(41.0, 6.39219271563376)	(42.0, 6.671593925518324)	(43.0, 6.76529728744699)	(44.0, 6.6547899791542156)	(45.0, 6.3830787108261084)	(46.0, 5.894197796690682)	(47.0, 5.3892249678167445)	(48.0, 4.80365015892514)	(49.0, 4.2039771238467)	(50.0, 3.620965628807248)	(51.0, 3.02029574945428)	(52.0, 2.4787244950260954)	(53.0, 1.975887761030324)	(54.0, 1.5378459049634832)	(55.0, 1.18510543764283)	(56.0, 0.8981566925273213)	(57.0, 0.6852592364740087)	(58.0, 0.5149412716313712)	(59.0, 0.392329425703671)	(60.0, 0.2909361222187219)	(61.0, 0.21360948767893706)	(62.0, 0.16106155370992037)	(63.0, 0.12047575105092376)	(64.0, 0.08757988994836674)	(65.0, 0.06066509450081931)	(66.0, 0.04058580265899882)	(67.0, 0.02648757647218885)	(68.0, 0.021788167743252096)	(69.0, 0.017658384314792525)	(70.0, 0.013528600886332958)	(71.0, 0.008686785832276962)	(72.0, 0.007262722581084022)	(73.0, 0.0046994087289367195)	(74.0, 0.0037025644531016562)	(75.0, 0.0028481265023858893)	(76.0, 0.0037025644531016562)	(77.0, 0.0019936885516701227)	(78.0, 0.0017088759014315341)	(79.0, 0.0011392506009543558)	(80.0, 0.0007120316255964724)	(81.0, 0.0008544379507157668)	(82.0, 0.0011392506009543558)	(83.0, 0.0008544379507157668)	(84.0, 0.0005696253004771779)	(85.0, 0.0005696253004771779)	(86.0, 0.00014240632511929447)	(87.0, 0.00014240632511929447)	(88.0, 0.00014240632511929447)	(89.0, 0.0)	(90.0, 0.00014240632511929447)	(91.0, 0.0)	(92.0, 0.0)	(93.0, 0.0)	(94.0, 0.0)	(95.0, 0.0)	(96.0, 0.0)	(97.0, 0.0)	(98.0, 0.0)	(99.0, 0.0)	(100.0, 0.0)
SRR908444_2	(0.0, 0.5487600147988244)	(1.0, 0.2299687980957364)	(2.0, 0.09238672111967813)	(3.0, 0.04077562074109206)	(4.0, 0.019674949868079463)	(5.0, 0.014114637948839583)	(6.0, 0.00940975863255973)	(7.0, 0.00698603292417314)	(8.0, 0.004419735115293208)	(9.0, 0.004419735115293208)	(10.0, 0.003136586210853243)	(11.0, 0.002138581507399939)	(12.0, 0.0028514420098665846)	(13.0, 0.0024237257083865975)	(14.0, 0.002138581507399939)	(15.0, 0.003136586210853243)	(16.0, 0.0028514420098665846)	(17.0, 0.0025662978088799265)	(18.0, 0.003136586210853243)	(19.0, 0.0035643025123332315)	(20.0, 0.005275167718253185)	(21.0, 0.007413749225653125)	(22.0, 0.010835479637493017)	(23.0, 0.013116633245386278)	(24.0, 0.02352439658139938)	(25.0, 0.027516415395212622)	(26.0, 0.03920732763566546)	(27.0, 0.05232396088105157)	(28.0, 0.07014547344271813)	(29.0, 0.09424015842609146)	(30.0, 0.13772464907655574)	(31.0, 0.20915327142370962)	(32.0, 0.30153999254339586)	(33.0, 0.42244113376175274)	(34.0, 0.5966642405645668)	(35.0, 0.8377536624987318)	(36.0, 1.1971779278425525)	(37.0, 1.6193339174034922)	(38.0, 2.192758905587322)	(39.0, 2.8632754942068397)	(40.0, 3.6281748133531946)	(41.0, 4.419735115293599)	(42.0, 5.131882757259074)	(43.0, 5.774455214183678)	(44.0, 6.216143581512815)	(45.0, 6.432995746363564)	(46.0, 6.518966722961197)	(47.0, 6.510982685333556)	(48.0, 6.369551161643917)	(49.0, 6.055179680055554)	(50.0, 5.571004826779327)	(51.0, 4.959085371460844)	(52.0, 4.295697387864177)	(53.0, 3.5581719120108426)	(54.0, 2.919021185499681)	(55.0, 2.2966939668468647)	(56.0, 1.7753077953432335)	(57.0, 1.3544349546867662)	(58.0, 1.0236676815420918)	(59.0, 0.7704596310658957)	(60.0, 0.57128640667676)	(61.0, 0.44225865573032636)	(62.0, 0.3406047480785725)	(63.0, 0.25534663198355184)	(64.0, 0.20116923379608367)	(65.0, 0.16253219456239362)	(66.0, 0.1287426067454765)	(67.0, 0.10493306596309146)	(68.0, 0.08212152988415813)	(69.0, 0.06586831042791813)	(70.0, 0.0640148731215048)	(71.0, 0.05218138878055824)	(72.0, 0.041203337042572036)	(73.0, 0.03435987621889233)	(74.0, 0.028942136400145896)	(75.0, 0.025662978088799335)	(76.0, 0.01924723356659947)	(77.0, 0.017251224159692848)	(78.0, 0.013686921647359592)	(79.0, 0.01040776333601303)	(80.0, 0.006700888723186481)	(81.0, 0.006273172421706492)	(82.0, 0.005702884019733174)	(83.0, 0.002138581507399939)	(84.0, 0.0019960094069066095)	(85.0, 0.002138581507399939)	(86.0, 0.0018534373064132807)	(87.0, 0.0008554326029599756)	(88.0, 0.0007128605024666464)	(89.0, 0.0007128605024666464)	(90.0, 0.0011405768039466342)	(91.0, 0.001425721004933293)	(92.0, 0.001425721004933293)	(93.0, 0.0008554326029599756)	(94.0, 0.00042771630147998786)	(95.0, 0.0)	(96.0, 0.00028514420098665856)	(97.0, 0.0)	(98.0, 0.00028514420098665856)	(99.0, 0.0007128605024666464)	(100.0, 0.0006415744522199818)
SRR908445_1	(0.0, 1.9337467959894576)	(1.0, 0.5931229925395758)	(2.0, 0.28534288703590355)	(3.0, 0.19656954440250934)	(4.0, 0.1273068265237098)	(5.0, 0.08974887387112149)	(6.0, 0.0619462335958283)	(7.0, 0.04828879626761409)	(8.0, 0.03755795265258875)	(9.0, 0.03511912455826482)	(10.0, 0.0317047652262113)	(11.0, 0.02146168723005075)	(12.0, 0.02097392161118596)	(13.0, 0.019022859135726797)	(14.0, 0.012681906090484524)	(15.0, 0.018047327897997217)	(16.0, 0.03365582770167046)	(17.0, 0.10682067053138895)	(18.0, 0.21120251296845344)	(19.0, 0.296561496269794)	(20.0, 0.3482646518694632)	(21.0, 0.3682630422429201)	(22.0, 0.3916757919484292)	(23.0, 0.412649713559614)	(24.0, 0.4136252447973435)	(25.0, 0.44240341631036445)	(26.0, 0.4941065719100292)	(27.0, 0.5287379308494272)	(28.0, 0.5692224772152025)	(29.0, 0.6575080542297244)	(30.0, 0.7662797872365691)	(31.0, 0.9252913789865085)	(32.0, 1.1779539695584982)	(33.0, 1.527681918284582)	(34.0, 1.9817917094475976)	(35.0, 2.4978477342064274)	(36.0, 3.125114320066492)	(37.0, 3.764575046398521)	(38.0, 4.35916133579497)	(39.0, 4.971307187470559)	(40.0, 5.384444666649224)	(41.0, 5.751244412035712)	(42.0, 5.8541629576162295)	(43.0, 5.836115629718224)	(44.0, 5.656130116357035)	(45.0, 5.354203198279593)	(46.0, 4.870339704365502)	(47.0, 4.333797523613989)	(48.0, 3.8782244355940687)	(49.0, 3.3948487072988427)	(50.0, 2.8602575890228836)	(51.0, 2.3734675013959343)	(52.0, 1.9852060687796502)	(53.0, 1.6384047137668638)	(54.0, 1.3594027797762205)	(55.0, 1.1360061263361214)	(56.0, 0.8852945982395912)	(57.0, 0.715552162874631)	(58.0, 0.6121458516753016)	(59.0, 0.5145927279023491)	(60.0, 0.4355746976462577)	(61.0, 0.3248519021639526)	(62.0, 0.2233966534400735)	(63.0, 0.18339987269315983)	(64.0, 0.1443786231839772)	(65.0, 0.11316162357663112)	(66.0, 0.08584674892020315)	(67.0, 0.06048293673923392)	(68.0, 0.041460077603507055)	(69.0, 0.025851577799833846)	(70.0, 0.016096265422538055)	(71.0, 0.009755312377295785)	(72.0, 0.00829201552070142)	(73.0, 0.005853187426377473)	(74.0, 0.004877656188647895)	(75.0, 0.006828718664107051)	(76.0, 0.004877656188647895)	(77.0, 0.00048776561886478947)	(78.0, 0.0009755312377295789)	(79.0, 0.00048776561886478947)	(80.0, 0.00048776561886478947)	(81.0, 0.00048776561886478947)	(82.0, 0.0009755312377295789)	(83.0, 0.00048776561886478947)	(84.0, 0.0009755312377295789)	(85.0, 0.00048776561886478947)	(86.0, 0.0)	(87.0, 0.0)	(88.0, 0.0)	(89.0, 0.0)	(90.0, 0.0)	(91.0, 0.0)	(92.0, 0.0)	(93.0, 0.0)	(94.0, 0.00048776561886478947)	(95.0, 0.00048776561886478947)	(96.0, 0.0)	(97.0, 0.0)	(98.0, 0.0)	(99.0, 0.0)	(100.0, 0.0)
SRR908445_2	(0.0, 1.7149866028078342)	(1.0, 1.0245627356067948)	(2.0, 0.4380553263876976)	(3.0, 0.19566471245317055)	(4.0, 0.09539871552443203)	(5.0, 0.05646046428996984)	(6.0, 0.03504442611101574)	(7.0, 0.02823023214498492)	(8.0, 0.019469125617230992)	(9.0, 0.013628387932061685)	(10.0, 0.01606202863421556)	(11.0, 0.01314165979163091)	(12.0, 0.008761106527753939)	(13.0, 0.01119474722990781)	(14.0, 0.007300922106461616)	(15.0, 0.01119474722990781)	(16.0, 0.01119474722990781)	(17.0, 0.012654931651200133)	(18.0, 0.019955853757661766)	(19.0, 0.020929310038523316)	(20.0, 0.03650461053230806)	(21.0, 0.057433920570831395)	(22.0, 0.08128359945193951)	(23.0, 0.11194747229907813)	(24.0, 0.12362894766941655)	(25.0, 0.1542928205165549)	(26.0, 0.20247890641920158)	(27.0, 0.22827549786203333)	(28.0, 0.29057669983717427)	(29.0, 0.35628499879533065)	(30.0, 0.45119698617932785)	(31.0, 0.5281000323673859)	(32.0, 0.6118172725214743)	(33.0, 0.714516910152362)	(34.0, 0.8770841090562533)	(35.0, 1.1253154606759765)	(36.0, 1.412971791670597)	(37.0, 1.7819117221170682)	(38.0, 2.2262945143302644)	(39.0, 2.787005332106389)	(40.0, 3.4392210402837846)	(41.0, 4.176127444896313)	(42.0, 4.962193391692371)	(43.0, 5.637772050610593)	(44.0, 6.2724655457322145)	(45.0, 6.722202347489841)	(46.0, 6.877955352427547)	(47.0, 6.642378932459265)	(48.0, 6.302642690438895)	(49.0, 5.7054272621305016)	(50.0, 4.9568393821476295)	(51.0, 4.233074637326739)	(52.0, 3.4762123789565407)	(53.0, 2.7821380507020823)	(54.0, 2.235055620858016)	(55.0, 1.6869997347330887)	(56.0, 1.2961570379671978)	(57.0, 0.9973059597426683)	(58.0, 0.8128359945193838)	(59.0, 0.6108438162406128)	(60.0, 0.4779670339030189)	(61.0, 0.3991170751532379)	(62.0, 0.32562112594819104)	(63.0, 0.22438167273858703)	(64.0, 0.17911595567852406)	(65.0, 0.13531042303975496)	(66.0, 0.1182749381246781)	(67.0, 0.07884995874978562)	(68.0, 0.06376138639643152)	(69.0, 0.05646046428996984)	(70.0, 0.03796479495360038)	(71.0, 0.03504442611101574)	(72.0, 0.025309863302400284)	(73.0, 0.018495669336369442)	(74.0, 0.018008941195938665)	(75.0, 0.015088572353354012)	(76.0, 0.008761106527753939)	(77.0, 0.009247834668184714)	(78.0, 0.009247834668184714)	(79.0, 0.005840737685169294)	(80.0, 0.0034070969830154213)	(81.0, 0.005354009544738521)	(82.0, 0.0014601844212923235)	(83.0, 0.0014601844212923235)	(84.0, 0.0014601844212923235)	(85.0, 0.00048672814043077445)	(86.0, 0.00048672814043077445)	(87.0, 0.0)	(88.0, 0.0)	(89.0, 0.0)	(90.0, 0.00048672814043077445)	(91.0, 0.00048672814043077445)	(92.0, 0.0009734562808615489)	(93.0, 0.0)	(94.0, 0.0)	(95.0, 0.0)	(96.0, 0.00048672814043077445)	(97.0, 0.00048672814043077445)	(98.0, 0.00048672814043077445)	(99.0, 0.00048672814043077445)	(100.0, 0.0014601844212923235)
SRR908446_1	(0.0, 5.346572946224487)	(1.0, 1.2516486531945095)	(2.0, 0.5868535809851207)	(3.0, 0.40509602078519197)	(4.0, 0.3041851675572875)	(5.0, 0.23214489581971945)	(6.0, 0.18434501797495517)	(7.0, 0.15029952093452478)	(8.0, 0.1222914253692582)	(9.0, 0.0992766693699194)	(10.0, 0.07898555313381596)	(11.0, 0.0675008721321739)	(12.0, 0.05588000914237167)	(13.0, 0.04630187597499562)	(14.0, 0.03971974654717795)	(15.0, 0.04530320806180949)	(16.0, 0.09950363935018901)	(17.0, 0.18529829189208724)	(18.0, 0.2160754212166363)	(19.0, 0.23958951117256025)	(20.0, 0.2492130383359886)	(21.0, 0.25143734414263)	(22.0, 0.2595174754402255)	(23.0, 0.2640114810495623)	(24.0, 0.28185132149874986)	(25.0, 0.30704498930868557)	(26.0, 0.336097146783206)	(27.0, 0.38267138673454654)	(28.0, 0.4567997822906276)	(29.0, 0.5671071927016846)	(30.0, 0.7171343496597457)	(31.0, 0.918002782198148)	(32.0, 1.1858727529122632)	(33.0, 1.5529739990009621)	(34.0, 2.004871229718533)	(35.0, 2.536843469473692)	(36.0, 3.0877450055820312)	(37.0, 3.6972955845918176)	(38.0, 4.247425422767243)	(39.0, 4.729146508892574)	(40.0, 5.129430766098932)	(41.0, 5.334293870291752)	(42.0, 5.379415502369675)	(43.0, 5.256170803082392)	(44.0, 5.041321019757636)	(45.0, 4.803910420393921)	(46.0, 4.490510271635394)	(47.0, 4.0974890538016995)	(48.0, 3.7141367571277604)	(49.0, 3.331329188406466)	(50.0, 2.912070240854009)	(51.0, 2.4868646798185106)	(52.0, 2.076593743483853)	(53.0, 1.7234738481797864)	(54.0, 1.3807491779720857)	(55.0, 1.1447003984912851)	(56.0, 0.9246303056220139)	(57.0, 0.74927329886589)	(58.0, 0.5738708981137122)	(59.0, 0.43759812195981174)	(60.0, 0.3320570811344055)	(61.0, 0.24208618095552517)	(62.0, 0.1863423538013271)	(63.0, 0.13468398629197909)	(64.0, 0.0980964254725174)	(65.0, 0.06868111602957569)	(66.0, 0.04475848010916251)	(67.0, 0.03191197922590434)	(68.0, 0.02156214812561084)	(69.0, 0.01625105058730239)	(70.0, 0.011348499013479367)	(71.0, 0.008170919289705175)	(72.0, 0.006082795471224954)	(73.0, 0.004720975589607418)	(74.0, 0.0031321857277203076)	(75.0, 0.002451275786911547)	(76.0, 0.002178911810588043)	(77.0, 0.001679577853994949)	(78.0, 0.0014980018697792787)	(79.0, 0.0009986679131861853)	(80.0, 0.0006809099408087628)	(81.0, 0.00040854596448525773)	(82.0, 0.0003631519684313402)	(83.0, 0.0003631519684313402)	(84.0, 0.00040854596448525773)	(85.0, 0.0004539399605391753)	(86.0, 0.0001361819881617526)	(87.0, 0.0001815759842156701)	(88.0, 4.5393996053917525e-05)	(89.0, 0.0)	(90.0, 0.0)	(91.0, 4.5393996053917525e-05)	(92.0, 4.5393996053917525e-05)	(93.0, 9.078799210783505e-05)	(94.0, 9.078799210783505e-05)	(95.0, 4.5393996053917525e-05)	(96.0, 0.0001361819881617526)	(97.0, 0.0)	(98.0, 4.5393996053917525e-05)	(99.0, 0.0)	(100.0, 0.0)
SRR908446_2	(0.0, 4.333428458880811)	(1.0, 2.2406815029372624)	(2.0, 1.045401116993821)	(3.0, 0.5514869660665864)	(4.0, 0.3124218436597653)	(5.0, 0.18931642118699793)	(6.0, 0.13423104110918524)	(7.0, 0.10248232451260347)	(8.0, 0.08276374839278915)	(9.0, 0.06915069469539445)	(10.0, 0.05902005008338149)	(11.0, 0.05060799696804929)	(12.0, 0.04436679626957702)	(13.0, 0.037944691203033086)	(14.0, 0.03324117763316979)	(15.0, 0.03138690786043512)	(16.0, 0.03211052533272182)	(17.0, 0.03025625555998715)	(18.0, 0.031115551308327605)	(19.0, 0.03477886476177903)	(20.0, 0.04658287477845486)	(21.0, 0.06001502410777562)	(22.0, 0.07227129504463106)	(23.0, 0.08814565334292195)	(24.0, 0.10442704646937415)	(25.0, 0.1339596845570777)	(26.0, 0.1630400617245938)	(27.0, 0.199040030970848)	(28.0, 0.23680381780580065)	(29.0, 0.28903995408649125)	(30.0, 0.3610398925790488)	(31.0, 0.43376344854389337)	(32.0, 0.5409492866264068)	(33.0, 0.6700697793374644)	(34.0, 0.8425620942936453)	(35.0, 1.082848321184623)	(36.0, 1.4395012828384917)	(37.0, 1.8479381198530487)	(38.0, 2.3429376969894022)	(39.0, 2.9565200873942583)	(40.0, 3.616866256945471)	(41.0, 4.255458676236144)	(42.0, 4.858412935021331)	(43.0, 5.311623603136181)	(44.0, 5.662713755473829)	(45.0, 5.837964862044536)	(46.0, 5.828422156628685)	(47.0, 5.620517811620805)	(48.0, 5.311035663939943)	(49.0, 4.93633749156877)	(50.0, 4.454136898470224)	(51.0, 3.8924740617016584)	(52.0, 3.345238348286846)	(53.0, 2.803655896374253)	(54.0, 2.3236261556978217)	(55.0, 1.8695109657456344)	(56.0, 1.4943605324563256)	(57.0, 1.1768281403979486)	(58.0, 0.9199891638282498)	(59.0, 0.7041250266269253)	(60.0, 0.5447935044479316)	(61.0, 0.417979542429633)	(62.0, 0.3162208353892721)	(63.0, 0.24458270563288068)	(64.0, 0.18918074291094422)	(65.0, 0.1471204773342904)	(66.0, 0.11632150867008782)	(67.0, 0.09117580150812278)	(68.0, 0.0733114951610433)	(69.0, 0.05680397157450366)	(70.0, 0.042693430864914166)	(71.0, 0.036407004074423974)	(72.0, 0.027678368314965767)	(73.0, 0.02288440256106637)	(74.0, 0.01872360209541783)	(75.0, 0.014155766801608159)	(76.0, 0.012030140476766059)	(77.0, 0.008819087943493955)	(78.0, 0.007236174722866831)	(79.0, 0.006105522422418883)	(80.0, 0.004974870121970934)	(81.0, 0.003391956901343818)	(82.0, 0.002713565521075056)	(83.0, 0.0027587916130929735)	(84.0, 0.0019899480487883757)	(85.0, 0.001537687128609199)	(86.0, 0.0010854262084300222)	(87.0, 0.0008140696563225167)	(88.0, 0.0006331652882508465)	(89.0, 0.0004070348281612585)	(90.0, 0.0004070348281612585)	(91.0, 0.0005879391962329289)	(92.0, 0.0004974870121970937)	(93.0, 0.0004070348281612585)	(94.0, 0.0004522609201791761)	(95.0, 0.00031658264412542323)	(96.0, 0.00031658264412542323)	(97.0, 0.00018090436807167043)	(98.0, 0.00022613046008958802)	(99.0, 0.0004522609201791761)	(100.0, 0.0006783913802687642)
SRR908447_1	(0.0, 3.409207783807628)	(1.0, 0.7420289989811039)	(2.0, 0.32842191873466403)	(3.0, 0.2123237245322742)	(4.0, 0.15816781011955128)	(5.0, 0.12109541377264835)	(6.0, 0.09006616667351638)	(7.0, 0.0651962832307644)	(8.0, 0.046485763444394854)	(9.0, 0.03614268107801702)	(10.0, 0.028937387744135887)	(11.0, 0.027659029249415042)	(12.0, 0.02486988344275138)	(13.0, 0.01847809096914707)	(14.0, 0.01324844258165259)	(15.0, 0.015107873119428404)	(16.0, 0.02370773935664152)	(17.0, 0.03195896236802153)	(18.0, 0.040442614196623504)	(19.0, 0.04683440667022783)	(20.0, 0.04520740494967396)	(21.0, 0.04253447355162125)	(22.0, 0.05125055419744548)	(23.0, 0.05729370344521701)	(24.0, 0.06879892989770511)	(25.0, 0.08390680301713394)	(26.0, 0.11342526280432358)	(27.0, 0.16002724065732699)	(28.0, 0.2238289509847633)	(29.0, 0.320286910131894)	(30.0, 0.4609063445511695)	(31.0, 0.6594005544586914)	(32.0, 0.9598148007181938)	(33.0, 1.3774893852662733)	(34.0, 1.8932489306814362)	(35.0, 2.5259201711590777)	(36.0, 3.256211514870951)	(37.0, 3.984643428045947)	(38.0, 4.701105257133989)	(39.0, 5.382818978047283)	(40.0, 5.866619561094861)	(41.0, 6.149020574018533)	(42.0, 6.133447843264718)	(43.0, 6.01874422196609)	(44.0, 5.804096209262378)	(45.0, 5.389559413746732)	(46.0, 5.049980911784808)	(47.0, 4.5908177833619614)	(48.0, 4.127587150637722)	(49.0, 3.585911792100923)	(50.0, 3.083284474857487)	(51.0, 2.555089987720409)	(52.0, 2.061992251984437)	(53.0, 1.700565441204594)	(54.0, 1.3578491502110075)	(55.0, 1.055575473413691)	(56.0, 0.8223331553313328)	(57.0, 0.6331360981126141)	(58.0, 0.5118082555227706)	(59.0, 0.4061693580954069)	(60.0, 0.3069222531416289)	(61.0, 0.23103424431864533)	(62.0, 0.18431605205702298)	(63.0, 0.14073564882790413)	(64.0, 0.10877668645988435)	(65.0, 0.07809608258658439)	(66.0, 0.052296483874944406)	(67.0, 0.04497497613245197)	(68.0, 0.031145461507744623)	(69.0, 0.018942948603591026)	(70.0, 0.013597085807485554)	(71.0, 0.010459296774988875)	(72.0, 0.005810720430549385)	(73.0, 0.006159363656382347)	(74.0, 0.004416147527217532)	(75.0, 0.0029053602152746905)	(76.0, 0.002091859354997777)	(77.0, 0.0010459296774988887)	(78.0, 0.0010459296774988887)	(79.0, 0.0010459296774988887)	(80.0, 0.00023242881722197528)	(81.0, 0.00023242881722197528)	(82.0, 0.00011621440861098764)	(83.0, 0.00046485763444395055)	(84.0, 0.00023242881722197528)	(85.0, 0.00034864322583296294)	(86.0, 0.00011621440861098764)	(87.0, 0.0)	(88.0, 0.00011621440861098764)	(89.0, 0.00011621440861098764)	(90.0, 0.0)	(91.0, 0.0)	(92.0, 0.0)	(93.0, 0.0)	(94.0, 0.0)	(95.0, 0.0)	(96.0, 0.0)	(97.0, 0.0)	(98.0, 0.00011621440861098764)	(99.0, 0.0)	(100.0, 0.0)
SRR908447_2	(0.0, 2.8591145803119944)	(1.0, 1.2966979436084964)	(2.0, 0.532829190781417)	(3.0, 0.27441747178687875)	(4.0, 0.14811120518674126)	(5.0, 0.0910472169707086)	(6.0, 0.06112341827205494)	(7.0, 0.04720537236570432)	(8.0, 0.03757872394714544)	(9.0, 0.03189552186871918)	(10.0, 0.027952075528586674)	(11.0, 0.024356580336112918)	(12.0, 0.0193692805530041)	(13.0, 0.015193866781099005)	(14.0, 0.012526241315715192)	(15.0, 0.012526241315715192)	(16.0, 0.011830339020397677)	(17.0, 0.010554518145648905)	(18.0, 0.012642225031601445)	(19.0, 0.01287419246337395)	(20.0, 0.013454111042805214)	(21.0, 0.014729931917553993)	(22.0, 0.01797747596236907)	(23.0, 0.02377666175668167)	(24.0, 0.028763961539790425)	(25.0, 0.03920249596955295)	(26.0, 0.057295955647808525)	(27.0, 0.0749254804625193)	(28.0, 0.10067386538926697)	(29.0, 0.13883250791584165)	(30.0, 0.19114116378054047)	(31.0, 0.2722137811850397)	(32.0, 0.37694707663033)	(33.0, 0.5378164905645247)	(34.0, 0.7600412902025652)	(35.0, 1.038750159477355)	(36.0, 1.4101300177453024)	(37.0, 1.893666129274667)	(38.0, 2.4708010995241314)	(39.0, 3.1293566383264313)	(40.0, 3.8375532075291736)	(41.0, 4.516057945464981)	(42.0, 5.158259780328326)	(43.0, 5.5981860146856794)	(44.0, 5.8877973532531565)	(45.0, 6.042171679097195)	(46.0, 6.043795451119597)	(47.0, 5.880258411720577)	(48.0, 5.628341780816159)	(49.0, 5.325624282352492)	(50.0, 4.834781196720981)	(51.0, 4.3019520059385705)	(52.0, 3.730616221481855)	(53.0, 3.117874250453671)	(54.0, 2.584581124808441)	(55.0, 2.070773263432813)	(56.0, 1.5865412496081515)	(57.0, 1.2326749324392563)	(58.0, 0.9446873658935621)	(59.0, 0.7409039770813248)	(60.0, 0.5715677518874163)	(61.0, 0.4517565733769454)	(62.0, 0.35073475684004113)	(63.0, 0.27824493441112547)	(64.0, 0.21955717417267542)	(65.0, 0.17942680847602768)	(66.0, 0.148923091197945)	(67.0, 0.11737552047688628)	(68.0, 0.09499066331084094)	(69.0, 0.07886892680265198)	(70.0, 0.06379104373743881)	(71.0, 0.0488291443881119)	(72.0, 0.0418701214349367)	(73.0, 0.03491109848176169)	(74.0, 0.03038773356219793)	(75.0, 0.021572971154842902)	(76.0, 0.016121736508189027)	(77.0, 0.012062306452170182)	(78.0, 0.010786485577421408)	(79.0, 0.009162713555013887)	(80.0, 0.006031153226085099)	(81.0, 0.004175413771905068)	(82.0, 0.003595495192473808)	(83.0, 0.0017397557382937774)	(84.0, 0.001855739454180029)	(85.0, 0.001507788306521274)	(86.0, 0.0008118860112037629)	(87.0, 0.0009278697270900147)	(88.0, 0.00046393486354500736)	(89.0, 0.00034795114765875555)	(90.0, 0.00023196743177250368)	(91.0, 0.00034795114765875555)	(92.0, 0.0006959022953175111)	(93.0, 0.00046393486354500736)	(94.0, 0.0)	(95.0, 0.00023196743177250368)	(96.0, 0.00046393486354500736)	(97.0, 0.00023196743177250368)	(98.0, 0.00023196743177250368)	(99.0, 0.00023196743177250368)	(100.0, 0.0006959022953175111)
SRR908448_1	(0.0, 1.9477347192984975)	(1.0, 0.4399348282591627)	(2.0, 0.15858115902364645)	(3.0, 0.09514869541418838)	(4.0, 0.060874702980044645)	(5.0, 0.039901065818852985)	(6.0, 0.03035209280237543)	(7.0, 0.02540708891884233)	(8.0, 0.01671070277883585)	(9.0, 0.014323459524716444)	(10.0, 0.01347087264824523)	(11.0, 0.013129837897656742)	(12.0, 0.008355351389417941)	(13.0, 0.007332247137652478)	(14.0, 0.008184834014123697)	(15.0, 0.013300355272950986)	(16.0, 0.06667229374004889)	(17.0, 0.1272059619695071)	(18.0, 0.150225807634229)	(19.0, 0.1729046185483621)	(20.0, 0.18825118232484317)	(21.0, 0.19217308195661054)	(22.0, 0.19438980783543558)	(23.0, 0.21451085812015513)	(24.0, 0.239917947038996)	(25.0, 0.27998953023314405)	(26.0, 0.3212547350543557)	(27.0, 0.38536926816499856)	(28.0, 0.47096899056271857)	(29.0, 0.6077239255486888)	(30.0, 0.7746604359617153)	(31.0, 1.0207170085112527)	(32.0, 1.3690840062375327)	(33.0, 1.802198139485108)	(34.0, 2.335235454654829)	(35.0, 2.9436414497041365)	(36.0, 3.6572566653098972)	(37.0, 4.350239278505508)	(38.0, 5.030262571180188)	(39.0, 5.598426465661642)	(40.0, 5.9868650465826345)	(41.0, 6.205638839085547)	(42.0, 6.0900280586358395)	(43.0, 5.7331351921443385)	(44.0, 5.516919160270844)	(45.0, 5.162584054408762)	(46.0, 4.69332023759815)	(47.0, 4.187736219849806)	(48.0, 3.754110534476939)	(49.0, 3.3305453742464235)	(50.0, 2.809955827473571)	(51.0, 2.3328482114007114)	(52.0, 1.9319618620840866)	(53.0, 1.544546385415389)	(54.0, 1.2686492721891773)	(55.0, 0.9782581820629959)	(56.0, 0.76187163281465)	(57.0, 0.5838514930075)	(58.0, 0.4308974073685668)	(59.0, 0.33660129883083933)	(60.0, 0.2619146884519522)	(61.0, 0.19865274221779142)	(62.0, 0.15465925939187908)	(63.0, 0.10435663368007782)	(64.0, 0.08014316638829452)	(65.0, 0.05251935159062683)	(66.0, 0.03410347505884878)	(67.0, 0.023360880415311393)	(68.0, 0.016199150652953118)	(69.0, 0.010742594643537343)	(70.0, 0.00699121238706399)	(71.0, 0.007161729762358234)	(72.0, 0.0068206950117697465)	(73.0, 0.004262934382356088)	(74.0, 0.00289879538000214)	(75.0, 0.0025577606294136536)	(76.0, 0.0010231042517654615)	(77.0, 0.0018756911282366796)	(78.0, 0.0005115521258827308)	(79.0, 0.0001705173752942436)	(80.0, 0.0003410347505884872)	(81.0, 0.0003410347505884872)	(82.0, 0.0)	(83.0, 0.0001705173752942436)	(84.0, 0.0001705173752942436)	(85.0, 0.0003410347505884872)	(86.0, 0.0008525868764712179)	(87.0, 0.0001705173752942436)	(88.0, 0.0)	(89.0, 0.0001705173752942436)	(90.0, 0.0)	(91.0, 0.0)	(92.0, 0.0)	(93.0, 0.0001705173752942436)	(94.0, 0.0)	(95.0, 0.0)	(96.0, 0.0)	(97.0, 0.0)	(98.0, 0.0)	(99.0, 0.0)	(100.0, 0.0)
SRR908448_2	(0.0, 1.696818986374036)	(1.0, 0.7381771915007483)	(2.0, 0.26929576600581845)	(3.0, 0.1254441036584103)	(4.0, 0.05726796036579513)	(5.0, 0.02829309946643469)	(6.0, 0.018748439405468723)	(7.0, 0.0156805129573011)	(8.0, 0.014828311166143433)	(9.0, 0.0090333389862713)	(10.0, 0.008522017911576701)	(11.0, 0.0056245318216406204)	(12.0, 0.004942770388714483)	(13.0, 0.0039201282393252785)	(14.0, 0.0056245318216406204)	(15.0, 0.006135852896335222)	(16.0, 0.007669816120419031)	(17.0, 0.009203779344502833)	(18.0, 0.012442146150901966)	(19.0, 0.01704403582315337)	(20.0, 0.02607737480942473)	(21.0, 0.040564805259105045)	(22.0, 0.05368871284293298)	(23.0, 0.07601639977126405)	(24.0, 0.10652522389470948)	(25.0, 0.13055731440535645)	(26.0, 0.17095167930622773)	(27.0, 0.2261743553732416)	(28.0, 0.28259011394787964)	(29.0, 0.37070777915359265)	(30.0, 0.48217577343702855)	(31.0, 0.6171645371563867)	(32.0, 0.7790828774763072)	(33.0, 0.9534433639471268)	(34.0, 1.2711441916907864)	(35.0, 1.6190129628415053)	(36.0, 2.0074465392513474)	(37.0, 2.551151282009565)	(38.0, 3.1742812317034867)	(39.0, 3.8492250502997467)	(40.0, 4.61279785517748)	(41.0, 5.279390096222222)	(42.0, 5.7946312991570865)	(43.0, 6.048757873280766)	(44.0, 6.273909586505032)	(45.0, 6.2601039174882525)	(46.0, 6.037679249995696)	(47.0, 5.6978211756813995)	(48.0, 5.2618347393243425)	(49.0, 4.755626875375766)	(50.0, 4.2062976007945325)	(51.0, 3.644185299347398)	(52.0, 3.008442763144355)	(53.0, 2.467124185401495)	(54.0, 1.9794943205013638)	(55.0, 1.5569726724451989)	(56.0, 1.2102969838021012)	(57.0, 0.9396376949303755)	(58.0, 0.7153381834977279)	(59.0, 0.5423412198927603)	(60.0, 0.3962738328883257)	(61.0, 0.3040655990850553)	(62.0, 0.23998002438999502)	(63.0, 0.186973072979991)	(64.0, 0.14691958879558278)	(65.0, 0.1162403243139072)	(66.0, 0.09050383022094485)	(67.0, 0.06766482221791864)	(68.0, 0.05812016215695279)	(69.0, 0.04806418102129243)	(70.0, 0.04039436490087352)	(71.0, 0.030508824123444644)	(72.0, 0.025054732660035522)	(73.0, 0.02198680621186789)	(74.0, 0.015850953315532632)	(75.0, 0.015510072599069565)	(76.0, 0.012783026867365033)	(77.0, 0.012783026867365033)	(78.0, 0.009374219702734367)	(79.0, 0.006135852896335222)	(80.0, 0.004772330030482949)	(81.0, 0.003408807164630677)	(82.0, 0.0030679264481676097)	(83.0, 0.0010226421493892033)	(84.0, 0.0005113210746946018)	(85.0, 0.0013635228658522712)	(86.0, 0.0005113210746946018)	(87.0, 0.0)	(88.0, 0.0006817614329261356)	(89.0, 0.0008522017911576696)	(90.0, 0.0006817614329261356)	(91.0, 0.0001704403582315339)	(92.0, 0.0)	(93.0, 0.0003408807164630678)	(94.0, 0.0006817614329261356)	(95.0, 0.0005113210746946018)	(96.0, 0.0003408807164630678)	(97.0, 0.0001704403582315339)	(98.0, 0.0001704403582315339)	(99.0, 0.0001704403582315339)	(100.0, 0.0)
SRR908449_1	(0.0, 9.577891806392742)	(1.0, 2.6623902279580953)	(2.0, 1.2933155782147738)	(3.0, 0.8591634472718676)	(4.0, 0.6198203573985486)	(5.0, 0.456016959501746)	(6.0, 0.3349194474852593)	(7.0, 0.2631092078716208)	(8.0, 0.20855682625066388)	(9.0, 0.16884912756408643)	(10.0, 0.13345589337568226)	(11.0, 0.10383965402381656)	(12.0, 0.08775182030181741)	(13.0, 0.07787974051786338)	(14.0, 0.06866579938617295)	(15.0, 0.09133501963080815)	(16.0, 0.20548551254009986)	(17.0, 0.29543112834944996)	(18.0, 0.36373129515101654)	(19.0, 0.3937862936043826)	(20.0, 0.4056327893451254)	(21.0, 0.40994725384329717)	(22.0, 0.4144079713753053)	(23.0, 0.4225981412701397)	(24.0, 0.4435123251087352)	(25.0, 0.4791980653648203)	(26.0, 0.506620509209151)	(27.0, 0.5670961387005152)	(28.0, 0.6672063403615521)	(29.0, 0.790058888784154)	(30.0, 0.9526191358932731)	(31.0, 1.210463234546549)	(32.0, 1.5274666853865801)	(33.0, 1.9167922614589539)	(34.0, 2.410323124140663)	(35.0, 2.9354446421310842)	(36.0, 3.4952281291407865)	(37.0, 3.9253583016525093)	(38.0, 4.330186699310094)	(39.0, 4.677830160737866)	(40.0, 4.853553180891619)	(41.0, 4.886898872606189)	(42.0, 4.703131935591466)	(43.0, 4.499620839008904)	(44.0, 4.1977545771717475)	(45.0, 3.8319026130314127)	(46.0, 3.4221747387393897)	(47.0, 3.0358473498599308)	(48.0, 2.6780393025786147)	(49.0, 2.3363922155362467)	(50.0, 1.9714177695969355)	(51.0, 1.6774491715856352)	(52.0, 1.414266837197337)	(53.0, 1.1918890992493474)	(54.0, 0.968999475682931)	(55.0, 0.778870531695667)	(56.0, 0.5989793000768571)	(57.0, 0.4802218366016753)	(58.0, 0.40431651204059843)	(59.0, 0.3243892290490435)	(60.0, 0.25338338112150477)	(61.0, 0.18479070825225197)	(62.0, 0.14515613608259273)	(63.0, 0.11283421560475254)	(64.0, 0.08621616344653567)	(65.0, 0.06764202814931847)	(66.0, 0.045777199590782365)	(67.0, 0.026033040022872714)	(68.0, 0.01864726181413642)	(69.0, 0.015137189002063726)	(70.0, 0.010676471470054608)	(71.0, 0.006288880454963657)	(72.0, 0.004021958430500018)	(73.0, 0.003802578879745473)	(74.0, 0.002851934159809105)	(75.0, 0.0014625303383636425)	(76.0, 0.001170024270690914)	(77.0, 0.0006581386522636393)	(78.0, 0.0007312651691818215)	(79.0, 0.0009506447199363677)	(80.0, 0.0003656325845909107)	(81.0, 0.00021937955075454642)	(82.0, 0.00021937955075454642)	(83.0, 7.312651691818215e-05)	(84.0, 0.0002925060676727286)	(85.0, 0.0)	(86.0, 7.312651691818215e-05)	(87.0, 7.312651691818215e-05)	(88.0, 0.0001462530338363643)	(89.0, 0.00021937955075454642)	(90.0, 0.00021937955075454642)	(91.0, 0.0)	(92.0, 0.0)	(93.0, 0.0)	(94.0, 0.0)	(95.0, 7.312651691818215e-05)	(96.0, 0.00021937955075454642)	(97.0, 7.312651691818215e-05)	(98.0, 0.0)	(99.0, 0.0)	(100.0, 0.0)
SRR908449_2	(0.0, 7.99150852691626)	(1.0, 4.442828867373685)	(2.0, 2.0205053080795827)	(3.0, 1.0277008864067818)	(4.0, 0.5589977444525738)	(5.0, 0.34024053115331904)	(6.0, 0.23540573501592624)	(7.0, 0.1716469859087703)	(8.0, 0.13878614828455554)	(9.0, 0.11392241716180897)	(10.0, 0.09414775381272697)	(11.0, 0.07960756017369637)	(12.0, 0.06441305782090938)	(13.0, 0.06099611231573719)	(14.0, 0.05728836293778439)	(15.0, 0.05263550097329432)	(16.0, 0.04907315353173152)	(17.0, 0.04790993804060897)	(18.0, 0.055034632923734575)	(19.0, 0.06215932780685964)	(20.0, 0.07669952144589023)	(21.0, 0.09262103348062875)	(22.0, 0.11777556847615274)	(23.0, 0.14692865672241406)	(24.0, 0.17484582850935756)	(25.0, 0.2077793671017675)	(26.0, 0.24580197346783134)	(27.0, 0.2846242904840364)	(28.0, 0.3207566716770213)	(29.0, 0.3801533626924512)	(30.0, 0.4459477389090535)	(31.0, 0.5145774528853125)	(32.0, 0.6165769112631644)	(33.0, 0.7381329300855224)	(34.0, 0.9269373444883856)	(35.0, 1.1667778385639909)	(36.0, 1.47335782144269)	(37.0, 1.8539473899441747)	(38.0, 2.386263879070084)	(39.0, 2.979503779543645)	(40.0, 3.6641287970381895)	(41.0, 4.361040278154431)	(42.0, 4.967220950963446)	(43.0, 5.429889912555743)	(44.0, 5.677364008291157)	(45.0, 5.6762007928000395)	(46.0, 5.478963066087295)	(47.0, 5.106370604088471)	(48.0, 4.569837458810162)	(49.0, 4.027052030267094)	(50.0, 3.4622382083603664)	(51.0, 2.9172717507684776)	(52.0, 2.4419528207076753)	(53.0, 1.9704870419612237)	(54.0, 1.5943322325193212)	(55.0, 1.287316043831452)	(56.0, 1.0098164482307892)	(57.0, 0.7856066623169816)	(58.0, 0.6089433096026694)	(59.0, 0.47924478234245016)	(60.0, 0.3777542307420116)	(61.0, 0.28411538370667044)	(62.0, 0.21832100749006653)	(63.0, 0.17193778978155097)	(64.0, 0.13493299697021177)	(65.0, 0.10432588936004838)	(66.0, 0.08985839668921294)	(67.0, 0.06892051784900888)	(68.0, 0.05096337870480566)	(69.0, 0.038676915079823744)	(70.0, 0.029952798896404648)	(71.0, 0.021010579808400355)	(72.0, 0.016357717843910363)	(73.0, 0.014685595575421772)	(74.0, 0.009160321992589806)	(75.0, 0.008287910374247915)	(76.0, 0.005597974551027096)	(77.0, 0.004507460028099743)	(78.0, 0.004362058091709428)	(79.0, 0.0029080387278062874)	(80.0, 0.0020356271094644)	(81.0, 0.001599421300293457)	(82.0, 0.001090514522927357)	(83.0, 0.0010178135547322)	(84.0, 0.0010178135547322)	(85.0, 0.0008724116183418857)	(86.0, 0.0007997106501467288)	(87.0, 0.00043620580917094287)	(88.0, 0.0008724116183418857)	(89.0, 0.0006543087137564144)	(90.0, 0.0005816077455612572)	(91.0, 0.00043620580917094287)	(92.0, 0.00021810290458547144)	(93.0, 0.0001454019363903143)	(94.0, 0.0002908038727806286)	(95.0, 0.00036350484097578576)	(96.0, 0.0002908038727806286)	(97.0, 7.270096819515715e-05)	(98.0, 0.0002908038727806286)	(99.0, 7.270096819515715e-05)	(100.0, 0.00010905145229273572)
SRR908450_1	(0.0, 8.481316728831807)	(1.0, 1.7491813741367088)	(2.0, 0.5981340782481127)	(3.0, 0.332902505748813)	(4.0, 0.22642501836094972)	(5.0, 0.1478497641138765)	(6.0, 0.10166675753600575)	(7.0, 0.07889596957052836)	(8.0, 0.06414306469148667)	(9.0, 0.05163516707664676)	(10.0, 0.04201370737292372)	(11.0, 0.029185094434626337)	(12.0, 0.028222948464254046)	(13.0, 0.02180864199510541)	(14.0, 0.024374364582764863)	(15.0, 0.08146169215818778)	(16.0, 0.202692084425099)	(17.0, 0.27773947011413774)	(18.0, 0.33514751301301493)	(19.0, 0.34925898724514115)	(20.0, 0.3550318630673746)	(21.0, 0.3575975856550339)	(22.0, 0.3922348405884347)	(23.0, 0.38934840267731796)	(24.0, 0.42430637293417617)	(25.0, 0.4502843141342267)	(26.0, 0.4990330432997548)	(27.0, 0.6019826621296024)	(28.0, 0.6962729672260983)	(29.0, 0.828728395814033)	(30.0, 1.04328694720706)	(31.0, 1.2876720236815682)	(32.0, 1.6250645439587108)	(33.0, 2.069575982270679)	(34.0, 2.6199234773238835)	(35.0, 3.182137439345019)	(36.0, 3.6962441028475173)	(37.0, 4.1705820662409625)	(38.0, 4.6202249497278745)	(39.0, 4.97076679826653)	(40.0, 5.121182284967929)	(41.0, 5.043889892014758)	(42.0, 4.958579615975158)	(43.0, 4.70713880238476)	(44.0, 4.421702164507904)	(45.0, 4.058010987707506)	(46.0, 3.644929651094305)	(47.0, 3.2488462266241953)	(48.0, 2.800486204430501)	(49.0, 2.403440633990018)	(50.0, 2.0827253105324397)	(51.0, 1.741163491050275)	(52.0, 1.4377667950596127)	(53.0, 1.219680375108608)	(54.0, 1.0638127279083311)	(55.0, 0.8976821903573888)	(56.0, 0.7129501640458867)	(57.0, 0.6141698444209862)	(58.0, 0.5003159045935847)	(59.0, 0.407949891437848)	(60.0, 0.32488462266237766)	(61.0, 0.26587300314621337)	(62.0, 0.219369281244886)	(63.0, 0.14335974958547226)	(64.0, 0.12315468420765344)	(65.0, 0.09717674300760176)	(66.0, 0.07055737116063523)	(67.0, 0.050352305782817026)	(68.0, 0.031430101698828365)	(69.0, 0.024374364582764863)	(70.0, 0.0176393427901588)	(71.0, 0.014111474232127047)	(72.0, 0.008017883086435815)	(73.0, 0.006093591145691219)	(74.0, 0.005452160498776355)	(75.0, 0.004169299204946625)	(76.0, 0.0016035766172871634)	(77.0, 0.0006414306469148653)	(78.0, 0.0006414306469148653)	(79.0, 0.00032071532345743267)	(80.0, 0.0)	(81.0, 0.0)	(82.0, 0.0)	(83.0, 0.0)	(84.0, 0.0)	(85.0, 0.0)	(86.0, 0.0)	(87.0, 0.0)	(88.0, 0.0)	(89.0, 0.0)	(90.0, 0.0)	(91.0, 0.0)	(92.0, 0.0)	(93.0, 0.0)	(94.0, 0.0)	(95.0, 0.0)	(96.0, 0.0)	(97.0, 0.0)	(98.0, 0.0)	(99.0, 0.0)	(100.0, 0.0)
SRR908450_2	(0.0, 7.228581316755369)	(1.0, 3.0197237369045076)	(2.0, 1.1010971099391011)	(3.0, 0.4749517951040733)	(4.0, 0.206056991025682)	(5.0, 0.11674436333653034)	(6.0, 0.0740018915138666)	(7.0, 0.05167373459157938)	(8.0, 0.03859581410852527)	(9.0, 0.03604402474597813)	(10.0, 0.023923025273879274)	(11.0, 0.022647130592605716)	(12.0, 0.019776367559740212)	(13.0, 0.014672788834645976)	(14.0, 0.014034841494009194)	(15.0, 0.018181499208148263)	(16.0, 0.014034841494009194)	(17.0, 0.017543551867511487)	(18.0, 0.03157839336152063)	(19.0, 0.0417855508117092)	(20.0, 0.05486347129476331)	(21.0, 0.06666549709654372)	(22.0, 0.10781310056761553)	(23.0, 0.13014125748990288)	(24.0, 0.14640891467614126)	(25.0, 0.18053909740021)	(26.0, 0.23635948970593)	(27.0, 0.2752742774847721)	(28.0, 0.3001542237696052)	(29.0, 0.37989764134919835)	(30.0, 0.4685723216977059)	(31.0, 0.5601177650790907)	(32.0, 0.6982333643269695)	(33.0, 0.8357110162342115)	(34.0, 1.0165690873047468)	(35.0, 1.267282392174945)	(36.0, 1.584342220471353)	(37.0, 2.0194223067855797)	(38.0, 2.6226015173579307)	(39.0, 3.261186805335639)	(40.0, 3.9284797236420035)	(41.0, 4.599600325991287)	(42.0, 5.240737403330669)	(43.0, 5.637859622876704)	(44.0, 5.785863405904303)	(45.0, 5.776294195794759)	(46.0, 5.698145646566824)	(47.0, 5.310592637130332)	(48.0, 4.786518896797694)	(49.0, 4.225763184378472)	(50.0, 3.622902947476858)	(51.0, 3.024189368288967)	(52.0, 2.5706088090960093)	(53.0, 2.1087349344747697)	(54.0, 1.7396823979163738)	(55.0, 1.396785702324182)	(56.0, 1.1594692916073532)	(57.0, 0.9607486949990349)	(58.0, 0.7371481521058176)	(59.0, 0.6079638156268546)	(60.0, 0.4609169536100649)	(61.0, 0.37989764134919835)	(62.0, 0.29377475036323775)	(63.0, 0.24433383146388998)	(64.0, 0.2006344386302692)	(65.0, 0.15278838808250927)	(66.0, 0.11833923168812226)	(67.0, 0.09951978513933749)	(68.0, 0.08229520694214464)	(69.0, 0.05645833964635528)	(70.0, 0.04880297155871385)	(71.0, 0.03604402474597813)	(72.0, 0.028388656658336727)	(73.0, 0.02647481463642639)	(74.0, 0.015948683515919538)	(75.0, 0.011164078461143674)	(76.0, 0.00988818377987011)	(77.0, 0.008293315428278153)	(78.0, 0.006379473406367809)	(79.0, 0.003827684043820687)	(80.0, 0.0019138420219103433)	(81.0, 0.002232815692228734)	(82.0, 0.0019138420219103433)	(83.0, 0.002232815692228734)	(84.0, 0.0025517893625471243)	(85.0, 0.0006379473406367811)	(86.0, 0.0009569210109551718)	(87.0, 0.0009569210109551718)	(88.0, 0.0006379473406367811)	(89.0, 0.00031897367031839054)	(90.0, 0.0006379473406367811)	(91.0, 0.0006379473406367811)	(92.0, 0.0009569210109551718)	(93.0, 0.0006379473406367811)	(94.0, 0.0)	(95.0, 0.0)	(96.0, 0.0)	(97.0, 0.0006379473406367811)	(98.0, 0.00031897367031839054)	(99.0, 0.00031897367031839054)	(100.0, 0.0014353815164327578)
SRR908451_1	(0.0, 0.5557368230758809)	(1.0, 0.14532756020771795)	(2.0, 0.08230525254482607)	(3.0, 0.06172893940861916)	(4.0, 0.05079409871337778)	(5.0, 0.040682310543584864)	(6.0, 0.034450627136619616)	(7.0, 0.027866206933033683)	(8.0, 0.026220101882137203)	(9.0, 0.02175210245827531)	(10.0, 0.02151694459386152)	(11.0, 0.01869505022089606)	(12.0, 0.016813787305585758)	(13.0, 0.015167682254689238)	(14.0, 0.016225892644551286)	(15.0, 0.0158731558479306)	(16.0, 0.022692733915930453)	(17.0, 0.08171735788379157)	(18.0, 0.17930787161550818)	(19.0, 0.2993559613987596)	(20.0, 0.3930663703676532)	(21.0, 0.4272818396398514)	(22.0, 0.45397225725081014)	(23.0, 0.474313412522598)	(24.0, 0.5182879331679661)	(25.0, 0.5402751934906501)	(26.0, 0.5801344515087778)	(27.0, 0.6048260272722198)	(28.0, 0.6745503340708917)	(29.0, 0.738866009988059)	(30.0, 0.8493902062625889)	(31.0, 0.996599029385686)	(32.0, 1.2143552118329513)	(33.0, 1.4985434909770683)	(34.0, 1.8776179684117476)	(35.0, 2.326299173712844)	(36.0, 2.8387081602700186)	(37.0, 3.463169869221825)	(38.0, 4.10515083907263)	(39.0, 4.7213820227700785)	(40.0, 5.260363848007458)	(41.0, 5.613218223560986)	(42.0, 5.8770653474331995)	(43.0, 5.889058398518259)	(44.0, 5.760544625616491)	(45.0, 5.427796247470378)	(46.0, 5.097987342629443)	(47.0, 4.617794983495617)	(48.0, 3.991687169492772)	(49.0, 3.5125530207488107)	(50.0, 3.0759824454638216)	(51.0, 2.6124862947041616)	(52.0, 2.204017084217786)	(53.0, 1.8830265992932596)	(54.0, 1.574029165453825)	(55.0, 1.2782005720213234)	(56.0, 1.0596213370486096)	(57.0, 0.8633820991952155)	(58.0, 0.6968903311901963)	(59.0, 0.5814278197630534)	(60.0, 0.49359635740452407)	(61.0, 0.3762525830620713)	(62.0, 0.2948879619748971)	(63.0, 0.2323359700408228)	(64.0, 0.1931821856159229)	(65.0, 0.14520998127551105)	(66.0, 0.10358703927427322)	(67.0, 0.07983609496848124)	(68.0, 0.05514451920503295)	(69.0, 0.0373901004417919)	(70.0, 0.02692557547537855)	(71.0, 0.014227050797034088)	(72.0, 0.012228208949516888)	(73.0, 0.007995367390068736)	(74.0, 0.0043504204916550515)	(75.0, 0.0035273679662067973)	(76.0, 0.0027043154407585435)	(77.0, 0.001293368254275826)	(78.0, 0.0010582103898620393)	(79.0, 0.0008230525254482526)	(80.0, 0.0010582103898620393)	(81.0, 0.00047031572882757296)	(82.0, 0.0003527367966206798)	(83.0, 0.0003527367966206798)	(84.0, 0.0005878946610344661)	(85.0, 0.0003527367966206798)	(86.0, 0.00011757893220689324)	(87.0, 0.0003527367966206798)	(88.0, 0.0003527367966206798)	(89.0, 0.00023515786441378648)	(90.0, 0.0)	(91.0, 0.00011757893220689324)	(92.0, 0.0003527367966206798)	(93.0, 0.0003527367966206798)	(94.0, 0.00011757893220689324)	(95.0, 0.0)	(96.0, 0.0)	(97.0, 0.0)	(98.0, 0.0)	(99.0, 0.00011757893220689324)	(100.0, 0.0)
SRR908451_2	(0.0, 0.5305378079448916)	(1.0, 0.2984458833216177)	(2.0, 0.14363957046829476)	(3.0, 0.0729952318009926)	(4.0, 0.03961254930263158)	(5.0, 0.024801922560401517)	(6.0, 0.01974750232297374)	(7.0, 0.01598607330907396)	(8.0, 0.01093165307164614)	(9.0, 0.010461474444908673)	(10.0, 0.009168483221380638)	(11.0, 0.006935134744377666)	(12.0, 0.007757947341168235)	(13.0, 0.006229866804271466)	(14.0, 0.007993036654536968)	(15.0, 0.0070526794010620335)	(16.0, 0.007522858027799501)	(17.0, 0.01128428704169924)	(18.0, 0.015750983995705226)	(19.0, 0.024214199276979688)	(20.0, 0.04008272792936904)	(21.0, 0.05301264016464959)	(22.0, 0.07029170469725207)	(23.0, 0.100030502838397)	(24.0, 0.13541144450038953)	(25.0, 0.1706748415056977)	(26.0, 0.21228564997196672)	(27.0, 0.2613017718093535)	(28.0, 0.314902135257431)	(29.0, 0.38625174186484146)	(30.0, 0.4393819266861634)	(31.0, 0.5075578275630809)	(32.0, 0.6033567227608184)	(33.0, 0.6966871801681848)	(34.0, 0.8406793846065828)	(35.0, 1.0148805658128943)	(36.0, 1.24503300360099)	(37.0, 1.513740088781481)	(38.0, 1.8824776768000058)	(39.0, 2.321977148142455)	(40.0, 2.9389690510782747)	(41.0, 3.6371843117846856)	(42.0, 4.415447483693297)	(43.0, 5.30408508822873)	(44.0, 6.093515002520652)	(45.0, 6.752940526517554)	(46.0, 7.233580627698181)	(47.0, 7.33408130916295)	(48.0, 7.0539723922851225)	(49.0, 6.495165094409673)	(50.0, 5.75439866798736)	(51.0, 4.884215574551407)	(52.0, 4.007567524997801)	(53.0, 3.186753187369371)	(54.0, 2.5035836427196374)	(55.0, 1.9175059844919153)	(56.0, 1.452264233335613)	(57.0, 1.1227865606491925)	(58.0, 0.8651286731969422)	(59.0, 0.6750589633382661)	(60.0, 0.498624433655071)	(61.0, 0.3853113846113667)	(62.0, 0.2986809726349865)	(63.0, 0.22744891068425185)	(64.0, 0.18195912854739654)	(65.0, 0.15045716055598768)	(66.0, 0.11789729065441981)	(67.0, 0.09297782343733536)	(68.0, 0.07428822302452068)	(69.0, 0.059595140938974354)	(70.0, 0.04525469282348114)	(71.0, 0.03361777181172894)	(72.0, 0.025859824470560806)	(73.0, 0.021745761486608)	(74.0, 0.016456251935811433)	(75.0, 0.01187201032512108)	(76.0, 0.009286027878065005)	(77.0, 0.006700045431008933)	(78.0, 0.006229866804271466)	(79.0, 0.004701786267374692)	(80.0, 0.0037614290138997526)	(81.0, 0.002233348477002977)	(82.0, 0.0015280805368967742)	(83.0, 0.0025859824470560785)	(84.0, 0.0014105358802124072)	(85.0, 0.001645625193581141)	(86.0, 0.0011754465668436726)	(87.0, 0.0005877232834218362)	(88.0, 0.0011754465668436726)	(89.0, 0.0010579019101593053)	(90.0, 0.000470178626737469)	(91.0, 0.0003526339700531018)	(92.0, 0.0007052679401062035)	(93.0, 0.0003526339700531018)	(94.0, 0.000470178626737469)	(95.0, 0.000470178626737469)	(96.0, 0.0002350893133687345)	(97.0, 0.00011754465668436726)	(98.0, 0.0005877232834218362)	(99.0, 0.000470178626737469)	(100.0, 0.0003526339700531018)
SRR908452_1	(0.0, 0.9716437115761)	(1.0, 0.26021064671401845)	(2.0, 0.12238478768527784)	(3.0, 0.07034265834247183)	(4.0, 0.046895105561648096)	(5.0, 0.03278844779107114)	(6.0, 0.025735118905782544)	(7.0, 0.02154124767669203)	(8.0, 0.014678549301816682)	(9.0, 0.013534766239337463)	(10.0, 0.01029404756231301)	(11.0, 0.007434589906114952)	(12.0, 0.0097221560310734)	(13.0, 0.011247200114379026)	(14.0, 0.011437830624792228)	(15.0, 0.0097221560310734)	(16.0, 0.012200352666445041)	(17.0, 0.02611637992660895)	(18.0, 0.06157365486346458)	(19.0, 0.105228041748089)	(20.0, 0.14468855740362332)	(21.0, 0.1711861983510573)	(22.0, 0.1769051136634531)	(23.0, 0.1963494257255988)	(24.0, 0.21445932421485212)	(25.0, 0.23180670066245265)	(26.0, 0.26192632130773713)	(27.0, 0.30081494543202986)	(28.0, 0.3599104036601298)	(29.0, 0.45961016060624676)	(30.0, 0.5717009007292233)	(31.0, 0.7270647667159538)	(32.0, 0.9600152504408359)	(33.0, 1.2751274841538611)	(34.0, 1.6729733593863982)	(35.0, 2.1947290663875747)	(36.0, 2.8325787542297762)	(37.0, 3.5201830052895766)	(38.0, 4.181098984891554)	(39.0, 4.829433350806664)	(40.0, 5.344707620454491)	(41.0, 5.722537292094149)	(42.0, 6.0029547729124815)	(43.0, 6.005242339037444)	(44.0, 5.829290377925736)	(45.0, 5.535528761378456)	(46.0, 5.131201448791314)	(47.0, 4.699042081683795)	(48.0, 4.284611352045829)	(49.0, 3.8175666015339047)	(50.0, 3.3972263260731723)	(51.0, 2.903683934613836)	(52.0, 2.4968784253924294)	(53.0, 2.134680455607388)	(54.0, 1.8104179573943808)	(55.0, 1.539532002097095)	(56.0, 1.318972501548918)	(57.0, 1.0581899633036136)	(58.0, 0.8443025306200475)	(59.0, 0.6990420816852192)	(60.0, 0.5785635991040994)	(61.0, 0.4523662012105441)	(62.0, 0.36029166468095625)	(63.0, 0.27260162989087594)	(64.0, 0.19730257827766476)	(65.0, 0.14240099127866482)	(66.0, 0.10751560787304751)	(67.0, 0.07472716008197552)	(68.0, 0.042891864842970875)	(69.0, 0.022113139207931645)	(70.0, 0.01868179002049395)	(71.0, 0.011247200114379026)	(72.0, 0.005147023781156502)	(73.0, 0.004003240718677279)	(74.0, 0.0036219796978508713)	(75.0, 0.0020969356145452422)	(76.0, 0.0009531525520660191)	(77.0, 0.0)	(78.0, 0.00038126102082640764)	(79.0, 0.0)	(80.0, 0.0)	(81.0, 0.0)	(82.0, 0.0)	(83.0, 0.0)	(84.0, 0.0)	(85.0, 0.00019063051041320382)	(86.0, 0.0)	(87.0, 0.0)	(88.0, 0.0)	(89.0, 0.0)	(90.0, 0.0)	(91.0, 0.0)	(92.0, 0.0)	(93.0, 0.0)	(94.0, 0.0)	(95.0, 0.0)	(96.0, 0.0)	(97.0, 0.0)	(98.0, 0.0)	(99.0, 0.0)	(100.0, 0.0)
SRR908452_2	(0.0, 0.9300461014231678)	(1.0, 0.43352518397620265)	(2.0, 0.16531607632029274)	(3.0, 0.07368591854461017)	(4.0, 0.03512489381401135)	(5.0, 0.01756244690700561)	(6.0, 0.013553627504319554)	(7.0, 0.010881081235862185)	(8.0, 0.007444950319274129)	(9.0, 0.007444950319274129)	(10.0, 0.00839943112943748)	(11.0, 0.006299573347078108)	(12.0, 0.006108677185045438)	(13.0, 0.0076358464813068)	(14.0, 0.00859032729147015)	(15.0, 0.00782674264333947)	(16.0, 0.006299573347078108)	(17.0, 0.006490469509110778)	(18.0, 0.010117496587731508)	(19.0, 0.015462589124646245)	(20.0, 0.01947140852733231)	(21.0, 0.032643243707586624)	(22.0, 0.04390611726751407)	(23.0, 0.05326002920711477)	(24.0, 0.07177695692428349)	(25.0, 0.10690185073829568)	(26.0, 0.14469929082076538)	(27.0, 0.16760683026468465)	(28.0, 0.2010136586204)	(29.0, 0.28195363132224743)	(30.0, 0.3758745430423297)	(31.0, 0.46483215454956406)	(32.0, 0.6057135221296838)	(33.0, 0.7609121018622091)	(34.0, 1.005831877750069)	(35.0, 1.3053479559793504)	(36.0, 1.7400185169279374)	(37.0, 2.2436025923703493)	(38.0, 2.7395508213309143)	(39.0, 3.320066050071736)	(40.0, 3.923107025932391)	(41.0, 4.517748570663617)	(42.0, 5.131479731599293)	(43.0, 5.531979879544563)	(44.0, 5.917590126851257)	(45.0, 6.110777042828671)	(46.0, 6.151437925341703)	(47.0, 6.047781309357775)	(48.0, 5.725357691684009)	(49.0, 5.290878026896862)	(50.0, 4.6998635092426415)	(51.0, 4.078687397988875)	(52.0, 3.537687674788781)	(53.0, 3.005278278880149)	(54.0, 2.4917676030127343)	(55.0, 2.066641850165984)	(56.0, 1.7247468239653168)	(57.0, 1.4126315990417595)	(58.0, 1.117697028701188)	(59.0, 0.8680048487625125)	(60.0, 0.7051704225486821)	(61.0, 0.5742156553942963)	(62.0, 0.4447880575361314)	(63.0, 0.34609474176522986)	(64.0, 0.2714543424104512)	(65.0, 0.20425889337495517)	(66.0, 0.15787112600101902)	(67.0, 0.1277095323998573)	(68.0, 0.10155675820138078)	(69.0, 0.06547738357720546)	(70.0, 0.04867852131833075)	(71.0, 0.03684295927230539)	(72.0, 0.023289331767985734)	(73.0, 0.01660796609684226)	(74.0, 0.016798862258874933)	(75.0, 0.00973570426366617)	(76.0, 0.00801763880537214)	(77.0, 0.0059177810230127675)	(78.0, 0.004772404050816746)	(79.0, 0.003627027078620727)	(80.0, 0.0019089616203266991)	(81.0, 0.0013362731342286892)	(82.0, 0.0020998577823593692)	(83.0, 0.0024816501064247086)	(84.0, 0.0013362731342286892)	(85.0, 0.00038179232406533977)	(86.0, 0.00019089616203266988)	(87.0, 0.00038179232406533977)	(88.0, 0.00038179232406533977)	(89.0, 0.0)	(90.0, 0.0005726884860980097)	(91.0, 0.0009544808101633496)	(92.0, 0.00019089616203266988)	(93.0, 0.00019089616203266988)	(94.0, 0.00019089616203266988)	(95.0, 0.0)	(96.0, 0.0)	(97.0, 0.00038179232406533977)	(98.0, 0.00019089616203266988)	(99.0, 0.0)	(100.0, 0.0)
SRR908453_1	(0.0, 1.073484878892963)	(1.0, 0.3089186509264039)	(2.0, 0.09811660712773197)	(3.0, 0.044895780837235194)	(4.0, 0.0282456899307108)	(5.0, 0.017839383114133158)	(6.0, 0.014568829543208756)	(7.0, 0.012190245127990999)	(8.0, 0.00891969155706658)	(9.0, 0.007730399349457701)	(10.0, 0.0047571688304355085)	(11.0, 0.0044598457785332895)	(12.0, 0.0041625227266310705)	(13.0, 0.0023785844152177547)	(14.0, 0.0050544918823377276)	(15.0, 0.0074330762975554805)	(16.0, 0.018136706166035375)	(17.0, 0.07165485550843481)	(18.0, 0.1700687856880704)	(19.0, 0.27651043826906385)	(20.0, 0.3341911103380911)	(21.0, 0.3332991411823845)	(22.0, 0.34459741715466824)	(23.0, 0.3665993229954312)	(24.0, 0.3820601216943457)	(25.0, 0.40227808922369546)	(26.0, 0.445687254801417)	(27.0, 0.47333829862832466)	(28.0, 0.5553994609533465)	(29.0, 0.6627330826900599)	(30.0, 0.8057454706550436)	(31.0, 1.0213046832841404)	(32.0, 1.2787864462314038)	(33.0, 1.6037605419604555)	(34.0, 2.0836399477307035)	(35.0, 2.6176321489473326)	(36.0, 3.310989505983623)	(37.0, 4.048053351649021)	(38.0, 4.665890653501272)	(39.0, 5.212667745948956)	(40.0, 5.664598784839918)	(41.0, 5.983329096478808)	(42.0, 6.100177055876274)	(43.0, 5.919404640319889)	(44.0, 5.65716570854237)	(45.0, 5.230507129063073)	(46.0, 4.854096145355205)	(47.0, 4.345673726602873)	(48.0, 3.854198721808951)	(49.0, 3.3187199053330847)	(50.0, 2.8379485304069774)	(51.0, 2.4434008405325525)	(52.0, 1.9953350013157043)	(53.0, 1.7161486555794687)	(54.0, 1.4744250143830195)	(55.0, 1.25202737156021)	(56.0, 1.0198180680246296)	(57.0, 0.8060427937069459)	(58.0, 0.6442990534721202)	(59.0, 0.47304097557642244)	(60.0, 0.33954292527233076)	(61.0, 0.2726452385943352)	(62.0, 0.2072341671758489)	(63.0, 0.14033648049784764)	(64.0, 0.09276479219349208)	(65.0, 0.059761933432346204)	(66.0, 0.05886996427663956)	(67.0, 0.03776002759158188)	(68.0, 0.01902867532174203)	(69.0, 0.015163475647013194)	(70.0, 0.01040630681657768)	(71.0, 0.0050544918823377276)	(72.0, 0.0050544918823377276)	(73.0, 0.0047571688304355085)	(74.0, 0.0059464610380443855)	(75.0, 0.0041625227266310705)	(76.0, 0.0020812613633155353)	(77.0, 0.0005946461038044387)	(78.0, 0.0)	(79.0, 0.0)	(80.0, 0.0)	(81.0, 0.0)	(82.0, 0.0)	(83.0, 0.0)	(84.0, 0.0)	(85.0, 0.0)	(86.0, 0.0)	(87.0, 0.0)	(88.0, 0.0)	(89.0, 0.0)	(90.0, 0.0)	(91.0, 0.0)	(92.0, 0.0)	(93.0, 0.0)	(94.0, 0.0)	(95.0, 0.0)	(96.0, 0.0)	(97.0, 0.0)	(98.0, 0.0)	(99.0, 0.00029732305190221934)	(100.0, 0.0)
SRR908453_2	(0.0, 1.058082313126497)	(1.0, 0.41021311760487095)	(2.0, 0.11503802645875882)	(3.0, 0.046966429406935475)	(4.0, 0.021996935291855795)	(5.0, 0.010998467645927911)	(6.0, 0.009809444116638406)	(7.0, 0.006539629411092266)	(8.0, 0.006539629411092266)	(9.0, 0.005053349999480389)	(10.0, 0.004458838234835638)	(11.0, 0.002675302940901383)	(12.0, 0.003567070587868511)	(13.0, 0.002972558823223759)	(14.0, 0.0017835352939342551)	(15.0, 0.002675302940901383)	(16.0, 0.0038643264701908858)	(17.0, 0.004161582352513261)	(18.0, 0.010998467645927911)	(19.0, 0.017538097057020176)	(20.0, 0.025564005879724298)	(21.0, 0.04637191764229072)	(22.0, 0.06539629411092272)	(23.0, 0.08293439116794266)	(24.0, 0.10612034998908765)	(25.0, 0.1516004999844121)	(26.0, 0.1804343205696834)	(27.0, 0.23780470585790273)	(28.0, 0.2797177852653554)	(29.0, 0.33352109996570234)	(30.0, 0.4250759117209889)	(31.0, 0.5511124058256852)	(32.0, 0.68368852934148)	(33.0, 0.8174536763865642)	(34.0, 1.0299916322470473)	(35.0, 1.2612567086938031)	(36.0, 1.6378799115961677)	(37.0, 2.0296631644971086)	(38.0, 2.4913015497439686)	(39.0, 3.1057294585045985)	(40.0, 3.7454241172625165)	(41.0, 4.423464784839239)	(42.0, 5.237648646519485)	(43.0, 5.80005677587291)	(44.0, 6.385056352282812)	(45.0, 6.718577452248216)	(46.0, 6.772083511066194)	(47.0, 6.643668969903045)	(48.0, 6.247129622885357)	(49.0, 5.58276272589545)	(50.0, 4.822084923033182)	(51.0, 4.15682625839631)	(52.0, 3.485622476112768)	(53.0, 2.8096625997113778)	(54.0, 2.202071576244165)	(55.0, 1.763619149818504)	(56.0, 1.3956163675034863)	(57.0, 1.1034138351806575)	(58.0, 0.8659063852051171)	(59.0, 0.6628806175789113)	(60.0, 0.49047220583191364)	(61.0, 0.375434179373155)	(62.0, 0.2722863882072964)	(63.0, 0.17775901762878193)	(64.0, 0.12603649410468706)	(65.0, 0.10314779116586392)	(66.0, 0.0897712764613572)	(67.0, 0.05588410587660682)	(68.0, 0.038940520584231274)	(69.0, 0.03477893823171798)	(70.0, 0.024672238232757174)	(71.0, 0.021996935291855795)	(72.0, 0.016349073527730674)	(73.0, 0.011592979410572664)	(74.0, 0.009512188234316028)	(75.0, 0.008620420587348899)	(76.0, 0.0038643264701908858)	(77.0, 0.005350605881802764)	(78.0, 0.002972558823223759)	(79.0, 0.002378047058579007)	(80.0, 0.003567070587868511)	(81.0, 0.0020807911762566306)	(82.0, 0.002378047058579007)	(83.0, 0.0005945117646447517)	(84.0, 0.0005945117646447517)	(85.0, 0.0014862794116118792)	(86.0, 0.00029725588232237587)	(87.0, 0.0)	(88.0, 0.0)	(89.0, 0.00029725588232237587)	(90.0, 0.0005945117646447517)	(91.0, 0.0011890235292895035)	(92.0, 0.0008917676469671278)	(93.0, 0.0008917676469671278)	(94.0, 0.0005945117646447517)	(95.0, 0.0005945117646447517)	(96.0, 0.0)	(97.0, 0.0)	(98.0, 0.0)	(99.0, 0.0)	(100.0, 0.0)
