Sample	0	1	2	3	4	5	6	7	8	9	10	11	12	13	14	15	16	17	18	19	20	21	22	23	24	25	26	27	28	29	30	31	32	33	34	35	36	37	38	39	40	41	42	43	44	45	46	47	48	49	50	51	52	53	54	55	56	57	58	59	60	61	62	63	64	65	66	67	68	69	70	71	72	73	74	75	76	77	78	79	80	81	82	83	84	85	86	87	88	89	90	91	92	93	94	95	96	97	98	99	100
SRR908430_1	(0.0, 15083.0)	(1.0, 3412.000000000434)	(2.0, 1187.0000000000093)	(3.0, 673.6666666666733)	(4.0, 419.33333333332695)	(5.0, 293.3333333333341)	(6.0, 205.66666666666814)	(7.0, 165.0000000000003)	(8.0, 134.99999999999946)	(9.0, 104.66666666666626)	(10.0, 86.66666666666652)	(11.0, 72.33333333333339)	(12.0, 47.66666666666673)	(13.0, 46.66666666666672)	(14.0, 47.33333333333339)	(15.0, 85.66666666666653)	(16.0, 471.9999999999906)	(17.0, 977.6666666667079)	(18.0, 1236.999999999998)	(19.0, 1401.6666666666272)	(20.0, 1432.6666666666201)	(21.0, 1487.3333333332744)	(22.0, 1469.6666666666117)	(23.0, 1515.9999999999345)	(24.0, 1597.9999999999159)	(25.0, 1748.333333333215)	(26.0, 1859.666666666523)	(27.0, 2011.6666666664885)	(28.0, 2314.333333333268)	(29.0, 2731.666666666791)	(30.0, 3273.0000000003706)	(31.0, 3993.666666667365)	(32.0, 5046.333333333214)	(33.0, 6357.3333333320215)	(34.0, 8016.999999997179)	(35.0, 9826.999999999993)	(36.0, 11791.3333333369)	(37.0, 13898.666666674066)	(38.0, 15855.000000010958)	(39.0, 17551.000000007672)	(40.0, 18753.666666669964)	(41.0, 19201.666666668334)	(42.0, 19254.66666666814)	(43.0, 18944.333333335937)	(44.0, 18151.666666672154)	(45.0, 17166.000000009073)	(46.0, 15991.666666677873)	(47.0, 14517.666666675192)	(48.0, 13044.666666672512)	(49.0, 11805.333333336925)	(50.0, 10283.333333334156)	(51.0, 8623.66666666447)	(52.0, 7058.99999999805)	(53.0, 5913.999999999091)	(54.0, 4781.666666666788)	(55.0, 3865.3333333339733)	(56.0, 3164.000000000321)	(57.0, 2580.0000000000555)	(58.0, 1976.3333333331632)	(59.0, 1573.3333333332548)	(60.0, 1259.9999999999927)	(61.0, 959.0000000000391)	(62.0, 763.0000000000168)	(63.0, 575.3333333333288)	(64.0, 425.6666666666599)	(65.0, 316.99999999999943)	(66.0, 245.33333333333593)	(67.0, 185.66666666666757)	(68.0, 134.33333333333277)	(69.0, 110.9999999999995)	(70.0, 80.99999999999993)	(71.0, 50.333333333333414)	(72.0, 38.666666666666664)	(73.0, 30.666666666666625)	(74.0, 23.333333333333318)	(75.0, 18.666666666666668)	(76.0, 11.000000000000002)	(77.0, 9.333333333333332)	(78.0, 6.999999999999997)	(79.0, 5.333333333333332)	(80.0, 4.0)	(81.0, 3.666666666666667)	(82.0, 1.6666666666666665)	(83.0, 1.6666666666666665)	(84.0, 0.6666666666666666)	(85.0, 0.6666666666666666)	(86.0, 0.6666666666666666)	(87.0, 0.6666666666666666)	(88.0, 0.6666666666666666)	(89.0, 0.3333333333333333)	(90.0, 0.3333333333333333)	(91.0, 0.0)	(92.0, 0.0)	(93.0, 0.0)	(94.0, 0.0)	(95.0, 0.0)	(96.0, 0.0)	(97.0, 0.0)	(98.0, 0.0)	(99.0, 0.0)	(100.0, 0.5)
SRR908430_2	(0.0, 13596.5)	(1.0, 5563.333333332744)	(2.0, 1894.666666666515)	(3.0, 757.0000000000161)	(4.0, 333.33333333333184)	(5.0, 194.33333333333448)	(6.0, 137.33333333333286)	(7.0, 81.99999999999991)	(8.0, 67.00000000000013)	(9.0, 57.00000000000013)	(10.0, 48.000000000000064)	(11.0, 43.6666666666667)	(12.0, 34.99999999999997)	(13.0, 30.999999999999957)	(14.0, 37.33333333333332)	(15.0, 33.33333333333329)	(16.0, 37.66666666666666)	(17.0, 48.666666666666735)	(18.0, 77.99999999999997)	(19.0, 115.99999999999943)	(20.0, 174.00000000000057)	(21.0, 260.333333333336)	(22.0, 347.66666666666436)	(23.0, 436.6666666666593)	(24.0, 563.9999999999942)	(25.0, 686.6666666666748)	(26.0, 829.0000000000243)	(27.0, 993.000000000043)	(28.0, 1167.0000000000139)	(29.0, 1343.9999999999736)	(30.0, 1581.333333333253)	(31.0, 1852.999999999858)	(32.0, 2171.99999999987)	(33.0, 2601.3333333333985)	(34.0, 3170.000000000324)	(35.0, 3946.6666666673436)	(36.0, 4927.999999999988)	(37.0, 6249.999999998786)	(38.0, 8130.999999997075)	(39.0, 10378.000000000995)	(40.0, 12872.333333338865)	(41.0, 15517.333333343677)	(42.0, 18267.666666671732)	(43.0, 20579.999999996653)	(44.0, 22283.999999990454)	(45.0, 23230.99999998701)	(46.0, 23187.999999987165)	(47.0, 22269.666666657173)	(48.0, 20841.9999999957)	(49.0, 18903.333333336086)	(50.0, 16756.333333343897)	(51.0, 14324.000000008173)	(52.0, 12057.000000004049)	(53.0, 9829.666666666664)	(54.0, 7787.999999997387)	(55.0, 6068.666666665617)	(56.0, 4808.33333333343)	(57.0, 3695.0000000005625)	(58.0, 2861.6666666668502)	(59.0, 2245.9999999999036)	(60.0, 1726.33333333322)	(61.0, 1395.6666666666285)	(62.0, 1087.3333333333653)	(63.0, 889.6666666666979)	(64.0, 684.6666666666746)	(65.0, 560.3333333333271)	(66.0, 452.3333333333251)	(67.0, 373.33333333332956)	(68.0, 321.3333333333325)	(69.0, 264.00000000000244)	(70.0, 216.00000000000176)	(71.0, 176.33333333333397)	(72.0, 159.66666666666683)	(73.0, 119.99999999999937)	(74.0, 104.33333333333293)	(75.0, 95.99999999999972)	(76.0, 92.99999999999976)	(77.0, 65.33333333333348)	(78.0, 38.666666666666664)	(79.0, 30.333333333333293)	(80.0, 24.333333333333314)	(81.0, 20.66666666666666)	(82.0, 13.666666666666673)	(83.0, 11.000000000000002)	(84.0, 10.333333333333334)	(85.0, 8.666666666666664)	(86.0, 4.666666666666666)	(87.0, 3.3333333333333335)	(88.0, 3.666666666666667)	(89.0, 4.0)	(90.0, 2.6666666666666665)	(91.0, 0.6666666666666666)	(92.0, 1.6666666666666665)	(93.0, 1.6666666666666665)	(94.0, 1.3333333333333333)	(95.0, 1.0)	(96.0, 0.0)	(97.0, 0.3333333333333333)	(98.0, 0.6666666666666666)	(99.0, 0.6666666666666666)	(100.0, 2.0)
SRR908431_1	(0.0, 43658.0)	(1.0, 8776.666666664749)	(2.0, 3031.0000000002606)	(3.0, 1724.3333333332205)	(4.0, 1203.0000000000057)	(5.0, 883.0000000000305)	(6.0, 625.6666666666679)	(7.0, 500.33333333332234)	(8.0, 393.99999999999505)	(9.0, 317.66666666666606)	(10.0, 250.33333333333607)	(11.0, 197.6666666666679)	(12.0, 168.66666666666708)	(13.0, 133.33333333333275)	(14.0, 112.66666666666615)	(15.0, 128.9999999999993)	(16.0, 356.66666666666384)	(17.0, 727.3333333333461)	(18.0, 850.6666666666935)	(19.0, 979.6666666667081)	(20.0, 986.6666666667089)	(21.0, 1010.0000000000449)	(22.0, 1090.3333333333646)	(23.0, 1124.6666666666902)	(24.0, 1157.3333333333494)	(25.0, 1188.3333333333424)	(26.0, 1309.9999999999814)	(27.0, 1445.9999999999504)	(28.0, 1652.9999999999034)	(29.0, 1963.3333333331661)	(30.0, 2360.6666666666224)	(31.0, 2981.3333333335713)	(32.0, 3719.333333333907)	(33.0, 4585.666666666966)	(34.0, 5640.333333332674)	(35.0, 6777.666666664973)	(36.0, 7883.666666663967)	(37.0, 9115.666666665365)	(38.0, 10241.33333333408)	(39.0, 10891.333333335262)	(40.0, 11350.333333336097)	(41.0, 11476.333333336326)	(42.0, 11226.000000002537)	(43.0, 10633.333333334793)	(44.0, 9925.666666666839)	(45.0, 9116.333333332033)	(46.0, 8130.999999997075)	(47.0, 7166.333333331286)	(48.0, 6254.999999998781)	(49.0, 5420.666666666207)	(50.0, 4685.666666666875)	(51.0, 3899.6666666673223)	(52.0, 3157.000000000318)	(53.0, 2636.666666666748)	(54.0, 2192.3333333332125)	(55.0, 1807.9999999998681)	(56.0, 1447.6666666666167)	(57.0, 1210.000000000004)	(58.0, 970.0000000000404)	(59.0, 770.6666666666844)	(60.0, 643.3333333333366)	(61.0, 549.3333333333259)	(62.0, 469.6666666666574)	(63.0, 370.66666666666305)	(64.0, 276.3333333333351)	(65.0, 216.00000000000176)	(66.0, 163.66666666666694)	(67.0, 130.33333333333266)	(68.0, 103.9999999999996)	(69.0, 67.33333333333346)	(70.0, 54.66666666666678)	(71.0, 40.33333333333334)	(72.0, 27.999999999999968)	(73.0, 24.99999999999998)	(74.0, 13.666666666666673)	(75.0, 8.666666666666664)	(76.0, 5.666666666666665)	(77.0, 2.333333333333333)	(78.0, 3.3333333333333335)	(79.0, 1.0)	(80.0, 1.0)	(81.0, 0.6666666666666666)	(82.0, 1.3333333333333333)	(83.0, 0.6666666666666666)	(84.0, 0.3333333333333333)	(85.0, 0.0)	(86.0, 0.0)	(87.0, 0.3333333333333333)	(88.0, 0.0)	(89.0, 0.0)	(90.0, 0.0)	(91.0, 0.0)	(92.0, 0.0)	(93.0, 0.0)	(94.0, 0.0)	(95.0, 0.0)	(96.0, 0.0)	(97.0, 0.0)	(98.0, 0.3333333333333333)	(99.0, 0.3333333333333333)	(100.0, 0.0)
SRR908431_2	(0.0, 37564.0)	(1.0, 15216.33333334313)	(2.0, 5435.666666666193)	(3.0, 2475.333333333341)	(4.0, 1226.666666666667)	(5.0, 696.3333333333426)	(6.0, 455.3333333333249)	(7.0, 323.3333333333324)	(8.0, 254.00000000000284)	(9.0, 203.0000000000014)	(10.0, 164.00000000000028)	(11.0, 128.9999999999993)	(12.0, 109.99999999999952)	(13.0, 105.33333333333292)	(14.0, 96.66666666666637)	(15.0, 86.66666666666652)	(16.0, 83.99999999999989)	(17.0, 84.66666666666654)	(18.0, 92.66666666666643)	(19.0, 117.33333333333275)	(20.0, 156.3333333333334)	(21.0, 192.00000000000108)	(22.0, 259.00000000000273)	(23.0, 340.99999999999807)	(24.0, 414.66666666666055)	(25.0, 503.6666666666555)	(26.0, 613.9999999999999)	(27.0, 733.6666666666802)	(28.0, 831.6666666666913)	(29.0, 968.6666666667069)	(30.0, 1149.6666666666845)	(31.0, 1341.999999999974)	(32.0, 1531.6666666665976)	(33.0, 1816.6666666665328)	(34.0, 2183.9999999998754)	(35.0, 2666.0000000000946)	(36.0, 3258.3333333336973)	(37.0, 4163.66666666735)	(38.0, 5375.333333332915)	(39.0, 6676.9999999983975)	(40.0, 8297.333333330544)	(41.0, 9949.333333333549)	(42.0, 11579.333333336514)	(43.0, 12812.66666667209)	(44.0, 13597.333333340184)	(45.0, 13833.666666673947)	(46.0, 13511.333333340028)	(47.0, 12736.666666671952)	(48.0, 11498.333333336366)	(49.0, 10140.000000000562)	(50.0, 8685.666666664583)	(51.0, 7276.333333331186)	(52.0, 5901.999999999102)	(53.0, 4661.000000000231)	(54.0, 3596.0000000005175)	(55.0, 2828.0000000001683)	(56.0, 2146.3333333331916)	(57.0, 1653.9999999999031)	(58.0, 1291.333333333319)	(59.0, 1035.3333333333771)	(60.0, 779.6666666666854)	(61.0, 631.0000000000018)	(62.0, 514.9999999999886)	(63.0, 429.3333333333264)	(64.0, 361.33333333333024)	(65.0, 294.00000000000074)	(66.0, 224.66666666666868)	(67.0, 191.66666666666774)	(68.0, 154.33333333333334)	(69.0, 134.33333333333277)	(70.0, 104.33333333333293)	(71.0, 86.33333333333319)	(72.0, 72.00000000000006)	(73.0, 49.00000000000007)	(74.0, 42.33333333333336)	(75.0, 34.99999999999997)	(76.0, 22.999999999999986)	(77.0, 19.999999999999996)	(78.0, 15.666666666666677)	(79.0, 13.000000000000005)	(80.0, 7.33333333333333)	(81.0, 5.666666666666665)	(82.0, 4.666666666666666)	(83.0, 3.666666666666667)	(84.0, 4.333333333333333)	(85.0, 3.666666666666667)	(86.0, 4.0)	(87.0, 1.3333333333333333)	(88.0, 0.6666666666666666)	(89.0, 1.0)	(90.0, 0.6666666666666666)	(91.0, 0.3333333333333333)	(92.0, 0.6666666666666666)	(93.0, 1.0)	(94.0, 1.9999999999999998)	(95.0, 1.9999999999999998)	(96.0, 0.3333333333333333)	(97.0, 0.3333333333333333)	(98.0, 0.3333333333333333)	(99.0, 0.3333333333333333)	(100.0, 0.5)
SRR908432_1	(0.0, 6628.5)	(1.0, 1990.6666666664933)	(2.0, 792.6666666666869)	(3.0, 450.9999999999918)	(4.0, 314.66666666666623)	(5.0, 210.66666666666828)	(6.0, 151.6666666666666)	(7.0, 117.66666666666607)	(8.0, 88.66666666666649)	(9.0, 76.66666666666666)	(10.0, 58.666666666666806)	(11.0, 37.99999999999999)	(12.0, 38.33333333333333)	(13.0, 34.99999999999997)	(14.0, 30.666666666666625)	(15.0, 47.33333333333339)	(16.0, 262.6666666666692)	(17.0, 677.3333333333404)	(18.0, 920.0000000000347)	(19.0, 1073.3333333333685)	(20.0, 1153.6666666666836)	(21.0, 1216.0000000000027)	(22.0, 1216.0000000000027)	(23.0, 1228.9999999999998)	(24.0, 1335.9999999999754)	(25.0, 1402.9999999999602)	(26.0, 1482.6666666666088)	(27.0, 1593.6666666665835)	(28.0, 1766.6666666665442)	(29.0, 2047.9999999998136)	(30.0, 2469.000000000005)	(31.0, 2976.333333333569)	(32.0, 3668.0000000005502)	(33.0, 4638.666666666918)	(34.0, 5658.999999999323)	(35.0, 6791.66666666496)	(36.0, 8048.99999999715)	(37.0, 9272.333333332317)	(38.0, 10286.333333334162)	(39.0, 11052.000000002221)	(40.0, 11394.000000002843)	(41.0, 11559.000000003143)	(42.0, 11217.333333335855)	(43.0, 10712.66666666827)	(44.0, 10036.333333333707)	(45.0, 8989.666666665136)	(46.0, 7993.666666663867)	(47.0, 6918.666666664844)	(48.0, 5885.333333332451)	(49.0, 5006.999999999916)	(50.0, 4198.333333333985)	(51.0, 3504.6666666671426)	(52.0, 2909.3333333335386)	(53.0, 2381.9999999999654)	(54.0, 1949.9999999998358)	(55.0, 1621.333333333244)	(56.0, 1319.6666666666458)	(57.0, 1035.3333333333771)	(58.0, 835.000000000025)	(59.0, 674.6666666666734)	(60.0, 526.6666666666566)	(61.0, 392.6666666666618)	(62.0, 319.99999999999926)	(63.0, 240.66666666666913)	(64.0, 202.3333333333347)	(65.0, 137.6666666666662)	(66.0, 95.66666666666639)	(67.0, 68.66666666666677)	(68.0, 52.33333333333343)	(69.0, 37.66666666666666)	(70.0, 32.99999999999996)	(71.0, 22.33333333333332)	(72.0, 13.000000000000005)	(73.0, 7.33333333333333)	(74.0, 7.33333333333333)	(75.0, 7.33333333333333)	(76.0, 1.6666666666666665)	(77.0, 0.6666666666666666)	(78.0, 2.333333333333333)	(79.0, 2.6666666666666665)	(80.0, 0.6666666666666666)	(81.0, 0.0)	(82.0, 0.3333333333333333)	(83.0, 0.3333333333333333)	(84.0, 0.3333333333333333)	(85.0, 0.0)	(86.0, 0.3333333333333333)	(87.0, 0.0)	(88.0, 0.6666666666666666)	(89.0, 0.0)	(90.0, 0.0)	(91.0, 0.0)	(92.0, 0.3333333333333333)	(93.0, 0.6666666666666666)	(94.0, 0.3333333333333333)	(95.0, 0.0)	(96.0, 0.0)	(97.0, 0.0)	(98.0, 0.0)	(99.0, 0.0)	(100.0, 0.0)
SRR908432_2	(0.0, 6032.5)	(1.0, 2844.6666666668425)	(2.0, 1147.0000000000184)	(3.0, 524.333333333323)	(4.0, 265.3333333333357)	(5.0, 146.66666666666646)	(6.0, 99.99999999999966)	(7.0, 71.66666666666673)	(8.0, 47.33333333333339)	(9.0, 45.00000000000004)	(10.0, 33.66666666666663)	(11.0, 25.33333333333331)	(12.0, 22.999999999999986)	(13.0, 24.666666666666647)	(14.0, 23.999999999999982)	(15.0, 19.999999999999996)	(16.0, 23.333333333333318)	(17.0, 30.333333333333293)	(18.0, 50.333333333333414)	(19.0, 70.33333333333341)	(20.0, 114.33333333333279)	(21.0, 170.3333333333338)	(22.0, 250.00000000000273)	(23.0, 322.6666666666658)	(24.0, 437.3333333333259)	(25.0, 550.9999999999927)	(26.0, 639.3333333333361)	(27.0, 756.000000000016)	(28.0, 878.6666666666966)	(29.0, 1005.6666666667111)	(30.0, 1196.6666666666738)	(31.0, 1350.3333333333055)	(32.0, 1509.6666666666026)	(33.0, 1781.6666666665408)	(34.0, 2107.6666666665074)	(35.0, 2509.3333333333567)	(36.0, 3088.0000000002865)	(37.0, 3883.000000000648)	(38.0, 4982.999999999938)	(39.0, 6273.666666665431)	(40.0, 7878.999999997304)	(41.0, 9658.666666666353)	(42.0, 11433.666666669582)	(43.0, 13177.33333333942)	(44.0, 14245.333333341363)	(45.0, 14627.666666675392)	(46.0, 14364.33333334158)	(47.0, 13601.666666673525)	(48.0, 12167.00000000425)	(49.0, 10552.000000001311)	(50.0, 8736.666666664676)	(51.0, 7100.666666664679)	(52.0, 5475.666666666157)	(53.0, 4263.666666667259)	(54.0, 3223.3333333336814)	(55.0, 2408.9999999999777)	(56.0, 1809.3333333332012)	(57.0, 1381.6666666666317)	(58.0, 1014.0000000000454)	(59.0, 735.6666666666804)	(60.0, 585.6666666666633)	(61.0, 444.3333333333255)	(62.0, 343.6666666666646)	(63.0, 264.6666666666691)	(64.0, 215.33333333333508)	(65.0, 176.6666666666673)	(66.0, 150.66666666666657)	(67.0, 120.3333333333327)	(68.0, 88.66666666666649)	(69.0, 75.33333333333334)	(70.0, 68.66666666666677)	(71.0, 56.00000000000012)	(72.0, 43.333333333333364)	(73.0, 31.66666666666662)	(74.0, 20.33333333333333)	(75.0, 21.666666666666657)	(76.0, 14.333333333333341)	(77.0, 11.66666666666667)	(78.0, 10.666666666666668)	(79.0, 7.9999999999999964)	(80.0, 7.33333333333333)	(81.0, 4.333333333333333)	(82.0, 2.333333333333333)	(83.0, 1.9999999999999998)	(84.0, 1.3333333333333333)	(85.0, 2.6666666666666665)	(86.0, 1.6666666666666665)	(87.0, 1.3333333333333333)	(88.0, 0.0)	(89.0, 0.6666666666666666)	(90.0, 0.6666666666666666)	(91.0, 2.6666666666666665)	(92.0, 2.6666666666666665)	(93.0, 0.6666666666666666)	(94.0, 1.3333333333333333)	(95.0, 1.3333333333333333)	(96.0, 0.3333333333333333)	(97.0, 0.3333333333333333)	(98.0, 0.0)	(99.0, 0.6666666666666666)	(100.0, 0.5)
SRR908433_1	(0.0, 3298.0)	(1.0, 1132.333333333355)	(2.0, 383.6666666666623)	(3.0, 185.66666666666757)	(4.0, 115.6666666666661)	(5.0, 81.99999999999991)	(6.0, 59.33333333333348)	(7.0, 50.00000000000008)	(8.0, 32.99999999999996)	(9.0, 30.333333333333293)	(10.0, 28.666666666666632)	(11.0, 20.999999999999993)	(12.0, 15.000000000000009)	(13.0, 19.0)	(14.0, 17.33333333333334)	(15.0, 34.666666666666636)	(16.0, 182.66666666666748)	(17.0, 428.99999999999307)	(18.0, 599.3333333333316)	(19.0, 733.0000000000134)	(20.0, 787.0000000000196)	(21.0, 801.0000000000211)	(22.0, 792.3333333333535)	(23.0, 824.0000000000238)	(24.0, 858.6666666666944)	(25.0, 919.3333333333679)	(26.0, 959.0000000000391)	(27.0, 1022.3333333333796)	(28.0, 1181.0000000000107)	(29.0, 1293.3333333333185)	(30.0, 1578.3333333332537)	(31.0, 1934.9999999998392)	(32.0, 2409.6666666666447)	(33.0, 2969.333333333566)	(34.0, 3547.666666667162)	(35.0, 4359.000000000506)	(36.0, 5127.33333333314)	(37.0, 5895.999999999108)	(38.0, 6583.333333331816)	(39.0, 7105.999999998007)	(40.0, 7379.999999997758)	(41.0, 7391.666666664414)	(42.0, 7094.666666664684)	(43.0, 6756.999999998325)	(44.0, 6223.666666665476)	(45.0, 5712.333333332608)	(46.0, 4980.666666666607)	(47.0, 4300.666666667225)	(48.0, 3663.000000000548)	(49.0, 3075.333333333614)	(50.0, 2567.333333333383)	(51.0, 2097.3333333331693)	(52.0, 1744.333333333216)	(53.0, 1446.666666666617)	(54.0, 1151.666666666684)	(55.0, 958.000000000039)	(56.0, 748.6666666666819)	(57.0, 599.6666666666649)	(58.0, 518.9999999999891)	(59.0, 395.99999999999494)	(60.0, 308.9999999999999)	(61.0, 233.00000000000225)	(62.0, 176.00000000000063)	(63.0, 132.33333333333272)	(64.0, 98.99999999999967)	(65.0, 81.66666666666659)	(66.0, 50.66666666666675)	(67.0, 35.33333333333331)	(68.0, 28.666666666666632)	(69.0, 20.66666666666666)	(70.0, 15.000000000000009)	(71.0, 8.999999999999998)	(72.0, 8.33333333333333)	(73.0, 7.666666666666663)	(74.0, 4.666666666666666)	(75.0, 1.6666666666666665)	(76.0, 0.3333333333333333)	(77.0, 0.6666666666666666)	(78.0, 0.3333333333333333)	(79.0, 0.6666666666666666)	(80.0, 0.3333333333333333)	(81.0, 0.3333333333333333)	(82.0, 0.0)	(83.0, 0.0)	(84.0, 0.3333333333333333)	(85.0, 0.3333333333333333)	(86.0, 0.0)	(87.0, 0.0)	(88.0, 0.3333333333333333)	(89.0, 0.0)	(90.0, 0.0)	(91.0, 0.0)	(92.0, 0.3333333333333333)	(93.0, 0.3333333333333333)	(94.0, 0.0)	(95.0, 0.0)	(96.0, 0.3333333333333333)	(97.0, 0.3333333333333333)	(98.0, 0.0)	(99.0, 0.0)	(100.0, 0.0)
SRR908433_2	(0.0, 3190.5)	(1.0, 1441.666666666618)	(2.0, 520.3333333333226)	(3.0, 223.66666666666865)	(4.0, 98.33333333333302)	(5.0, 56.66666666666679)	(6.0, 33.66666666666663)	(7.0, 27.333333333333304)	(8.0, 18.000000000000004)	(9.0, 16.00000000000001)	(10.0, 17.000000000000007)	(11.0, 12.666666666666671)	(12.0, 12.333333333333337)	(13.0, 12.333333333333337)	(14.0, 11.000000000000002)	(15.0, 10.666666666666668)	(16.0, 13.000000000000005)	(17.0, 22.666666666666654)	(18.0, 37.66666666666666)	(19.0, 56.66666666666679)	(20.0, 78.99999999999996)	(21.0, 119.33333333333272)	(22.0, 177.66666666666734)	(23.0, 224.66666666666868)	(24.0, 306.6666666666667)	(25.0, 371.3333333333297)	(26.0, 450.6666666666585)	(27.0, 515.6666666666554)	(28.0, 583.9999999999965)	(29.0, 705.3333333333436)	(30.0, 807.6666666666886)	(31.0, 948.0000000000379)	(32.0, 1091.0000000000312)	(33.0, 1267.999999999991)	(34.0, 1516.3333333332678)	(35.0, 1802.666666666536)	(36.0, 2205.9999999998854)	(37.0, 2724.3333333334544)	(38.0, 3521.333333333817)	(39.0, 4338.666666667191)	(40.0, 5452.333333332845)	(41.0, 6756.999999998325)	(42.0, 7867.333333330648)	(43.0, 8683.66666666458)	(44.0, 9362.666666665815)	(45.0, 9447.333333332635)	(46.0, 9094.666666665327)	(47.0, 8315.999999997244)	(48.0, 7305.333333331159)	(49.0, 6112.333333332244)	(50.0, 5021.333333333237)	(51.0, 3923.000000000666)	(52.0, 2977.3333333335695)	(53.0, 2240.666666666568)	(54.0, 1680.3333333332305)	(55.0, 1241.3333333333303)	(56.0, 913.0000000000339)	(57.0, 642.3333333333364)	(58.0, 490.99999999998954)	(59.0, 381.99999999999574)	(60.0, 273.33333333333525)	(61.0, 195.3333333333345)	(62.0, 173.66666666666723)	(63.0, 141.66666666666632)	(64.0, 97.33333333333303)	(65.0, 71.66666666666673)	(66.0, 62.3333333333335)	(67.0, 48.666666666666735)	(68.0, 33.33333333333329)	(69.0, 27.333333333333304)	(70.0, 21.333333333333325)	(71.0, 19.333333333333332)	(72.0, 15.333333333333343)	(73.0, 13.666666666666673)	(74.0, 10.333333333333334)	(75.0, 5.333333333333332)	(76.0, 6.666666666666664)	(77.0, 5.666666666666665)	(78.0, 4.666666666666666)	(79.0, 4.333333333333333)	(80.0, 2.6666666666666665)	(81.0, 3.3333333333333335)	(82.0, 1.6666666666666665)	(83.0, 1.6666666666666665)	(84.0, 1.0)	(85.0, 1.3333333333333333)	(86.0, 0.3333333333333333)	(87.0, 0.6666666666666666)	(88.0, 0.3333333333333333)	(89.0, 0.6666666666666666)	(90.0, 1.0)	(91.0, 0.3333333333333333)	(92.0, 0.3333333333333333)	(93.0, 0.0)	(94.0, 0.3333333333333333)	(95.0, 0.3333333333333333)	(96.0, 0.6666666666666666)	(97.0, 0.6666666666666666)	(98.0, 0.0)	(99.0, 0.0)	(100.0, 0.0)
SRR908434_1	(0.0, 2786.5)	(1.0, 1160.666666666682)	(2.0, 384.99999999999557)	(3.0, 139.33333333333292)	(4.0, 91.33333333333312)	(5.0, 64.3333333333335)	(6.0, 55.000000000000114)	(7.0, 41.666666666666686)	(8.0, 34.3333333333333)	(9.0, 26.66666666666664)	(10.0, 20.66666666666666)	(11.0, 20.66666666666666)	(12.0, 15.000000000000009)	(13.0, 14.333333333333341)	(14.0, 16.00000000000001)	(15.0, 37.99999999999999)	(16.0, 162.6666666666669)	(17.0, 330.99999999999864)	(18.0, 486.66666666665645)	(19.0, 537.9999999999912)	(20.0, 561.3333333333272)	(21.0, 595.6666666666645)	(22.0, 620.0000000000006)	(23.0, 653.0000000000043)	(24.0, 664.6666666666723)	(25.0, 661.666666666672)	(26.0, 726.0000000000126)	(27.0, 809.6666666666888)	(28.0, 906.0000000000331)	(29.0, 1050.3333333333737)	(30.0, 1263.3333333333253)	(31.0, 1552.3333333332596)	(32.0, 1922.3333333331755)	(33.0, 2373.6666666666283)	(34.0, 2883.3333333335268)	(35.0, 3447.0000000004497)	(36.0, 3962.666666667351)	(37.0, 4421.333333333782)	(38.0, 4774.000000000128)	(39.0, 4898.3333333333485)	(40.0, 5000.666666666589)	(41.0, 4933.66666666665)	(42.0, 4674.000000000219)	(43.0, 4353.000000000511)	(44.0, 3950.333333334012)	(45.0, 3550.33333333383)	(46.0, 3050.666666666936)	(47.0, 2599.000000000064)	(48.0, 2202.333333333217)	(49.0, 1815.666666666533)	(50.0, 1531.3333333332644)	(51.0, 1285.6666666666536)	(52.0, 1054.666666666706)	(53.0, 845.3333333333595)	(54.0, 668.000000000006)	(55.0, 541.9999999999917)	(56.0, 436.9999999999926)	(57.0, 376.6666666666627)	(58.0, 296.0000000000006)	(59.0, 213.66666666666836)	(60.0, 167.3333333333337)	(61.0, 136.66666666666617)	(62.0, 96.33333333333304)	(63.0, 74.00000000000003)	(64.0, 60.333333333333485)	(65.0, 39.0)	(66.0, 31.33333333333329)	(67.0, 22.666666666666654)	(68.0, 21.333333333333325)	(69.0, 14.333333333333341)	(70.0, 7.33333333333333)	(71.0, 5.333333333333332)	(72.0, 3.666666666666667)	(73.0, 3.0)	(74.0, 3.3333333333333335)	(75.0, 1.6666666666666665)	(76.0, 1.6666666666666665)	(77.0, 0.6666666666666666)	(78.0, 0.6666666666666666)	(79.0, 0.3333333333333333)	(80.0, 0.6666666666666666)	(81.0, 0.6666666666666666)	(82.0, 0.0)	(83.0, 0.0)	(84.0, 0.3333333333333333)	(85.0, 0.3333333333333333)	(86.0, 0.0)	(87.0, 0.0)	(88.0, 0.3333333333333333)	(89.0, 0.3333333333333333)	(90.0, 0.3333333333333333)	(91.0, 0.3333333333333333)	(92.0, 0.0)	(93.0, 0.0)	(94.0, 0.0)	(95.0, 0.0)	(96.0, 0.0)	(97.0, 0.3333333333333333)	(98.0, 0.3333333333333333)	(99.0, 0.0)	(100.0, 0.0)
SRR908434_2	(0.0, 3179.0)	(1.0, 1067.3333333333699)	(2.0, 313.9999999999996)	(3.0, 144.33333333333306)	(4.0, 81.33333333333326)	(5.0, 52.666666666666764)	(6.0, 29.99999999999996)	(7.0, 24.333333333333314)	(8.0, 17.000000000000007)	(9.0, 13.666666666666673)	(10.0, 14.666666666666675)	(11.0, 15.666666666666677)	(12.0, 13.33333333333334)	(13.0, 13.666666666666673)	(14.0, 8.666666666666664)	(15.0, 9.666666666666666)	(16.0, 13.000000000000005)	(17.0, 13.000000000000005)	(18.0, 19.999999999999996)	(19.0, 31.999999999999954)	(20.0, 53.66666666666677)	(21.0, 77.66666666666664)	(22.0, 112.33333333333282)	(23.0, 148.66666666666652)	(24.0, 181.66666666666745)	(25.0, 239.33333333333576)	(26.0, 294.66666666666737)	(27.0, 328.99999999999875)	(28.0, 409.66666666666083)	(29.0, 473.6666666666572)	(30.0, 556.3333333333267)	(31.0, 634.3333333333355)	(32.0, 715.0000000000114)	(33.0, 804.6666666666882)	(34.0, 982.0000000000417)	(35.0, 1160.666666666682)	(36.0, 1435.6666666666194)	(37.0, 1824.666666666531)	(38.0, 2315.666666666602)	(39.0, 2891.666666666864)	(40.0, 3678.000000000555)	(41.0, 4568.666666666982)	(42.0, 5371.333333332918)	(43.0, 5977.6666666657)	(44.0, 6364.333333332015)	(45.0, 6569.999999998495)	(46.0, 6326.666666665383)	(47.0, 5831.999999999166)	(48.0, 5121.333333333146)	(49.0, 4372.66666666716)	(50.0, 3553.666666667165)	(51.0, 2825.000000000167)	(52.0, 2105.333333333173)	(53.0, 1578.3333333332537)	(54.0, 1167.6666666666804)	(55.0, 827.6666666666908)	(56.0, 600.3333333333317)	(57.0, 461.9999999999912)	(58.0, 331.33333333333195)	(59.0, 238.33333333333573)	(60.0, 180.66666666666742)	(61.0, 143.33333333333303)	(62.0, 110.9999999999995)	(63.0, 79.66666666666661)	(64.0, 63.333333333333506)	(65.0, 44.33333333333337)	(66.0, 27.999999999999968)	(67.0, 26.66666666666664)	(68.0, 23.333333333333318)	(69.0, 21.99999999999999)	(70.0, 20.999999999999993)	(71.0, 13.666666666666673)	(72.0, 14.000000000000007)	(73.0, 8.999999999999998)	(74.0, 8.33333333333333)	(75.0, 5.999999999999998)	(76.0, 5.666666666666665)	(77.0, 3.0)	(78.0, 3.0)	(79.0, 2.6666666666666665)	(80.0, 1.3333333333333333)	(81.0, 1.3333333333333333)	(82.0, 1.3333333333333333)	(83.0, 1.3333333333333333)	(84.0, 1.3333333333333333)	(85.0, 1.0)	(86.0, 1.3333333333333333)	(87.0, 1.0)	(88.0, 0.3333333333333333)	(89.0, 0.3333333333333333)	(90.0, 0.0)	(91.0, 0.3333333333333333)	(92.0, 0.3333333333333333)	(93.0, 0.0)	(94.0, 0.3333333333333333)	(95.0, 0.3333333333333333)	(96.0, 0.0)	(97.0, 0.0)	(98.0, 0.0)	(99.0, 0.0)	(100.0, 0.0)
SRR908435_1	(0.0, 12955.0)	(1.0, 3104.0000000002938)	(2.0, 1052.6666666667065)	(3.0, 536.9999999999911)	(4.0, 353.9999999999973)	(5.0, 241.66666666666916)	(6.0, 165.33333333333366)	(7.0, 130.99999999999935)	(8.0, 100.66666666666632)	(9.0, 76.66666666666666)	(10.0, 62.666666666666835)	(11.0, 53.333333333333435)	(12.0, 43.6666666666667)	(13.0, 36.999999999999986)	(14.0, 36.66666666666665)	(15.0, 67.33333333333346)	(16.0, 170.00000000000045)	(17.0, 276.00000000000176)	(18.0, 342.3333333333313)	(19.0, 384.99999999999557)	(20.0, 379.3333333333292)	(21.0, 386.66666666666214)	(22.0, 418.333333333327)	(23.0, 442.99999999999227)	(24.0, 459.3333333333247)	(25.0, 514.9999999999886)	(26.0, 555.9999999999933)	(27.0, 639.0000000000027)	(28.0, 768.3333333333508)	(29.0, 954.3333333333719)	(30.0, 1169.0000000000134)	(31.0, 1471.333333333278)	(32.0, 1833.9999999998622)	(33.0, 2292.6666666665915)	(34.0, 2799.3333333334886)	(35.0, 3412.666666667101)	(36.0, 4073.6666666674014)	(37.0, 4697.000000000198)	(38.0, 5454.999999999509)	(39.0, 5730.666666665925)	(40.0, 5835.999999999162)	(41.0, 5888.999999999114)	(42.0, 5935.666666665738)	(43.0, 5556.999999999416)	(44.0, 5212.666666666396)	(45.0, 4703.333333333526)	(46.0, 4312.3333333338815)	(47.0, 3891.333333333985)	(48.0, 3498.3333333338064)	(49.0, 3196.6666666670026)	(50.0, 2735.000000000126)	(51.0, 2263.333333333245)	(52.0, 1863.9999999998554)	(53.0, 1538.3333333332628)	(54.0, 1322.9999999999784)	(55.0, 1122.6666666666906)	(56.0, 942.0000000000372)	(57.0, 749.3333333333486)	(58.0, 629.0000000000016)	(59.0, 496.6666666666559)	(60.0, 405.33333333332774)	(61.0, 329.33333333333206)	(62.0, 268.66666666666885)	(63.0, 251.3333333333361)	(64.0, 188.3333333333343)	(65.0, 133.6666666666661)	(66.0, 98.33333333333302)	(67.0, 83.99999999999989)	(68.0, 64.66666666666683)	(69.0, 50.66666666666675)	(70.0, 36.999999999999986)	(71.0, 31.66666666666662)	(72.0, 16.333333333333343)	(73.0, 10.333333333333334)	(74.0, 5.999999999999998)	(75.0, 7.9999999999999964)	(76.0, 4.999999999999999)	(77.0, 2.333333333333333)	(78.0, 2.333333333333333)	(79.0, 1.0)	(80.0, 0.6666666666666666)	(81.0, 0.3333333333333333)	(82.0, 0.6666666666666666)	(83.0, 0.0)	(84.0, 0.6666666666666666)	(85.0, 0.6666666666666666)	(86.0, 0.3333333333333333)	(87.0, 0.3333333333333333)	(88.0, 0.0)	(89.0, 0.0)	(90.0, 0.0)	(91.0, 0.0)	(92.0, 0.0)	(93.0, 0.0)	(94.0, 0.0)	(95.0, 0.0)	(96.0, 0.0)	(97.0, 0.0)	(98.0, 0.0)	(99.0, 0.0)	(100.0, 0.5)
SRR908435_2	(0.0, 11657.5)	(1.0, 4656.000000000236)	(2.0, 1585.333333333252)	(3.0, 703.3333333333434)	(4.0, 346.3333333333311)	(5.0, 200.33333333333465)	(6.0, 135.3333333333328)	(7.0, 104.33333333333293)	(8.0, 79.99999999999994)	(9.0, 59.00000000000014)	(10.0, 52.666666666666764)	(11.0, 42.66666666666669)	(12.0, 42.00000000000002)	(13.0, 33.999999999999964)	(14.0, 31.33333333333329)	(15.0, 26.66666666666664)	(16.0, 24.333333333333314)	(17.0, 26.66666666666664)	(18.0, 32.66666666666662)	(19.0, 43.333333333333364)	(20.0, 61.000000000000156)	(21.0, 79.99999999999994)	(22.0, 97.99999999999969)	(23.0, 129.99999999999932)	(24.0, 156.3333333333334)	(25.0, 201.66666666666802)	(26.0, 277.0000000000017)	(27.0, 331.66666666666526)	(28.0, 381.3333333333291)	(29.0, 453.99999999999164)	(30.0, 525.6666666666565)	(31.0, 646.6666666666703)	(32.0, 807.6666666666886)	(33.0, 989.0000000000425)	(34.0, 1171.000000000013)	(35.0, 1464.999999999946)	(36.0, 1773.3333333332093)	(37.0, 2240.666666666568)	(38.0, 2949.6666666668903)	(39.0, 3785.6666666672704)	(40.0, 4340.000000000523)	(41.0, 4972.999999999947)	(42.0, 5647.666666666)	(43.0, 6219.66666666548)	(44.0, 6566.333333331831)	(45.0, 6652.999999998419)	(46.0, 6486.99999999857)	(47.0, 6200.333333332164)	(48.0, 5823.999999999173)	(49.0, 5297.333333332986)	(50.0, 4668.000000000225)	(51.0, 4087.6666666674078)	(52.0, 3365.0000000004125)	(53.0, 2721.0000000001196)	(54.0, 2198.3333333332153)	(55.0, 1763.3333333332116)	(56.0, 1417.9999999999568)	(57.0, 1172.333333333346)	(58.0, 963.3333333333729)	(59.0, 755.6666666666827)	(60.0, 612.9999999999998)	(61.0, 506.99999999998863)	(62.0, 410.9999999999941)	(63.0, 336.666666666665)	(64.0, 270.0000000000021)	(65.0, 223.00000000000196)	(66.0, 185.00000000000088)	(67.0, 147.6666666666665)	(68.0, 127.99999999999926)	(69.0, 102.66666666666629)	(70.0, 82.9999999999999)	(71.0, 69.33333333333343)	(72.0, 64.3333333333335)	(73.0, 49.00000000000007)	(74.0, 31.999999999999954)	(75.0, 28.3333333333333)	(76.0, 22.999999999999986)	(77.0, 14.666666666666675)	(78.0, 12.000000000000004)	(79.0, 10.333333333333334)	(80.0, 6.666666666666664)	(81.0, 7.666666666666663)	(82.0, 6.666666666666664)	(83.0, 4.0)	(84.0, 2.6666666666666665)	(85.0, 2.333333333333333)	(86.0, 1.6666666666666665)	(87.0, 1.9999999999999998)	(88.0, 1.3333333333333333)	(89.0, 1.3333333333333333)	(90.0, 0.3333333333333333)	(91.0, 0.0)	(92.0, 0.3333333333333333)	(93.0, 1.0)	(94.0, 0.3333333333333333)	(95.0, 0.0)	(96.0, 0.3333333333333333)	(97.0, 0.0)	(98.0, 0.0)	(99.0, 0.0)	(100.0, 0.5)
SRR908436_1	(0.0, 8298.5)	(1.0, 2496.3333333333508)	(2.0, 700.0000000000097)	(3.0, 244.3333333333359)	(4.0, 152.3333333333333)	(5.0, 113.3333333333328)	(6.0, 88.66666666666649)	(7.0, 65.33333333333348)	(8.0, 47.66666666666673)	(9.0, 44.66666666666671)	(10.0, 32.99999999999996)	(11.0, 30.333333333333293)	(12.0, 29.99999999999996)	(13.0, 24.333333333333314)	(14.0, 25.33333333333331)	(15.0, 67.66666666666679)	(16.0, 244.3333333333359)	(17.0, 438.9999999999925)	(18.0, 611.3333333333329)	(19.0, 691.6666666666754)	(20.0, 715.0000000000114)	(21.0, 734.6666666666803)	(22.0, 757.0000000000161)	(23.0, 750.3333333333487)	(24.0, 799.3333333333543)	(25.0, 874.0000000000294)	(26.0, 951.0000000000382)	(27.0, 1027.6666666667122)	(28.0, 1168.6666666666802)	(29.0, 1415.666666666624)	(30.0, 1681.9999999998968)	(31.0, 2036.3333333331495)	(32.0, 2514.6666666666924)	(33.0, 3132.33333333364)	(34.0, 3774.333333333932)	(35.0, 4500.000000000377)	(36.0, 5194.999999999745)	(37.0, 5781.333333332545)	(38.0, 6171.999999998857)	(39.0, 6521.999999998538)	(40.0, 6483.66666666524)	(41.0, 6379.666666665335)	(42.0, 6141.999999998884)	(43.0, 5623.333333332689)	(44.0, 5108.6666666664905)	(45.0, 4599.6666666669535)	(46.0, 4009.0000000007053)	(47.0, 3431.6666666671094)	(48.0, 2899.0000000002005)	(49.0, 2431.999999999988)	(50.0, 2090.999999999833)	(51.0, 1745.666666666549)	(52.0, 1427.9999999999545)	(53.0, 1165.0000000000143)	(54.0, 957.3333333333723)	(55.0, 784.666666666686)	(56.0, 629.333333333335)	(57.0, 498.9999999999891)	(58.0, 400.99999999999466)	(59.0, 336.33333333333167)	(60.0, 253.33333333333616)	(61.0, 196.0000000000012)	(62.0, 171.66666666666717)	(63.0, 137.33333333333286)	(64.0, 109.99999999999952)	(65.0, 72.66666666666671)	(66.0, 58.666666666666806)	(67.0, 46.333333333333385)	(68.0, 29.333333333333297)	(69.0, 26.66666666666664)	(70.0, 18.666666666666668)	(71.0, 11.333333333333336)	(72.0, 7.666666666666663)	(73.0, 5.333333333333332)	(74.0, 4.0)	(75.0, 2.333333333333333)	(76.0, 0.6666666666666666)	(77.0, 1.3333333333333333)	(78.0, 1.0)	(79.0, 0.3333333333333333)	(80.0, 0.3333333333333333)	(81.0, 0.0)	(82.0, 0.0)	(83.0, 0.3333333333333333)	(84.0, 0.3333333333333333)	(85.0, 0.3333333333333333)	(86.0, 0.0)	(87.0, 0.3333333333333333)	(88.0, 0.0)	(89.0, 0.0)	(90.0, 0.0)	(91.0, 0.0)	(92.0, 0.3333333333333333)	(93.0, 0.0)	(94.0, 0.0)	(95.0, 0.0)	(96.0, 0.0)	(97.0, 0.0)	(98.0, 0.0)	(99.0, 0.0)	(100.0, 0.0)
SRR908436_2	(0.0, 8484.0)	(1.0, 2719.6666666667857)	(2.0, 752.333333333349)	(3.0, 302.6666666666669)	(4.0, 141.66666666666632)	(5.0, 92.99999999999976)	(6.0, 59.33333333333348)	(7.0, 47.33333333333339)	(8.0, 40.66666666666668)	(9.0, 28.999999999999964)	(10.0, 25.33333333333331)	(11.0, 21.99999999999999)	(12.0, 20.999999999999993)	(13.0, 17.66666666666667)	(14.0, 19.0)	(15.0, 19.999999999999996)	(16.0, 21.99999999999999)	(17.0, 20.66666666666666)	(18.0, 29.99999999999996)	(19.0, 60.66666666666682)	(20.0, 79.66666666666661)	(21.0, 101.33333333333297)	(22.0, 152.99999999999997)	(23.0, 210.33333333333493)	(24.0, 256.6666666666695)	(25.0, 321.99999999999915)	(26.0, 381.99999999999574)	(27.0, 456.33333333332484)	(28.0, 562.9999999999941)	(29.0, 645.0000000000034)	(30.0, 731.6666666666799)	(31.0, 843.6666666666927)	(32.0, 980.6666666667082)	(33.0, 1122.6666666666906)	(34.0, 1339.9999999999745)	(35.0, 1609.6666666665799)	(36.0, 1991.666666666493)	(37.0, 2512.0000000000246)	(38.0, 3187.0000000003315)	(39.0, 4064.333333334064)	(40.0, 5113.333333333153)	(41.0, 6108.666666665581)	(42.0, 7059.999999998049)	(43.0, 7870.6666666639785)	(44.0, 8313.333333330573)	(45.0, 8412.99999999742)	(46.0, 7984.666666663875)	(47.0, 7352.66666666445)	(48.0, 6445.6666666652745)	(49.0, 5467.333333332831)	(50.0, 4464.666666667076)	(51.0, 3481.000000000465)	(52.0, 2745.0000000001305)	(53.0, 2020.9999999998197)	(54.0, 1524.6666666665992)	(55.0, 1115.0000000000257)	(56.0, 820.66666666669)	(57.0, 633.3333333333354)	(58.0, 481.66666666665674)	(59.0, 357.3333333333305)	(60.0, 273.66666666666856)	(61.0, 221.0000000000019)	(62.0, 165.33333333333366)	(63.0, 135.66666666666615)	(64.0, 113.66666666666613)	(65.0, 101.6666666666663)	(66.0, 72.66666666666671)	(67.0, 66.6666666666668)	(68.0, 45.666666666666714)	(69.0, 31.66666666666662)	(70.0, 26.66666666666664)	(71.0, 19.666666666666664)	(72.0, 14.333333333333341)	(73.0, 13.000000000000005)	(74.0, 14.000000000000007)	(75.0, 8.33333333333333)	(76.0, 5.666666666666665)	(77.0, 5.666666666666665)	(78.0, 4.0)	(79.0, 4.0)	(80.0, 1.3333333333333333)	(81.0, 1.6666666666666665)	(82.0, 2.333333333333333)	(83.0, 0.6666666666666666)	(84.0, 1.0)	(85.0, 0.3333333333333333)	(86.0, 1.9999999999999998)	(87.0, 1.0)	(88.0, 0.6666666666666666)	(89.0, 1.0)	(90.0, 0.3333333333333333)	(91.0, 0.0)	(92.0, 0.0)	(93.0, 0.0)	(94.0, 1.3333333333333333)	(95.0, 1.0)	(96.0, 0.0)	(97.0, 0.3333333333333333)	(98.0, 0.6666666666666666)	(99.0, 0.3333333333333333)	(100.0, 2.0)
SRR908437_1	(0.0, 1221.5)	(1.0, 594.9999999999977)	(2.0, 190.6666666666677)	(3.0, 46.66666666666672)	(4.0, 30.333333333333293)	(5.0, 18.000000000000004)	(6.0, 15.000000000000009)	(7.0, 10.666666666666668)	(8.0, 9.333333333333332)	(9.0, 6.666666666666664)	(10.0, 4.999999999999999)	(11.0, 4.999999999999999)	(12.0, 3.0)	(13.0, 2.6666666666666665)	(14.0, 4.666666666666666)	(15.0, 6.333333333333331)	(16.0, 33.66666666666663)	(17.0, 80.99999999999993)	(18.0, 141.99999999999966)	(19.0, 192.33333333333442)	(20.0, 204.00000000000142)	(21.0, 202.00000000000136)	(22.0, 216.66666666666845)	(23.0, 216.66666666666845)	(24.0, 215.66666666666842)	(25.0, 238.0000000000024)	(26.0, 255.66666666666956)	(27.0, 272.6666666666686)	(28.0, 306.00000000000006)	(29.0, 335.66666666666504)	(30.0, 396.9999999999949)	(31.0, 495.99999999998926)	(32.0, 608.666666666666)	(33.0, 795.0000000000205)	(34.0, 947.3333333333711)	(35.0, 1162.6666666666815)	(36.0, 1337.3333333333085)	(37.0, 1490.3333333332737)	(38.0, 1669.9999999998995)	(39.0, 1814.9999999998665)	(40.0, 1853.3333333331911)	(41.0, 1890.3333333331827)	(42.0, 1836.9999999998615)	(43.0, 1725.3333333332203)	(44.0, 1596.999999999916)	(45.0, 1383.6666666666313)	(46.0, 1187.3333333333426)	(47.0, 1036.0000000000437)	(48.0, 921.0000000000348)	(49.0, 762.0000000000167)	(50.0, 649.6666666666706)	(51.0, 513.6666666666551)	(52.0, 428.33333333332644)	(53.0, 329.9999999999987)	(54.0, 285.00000000000125)	(55.0, 226.3333333333354)	(56.0, 175.33333333333394)	(57.0, 137.33333333333286)	(58.0, 112.33333333333282)	(59.0, 79.99999999999994)	(60.0, 63.00000000000017)	(61.0, 46.00000000000005)	(62.0, 37.33333333333332)	(63.0, 32.99999999999996)	(64.0, 18.666666666666668)	(65.0, 12.666666666666671)	(66.0, 8.999999999999998)	(67.0, 5.999999999999998)	(68.0, 5.999999999999998)	(69.0, 3.666666666666667)	(70.0, 3.3333333333333335)	(71.0, 1.9999999999999998)	(72.0, 1.0)	(73.0, 1.3333333333333333)	(74.0, 0.6666666666666666)	(75.0, 0.0)	(76.0, 0.0)	(77.0, 0.0)	(78.0, 0.3333333333333333)	(79.0, 0.0)	(80.0, 0.3333333333333333)	(81.0, 0.3333333333333333)	(82.0, 0.0)	(83.0, 0.0)	(84.0, 0.0)	(85.0, 0.0)	(86.0, 0.0)	(87.0, 0.0)	(88.0, 0.0)	(89.0, 0.0)	(90.0, 0.0)	(91.0, 0.0)	(92.0, 0.0)	(93.0, 0.0)	(94.0, 0.0)	(95.0, 0.0)	(96.0, 0.0)	(97.0, 0.0)	(98.0, 0.0)	(99.0, 0.0)	(100.0, 0.0)
SRR908437_2	(0.0, 1503.0)	(1.0, 479.66666666665685)	(2.0, 122.666666666666)	(3.0, 40.66666666666668)	(4.0, 21.333333333333325)	(5.0, 17.000000000000007)	(6.0, 10.666666666666668)	(7.0, 6.333333333333331)	(8.0, 4.333333333333333)	(9.0, 4.0)	(10.0, 4.0)	(11.0, 3.666666666666667)	(12.0, 4.333333333333333)	(13.0, 1.6666666666666665)	(14.0, 1.6666666666666665)	(15.0, 3.3333333333333335)	(16.0, 4.0)	(17.0, 3.3333333333333335)	(18.0, 5.666666666666665)	(19.0, 12.333333333333337)	(20.0, 17.66666666666667)	(21.0, 24.99999999999998)	(22.0, 36.999999999999986)	(23.0, 54.66666666666678)	(24.0, 70.00000000000009)	(25.0, 86.33333333333319)	(26.0, 106.99999999999956)	(27.0, 125.99999999999929)	(28.0, 155.33333333333337)	(29.0, 183.33333333333417)	(30.0, 203.0000000000014)	(31.0, 214.6666666666684)	(32.0, 270.66666666666873)	(33.0, 319.99999999999926)	(34.0, 369.3333333333298)	(35.0, 430.66666666665964)	(36.0, 507.33333333332195)	(37.0, 624.6666666666678)	(38.0, 796.333333333354)	(39.0, 1015.6666666667122)	(40.0, 1282.9999999999875)	(41.0, 1572.6666666665883)	(42.0, 1839.9999999998608)	(43.0, 2119.666666666513)	(44.0, 2365.999999999958)	(45.0, 2414.3333333333135)	(46.0, 2395.999999999972)	(47.0, 2230.6666666665633)	(48.0, 1993.9999999998258)	(49.0, 1666.3333333332337)	(50.0, 1373.3333333333003)	(51.0, 1080.0000000000337)	(52.0, 833.3333333333582)	(53.0, 611.9999999999997)	(54.0, 446.6666666666587)	(55.0, 333.66666666666515)	(56.0, 230.00000000000216)	(57.0, 169.6666666666671)	(58.0, 113.3333333333328)	(59.0, 78.3333333333333)	(60.0, 46.00000000000005)	(61.0, 32.66666666666662)	(62.0, 23.999999999999982)	(63.0, 20.66666666666666)	(64.0, 18.000000000000004)	(65.0, 9.666666666666666)	(66.0, 6.333333333333331)	(67.0, 5.333333333333332)	(68.0, 4.999999999999999)	(69.0, 2.6666666666666665)	(70.0, 3.3333333333333335)	(71.0, 1.9999999999999998)	(72.0, 0.6666666666666666)	(73.0, 1.3333333333333333)	(74.0, 0.3333333333333333)	(75.0, 0.3333333333333333)	(76.0, 0.6666666666666666)	(77.0, 1.0)	(78.0, 1.6666666666666665)	(79.0, 0.0)	(80.0, 0.0)	(81.0, 0.0)	(82.0, 0.3333333333333333)	(83.0, 0.3333333333333333)	(84.0, 0.3333333333333333)	(85.0, 0.3333333333333333)	(86.0, 0.0)	(87.0, 0.0)	(88.0, 0.0)	(89.0, 0.0)	(90.0, 0.0)	(91.0, 0.0)	(92.0, 0.0)	(93.0, 0.0)	(94.0, 0.0)	(95.0, 0.0)	(96.0, 0.3333333333333333)	(97.0, 0.0)	(98.0, 0.0)	(99.0, 0.0)	(100.0, 0.0)
SRR908438_1	(0.0, 4165.5)	(1.0, 1246.3333333333292)	(2.0, 418.99999999999363)	(3.0, 192.66666666666777)	(4.0, 113.66666666666613)	(5.0, 78.99999999999996)	(6.0, 61.000000000000156)	(7.0, 59.33333333333348)	(8.0, 49.33333333333341)	(9.0, 39.66666666666667)	(10.0, 36.999999999999986)	(11.0, 29.66666666666663)	(12.0, 25.999999999999975)	(13.0, 23.66666666666665)	(14.0, 26.66666666666664)	(15.0, 60.333333333333485)	(16.0, 334.3333333333318)	(17.0, 743.3333333333479)	(18.0, 1164.3333333333478)	(19.0, 1435.6666666666194)	(20.0, 1537.6666666665963)	(21.0, 1577.333333333254)	(22.0, 1641.3333333332394)	(23.0, 1636.3333333332405)	(24.0, 1741.3333333332166)	(25.0, 1852.6666666665246)	(26.0, 2030.6666666664842)	(27.0, 2194.666666666547)	(28.0, 2367.6666666666256)	(29.0, 2811.0000000001605)	(30.0, 3366.66666666708)	(31.0, 4065.3333333340643)	(32.0, 4994.333333333261)	(33.0, 6183.666666665513)	(34.0, 7591.333333330899)	(35.0, 9274.666666665655)	(36.0, 10901.000000001946)	(37.0, 12470.0000000048)	(38.0, 13969.666666674195)	(39.0, 14971.666666676017)	(40.0, 15677.333333343968)	(41.0, 15828.333333344242)	(42.0, 15601.000000010496)	(43.0, 14884.66666667586)	(44.0, 13852.666666673982)	(45.0, 12500.333333338189)	(46.0, 11192.33333333581)	(47.0, 9783.66666666658)	(48.0, 8479.333333330875)	(49.0, 7292.999999997837)	(50.0, 6119.333333332238)	(51.0, 5070.666666666525)	(52.0, 4245.666666667275)	(53.0, 3473.6666666671285)	(54.0, 2920.00000000021)	(55.0, 2362.33333333329)	(56.0, 1892.6666666665155)	(57.0, 1575.9999999999209)	(58.0, 1352.333333333305)	(59.0, 1093.6666666666972)	(60.0, 791.3333333333534)	(61.0, 609.6666666666661)	(62.0, 482.6666666666567)	(63.0, 386.3333333333288)	(64.0, 284.3333333333346)	(65.0, 227.66666666666876)	(66.0, 181.66666666666745)	(67.0, 136.99999999999952)	(68.0, 88.33333333333316)	(69.0, 55.666666666666785)	(70.0, 48.000000000000064)	(71.0, 35.99999999999998)	(72.0, 27.333333333333304)	(73.0, 15.666666666666677)	(74.0, 9.666666666666666)	(75.0, 6.333333333333331)	(76.0, 4.333333333333333)	(77.0, 1.6666666666666665)	(78.0, 1.0)	(79.0, 0.3333333333333333)	(80.0, 1.0)	(81.0, 1.3333333333333333)	(82.0, 0.6666666666666666)	(83.0, 0.0)	(84.0, 0.0)	(85.0, 0.0)	(86.0, 0.3333333333333333)	(87.0, 1.0)	(88.0, 0.3333333333333333)	(89.0, 0.0)	(90.0, 0.0)	(91.0, 0.0)	(92.0, 0.3333333333333333)	(93.0, 0.3333333333333333)	(94.0, 0.3333333333333333)	(95.0, 0.3333333333333333)	(96.0, 0.0)	(97.0, 0.0)	(98.0, 0.0)	(99.0, 0.0)	(100.0, 0.0)
SRR908438_2	(0.0, 4200.5)	(1.0, 1530.999999999931)	(2.0, 474.99999999999045)	(3.0, 196.33333333333454)	(4.0, 91.66666666666644)	(5.0, 53.0000000000001)	(6.0, 42.00000000000002)	(7.0, 39.0)	(8.0, 32.333333333333286)	(9.0, 21.666666666666657)	(10.0, 21.666666666666657)	(11.0, 20.33333333333333)	(12.0, 15.333333333333343)	(13.0, 13.666666666666673)	(14.0, 16.666666666666675)	(15.0, 16.333333333333343)	(16.0, 19.0)	(17.0, 33.999999999999964)	(18.0, 56.33333333333346)	(19.0, 95.99999999999972)	(20.0, 145.99999999999977)	(21.0, 215.00000000000173)	(22.0, 313.333333333333)	(23.0, 405.9999999999944)	(24.0, 506.333333333322)	(25.0, 651.3333333333375)	(26.0, 782.000000000019)	(27.0, 916.666666666701)	(28.0, 1115.6666666666922)	(29.0, 1318.666666666646)	(30.0, 1511.333333333269)	(31.0, 1747.6666666665485)	(32.0, 1987.666666666494)	(33.0, 2291.666666666591)	(34.0, 2816.3333333334963)	(35.0, 3312.6666666670553)	(36.0, 4056.0000000007267)	(37.0, 5070.666666666525)	(38.0, 6457.999999998597)	(39.0, 8275.666666663838)	(40.0, 10366.333333334307)	(41.0, 12877.666666672209)	(42.0, 15314.000000009974)	(43.0, 17537.666666674388)	(44.0, 19283.666666668036)	(45.0, 20197.66666666471)	(46.0, 20222.99999999795)	(47.0, 19204.33333333499)	(48.0, 17413.66666667484)	(49.0, 15282.666666676583)	(50.0, 13011.333333339118)	(51.0, 10406.000000001046)	(52.0, 8190.333333330354)	(53.0, 6276.333333332095)	(54.0, 4769.333333333466)	(55.0, 3572.6666666671736)	(56.0, 2653.6666666667556)	(57.0, 1983.3333333331616)	(58.0, 1497.6666666666054)	(59.0, 1166.6666666666806)	(60.0, 865.6666666666952)	(61.0, 686.0000000000081)	(62.0, 535.999999999991)	(63.0, 421.33333333332683)	(64.0, 324.999999999999)	(65.0, 272.3333333333353)	(66.0, 227.00000000000207)	(67.0, 186.33333333333425)	(68.0, 133.6666666666661)	(69.0, 115.33333333333277)	(70.0, 99.333333333333)	(71.0, 71.3333333333334)	(72.0, 54.00000000000011)	(73.0, 43.6666666666667)	(74.0, 34.99999999999997)	(75.0, 22.666666666666654)	(76.0, 20.66666666666666)	(77.0, 14.333333333333341)	(78.0, 13.666666666666673)	(79.0, 12.000000000000004)	(80.0, 11.66666666666667)	(81.0, 7.33333333333333)	(82.0, 5.333333333333332)	(83.0, 5.333333333333332)	(84.0, 2.333333333333333)	(85.0, 2.6666666666666665)	(86.0, 2.6666666666666665)	(87.0, 1.9999999999999998)	(88.0, 1.9999999999999998)	(89.0, 1.6666666666666665)	(90.0, 0.6666666666666666)	(91.0, 0.6666666666666666)	(92.0, 0.6666666666666666)	(93.0, 1.3333333333333333)	(94.0, 1.0)	(95.0, 1.3333333333333333)	(96.0, 0.6666666666666666)	(97.0, 0.3333333333333333)	(98.0, 0.3333333333333333)	(99.0, 0.6666666666666666)	(100.0, 0.0)
SRR908439_1	(0.0, 3846.0)	(1.0, 2332.6666666666097)	(2.0, 783.3333333333525)	(3.0, 198.66666666666794)	(4.0, 119.33333333333272)	(5.0, 83.33333333333323)	(6.0, 73.00000000000004)	(7.0, 54.33333333333344)	(8.0, 40.00000000000001)	(9.0, 35.33333333333331)	(10.0, 27.666666666666636)	(11.0, 21.99999999999999)	(12.0, 21.99999999999999)	(13.0, 19.0)	(14.0, 24.99999999999998)	(15.0, 32.333333333333286)	(16.0, 161.33333333333354)	(17.0, 428.66666666665975)	(18.0, 711.0000000000109)	(19.0, 979.0000000000414)	(20.0, 1084.333333333366)	(21.0, 1085.666666666699)	(22.0, 1093.6666666666972)	(23.0, 1139.6666666666868)	(24.0, 1189.3333333333421)	(25.0, 1226.0000000000005)	(26.0, 1314.666666666647)	(27.0, 1431.6666666666204)	(28.0, 1569.666666666589)	(29.0, 1811.3333333332007)	(30.0, 2157.3333333331966)	(31.0, 2611.6666666667365)	(32.0, 3202.6666666670053)	(33.0, 3952.6666666673464)	(34.0, 4839.666666666735)	(35.0, 5946.666666665728)	(36.0, 6980.333333331455)	(37.0, 7984.666666663875)	(38.0, 8874.333333331593)	(39.0, 9484.99999999937)	(40.0, 9942.000000000202)	(41.0, 9872.333333333409)	(42.0, 9639.666666666319)	(43.0, 9093.666666665325)	(44.0, 8415.999999997426)	(45.0, 7542.666666664277)	(46.0, 6624.666666665112)	(47.0, 5692.333333332626)	(48.0, 4983.333333333271)	(49.0, 4207.000000000644)	(50.0, 3533.666666667156)	(51.0, 2976.333333333569)	(52.0, 2465.66666666667)	(53.0, 1980.6666666664955)	(54.0, 1598.3333333332491)	(55.0, 1344.3333333333069)	(56.0, 1059.3333333333717)	(57.0, 853.0000000000271)	(58.0, 667.3333333333393)	(59.0, 531.9999999999906)	(60.0, 392.6666666666618)	(61.0, 290.00000000000097)	(62.0, 216.66666666666845)	(63.0, 149.66666666666654)	(64.0, 99.333333333333)	(65.0, 75.00000000000001)	(66.0, 54.33333333333344)	(67.0, 40.33333333333334)	(68.0, 31.66666666666662)	(69.0, 26.99999999999997)	(70.0, 19.666666666666664)	(71.0, 13.33333333333334)	(72.0, 12.333333333333337)	(73.0, 6.666666666666664)	(74.0, 6.666666666666664)	(75.0, 4.0)	(76.0, 1.6666666666666665)	(77.0, 1.6666666666666665)	(78.0, 0.6666666666666666)	(79.0, 0.6666666666666666)	(80.0, 0.6666666666666666)	(81.0, 1.0)	(82.0, 0.6666666666666666)	(83.0, 0.3333333333333333)	(84.0, 0.3333333333333333)	(85.0, 0.0)	(86.0, 0.0)	(87.0, 0.0)	(88.0, 0.0)	(89.0, 0.0)	(90.0, 0.0)	(91.0, 0.0)	(92.0, 0.0)	(93.0, 0.0)	(94.0, 0.0)	(95.0, 0.0)	(96.0, 0.0)	(97.0, 0.0)	(98.0, 0.0)	(99.0, 0.3333333333333333)	(100.0, 0.5)
SRR908439_2	(0.0, 5226.5)	(1.0, 1665.9999999999004)	(2.0, 436.6666666666593)	(3.0, 196.0000000000012)	(4.0, 95.99999999999972)	(5.0, 54.33333333333344)	(6.0, 44.000000000000036)	(7.0, 37.33333333333332)	(8.0, 30.333333333333293)	(9.0, 23.999999999999982)	(10.0, 17.33333333333334)	(11.0, 20.33333333333333)	(12.0, 16.666666666666675)	(13.0, 17.000000000000007)	(14.0, 15.333333333333343)	(15.0, 17.33333333333334)	(16.0, 19.333333333333332)	(17.0, 22.999999999999986)	(18.0, 33.33333333333329)	(19.0, 55.000000000000114)	(20.0, 79.33333333333329)	(21.0, 136.66666666666617)	(22.0, 189.66666666666768)	(23.0, 244.3333333333359)	(24.0, 340.66666666666475)	(25.0, 432.99999999999284)	(26.0, 533.9999999999908)	(27.0, 615.6666666666667)	(28.0, 730.6666666666798)	(29.0, 848.6666666666932)	(30.0, 977.6666666667079)	(31.0, 1124.6666666666902)	(32.0, 1316.3333333333132)	(33.0, 1528.6666666665983)	(34.0, 1780.3333333332077)	(35.0, 2123.999999999848)	(36.0, 2601.3333333333985)	(37.0, 3243.000000000357)	(38.0, 4106.666666667402)	(39.0, 5250.333333333028)	(40.0, 6617.333333331785)	(41.0, 8313.333333330573)	(42.0, 9934.666666666855)	(43.0, 11390.666666669504)	(44.0, 12460.000000004782)	(45.0, 12928.666666672301)	(46.0, 12742.000000005295)	(47.0, 12023.000000003987)	(48.0, 10704.000000001588)	(49.0, 9297.99999999903)	(50.0, 7622.666666664204)	(51.0, 5972.333333332372)	(52.0, 4582.666666666969)	(53.0, 3477.0000000004634)	(54.0, 2569.6666666667174)	(55.0, 1855.666666666524)	(56.0, 1336.9999999999752)	(57.0, 962.0000000000394)	(58.0, 706.0000000000103)	(59.0, 520.9999999999893)	(60.0, 388.3333333333287)	(61.0, 287.33333333333445)	(62.0, 211.33333333333496)	(63.0, 141.33333333333297)	(64.0, 112.33333333333282)	(65.0, 72.00000000000006)	(66.0, 51.33333333333342)	(67.0, 41.000000000000014)	(68.0, 37.99999999999999)	(69.0, 33.66666666666663)	(70.0, 21.99999999999999)	(71.0, 22.999999999999986)	(72.0, 18.333333333333336)	(73.0, 14.666666666666675)	(74.0, 15.333333333333343)	(75.0, 10.666666666666668)	(76.0, 7.9999999999999964)	(77.0, 7.33333333333333)	(78.0, 5.999999999999998)	(79.0, 6.666666666666664)	(80.0, 5.666666666666665)	(81.0, 3.666666666666667)	(82.0, 3.0)	(83.0, 2.333333333333333)	(84.0, 2.333333333333333)	(85.0, 1.3333333333333333)	(86.0, 1.0)	(87.0, 1.6666666666666665)	(88.0, 0.3333333333333333)	(89.0, 0.6666666666666666)	(90.0, 0.3333333333333333)	(91.0, 0.3333333333333333)	(92.0, 0.0)	(93.0, 0.0)	(94.0, 0.0)	(95.0, 0.3333333333333333)	(96.0, 0.3333333333333333)	(97.0, 0.6666666666666666)	(98.0, 0.3333333333333333)	(99.0, 0.3333333333333333)	(100.0, 1.0)
SRR908440_1	(0.0, 10318.5)	(1.0, 2202.6666666665506)	(2.0, 889.0000000000312)	(3.0, 563.9999999999942)	(4.0, 394.6666666666617)	(5.0, 292.33333333333417)	(6.0, 223.00000000000196)	(7.0, 167.00000000000037)	(8.0, 131.3333333333327)	(9.0, 106.99999999999956)	(10.0, 82.33333333333324)	(11.0, 66.33333333333347)	(12.0, 50.66666666666675)	(13.0, 46.00000000000005)	(14.0, 39.0)	(15.0, 35.99999999999998)	(16.0, 66.6666666666668)	(17.0, 182.0000000000008)	(18.0, 245.33333333333593)	(19.0, 333.99999999999847)	(20.0, 367.3333333333299)	(21.0, 365.33333333333)	(22.0, 370.33333333332973)	(23.0, 378.6666666666626)	(24.0, 390.6666666666619)	(25.0, 415.6666666666605)	(26.0, 461.6666666666579)	(27.0, 506.6666666666553)	(28.0, 568.6666666666614)	(29.0, 666.0000000000058)	(30.0, 804.6666666666882)	(31.0, 974.0000000000408)	(32.0, 1223.0000000000011)	(33.0, 1531.9999999999309)	(34.0, 1902.9999999998465)	(35.0, 2386.6666666666342)	(36.0, 2843.666666666842)	(37.0, 3392.0000000004247)	(38.0, 3888.0000000006503)	(39.0, 4180.3333333340015)	(40.0, 4481.333333333728)	(41.0, 4696.333333333532)	(42.0, 4774.666666666794)	(43.0, 4663.666666666895)	(44.0, 4414.666666667122)	(45.0, 4165.333333334015)	(46.0, 3914.666666667329)	(47.0, 3472.666666667128)	(48.0, 3022.0000000002565)	(49.0, 2739.3333333334613)	(50.0, 2424.333333333318)	(51.0, 2048.6666666664805)	(52.0, 1745.666666666549)	(53.0, 1469.999999999945)	(54.0, 1213.0000000000034)	(55.0, 1036.6666666667102)	(56.0, 846.0000000000263)	(57.0, 682.333333333341)	(58.0, 553.9999999999931)	(59.0, 449.66666666665856)	(60.0, 384.99999999999557)	(61.0, 305.66666666666674)	(62.0, 238.33333333333573)	(63.0, 190.33333333333437)	(64.0, 138.3333333333329)	(65.0, 96.66666666666637)	(66.0, 69.0000000000001)	(67.0, 43.333333333333364)	(68.0, 28.666666666666632)	(69.0, 20.66666666666666)	(70.0, 15.000000000000009)	(71.0, 10.0)	(72.0, 5.333333333333332)	(73.0, 2.6666666666666665)	(74.0, 4.0)	(75.0, 1.9999999999999998)	(76.0, 1.0)	(77.0, 1.0)	(78.0, 1.3333333333333333)	(79.0, 0.3333333333333333)	(80.0, 1.0)	(81.0, 0.6666666666666666)	(82.0, 0.0)	(83.0, 0.0)	(84.0, 0.3333333333333333)	(85.0, 0.3333333333333333)	(86.0, 0.3333333333333333)	(87.0, 0.3333333333333333)	(88.0, 0.0)	(89.0, 0.0)	(90.0, 0.0)	(91.0, 0.0)	(92.0, 0.0)	(93.0, 0.0)	(94.0, 0.0)	(95.0, 0.0)	(96.0, 0.0)	(97.0, 0.0)	(98.0, 0.0)	(99.0, 0.0)	(100.0, 0.0)
SRR908440_2	(0.0, 8557.5)	(1.0, 4268.000000000588)	(2.0, 1720.3333333332214)	(3.0, 799.0000000000209)	(4.0, 370.33333333332973)	(5.0, 190.6666666666677)	(6.0, 117.66666666666607)	(7.0, 79.33333333333329)	(8.0, 63.333333333333506)	(9.0, 53.66666666666677)	(10.0, 36.999999999999986)	(11.0, 29.333333333333297)	(12.0, 24.666666666666647)	(13.0, 16.333333333333343)	(14.0, 19.333333333333332)	(15.0, 16.00000000000001)	(16.0, 19.0)	(17.0, 23.333333333333318)	(18.0, 26.333333333333307)	(19.0, 37.99999999999999)	(20.0, 59.33333333333348)	(21.0, 71.66666666666673)	(22.0, 91.66666666666644)	(23.0, 120.3333333333327)	(24.0, 149.66666666666654)	(25.0, 196.0000000000012)	(26.0, 240.00000000000244)	(27.0, 270.0000000000021)	(28.0, 333.33333333333184)	(29.0, 405.66666666666106)	(30.0, 439.6666666666591)	(31.0, 511.99999999998835)	(32.0, 637.0000000000025)	(33.0, 731.0000000000132)	(34.0, 871.3333333333625)	(35.0, 1095.3333333333635)	(36.0, 1389.3333333332967)	(37.0, 1747.6666666665485)	(38.0, 2209.3333333332203)	(39.0, 2764.3333333334726)	(40.0, 3347.0000000004043)	(41.0, 4009.333333334039)	(42.0, 4683.000000000211)	(43.0, 5158.999999999778)	(44.0, 5555.999999999417)	(45.0, 5724.333333332597)	(46.0, 5552.333333332754)	(47.0, 5198.999999999742)	(48.0, 4835.333333333406)	(49.0, 4249.333333333939)	(50.0, 3630.3333333338664)	(51.0, 3071.6666666669457)	(52.0, 2576.6666666667206)	(53.0, 2116.6666666665114)	(54.0, 1726.33333333322)	(55.0, 1376.9999999999661)	(56.0, 1090.0000000000314)	(57.0, 874.0000000000294)	(58.0, 714.666666666678)	(59.0, 550.6666666666594)	(60.0, 453.66666666665833)	(61.0, 384.99999999999557)	(62.0, 301.33333333333366)	(63.0, 231.0000000000022)	(64.0, 189.33333333333434)	(65.0, 145.3333333333331)	(66.0, 116.99999999999942)	(67.0, 89.9999999999998)	(68.0, 71.3333333333334)	(69.0, 61.33333333333349)	(70.0, 38.666666666666664)	(71.0, 29.99999999999996)	(72.0, 25.666666666666643)	(73.0, 23.333333333333318)	(74.0, 13.666666666666673)	(75.0, 10.0)	(76.0, 9.333333333333332)	(77.0, 7.9999999999999964)	(78.0, 6.333333333333331)	(79.0, 6.333333333333331)	(80.0, 4.999999999999999)	(81.0, 4.666666666666666)	(82.0, 1.9999999999999998)	(83.0, 1.3333333333333333)	(84.0, 0.6666666666666666)	(85.0, 0.3333333333333333)	(86.0, 0.3333333333333333)	(87.0, 0.3333333333333333)	(88.0, 1.6666666666666665)	(89.0, 0.6666666666666666)	(90.0, 0.0)	(91.0, 0.0)	(92.0, 0.0)	(93.0, 0.0)	(94.0, 0.3333333333333333)	(95.0, 0.3333333333333333)	(96.0, 0.0)	(97.0, 0.0)	(98.0, 0.0)	(99.0, 0.3333333333333333)	(100.0, 0.5)
SRR908441_1	(0.0, 1579.0)	(1.0, 1149.6666666666845)	(2.0, 416.3333333333271)	(3.0, 97.99999999999969)	(4.0, 54.66666666666678)	(5.0, 43.333333333333364)	(6.0, 41.33333333333335)	(7.0, 36.999999999999986)	(8.0, 24.99999999999998)	(9.0, 14.000000000000007)	(10.0, 16.333333333333343)	(11.0, 14.333333333333341)	(12.0, 11.000000000000002)	(13.0, 10.333333333333334)	(14.0, 13.666666666666673)	(15.0, 20.999999999999993)	(16.0, 117.66666666666607)	(17.0, 367.3333333333299)	(18.0, 625.3333333333345)	(19.0, 850.3333333333601)	(20.0, 947.3333333333711)	(21.0, 970.3333333333737)	(22.0, 996.0000000000433)	(23.0, 983.6666666667086)	(24.0, 1046.3333333333746)	(25.0, 1084.0000000000327)	(26.0, 1176.0000000000118)	(27.0, 1309.3333333333148)	(28.0, 1520.9999999999334)	(29.0, 1749.666666666548)	(30.0, 2049.666666666481)	(31.0, 2497.333333333351)	(32.0, 3171.3333333336577)	(33.0, 3913.0000000006617)	(34.0, 4798.000000000106)	(35.0, 5893.666666665777)	(36.0, 6974.999999998126)	(37.0, 8598.666666664425)	(38.0, 10414.333333334394)	(39.0, 10870.666666668558)	(40.0, 11257.333333335928)	(41.0, 11297.000000002667)	(42.0, 10955.666666668712)	(43.0, 10432.333333334427)	(44.0, 9420.999999999254)	(45.0, 8506.666666664258)	(46.0, 7892.6666666639585)	(47.0, 7047.99999999806)	(48.0, 6202.6666666654955)	(49.0, 5658.66666666599)	(50.0, 4887.0000000000255)	(51.0, 3961.6666666673505)	(52.0, 2983.333333333572)	(53.0, 2404.6666666666424)	(54.0, 1970.6666666664978)	(55.0, 1612.6666666665792)	(56.0, 1288.3333333333196)	(57.0, 993.6666666667097)	(58.0, 796.333333333354)	(59.0, 630.0000000000017)	(60.0, 522.3333333333228)	(61.0, 405.9999999999944)	(62.0, 313.9999999999996)	(63.0, 241.33333333333582)	(64.0, 190.00000000000102)	(65.0, 139.9999999999996)	(66.0, 107.66666666666622)	(67.0, 79.66666666666661)	(68.0, 56.00000000000012)	(69.0, 38.33333333333333)	(70.0, 29.99999999999996)	(71.0, 23.66666666666665)	(72.0, 19.0)	(73.0, 14.333333333333341)	(74.0, 10.0)	(75.0, 6.999999999999997)	(76.0, 4.666666666666666)	(77.0, 3.0)	(78.0, 1.6666666666666665)	(79.0, 1.0)	(80.0, 1.3333333333333333)	(81.0, 0.6666666666666666)	(82.0, 0.6666666666666666)	(83.0, 0.0)	(84.0, 0.0)	(85.0, 0.6666666666666666)	(86.0, 1.0)	(87.0, 0.3333333333333333)	(88.0, 0.3333333333333333)	(89.0, 0.3333333333333333)	(90.0, 0.0)	(91.0, 0.0)	(92.0, 0.0)	(93.0, 0.0)	(94.0, 0.0)	(95.0, 0.0)	(96.0, 0.0)	(97.0, 0.0)	(98.0, 0.0)	(99.0, 0.0)	(100.0, 0.0)
SRR908441_2	(0.0, 2296.0)	(1.0, 727.3333333333461)	(2.0, 223.3333333333353)	(3.0, 104.33333333333293)	(4.0, 66.00000000000014)	(5.0, 30.999999999999957)	(6.0, 27.666666666666636)	(7.0, 22.666666666666654)	(8.0, 19.333333333333332)	(9.0, 15.333333333333343)	(10.0, 15.333333333333343)	(11.0, 12.333333333333337)	(12.0, 13.33333333333334)	(13.0, 9.333333333333332)	(14.0, 8.666666666666664)	(15.0, 8.999999999999998)	(16.0, 11.333333333333336)	(17.0, 18.666666666666668)	(18.0, 27.666666666666636)	(19.0, 45.00000000000004)	(20.0, 72.66666666666671)	(21.0, 123.33333333333266)	(22.0, 166.66666666666703)	(23.0, 214.0000000000017)	(24.0, 304.00000000000017)	(25.0, 412.33333333332735)	(26.0, 479.66666666665685)	(27.0, 577.6666666666624)	(28.0, 715.3333333333447)	(29.0, 837.666666666692)	(30.0, 974.3333333333742)	(31.0, 1145.3333333333521)	(32.0, 1365.6666666666354)	(33.0, 1595.9999999999163)	(34.0, 1887.3333333331834)	(35.0, 2271.666666666582)	(36.0, 2769.333333333475)	(37.0, 3560.000000000501)	(38.0, 5228.999999999714)	(39.0, 6926.666666664837)	(40.0, 7901.66666666395)	(41.0, 8907.333333331653)	(42.0, 10390.33333333435)	(43.0, 11808.33333333693)	(44.0, 12683.333333338522)	(45.0, 13225.333333339508)	(46.0, 13304.333333339651)	(47.0, 12747.666666671972)	(48.0, 11638.33333333662)	(49.0, 10442.333333334445)	(50.0, 8847.666666664878)	(51.0, 7227.999999997896)	(52.0, 5954.666666665721)	(53.0, 4682.000000000212)	(54.0, 3501.333333333808)	(55.0, 2555.666666666711)	(56.0, 1828.66666666653)	(57.0, 1352.333333333305)	(58.0, 1007.3333333333779)	(59.0, 764.3333333333503)	(60.0, 590.6666666666639)	(61.0, 435.33333333332604)	(62.0, 357.6666666666638)	(63.0, 302.3333333333336)	(64.0, 232.33333333333556)	(65.0, 182.66666666666748)	(66.0, 143.66666666666637)	(67.0, 114.99999999999945)	(68.0, 95.66666666666639)	(69.0, 79.66666666666661)	(70.0, 71.66666666666673)	(71.0, 51.000000000000085)	(72.0, 41.000000000000014)	(73.0, 38.666666666666664)	(74.0, 37.99999999999999)	(75.0, 27.333333333333304)	(76.0, 25.33333333333331)	(77.0, 19.333333333333332)	(78.0, 13.33333333333334)	(79.0, 11.333333333333336)	(80.0, 9.666666666666666)	(81.0, 7.666666666666663)	(82.0, 7.33333333333333)	(83.0, 4.999999999999999)	(84.0, 1.9999999999999998)	(85.0, 2.6666666666666665)	(86.0, 1.9999999999999998)	(87.0, 1.0)	(88.0, 0.6666666666666666)	(89.0, 0.6666666666666666)	(90.0, 1.3333333333333333)	(91.0, 1.3333333333333333)	(92.0, 0.3333333333333333)	(93.0, 0.6666666666666666)	(94.0, 0.3333333333333333)	(95.0, 0.6666666666666666)	(96.0, 1.3333333333333333)	(97.0, 0.6666666666666666)	(98.0, 0.0)	(99.0, 0.3333333333333333)	(100.0, 1.0)
SRR908442_1	(0.0, 763.5)	(1.0, 190.33333333333437)	(2.0, 101.6666666666663)	(3.0, 68.66666666666677)	(4.0, 52.666666666666764)	(5.0, 43.6666666666667)	(6.0, 44.000000000000036)	(7.0, 32.99999999999996)	(8.0, 25.33333333333331)	(9.0, 19.999999999999996)	(10.0, 19.333333333333332)	(11.0, 13.666666666666673)	(12.0, 14.000000000000007)	(13.0, 10.333333333333334)	(14.0, 13.000000000000005)	(15.0, 13.33333333333334)	(16.0, 27.333333333333304)	(17.0, 81.66666666666659)	(18.0, 119.99999999999937)	(19.0, 141.99999999999966)	(20.0, 166.00000000000034)	(21.0, 172.33333333333385)	(22.0, 171.00000000000048)	(23.0, 182.66666666666748)	(24.0, 184.3333333333342)	(25.0, 193.33333333333445)	(26.0, 198.3333333333346)	(27.0, 218.6666666666685)	(28.0, 246.6666666666693)	(29.0, 280.00000000000153)	(30.0, 333.33333333333184)	(31.0, 411.6666666666607)	(32.0, 517.999999999989)	(33.0, 655.3333333333379)	(34.0, 815.3333333333561)	(35.0, 1049.0000000000407)	(36.0, 1236.3333333333314)	(37.0, 1443.999999999951)	(38.0, 1666.3333333332337)	(39.0, 1835.6666666665285)	(40.0, 1982.666666666495)	(41.0, 2066.999999999822)	(42.0, 2110.999999999842)	(43.0, 2066.6666666664887)	(44.0, 1972.9999999998306)	(45.0, 1840.333333333194)	(46.0, 1655.9999999999027)	(47.0, 1478.3333333332764)	(48.0, 1303.6666666666495)	(49.0, 1137.333333333354)	(50.0, 983.3333333333752)	(51.0, 840.0000000000256)	(52.0, 749.666666666682)	(53.0, 616.6666666666669)	(54.0, 527.6666666666567)	(55.0, 431.9999999999929)	(56.0, 362.3333333333302)	(57.0, 301.66666666666697)	(58.0, 249.66666666666939)	(59.0, 198.66666666666794)	(60.0, 178.33333333333402)	(61.0, 141.99999999999966)	(62.0, 102.33333333333296)	(63.0, 78.66666666666663)	(64.0, 60.00000000000015)	(65.0, 44.66666666666671)	(66.0, 42.00000000000002)	(67.0, 34.666666666666636)	(68.0, 20.33333333333333)	(69.0, 16.00000000000001)	(70.0, 8.999999999999998)	(71.0, 5.999999999999998)	(72.0, 4.999999999999999)	(73.0, 5.666666666666665)	(74.0, 2.6666666666666665)	(75.0, 1.0)	(76.0, 0.6666666666666666)	(77.0, 0.0)	(78.0, 0.0)	(79.0, 0.0)	(80.0, 0.0)	(81.0, 0.0)	(82.0, 0.0)	(83.0, 0.3333333333333333)	(84.0, 0.0)	(85.0, 0.0)	(86.0, 0.0)	(87.0, 0.0)	(88.0, 0.0)	(89.0, 0.0)	(90.0, 0.0)	(91.0, 0.0)	(92.0, 0.0)	(93.0, 0.0)	(94.0, 0.0)	(95.0, 0.0)	(96.0, 0.0)	(97.0, 0.0)	(98.0, 0.0)	(99.0, 0.0)	(100.0, 0.0)
SRR908442_2	(0.0, 639.5)	(1.0, 389.33333333332865)	(2.0, 179.33333333333405)	(3.0, 93.33333333333309)	(4.0, 55.33333333333345)	(5.0, 32.333333333333286)	(6.0, 21.333333333333325)	(7.0, 16.00000000000001)	(8.0, 13.33333333333334)	(9.0, 12.000000000000004)	(10.0, 10.0)	(11.0, 8.33333333333333)	(12.0, 7.666666666666663)	(13.0, 5.666666666666665)	(14.0, 5.999999999999998)	(15.0, 6.666666666666664)	(16.0, 7.9999999999999964)	(17.0, 10.666666666666668)	(18.0, 14.000000000000007)	(19.0, 14.666666666666675)	(20.0, 23.999999999999982)	(21.0, 28.666666666666632)	(22.0, 41.000000000000014)	(23.0, 52.33333333333343)	(24.0, 69.33333333333343)	(25.0, 88.33333333333316)	(26.0, 101.99999999999963)	(27.0, 124.66666666666598)	(28.0, 147.99999999999983)	(29.0, 161.66666666666688)	(30.0, 194.00000000000114)	(31.0, 221.33333333333525)	(32.0, 257.00000000000284)	(33.0, 311.3333333333331)	(34.0, 385.6666666666622)	(35.0, 458.99999999999136)	(36.0, 556.3333333333267)	(37.0, 703.3333333333434)	(38.0, 886.3333333333642)	(39.0, 1143.0000000000193)	(40.0, 1414.9999999999575)	(41.0, 1677.6666666665644)	(42.0, 1997.6666666664917)	(43.0, 2227.9999999998954)	(44.0, 2425.666666666652)	(45.0, 2553.000000000043)	(46.0, 2489.666666666681)	(47.0, 2375.666666666629)	(48.0, 2215.99999999989)	(49.0, 1915.333333333177)	(50.0, 1646.9999999999047)	(51.0, 1337.6666666666417)	(52.0, 1116.3333333333587)	(53.0, 931.0000000000359)	(54.0, 740.666666666681)	(55.0, 575.9999999999956)	(56.0, 455.6666666666582)	(57.0, 380.33333333332916)	(58.0, 307.99999999999994)	(59.0, 234.00000000000227)	(60.0, 199.33333333333462)	(61.0, 168.0000000000004)	(62.0, 124.66666666666598)	(63.0, 91.33333333333312)	(64.0, 73.00000000000004)	(65.0, 64.66666666666683)	(66.0, 45.666666666666714)	(67.0, 35.33333333333331)	(68.0, 36.333333333333314)	(69.0, 23.999999999999982)	(70.0, 16.666666666666675)	(71.0, 14.666666666666675)	(72.0, 12.000000000000004)	(73.0, 10.333333333333334)	(74.0, 7.9999999999999964)	(75.0, 5.666666666666665)	(76.0, 4.666666666666666)	(77.0, 3.666666666666667)	(78.0, 2.333333333333333)	(79.0, 1.3333333333333333)	(80.0, 1.6666666666666665)	(81.0, 1.3333333333333333)	(82.0, 1.0)	(83.0, 1.6666666666666665)	(84.0, 1.0)	(85.0, 0.3333333333333333)	(86.0, 1.0)	(87.0, 0.3333333333333333)	(88.0, 0.6666666666666666)	(89.0, 0.0)	(90.0, 0.0)	(91.0, 0.0)	(92.0, 0.3333333333333333)	(93.0, 0.3333333333333333)	(94.0, 0.0)	(95.0, 0.3333333333333333)	(96.0, 0.0)	(97.0, 0.0)	(98.0, 0.0)	(99.0, 0.0)	(100.0, 0.0)
SRR908443_1	(0.0, 6245.5)	(1.0, 1568.6666666665892)	(2.0, 728.0000000000128)	(3.0, 500.999999999989)	(4.0, 387.33333333332877)	(5.0, 291.0000000000009)	(6.0, 258.6666666666694)	(7.0, 217.33333333333513)	(8.0, 171.66666666666717)	(9.0, 154.66666666666669)	(10.0, 123.33333333333266)	(11.0, 92.99999999999976)	(12.0, 85.3333333333332)	(13.0, 80.6666666666666)	(14.0, 65.33333333333348)	(15.0, 51.66666666666676)	(16.0, 56.33333333333346)	(17.0, 112.33333333333282)	(18.0, 191.66666666666774)	(19.0, 247.66666666666933)	(20.0, 299.6666666666671)	(21.0, 313.6666666666663)	(22.0, 339.6666666666648)	(23.0, 349.99999999999756)	(24.0, 372.3333333333296)	(25.0, 411.3333333333274)	(26.0, 442.99999999999227)	(27.0, 499.3333333333224)	(28.0, 594.6666666666644)	(29.0, 760.6666666666832)	(30.0, 955.0000000000387)	(31.0, 1213.66666666667)	(32.0, 1583.3333333332525)	(33.0, 2090.999999999833)	(34.0, 2713.3333333334494)	(35.0, 3644.0000000005393)	(36.0, 4763.666666666804)	(37.0, 5903.333333332434)	(38.0, 7239.333333331219)	(39.0, 8444.333333330811)	(40.0, 9614.999999999607)	(41.0, 10415.333333334396)	(42.0, 10874.000000001897)	(43.0, 10961.33333333539)	(44.0, 10668.333333334856)	(45.0, 10255.333333334105)	(46.0, 9652.999999999676)	(47.0, 8831.666666664849)	(48.0, 8110.333333330427)	(49.0, 7165.66666666462)	(50.0, 6215.333333332151)	(51.0, 5198.333333333076)	(52.0, 4339.333333333857)	(53.0, 3483.000000000466)	(54.0, 2850.0000000001783)	(55.0, 2280.9999999999195)	(56.0, 1710.666666666557)	(57.0, 1314.3333333333137)	(58.0, 1046.666666666708)	(59.0, 840.6666666666923)	(60.0, 653.0000000000043)	(61.0, 515.9999999999887)	(62.0, 379.66666666666254)	(63.0, 283.666666666668)	(64.0, 212.333333333335)	(65.0, 159.33333333333348)	(66.0, 114.66666666666612)	(67.0, 72.00000000000006)	(68.0, 46.66666666666672)	(69.0, 38.33333333333333)	(70.0, 31.33333333333329)	(71.0, 23.999999999999982)	(72.0, 16.666666666666675)	(73.0, 10.666666666666668)	(74.0, 6.666666666666664)	(75.0, 6.333333333333331)	(76.0, 6.666666666666664)	(77.0, 3.666666666666667)	(78.0, 1.6666666666666665)	(79.0, 2.6666666666666665)	(80.0, 0.6666666666666666)	(81.0, 0.0)	(82.0, 0.6666666666666666)	(83.0, 0.6666666666666666)	(84.0, 0.3333333333333333)	(85.0, 1.3333333333333333)	(86.0, 1.3333333333333333)	(87.0, 1.0)	(88.0, 0.3333333333333333)	(89.0, 0.6666666666666666)	(90.0, 0.3333333333333333)	(91.0, 0.3333333333333333)	(92.0, 0.0)	(93.0, 0.3333333333333333)	(94.0, 0.0)	(95.0, 0.0)	(96.0, 0.0)	(97.0, 0.0)	(98.0, 0.3333333333333333)	(99.0, 0.0)	(100.0, 0.0)
SRR908443_2	(0.0, 5656.5)	(1.0, 2921.333333333544)	(2.0, 1354.3333333333046)	(3.0, 674.6666666666734)	(4.0, 344.99999999999784)	(5.0, 191.3333333333344)	(6.0, 133.33333333333275)	(7.0, 90.99999999999979)	(8.0, 69.0000000000001)	(9.0, 53.333333333333435)	(10.0, 42.33333333333336)	(11.0, 27.333333333333304)	(12.0, 19.666666666666664)	(13.0, 22.33333333333332)	(14.0, 23.999999999999982)	(15.0, 23.66666666666665)	(16.0, 21.99999999999999)	(17.0, 21.666666666666657)	(18.0, 24.99999999999998)	(19.0, 31.33333333333329)	(20.0, 46.66666666666672)	(21.0, 52.666666666666764)	(22.0, 70.00000000000009)	(23.0, 95.33333333333306)	(24.0, 122.99999999999933)	(25.0, 151.6666666666666)	(26.0, 201.00000000000134)	(27.0, 257.66666666666947)	(28.0, 326.66666666666555)	(29.0, 436.333333333326)	(30.0, 557.9999999999935)	(31.0, 690.0000000000085)	(32.0, 902.333333333366)	(33.0, 1157.6666666666827)	(34.0, 1551.666666666593)	(35.0, 2063.333333333154)	(36.0, 2747.6666666667984)	(37.0, 3563.0000000005025)	(38.0, 4431.00000000044)	(39.0, 5531.333333332773)	(40.0, 6714.333333331697)	(41.0, 7991.333333330535)	(42.0, 9151.666666665431)	(43.0, 10097.000000000484)	(44.0, 10908.333333335293)	(45.0, 11165.000000002427)	(46.0, 11322.333333336046)	(47.0, 11069.000000002252)	(48.0, 10645.666666668149)	(49.0, 9962.000000000238)	(50.0, 8898.333333331637)	(51.0, 7715.6666666641195)	(52.0, 6491.666666665233)	(53.0, 5340.3333333329465)	(54.0, 4272.666666667251)	(55.0, 3437.000000000445)	(56.0, 2628.6666666667443)	(57.0, 2004.9999999998233)	(58.0, 1497.9999999999386)	(59.0, 1096.00000000003)	(60.0, 842.0000000000258)	(61.0, 662.0000000000053)	(62.0, 514.6666666666553)	(63.0, 411.99999999999403)	(64.0, 336.9999999999983)	(65.0, 262.3333333333359)	(66.0, 197.33333333333456)	(67.0, 162.33333333333357)	(68.0, 129.66666666666598)	(69.0, 96.9999999999997)	(70.0, 86.33333333333319)	(71.0, 75.33333333333334)	(72.0, 59.00000000000014)	(73.0, 44.66666666666671)	(74.0, 35.99999999999998)	(75.0, 32.333333333333286)	(76.0, 23.66666666666665)	(77.0, 18.000000000000004)	(78.0, 14.333333333333341)	(79.0, 14.333333333333341)	(80.0, 10.333333333333334)	(81.0, 5.999999999999998)	(82.0, 4.666666666666666)	(83.0, 4.0)	(84.0, 1.3333333333333333)	(85.0, 1.3333333333333333)	(86.0, 2.6666666666666665)	(87.0, 2.333333333333333)	(88.0, 1.9999999999999998)	(89.0, 1.0)	(90.0, 1.3333333333333333)	(91.0, 0.6666666666666666)	(92.0, 0.3333333333333333)	(93.0, 0.6666666666666666)	(94.0, 1.0)	(95.0, 0.3333333333333333)	(96.0, 0.0)	(97.0, 0.3333333333333333)	(98.0, 0.3333333333333333)	(99.0, 0.3333333333333333)	(100.0, 0.5)
SRR908444_1	(0.0, 1386.0)	(1.0, 351.6666666666641)	(2.0, 140.99999999999963)	(3.0, 89.9999999999998)	(4.0, 69.0000000000001)	(5.0, 46.333333333333385)	(6.0, 36.333333333333314)	(7.0, 30.666666666666625)	(8.0, 23.333333333333318)	(9.0, 20.33333333333333)	(10.0, 15.666666666666677)	(11.0, 11.000000000000002)	(12.0, 6.999999999999997)	(13.0, 6.666666666666664)	(14.0, 6.999999999999997)	(15.0, 12.666666666666671)	(16.0, 29.333333333333297)	(17.0, 41.000000000000014)	(18.0, 58.000000000000135)	(19.0, 60.66666666666682)	(20.0, 58.666666666666806)	(21.0, 66.6666666666668)	(22.0, 81.99999999999991)	(23.0, 90.33333333333313)	(24.0, 100.66666666666632)	(25.0, 144.99999999999974)	(26.0, 201.33333333333468)	(27.0, 254.66666666666953)	(28.0, 374.3333333333295)	(29.0, 544.3333333333253)	(30.0, 767.3333333333507)	(31.0, 1094.3333333333637)	(32.0, 1648.9999999999043)	(33.0, 2438.3333333333244)	(34.0, 3373.3333333337496)	(35.0, 4695.0000000002)	(36.0, 6344.666666665366)	(37.0, 8167.666666663708)	(38.0, 10130.333333333878)	(39.0, 12133.666666670855)	(40.0, 13748.666666673793)	(41.0, 14962.333333342667)	(42.0, 15616.333333343857)	(43.0, 15835.66666667759)	(44.0, 15577.000000010452)	(45.0, 14941.000000009295)	(46.0, 13796.66666667388)	(47.0, 12614.66666667173)	(48.0, 11244.00000000257)	(49.0, 9840.33333333335)	(50.0, 8475.666666664201)	(51.0, 7069.666666664707)	(52.0, 5801.999999999193)	(53.0, 4625.000000000264)	(54.0, 3599.666666667186)	(55.0, 2774.0000000001437)	(56.0, 2102.3333333331716)	(57.0, 1603.9999999999145)	(58.0, 1205.3333333333385)	(59.0, 918.3333333333678)	(60.0, 681.0000000000075)	(61.0, 499.99999999998903)	(62.0, 376.999999999996)	(63.0, 282.0000000000014)	(64.0, 205.00000000000145)	(65.0, 141.99999999999966)	(66.0, 94.99999999999973)	(67.0, 62.00000000000016)	(68.0, 51.000000000000085)	(69.0, 41.33333333333335)	(70.0, 31.66666666666662)	(71.0, 20.33333333333333)	(72.0, 17.000000000000007)	(73.0, 11.000000000000002)	(74.0, 8.666666666666664)	(75.0, 6.666666666666664)	(76.0, 8.666666666666664)	(77.0, 4.666666666666666)	(78.0, 4.0)	(79.0, 2.6666666666666665)	(80.0, 1.6666666666666665)	(81.0, 1.9999999999999998)	(82.0, 2.6666666666666665)	(83.0, 1.9999999999999998)	(84.0, 1.3333333333333333)	(85.0, 1.3333333333333333)	(86.0, 0.3333333333333333)	(87.0, 0.3333333333333333)	(88.0, 0.3333333333333333)	(89.0, 0.0)	(90.0, 0.3333333333333333)	(91.0, 0.0)	(92.0, 0.0)	(93.0, 0.0)	(94.0, 0.0)	(95.0, 0.0)	(96.0, 0.0)	(97.0, 0.0)	(98.0, 0.0)	(99.0, 0.0)	(100.0, 0.0)
SRR908444_2	(0.0, 1283.0)	(1.0, 537.6666666666579)	(2.0, 216.00000000000176)	(3.0, 95.33333333333306)	(4.0, 46.00000000000005)	(5.0, 32.99999999999996)	(6.0, 21.99999999999999)	(7.0, 16.333333333333343)	(8.0, 10.333333333333334)	(9.0, 10.333333333333334)	(10.0, 7.33333333333333)	(11.0, 4.999999999999999)	(12.0, 6.666666666666664)	(13.0, 5.666666666666665)	(14.0, 4.999999999999999)	(15.0, 7.33333333333333)	(16.0, 6.666666666666664)	(17.0, 5.999999999999998)	(18.0, 7.33333333333333)	(19.0, 8.33333333333333)	(20.0, 12.333333333333337)	(21.0, 17.33333333333334)	(22.0, 25.33333333333331)	(23.0, 30.666666666666625)	(24.0, 55.000000000000114)	(25.0, 64.3333333333335)	(26.0, 91.66666666666644)	(27.0, 122.33333333333267)	(28.0, 164.00000000000028)	(29.0, 220.33333333333522)	(30.0, 321.99999999999915)	(31.0, 488.99999999998965)	(32.0, 705.0000000000102)	(33.0, 987.666666666709)	(34.0, 1394.999999999962)	(35.0, 1958.6666666665005)	(36.0, 2799.000000000155)	(37.0, 3786.000000000604)	(38.0, 5126.666666666474)	(39.0, 6694.333333331715)	(40.0, 8482.666666664214)	(41.0, 10333.333333334247)	(42.0, 11998.333333337276)	(43.0, 13500.666666673342)	(44.0, 14533.333333341887)	(45.0, 15040.333333342809)	(46.0, 15241.333333343175)	(47.0, 15222.666666676474)	(48.0, 14892.000000009206)	(49.0, 14157.000000007869)	(50.0, 13025.00000000581)	(51.0, 11594.33333333654)	(52.0, 10043.33333333372)	(53.0, 8318.99999999725)	(54.0, 6824.66666666493)	(55.0, 5369.666666666253)	(56.0, 4150.666666667362)	(57.0, 3166.666666666989)	(58.0, 2393.333333333304)	(59.0, 1801.333333333203)	(60.0, 1335.6666666666422)	(61.0, 1034.000000000044)	(62.0, 796.333333333354)	(63.0, 596.999999999998)	(64.0, 470.33333333332405)	(65.0, 379.99999999999585)	(66.0, 301.00000000000034)	(67.0, 245.33333333333593)	(68.0, 192.00000000000108)	(69.0, 154.0)	(70.0, 149.66666666666654)	(71.0, 121.99999999999935)	(72.0, 96.33333333333304)	(73.0, 80.33333333333327)	(74.0, 67.66666666666679)	(75.0, 60.00000000000015)	(76.0, 45.00000000000004)	(77.0, 40.33333333333334)	(78.0, 31.999999999999954)	(79.0, 24.333333333333314)	(80.0, 15.666666666666677)	(81.0, 14.666666666666675)	(82.0, 13.33333333333334)	(83.0, 4.999999999999999)	(84.0, 4.666666666666666)	(85.0, 4.999999999999999)	(86.0, 4.333333333333333)	(87.0, 1.9999999999999998)	(88.0, 1.6666666666666665)	(89.0, 1.6666666666666665)	(90.0, 2.6666666666666665)	(91.0, 3.3333333333333335)	(92.0, 3.3333333333333335)	(93.0, 1.9999999999999998)	(94.0, 1.0)	(95.0, 0.0)	(96.0, 0.6666666666666666)	(97.0, 0.0)	(98.0, 0.6666666666666666)	(99.0, 1.6666666666666665)	(100.0, 1.5)
SRR908445_1	(0.0, 1321.5)	(1.0, 405.33333333332774)	(2.0, 195.00000000000117)	(3.0, 134.33333333333277)	(4.0, 86.99999999999984)	(5.0, 61.33333333333349)	(6.0, 42.33333333333336)	(7.0, 32.99999999999996)	(8.0, 25.666666666666643)	(9.0, 23.999999999999982)	(10.0, 21.666666666666657)	(11.0, 14.666666666666675)	(12.0, 14.333333333333341)	(13.0, 13.000000000000005)	(14.0, 8.666666666666664)	(15.0, 12.333333333333337)	(16.0, 22.999999999999986)	(17.0, 73.00000000000004)	(18.0, 144.33333333333306)	(19.0, 202.66666666666805)	(20.0, 238.0000000000024)	(21.0, 251.66666666666944)	(22.0, 267.6666666666689)	(23.0, 282.0000000000014)	(24.0, 282.66666666666805)	(25.0, 302.3333333333336)	(26.0, 337.6666666666649)	(27.0, 361.33333333333024)	(28.0, 388.99999999999534)	(29.0, 449.33333333332524)	(30.0, 523.6666666666563)	(31.0, 632.3333333333353)	(32.0, 805.0000000000216)	(33.0, 1044.0000000000418)	(34.0, 1354.3333333333046)	(35.0, 1706.999999999891)	(36.0, 2135.66666666652)	(37.0, 2572.666666666719)	(38.0, 2979.000000000237)	(39.0, 3397.3333333337605)	(40.0, 3679.666666667222)	(41.0, 3930.333333334003)	(42.0, 4000.666666667368)	(43.0, 3988.3333333340292)	(44.0, 3865.3333333339733)	(45.0, 3659.000000000546)	(46.0, 3328.333333333729)	(47.0, 2961.6666666668957)	(48.0, 2650.333333333421)	(49.0, 2319.9999999999372)	(50.0, 1954.6666666665014)	(51.0, 1621.9999999999104)	(52.0, 1356.6666666666374)	(53.0, 1119.6666666666913)	(54.0, 929.0000000000357)	(55.0, 776.3333333333517)	(56.0, 604.9999999999989)	(57.0, 488.99999999998965)	(58.0, 418.333333333327)	(59.0, 351.6666666666641)	(60.0, 297.6666666666672)	(61.0, 222.00000000000193)	(62.0, 152.66666666666663)	(63.0, 125.33333333333263)	(64.0, 98.66666666666634)	(65.0, 77.33333333333331)	(66.0, 58.666666666666806)	(67.0, 41.33333333333335)	(68.0, 28.3333333333333)	(69.0, 17.66666666666667)	(70.0, 11.000000000000002)	(71.0, 6.666666666666664)	(72.0, 5.666666666666665)	(73.0, 4.0)	(74.0, 3.3333333333333335)	(75.0, 4.666666666666666)	(76.0, 3.3333333333333335)	(77.0, 0.3333333333333333)	(78.0, 0.6666666666666666)	(79.0, 0.3333333333333333)	(80.0, 0.3333333333333333)	(81.0, 0.3333333333333333)	(82.0, 0.6666666666666666)	(83.0, 0.3333333333333333)	(84.0, 0.6666666666666666)	(85.0, 0.3333333333333333)	(86.0, 0.0)	(87.0, 0.0)	(88.0, 0.0)	(89.0, 0.0)	(90.0, 0.0)	(91.0, 0.0)	(92.0, 0.0)	(93.0, 0.0)	(94.0, 0.3333333333333333)	(95.0, 0.3333333333333333)	(96.0, 0.0)	(97.0, 0.0)	(98.0, 0.0)	(99.0, 0.0)	(100.0, 0.0)
SRR908445_2	(0.0, 1174.5)	(1.0, 701.6666666666765)	(2.0, 300.0000000000004)	(3.0, 133.99999999999943)	(4.0, 65.33333333333348)	(5.0, 38.666666666666664)	(6.0, 23.999999999999982)	(7.0, 19.333333333333332)	(8.0, 13.33333333333334)	(9.0, 9.333333333333332)	(10.0, 11.000000000000002)	(11.0, 8.999999999999998)	(12.0, 5.999999999999998)	(13.0, 7.666666666666663)	(14.0, 4.999999999999999)	(15.0, 7.666666666666663)	(16.0, 7.666666666666663)	(17.0, 8.666666666666664)	(18.0, 13.666666666666673)	(19.0, 14.333333333333341)	(20.0, 24.99999999999998)	(21.0, 39.333333333333336)	(22.0, 55.666666666666785)	(23.0, 76.66666666666666)	(24.0, 84.66666666666654)	(25.0, 105.66666666666625)	(26.0, 138.66666666666623)	(27.0, 156.3333333333334)	(28.0, 199.00000000000128)	(29.0, 244.00000000000256)	(30.0, 308.9999999999999)	(31.0, 361.66666666666356)	(32.0, 418.99999999999363)	(33.0, 489.33333333332297)	(34.0, 600.666666666665)	(35.0, 770.6666666666844)	(36.0, 967.6666666667068)	(37.0, 1220.333333333335)	(38.0, 1524.6666666665992)	(39.0, 1908.666666666512)	(40.0, 2355.3333333332866)	(41.0, 2860.000000000183)	(42.0, 3398.333333333761)	(43.0, 3861.000000000638)	(44.0, 4295.66666666723)	(45.0, 4603.66666666695)	(46.0, 4710.3333333335195)	(47.0, 4549.000000000333)	(48.0, 4316.333333333878)	(49.0, 3907.3333333339924)	(50.0, 3394.6666666670926)	(51.0, 2899.0000000002005)	(52.0, 2380.6666666666315)	(53.0, 1905.3333333331793)	(54.0, 1530.6666666665978)	(55.0, 1155.3333333333499)	(56.0, 887.6666666666977)	(57.0, 683.0000000000077)	(58.0, 556.66666666666)	(59.0, 418.333333333327)	(60.0, 327.3333333333322)	(61.0, 273.33333333333525)	(62.0, 223.00000000000196)	(63.0, 153.66666666666666)	(64.0, 122.666666666666)	(65.0, 92.66666666666643)	(66.0, 80.99999999999993)	(67.0, 54.00000000000011)	(68.0, 43.6666666666667)	(69.0, 38.666666666666664)	(70.0, 25.999999999999975)	(71.0, 23.999999999999982)	(72.0, 17.33333333333334)	(73.0, 12.666666666666671)	(74.0, 12.333333333333337)	(75.0, 10.333333333333334)	(76.0, 5.999999999999998)	(77.0, 6.333333333333331)	(78.0, 6.333333333333331)	(79.0, 4.0)	(80.0, 2.333333333333333)	(81.0, 3.666666666666667)	(82.0, 1.0)	(83.0, 1.0)	(84.0, 1.0)	(85.0, 0.3333333333333333)	(86.0, 0.3333333333333333)	(87.0, 0.0)	(88.0, 0.0)	(89.0, 0.0)	(90.0, 0.3333333333333333)	(91.0, 0.3333333333333333)	(92.0, 0.6666666666666666)	(93.0, 0.0)	(94.0, 0.0)	(95.0, 0.0)	(96.0, 0.3333333333333333)	(97.0, 0.3333333333333333)	(98.0, 0.3333333333333333)	(99.0, 0.3333333333333333)	(100.0, 1.0)
SRR908446_1	(0.0, 39260.5)	(1.0, 9190.999999998836)	(2.0, 4309.333333333884)	(3.0, 2974.6666666669016)	(4.0, 2233.6666666665647)	(5.0, 1704.6666666665583)	(6.0, 1353.666666666638)	(7.0, 1103.666666666695)	(8.0, 898.0000000000322)	(9.0, 729.000000000013)	(10.0, 579.999999999996)	(11.0, 495.66666666665594)	(12.0, 410.33333333332746)	(13.0, 339.9999999999981)	(14.0, 291.66666666666754)	(15.0, 332.6666666666652)	(16.0, 730.6666666666798)	(17.0, 1360.6666666666365)	(18.0, 1586.6666666665851)	(19.0, 1759.3333333332125)	(20.0, 1829.9999999998631)	(21.0, 1846.3333333331927)	(22.0, 1905.6666666665126)	(23.0, 1938.666666666505)	(24.0, 2069.66666666649)	(25.0, 2254.666666666574)	(26.0, 2468.0000000000045)	(27.0, 2810.00000000016)	(28.0, 3354.333333333741)	(29.0, 4164.333333334016)	(30.0, 5265.999999999681)	(31.0, 6740.999999998339)	(32.0, 8707.999999997957)	(33.0, 11403.666666669527)	(34.0, 14722.000000008897)	(35.0, 18628.333333337087)	(36.0, 22673.666666655703)	(37.0, 27149.66666663942)	(38.0, 31189.33333329139)	(39.0, 34726.66666663323)	(40.0, 37665.99999998795)	(41.0, 39170.33333333223)	(42.0, 39501.666666667974)	(43.0, 38596.66666666139)	(44.0, 37018.99999998324)	(45.0, 35275.666666637226)	(46.0, 32974.33333328715)	(47.0, 30088.333333295395)	(48.0, 27273.333333305636)	(49.0, 24462.333333315863)	(50.0, 21383.666666660396)	(51.0, 18261.33333333842)	(52.0, 15248.666666676521)	(53.0, 12655.666666671805)	(54.0, 10139.00000000056)	(55.0, 8405.666666664074)	(56.0, 6789.666666664962)	(57.0, 5501.999999999466)	(58.0, 4214.000000000638)	(59.0, 3213.333333333677)	(60.0, 2438.3333333333244)	(61.0, 1777.6666666665417)	(62.0, 1368.3333333333014)	(63.0, 989.0000000000425)	(64.0, 720.3333333333453)	(65.0, 504.3333333333221)	(66.0, 328.66666666666544)	(67.0, 234.33333333333562)	(68.0, 158.33333333333346)	(69.0, 119.33333333333272)	(70.0, 83.33333333333323)	(71.0, 60.00000000000015)	(72.0, 44.66666666666671)	(73.0, 34.666666666666636)	(74.0, 22.999999999999986)	(75.0, 18.000000000000004)	(76.0, 16.00000000000001)	(77.0, 12.333333333333337)	(78.0, 11.000000000000002)	(79.0, 7.33333333333333)	(80.0, 4.999999999999999)	(81.0, 3.0)	(82.0, 2.6666666666666665)	(83.0, 2.6666666666666665)	(84.0, 3.0)	(85.0, 3.3333333333333335)	(86.0, 1.0)	(87.0, 1.3333333333333333)	(88.0, 0.3333333333333333)	(89.0, 0.0)	(90.0, 0.0)	(91.0, 0.3333333333333333)	(92.0, 0.3333333333333333)	(93.0, 0.6666666666666666)	(94.0, 0.6666666666666666)	(95.0, 0.3333333333333333)	(96.0, 1.0)	(97.0, 0.0)	(98.0, 0.3333333333333333)	(99.0, 0.0)	(100.0, 0.0)
SRR908446_2	(0.0, 31939.0)	(1.0, 16514.66666667811)	(2.0, 7704.9999999974625)	(3.0, 4064.6666666673973)	(4.0, 2302.666666666596)	(5.0, 1395.3333333332953)	(6.0, 989.3333333333759)	(7.0, 755.3333333333493)	(8.0, 609.9999999999994)	(9.0, 509.66666666665515)	(10.0, 434.9999999999927)	(11.0, 372.99999999999625)	(12.0, 326.99999999999886)	(13.0, 279.6666666666682)	(14.0, 245.0000000000026)	(15.0, 231.33333333333553)	(16.0, 236.66666666666902)	(17.0, 223.00000000000196)	(18.0, 229.33333333333547)	(19.0, 256.3333333333362)	(20.0, 343.33333333333127)	(21.0, 442.33333333332564)	(22.0, 532.6666666666573)	(23.0, 649.6666666666706)	(24.0, 769.6666666666843)	(25.0, 987.3333333333757)	(26.0, 1201.6666666666727)	(27.0, 1466.9999999999457)	(28.0, 1745.3333333332157)	(29.0, 2130.3333333331843)	(30.0, 2661.0000000000923)	(31.0, 3197.000000000336)	(32.0, 3987.0000000006953)	(33.0, 4938.666666666645)	(34.0, 6209.999999998822)	(35.0, 7980.9999999972115)	(36.0, 10609.666666668083)	(37.0, 13620.000000006892)	(38.0, 17268.333333342034)	(39.0, 21790.666666658915)	(40.0, 26657.66666664121)	(41.0, 31364.333333290753)	(42.0, 35808.33333330777)	(43.0, 39148.666666665406)	(44.0, 41736.3333333509)	(45.0, 43028.000000026965)	(46.0, 42957.66666669312)	(47.0, 41425.33333334864)	(48.0, 39144.33333333204)	(49.0, 36382.66666664528)	(50.0, 32828.66666661942)	(51.0, 28688.999999967153)	(52.0, 24655.666666648493)	(53.0, 20663.999999996347)	(54.0, 17126.00000000922)	(55.0, 13779.000000007181)	(56.0, 11014.000000002152)	(57.0, 8673.666666664561)	(58.0, 6780.66666666497)	(59.0, 5189.666666666417)	(60.0, 4015.3333333340415)	(61.0, 3080.66666666695)	(62.0, 2330.6666666666088)	(63.0, 1802.666666666536)	(64.0, 1394.3333333332955)	(65.0, 1084.333333333366)	(66.0, 857.3333333333609)	(67.0, 672.0000000000065)	(68.0, 540.3333333333248)	(69.0, 418.6666666666603)	(70.0, 314.66666666666623)	(71.0, 268.33333333333553)	(72.0, 204.00000000000142)	(73.0, 168.66666666666708)	(74.0, 137.99999999999955)	(75.0, 104.33333333333293)	(76.0, 88.66666666666649)	(77.0, 65.00000000000016)	(78.0, 53.333333333333435)	(79.0, 45.00000000000004)	(80.0, 36.66666666666665)	(81.0, 24.99999999999998)	(82.0, 19.999999999999996)	(83.0, 20.33333333333333)	(84.0, 14.666666666666675)	(85.0, 11.333333333333336)	(86.0, 7.9999999999999964)	(87.0, 5.999999999999998)	(88.0, 4.666666666666666)	(89.0, 3.0)	(90.0, 3.0)	(91.0, 4.333333333333333)	(92.0, 3.666666666666667)	(93.0, 3.0)	(94.0, 3.3333333333333335)	(95.0, 2.333333333333333)	(96.0, 2.333333333333333)	(97.0, 1.3333333333333333)	(98.0, 1.6666666666666665)	(99.0, 3.3333333333333335)	(100.0, 5.0)
SRR908447_1	(0.0, 9778.5)	(1.0, 2128.3333333331834)	(2.0, 942.0000000000372)	(3.0, 608.9999999999993)	(4.0, 453.66666666665833)	(5.0, 347.33333333333104)	(6.0, 258.3333333333361)	(7.0, 187.00000000000094)	(8.0, 133.33333333333275)	(9.0, 103.66666666666627)	(10.0, 82.9999999999999)	(11.0, 79.33333333333329)	(12.0, 71.3333333333334)	(13.0, 53.0000000000001)	(14.0, 37.99999999999999)	(15.0, 43.333333333333364)	(16.0, 68.00000000000011)	(17.0, 91.66666666666644)	(18.0, 115.99999999999943)	(19.0, 134.33333333333277)	(20.0, 129.66666666666598)	(21.0, 121.99999999999935)	(22.0, 146.9999999999998)	(23.0, 164.33333333333363)	(24.0, 197.33333333333456)	(25.0, 240.66666666666913)	(26.0, 325.3333333333323)	(27.0, 458.99999999999136)	(28.0, 642.0000000000031)	(29.0, 918.6666666667012)	(30.0, 1321.9999999999786)	(31.0, 1891.3333333331825)	(32.0, 2753.000000000134)	(33.0, 3951.000000000679)	(34.0, 5430.333333332865)	(35.0, 7244.999999997881)	(36.0, 9339.666666665773)	(37.0, 11429.000000002907)	(38.0, 13484.000000006645)	(39.0, 15439.333333343535)	(40.0, 16827.000000010306)	(41.0, 17637.00000000736)	(42.0, 17592.333333340855)	(43.0, 17263.333333342052)	(44.0, 16647.666666677625)	(45.0, 15458.666666676903)	(46.0, 14484.666666675132)	(47.0, 13167.666666672736)	(48.0, 11839.000000003653)	(49.0, 10285.33333333416)	(50.0, 8843.66666666487)	(51.0, 7328.666666664471)	(52.0, 5914.333333332424)	(53.0, 4877.666666666701)	(54.0, 3894.66666666732)	(55.0, 3027.6666666669257)	(56.0, 2358.6666666666215)	(57.0, 1815.9999999998663)	(58.0, 1467.9999999999454)	(59.0, 1165.0000000000143)	(60.0, 880.3333333333635)	(61.0, 662.6666666666721)	(62.0, 528.6666666666569)	(63.0, 403.6666666666612)	(64.0, 311.9999999999997)	(65.0, 224.000000000002)	(66.0, 149.9999999999999)	(67.0, 128.9999999999993)	(68.0, 89.33333333333314)	(69.0, 54.33333333333344)	(70.0, 39.0)	(71.0, 29.99999999999996)	(72.0, 16.666666666666675)	(73.0, 17.66666666666667)	(74.0, 12.666666666666671)	(75.0, 8.33333333333333)	(76.0, 5.999999999999998)	(77.0, 3.0)	(78.0, 3.0)	(79.0, 3.0)	(80.0, 0.6666666666666666)	(81.0, 0.6666666666666666)	(82.0, 0.3333333333333333)	(83.0, 1.3333333333333333)	(84.0, 0.6666666666666666)	(85.0, 1.0)	(86.0, 0.3333333333333333)	(87.0, 0.0)	(88.0, 0.3333333333333333)	(89.0, 0.3333333333333333)	(90.0, 0.0)	(91.0, 0.0)	(92.0, 0.0)	(93.0, 0.0)	(94.0, 0.0)	(95.0, 0.0)	(96.0, 0.0)	(97.0, 0.0)	(98.0, 0.3333333333333333)	(99.0, 0.0)	(100.0, 0.0)
SRR908447_2	(0.0, 8217.0)	(1.0, 3726.6666666672436)	(2.0, 1531.3333333332644)	(3.0, 788.6666666666864)	(4.0, 425.6666666666599)	(5.0, 261.66666666666924)	(6.0, 175.66666666666728)	(7.0, 135.66666666666615)	(8.0, 107.99999999999955)	(9.0, 91.66666666666644)	(10.0, 80.33333333333327)	(11.0, 70.00000000000009)	(12.0, 55.666666666666785)	(13.0, 43.6666666666667)	(14.0, 35.99999999999998)	(15.0, 35.99999999999998)	(16.0, 33.999999999999964)	(17.0, 30.333333333333293)	(18.0, 36.333333333333314)	(19.0, 36.999999999999986)	(20.0, 38.666666666666664)	(21.0, 42.33333333333336)	(22.0, 51.66666666666676)	(23.0, 68.33333333333344)	(24.0, 82.66666666666657)	(25.0, 112.66666666666615)	(26.0, 164.66666666666697)	(27.0, 215.33333333333508)	(28.0, 289.33333333333434)	(29.0, 398.99999999999477)	(30.0, 549.3333333333259)	(31.0, 782.3333333333524)	(32.0, 1083.3333333333662)	(33.0, 1545.6666666665944)	(34.0, 2184.333333333209)	(35.0, 2985.333333333573)	(36.0, 4052.666666667392)	(37.0, 5442.333333332854)	(38.0, 7100.999999998012)	(39.0, 8993.666666665144)	(40.0, 11029.00000000218)	(41.0, 12979.000000005726)	(42.0, 14824.66666667575)	(43.0, 16089.000000011383)	(44.0, 16921.333333343297)	(45.0, 17365.00000000835)	(46.0, 17369.666666675)	(47.0, 16899.66666667671)	(48.0, 16175.666666678208)	(49.0, 15305.666666676625)	(50.0, 13895.000000007392)	(51.0, 12363.666666671274)	(52.0, 10721.666666668287)	(53.0, 8960.666666665084)	(54.0, 7427.999999997714)	(55.0, 5951.333333332391)	(56.0, 4559.66666666699)	(57.0, 3542.66666666716)	(58.0, 2715.000000000117)	(59.0, 2129.333333333184)	(60.0, 1642.6666666665724)	(61.0, 1298.3333333333173)	(62.0, 1008.0000000000447)	(63.0, 799.6666666666877)	(64.0, 631.0000000000018)	(65.0, 515.6666666666554)	(66.0, 427.9999999999931)	(67.0, 337.3333333333316)	(68.0, 273.00000000000193)	(69.0, 226.66666666666873)	(70.0, 183.33333333333417)	(71.0, 140.33333333333294)	(72.0, 120.3333333333327)	(73.0, 100.33333333333299)	(74.0, 87.33333333333317)	(75.0, 62.00000000000016)	(76.0, 46.333333333333385)	(77.0, 34.666666666666636)	(78.0, 30.999999999999957)	(79.0, 26.333333333333307)	(80.0, 17.33333333333334)	(81.0, 12.000000000000004)	(82.0, 10.333333333333334)	(83.0, 4.999999999999999)	(84.0, 5.333333333333332)	(85.0, 4.333333333333333)	(86.0, 2.333333333333333)	(87.0, 2.6666666666666665)	(88.0, 1.3333333333333333)	(89.0, 1.0)	(90.0, 0.6666666666666666)	(91.0, 1.0)	(92.0, 1.9999999999999998)	(93.0, 1.3333333333333333)	(94.0, 0.0)	(95.0, 0.6666666666666666)	(96.0, 1.3333333333333333)	(97.0, 0.6666666666666666)	(98.0, 0.6666666666666666)	(99.0, 0.6666666666666666)	(100.0, 2.0)
SRR908448_1	(0.0, 3807.5)	(1.0, 860.0000000000279)	(2.0, 309.99999999999983)	(3.0, 186.0000000000009)	(4.0, 118.99999999999939)	(5.0, 77.99999999999997)	(6.0, 59.33333333333348)	(7.0, 49.66666666666674)	(8.0, 32.66666666666662)	(9.0, 27.999999999999968)	(10.0, 26.333333333333307)	(11.0, 25.666666666666643)	(12.0, 16.333333333333343)	(13.0, 14.333333333333341)	(14.0, 16.00000000000001)	(15.0, 25.999999999999975)	(16.0, 130.33333333333266)	(17.0, 248.66666666666936)	(18.0, 293.6666666666674)	(19.0, 337.99999999999824)	(20.0, 367.99999999999653)	(21.0, 375.66666666666276)	(22.0, 379.99999999999585)	(23.0, 419.33333333332695)	(24.0, 468.9999999999908)	(25.0, 547.3333333333256)	(26.0, 628.0000000000015)	(27.0, 753.3333333333491)	(28.0, 920.6666666667014)	(29.0, 1188.000000000009)	(30.0, 1514.3333333332682)	(31.0, 1995.3333333331589)	(32.0, 2676.3333333334326)	(33.0, 3523.0000000004843)	(34.0, 4565.000000000318)	(35.0, 5754.33333333257)	(36.0, 7149.333333331301)	(37.0, 8503.999999997586)	(38.0, 9833.333333333338)	(39.0, 10944.000000002025)	(40.0, 11703.333333336739)	(41.0, 12131.000000004184)	(42.0, 11905.000000003773)	(43.0, 11207.333333335837)	(44.0, 10784.666666668401)	(45.0, 10092.000000000475)	(46.0, 9174.666666665473)	(47.0, 8186.333333330358)	(48.0, 7338.666666664462)	(49.0, 6510.666666665215)	(50.0, 5492.999999999474)	(51.0, 4560.333333333656)	(52.0, 3776.6666666672663)	(53.0, 3019.3333333335886)	(54.0, 2480.00000000001)	(55.0, 1912.3333333331777)	(56.0, 1489.333333333274)	(57.0, 1141.333333333353)	(58.0, 842.3333333333592)	(59.0, 658.0000000000049)	(60.0, 511.99999999998835)	(61.0, 388.3333333333287)	(62.0, 302.3333333333336)	(63.0, 204.00000000000142)	(64.0, 156.66666666666674)	(65.0, 102.66666666666629)	(66.0, 66.6666666666668)	(67.0, 45.666666666666714)	(68.0, 31.66666666666662)	(69.0, 20.999999999999993)	(70.0, 13.666666666666673)	(71.0, 14.000000000000007)	(72.0, 13.33333333333334)	(73.0, 8.33333333333333)	(74.0, 5.666666666666665)	(75.0, 4.999999999999999)	(76.0, 1.9999999999999998)	(77.0, 3.666666666666667)	(78.0, 1.0)	(79.0, 0.3333333333333333)	(80.0, 0.6666666666666666)	(81.0, 0.6666666666666666)	(82.0, 0.0)	(83.0, 0.3333333333333333)	(84.0, 0.3333333333333333)	(85.0, 0.6666666666666666)	(86.0, 1.6666666666666665)	(87.0, 0.3333333333333333)	(88.0, 0.0)	(89.0, 0.3333333333333333)	(90.0, 0.0)	(91.0, 0.0)	(92.0, 0.0)	(93.0, 0.3333333333333333)	(94.0, 0.0)	(95.0, 0.0)	(96.0, 0.0)	(97.0, 0.0)	(98.0, 0.0)	(99.0, 0.0)	(100.0, 0.0)
SRR908448_2	(0.0, 3318.5)	(1.0, 1443.6666666666176)	(2.0, 526.6666666666566)	(3.0, 245.33333333333593)	(4.0, 111.99999999999949)	(5.0, 55.33333333333345)	(6.0, 36.66666666666665)	(7.0, 30.666666666666625)	(8.0, 28.999999999999964)	(9.0, 17.66666666666667)	(10.0, 16.666666666666675)	(11.0, 11.000000000000002)	(12.0, 9.666666666666666)	(13.0, 7.666666666666663)	(14.0, 11.000000000000002)	(15.0, 12.000000000000004)	(16.0, 15.000000000000009)	(17.0, 18.000000000000004)	(18.0, 24.333333333333314)	(19.0, 33.33333333333329)	(20.0, 51.000000000000085)	(21.0, 79.33333333333329)	(22.0, 104.99999999999959)	(23.0, 148.66666666666652)	(24.0, 208.33333333333488)	(25.0, 255.3333333333362)	(26.0, 334.3333333333318)	(27.0, 442.33333333332564)	(28.0, 552.6666666666596)	(29.0, 725.0000000000125)	(30.0, 943.0000000000373)	(31.0, 1207.0000000000048)	(32.0, 1523.6666666665994)	(33.0, 1864.666666666522)	(34.0, 2486.0000000000127)	(35.0, 3166.3333333336554)	(36.0, 3926.0000000006676)	(37.0, 4989.333333333266)	(38.0, 6207.999999998824)	(39.0, 7527.9999999976235)	(40.0, 9021.33333333186)	(41.0, 10325.000000000899)	(42.0, 11332.666666669398)	(43.0, 11829.666666670302)	(44.0, 12270.000000004437)	(45.0, 12243.000000004387)	(46.0, 11808.000000003596)	(47.0, 11143.33333333572)	(48.0, 10290.666666667503)	(49.0, 9300.666666665702)	(50.0, 8226.333333330414)	(51.0, 7126.999999997988)	(52.0, 5883.666666665786)	(53.0, 4825.000000000082)	(54.0, 3871.333333333976)	(55.0, 3045.000000000267)	(56.0, 2366.9999999999586)	(57.0, 1837.666666666528)	(58.0, 1398.9999999999611)	(59.0, 1060.6666666667047)	(60.0, 775.0000000000182)	(61.0, 594.6666666666644)	(62.0, 469.3333333333241)	(63.0, 365.66666666666333)	(64.0, 287.33333333333445)	(65.0, 227.33333333333542)	(66.0, 177.00000000000065)	(67.0, 132.33333333333272)	(68.0, 113.66666666666613)	(69.0, 93.99999999999974)	(70.0, 78.99999999999996)	(71.0, 59.66666666666681)	(72.0, 49.00000000000007)	(73.0, 43.00000000000003)	(74.0, 30.999999999999957)	(75.0, 30.333333333333293)	(76.0, 24.99999999999998)	(77.0, 24.99999999999998)	(78.0, 18.333333333333336)	(79.0, 12.000000000000004)	(80.0, 9.333333333333332)	(81.0, 6.666666666666664)	(82.0, 5.999999999999998)	(83.0, 1.9999999999999998)	(84.0, 1.0)	(85.0, 2.6666666666666665)	(86.0, 1.0)	(87.0, 0.0)	(88.0, 1.3333333333333333)	(89.0, 1.6666666666666665)	(90.0, 1.3333333333333333)	(91.0, 0.3333333333333333)	(92.0, 0.0)	(93.0, 0.6666666666666666)	(94.0, 1.3333333333333333)	(95.0, 1.0)	(96.0, 0.6666666666666666)	(97.0, 0.3333333333333333)	(98.0, 0.3333333333333333)	(99.0, 0.3333333333333333)	(100.0, 0.0)
SRR908449_1	(0.0, 43659.0)	(1.0, 12136.000000004193)	(2.0, 5895.333333332442)	(3.0, 3916.3333333339965)	(4.0, 2825.3333333335004)	(5.0, 2078.666666666494)	(6.0, 1526.6666666665988)	(7.0, 1199.3333333333399)	(8.0, 950.6666666667048)	(9.0, 769.6666666666843)	(10.0, 608.3333333333326)	(11.0, 473.3333333333239)	(12.0, 399.9999999999947)	(13.0, 354.99999999999727)	(14.0, 312.99999999999966)	(15.0, 416.3333333333271)	(16.0, 936.6666666667032)	(17.0, 1346.6666666666397)	(18.0, 1657.9999999999022)	(19.0, 1794.999999999871)	(20.0, 1848.9999999998588)	(21.0, 1868.666666666521)	(22.0, 1888.9999999998497)	(23.0, 1926.3333333331746)	(24.0, 2021.6666666664862)	(25.0, 2184.333333333209)	(26.0, 2309.3333333332657)	(27.0, 2585.0000000000578)	(28.0, 3041.3333333335986)	(29.0, 3601.3333333338533)	(30.0, 4342.333333333854)	(31.0, 5517.6666666661185)	(32.0, 6962.666666664804)	(33.0, 8737.333333331344)	(34.0, 10987.000000002103)	(35.0, 13380.666666673123)	(36.0, 15932.333333344432)	(37.0, 17893.00000000643)	(38.0, 19738.33333333305)	(39.0, 21322.99999999395)	(40.0, 22123.999999991036)	(41.0, 22275.999999990483)	(42.0, 21438.333333326864)	(43.0, 20510.666666663572)	(44.0, 19134.666666668578)	(45.0, 17467.000000007978)	(46.0, 15599.333333343826)	(47.0, 13838.333333340623)	(48.0, 12207.333333337656)	(49.0, 10650.00000000149)	(50.0, 8986.333333331797)	(51.0, 7646.333333330849)	(52.0, 6446.666666665274)	(53.0, 5432.999999999529)	(54.0, 4417.000000000453)	(55.0, 3550.33333333383)	(56.0, 2730.333333333457)	(57.0, 2188.9999999998777)	(58.0, 1842.9999999998602)	(59.0, 1478.6666666666097)	(60.0, 1155.0000000000166)	(61.0, 842.3333333333592)	(62.0, 661.666666666672)	(63.0, 514.3333333333219)	(64.0, 392.9999999999951)	(65.0, 308.33333333333326)	(66.0, 208.66666666666822)	(67.0, 118.66666666666606)	(68.0, 84.99999999999987)	(69.0, 69.0000000000001)	(70.0, 48.666666666666735)	(71.0, 28.666666666666632)	(72.0, 18.333333333333336)	(73.0, 17.33333333333334)	(74.0, 13.000000000000005)	(75.0, 6.666666666666664)	(76.0, 5.333333333333332)	(77.0, 3.0)	(78.0, 3.3333333333333335)	(79.0, 4.333333333333333)	(80.0, 1.6666666666666665)	(81.0, 1.0)	(82.0, 1.0)	(83.0, 0.3333333333333333)	(84.0, 1.3333333333333333)	(85.0, 0.0)	(86.0, 0.3333333333333333)	(87.0, 0.3333333333333333)	(88.0, 0.6666666666666666)	(89.0, 1.0)	(90.0, 1.0)	(91.0, 0.0)	(92.0, 0.0)	(93.0, 0.0)	(94.0, 0.0)	(95.0, 0.3333333333333333)	(96.0, 1.0)	(97.0, 0.3333333333333333)	(98.0, 0.0)	(99.0, 0.0)	(100.0, 0.0)
SRR908449_2	(0.0, 36641.0)	(1.0, 20370.33333333075)	(2.0, 9263.999999998969)	(3.0, 4712.000000000185)	(4.0, 2563.0000000000477)	(5.0, 1559.9999999999245)	(6.0, 1079.3333333333671)	(7.0, 787.0000000000196)	(8.0, 636.3333333333358)	(9.0, 522.3333333333228)	(10.0, 431.6666666666596)	(11.0, 364.9999999999967)	(12.0, 295.333333333334)	(13.0, 279.6666666666682)	(14.0, 262.6666666666692)	(15.0, 241.33333333333582)	(16.0, 225.00000000000202)	(17.0, 219.66666666666853)	(18.0, 252.33333333333613)	(19.0, 285.00000000000125)	(20.0, 351.6666666666641)	(21.0, 424.66666666666)	(22.0, 539.9999999999915)	(23.0, 673.6666666666733)	(24.0, 801.6666666666879)	(25.0, 952.666666666705)	(26.0, 1127.000000000023)	(27.0, 1304.9999999999825)	(28.0, 1470.6666666666115)	(29.0, 1742.999999999883)	(30.0, 2044.666666666481)	(31.0, 2359.3333333332885)	(32.0, 2827.000000000168)	(33.0, 3384.3333333337546)	(34.0, 4250.000000000605)	(35.0, 5349.666666666271)	(36.0, 6755.33333333166)	(37.0, 8500.333333330913)	(38.0, 10941.000000002019)	(39.0, 13661.000000006967)	(40.0, 16800.000000010405)	(41.0, 19995.333333332113)	(42.0, 22774.666666655336)	(43.0, 24895.99999998095)	(44.0, 26030.66666664349)	(45.0, 26025.333333310176)	(46.0, 25120.999999980133)	(47.0, 23412.666666653015)	(48.0, 20952.666666661964)	(49.0, 18464.00000000435)	(50.0, 15874.333333344326)	(51.0, 13375.666666673114)	(52.0, 11196.333333335817)	(53.0, 9034.666666665218)	(54.0, 7309.999999997822)	(55.0, 5902.333333332435)	(56.0, 4630.000000000259)	(57.0, 3602.0000000005202)	(58.0, 2792.000000000152)	(59.0, 2197.333333333215)	(60.0, 1731.9999999998854)	(61.0, 1302.6666666666497)	(62.0, 1001.0000000000439)	(63.0, 788.333333333353)	(64.0, 618.6666666666671)	(65.0, 478.3333333333236)	(66.0, 411.99999999999403)	(67.0, 315.9999999999995)	(68.0, 233.66666666666893)	(69.0, 177.333333333334)	(70.0, 137.33333333333286)	(71.0, 96.33333333333304)	(72.0, 75.00000000000001)	(73.0, 67.33333333333346)	(74.0, 42.00000000000002)	(75.0, 37.99999999999999)	(76.0, 25.666666666666643)	(77.0, 20.66666666666666)	(78.0, 19.999999999999996)	(79.0, 13.33333333333334)	(80.0, 9.333333333333332)	(81.0, 7.33333333333333)	(82.0, 4.999999999999999)	(83.0, 4.666666666666666)	(84.0, 4.666666666666666)	(85.0, 4.0)	(86.0, 3.666666666666667)	(87.0, 1.9999999999999998)	(88.0, 4.0)	(89.0, 3.0)	(90.0, 2.6666666666666665)	(91.0, 1.9999999999999998)	(92.0, 1.0)	(93.0, 0.6666666666666666)	(94.0, 1.3333333333333333)	(95.0, 1.6666666666666665)	(96.0, 1.3333333333333333)	(97.0, 0.3333333333333333)	(98.0, 1.3333333333333333)	(99.0, 0.3333333333333333)	(100.0, 0.5)
SRR908450_1	(0.0, 8815.0)	(1.0, 1817.9999999998658)	(2.0, 621.6666666666674)	(3.0, 345.9999999999978)	(4.0, 235.33333333333564)	(5.0, 153.66666666666666)	(6.0, 105.66666666666625)	(7.0, 81.99999999999991)	(8.0, 66.6666666666668)	(9.0, 53.66666666666677)	(10.0, 43.6666666666667)	(11.0, 30.333333333333293)	(12.0, 29.333333333333297)	(13.0, 22.666666666666654)	(14.0, 25.33333333333331)	(15.0, 84.66666666666654)	(16.0, 210.66666666666828)	(17.0, 288.6666666666677)	(18.0, 348.333333333331)	(19.0, 362.9999999999968)	(20.0, 368.9999999999965)	(21.0, 371.666666666663)	(22.0, 407.66666666666094)	(23.0, 404.6666666666611)	(24.0, 440.9999999999924)	(25.0, 467.99999999999085)	(26.0, 518.6666666666557)	(27.0, 625.6666666666679)	(28.0, 723.666666666679)	(29.0, 861.3333333333613)	(30.0, 1084.333333333366)	(31.0, 1338.3333333333082)	(32.0, 1688.9999999998952)	(33.0, 2150.9999999998604)	(34.0, 2723.0000000001205)	(35.0, 3307.3333333337196)	(36.0, 3841.666666667296)	(37.0, 4334.6666666671945)	(38.0, 4802.000000000103)	(39.0, 5166.333333333105)	(40.0, 5322.666666666296)	(41.0, 5242.333333333036)	(42.0, 5153.66666666645)	(43.0, 4892.333333333354)	(44.0, 4595.666666666957)	(45.0, 4217.666666667301)	(46.0, 3788.3333333339383)	(47.0, 3376.6666666670844)	(48.0, 2910.6666666668725)	(49.0, 2498.000000000018)	(50.0, 2164.6666666665333)	(51.0, 1809.6666666665344)	(52.0, 1494.3333333332728)	(53.0, 1267.6666666666576)	(54.0, 1105.6666666666945)	(55.0, 933.0000000000362)	(56.0, 741.0000000000143)	(57.0, 638.333333333336)	(58.0, 519.9999999999892)	(59.0, 423.99999999999335)	(60.0, 337.6666666666649)	(61.0, 276.3333333333351)	(62.0, 228.0000000000021)	(63.0, 148.99999999999986)	(64.0, 127.99999999999926)	(65.0, 100.99999999999964)	(66.0, 73.33333333333337)	(67.0, 52.33333333333343)	(68.0, 32.66666666666662)	(69.0, 25.33333333333331)	(70.0, 18.333333333333336)	(71.0, 14.666666666666675)	(72.0, 8.33333333333333)	(73.0, 6.333333333333331)	(74.0, 5.666666666666665)	(75.0, 4.333333333333333)	(76.0, 1.6666666666666665)	(77.0, 0.6666666666666666)	(78.0, 0.6666666666666666)	(79.0, 0.3333333333333333)	(80.0, 0.0)	(81.0, 0.0)	(82.0, 0.0)	(83.0, 0.0)	(84.0, 0.0)	(85.0, 0.0)	(86.0, 0.0)	(87.0, 0.0)	(88.0, 0.0)	(89.0, 0.0)	(90.0, 0.0)	(91.0, 0.0)	(92.0, 0.0)	(93.0, 0.0)	(94.0, 0.0)	(95.0, 0.0)	(96.0, 0.0)	(97.0, 0.0)	(98.0, 0.0)	(99.0, 0.0)	(100.0, 0.0)
SRR908450_2	(0.0, 7554.0)	(1.0, 3155.666666666984)	(2.0, 1150.6666666666843)	(3.0, 496.33333333332257)	(4.0, 215.33333333333508)	(5.0, 121.99999999999935)	(6.0, 77.33333333333331)	(7.0, 54.00000000000011)	(8.0, 40.33333333333334)	(9.0, 37.66666666666666)	(10.0, 24.99999999999998)	(11.0, 23.66666666666665)	(12.0, 20.66666666666666)	(13.0, 15.333333333333343)	(14.0, 14.666666666666675)	(15.0, 19.0)	(16.0, 14.666666666666675)	(17.0, 18.333333333333336)	(18.0, 32.99999999999996)	(19.0, 43.6666666666667)	(20.0, 57.333333333333464)	(21.0, 69.66666666666676)	(22.0, 112.66666666666615)	(23.0, 135.9999999999995)	(24.0, 152.99999999999997)	(25.0, 188.66666666666765)	(26.0, 247.00000000000264)	(27.0, 287.66666666666777)	(28.0, 313.6666666666663)	(29.0, 396.9999999999949)	(30.0, 489.6666666666563)	(31.0, 585.33333333333)	(32.0, 729.6666666666797)	(33.0, 873.3333333333627)	(34.0, 1062.333333333371)	(35.0, 1324.3333333333114)	(36.0, 1655.6666666665694)	(37.0, 2110.3333333331752)	(38.0, 2740.666666666795)	(39.0, 3408.000000000432)	(40.0, 4105.33333333407)	(41.0, 4806.666666666765)	(42.0, 5476.666666666156)	(43.0, 5891.666666665778)	(44.0, 6046.333333332304)	(45.0, 6036.3333333323135)	(46.0, 5954.666666665721)	(47.0, 5549.666666666089)	(48.0, 5001.999999999921)	(49.0, 4416.000000000454)	(50.0, 3786.000000000604)	(51.0, 3160.3333333336527)	(52.0, 2686.333333333437)	(53.0, 2203.666666666551)	(54.0, 1817.9999999998658)	(55.0, 1459.666666666614)	(56.0, 1211.6666666666704)	(57.0, 1004.0000000000442)	(58.0, 770.333333333351)	(59.0, 635.3333333333356)	(60.0, 481.66666666665674)	(61.0, 396.9999999999949)	(62.0, 307.0)	(63.0, 255.3333333333362)	(64.0, 209.66666666666825)	(65.0, 159.66666666666683)	(66.0, 123.66666666666599)	(67.0, 103.9999999999996)	(68.0, 85.99999999999986)	(69.0, 59.00000000000014)	(70.0, 51.000000000000085)	(71.0, 37.66666666666666)	(72.0, 29.66666666666663)	(73.0, 27.666666666666636)	(74.0, 16.666666666666675)	(75.0, 11.66666666666667)	(76.0, 10.333333333333334)	(77.0, 8.666666666666664)	(78.0, 6.666666666666664)	(79.0, 4.0)	(80.0, 1.9999999999999998)	(81.0, 2.333333333333333)	(82.0, 1.9999999999999998)	(83.0, 2.333333333333333)	(84.0, 2.6666666666666665)	(85.0, 0.6666666666666666)	(86.0, 1.0)	(87.0, 1.0)	(88.0, 0.6666666666666666)	(89.0, 0.3333333333333333)	(90.0, 0.6666666666666666)	(91.0, 0.6666666666666666)	(92.0, 1.0)	(93.0, 0.6666666666666666)	(94.0, 0.0)	(95.0, 0.0)	(96.0, 0.0)	(97.0, 0.6666666666666666)	(98.0, 0.3333333333333333)	(99.0, 0.3333333333333333)	(100.0, 1.5)
SRR908451_1	(0.0, 1575.5)	(1.0, 411.99999999999403)	(2.0, 233.3333333333356)	(3.0, 175.0000000000006)	(4.0, 143.99999999999972)	(5.0, 115.33333333333277)	(6.0, 97.66666666666636)	(7.0, 78.99999999999996)	(8.0, 74.33333333333336)	(9.0, 61.66666666666683)	(10.0, 61.000000000000156)	(11.0, 53.0000000000001)	(12.0, 47.66666666666673)	(13.0, 43.00000000000003)	(14.0, 46.00000000000005)	(15.0, 45.00000000000004)	(16.0, 64.3333333333335)	(17.0, 231.66666666666887)	(18.0, 508.3333333333219)	(19.0, 848.6666666666932)	(20.0, 1114.3333333333592)	(21.0, 1211.3333333333371)	(22.0, 1286.9999999999866)	(23.0, 1344.6666666666401)	(24.0, 1469.3333333332785)	(25.0, 1531.6666666665976)	(26.0, 1644.666666666572)	(27.0, 1714.666666666556)	(28.0, 1912.3333333331777)	(29.0, 2094.6666666665014)	(30.0, 2407.9999999999773)	(31.0, 2825.3333333335004)	(32.0, 3442.6666666671144)	(33.0, 4248.33333333394)	(34.0, 5322.999999999629)	(35.0, 6594.999999998472)	(36.0, 8047.6666666638175)	(37.0, 9817.999999999976)	(38.0, 11638.000000003287)	(39.0, 13385.000000006465)	(40.0, 14913.000000009244)	(41.0, 15913.333333344397)	(42.0, 16661.333333344242)	(43.0, 16695.33333334412)	(44.0, 16331.000000011823)	(45.0, 15387.666666676774)	(46.0, 14452.666666675073)	(47.0, 13091.333333339264)	(48.0, 11316.333333336035)	(49.0, 9958.000000000231)	(50.0, 8720.333333331313)	(51.0, 7406.3333333310675)	(52.0, 6248.333333332121)	(53.0, 5338.333333332948)	(54.0, 4462.333333333745)	(55.0, 3623.6666666671968)	(56.0, 3004.0000000002483)	(57.0, 2447.666666666662)	(58.0, 1975.6666666664967)	(59.0, 1648.3333333332378)	(60.0, 1399.3333333332944)	(61.0, 1066.6666666667033)	(62.0, 836.0000000000251)	(63.0, 658.6666666666716)	(64.0, 547.666666666659)	(65.0, 411.6666666666607)	(66.0, 293.6666666666674)	(67.0, 226.3333333333354)	(68.0, 156.3333333333334)	(69.0, 105.99999999999957)	(70.0, 76.33333333333333)	(71.0, 40.33333333333334)	(72.0, 34.666666666666636)	(73.0, 22.666666666666654)	(74.0, 12.333333333333337)	(75.0, 10.0)	(76.0, 7.666666666666663)	(77.0, 3.666666666666667)	(78.0, 3.0)	(79.0, 2.333333333333333)	(80.0, 3.0)	(81.0, 1.3333333333333333)	(82.0, 1.0)	(83.0, 1.0)	(84.0, 1.6666666666666665)	(85.0, 1.0)	(86.0, 0.3333333333333333)	(87.0, 1.0)	(88.0, 1.0)	(89.0, 0.6666666666666666)	(90.0, 0.0)	(91.0, 0.3333333333333333)	(92.0, 1.0)	(93.0, 1.0)	(94.0, 0.3333333333333333)	(95.0, 0.0)	(96.0, 0.0)	(97.0, 0.0)	(98.0, 0.0)	(99.0, 0.3333333333333333)	(100.0, 0.0)
SRR908451_2	(0.0, 1504.5)	(1.0, 846.3333333333596)	(2.0, 407.33333333332763)	(3.0, 207.0000000000015)	(4.0, 112.33333333333282)	(5.0, 70.33333333333341)	(6.0, 56.00000000000012)	(7.0, 45.33333333333338)	(8.0, 30.999999999999957)	(9.0, 29.66666666666663)	(10.0, 25.999999999999975)	(11.0, 19.666666666666664)	(12.0, 21.99999999999999)	(13.0, 17.66666666666667)	(14.0, 22.666666666666654)	(15.0, 19.999999999999996)	(16.0, 21.333333333333325)	(17.0, 31.999999999999954)	(18.0, 44.66666666666671)	(19.0, 68.66666666666677)	(20.0, 113.66666666666613)	(21.0, 150.33333333333323)	(22.0, 199.33333333333462)	(23.0, 283.666666666668)	(24.0, 383.9999999999956)	(25.0, 483.99999999998994)	(26.0, 601.9999999999985)	(27.0, 741.0000000000143)	(28.0, 893.0000000000316)	(29.0, 1095.3333333333635)	(30.0, 1245.999999999996)	(31.0, 1439.3333333332853)	(32.0, 1710.9999999998902)	(33.0, 1975.6666666664967)	(34.0, 2383.9999999999663)	(35.0, 2878.000000000191)	(36.0, 3530.6666666671545)	(37.0, 4292.666666667233)	(38.0, 5338.333333332948)	(39.0, 6584.666666665148)	(40.0, 8334.333333330611)	(41.0, 10314.333333334213)	(42.0, 12521.333333338227)	(43.0, 15041.33333334281)	(44.0, 17280.00000000866)	(45.0, 19150.000000001855)	(46.0, 20512.999999996897)	(47.0, 20797.99999999586)	(48.0, 20003.666666665416)	(49.0, 18419.000000004515)	(50.0, 16318.333333345134)	(51.0, 13850.666666673978)	(52.0, 11364.666666669456)	(53.0, 9036.999999998556)	(54.0, 7099.66666666468)	(55.0, 5437.666666666191)	(56.0, 4118.333333334058)	(57.0, 3184.00000000033)	(58.0, 2453.333333333331)	(59.0, 1914.3333333331773)	(60.0, 1413.9999999999577)	(61.0, 1092.6666666666974)	(62.0, 847.0000000000264)	(63.0, 645.0000000000034)	(64.0, 515.9999999999887)	(65.0, 426.66666666665986)	(66.0, 334.3333333333318)	(67.0, 263.66666666666913)	(68.0, 210.66666666666828)	(69.0, 169.00000000000043)	(70.0, 128.3333333333326)	(71.0, 95.33333333333306)	(72.0, 73.33333333333337)	(73.0, 61.66666666666683)	(74.0, 46.66666666666672)	(75.0, 33.66666666666663)	(76.0, 26.333333333333307)	(77.0, 19.0)	(78.0, 17.66666666666667)	(79.0, 13.33333333333334)	(80.0, 10.666666666666668)	(81.0, 6.333333333333331)	(82.0, 4.333333333333333)	(83.0, 7.33333333333333)	(84.0, 4.0)	(85.0, 4.666666666666666)	(86.0, 3.3333333333333335)	(87.0, 1.6666666666666665)	(88.0, 3.3333333333333335)	(89.0, 3.0)	(90.0, 1.3333333333333333)	(91.0, 1.0)	(92.0, 1.9999999999999998)	(93.0, 1.0)	(94.0, 1.3333333333333333)	(95.0, 1.3333333333333333)	(96.0, 0.6666666666666666)	(97.0, 0.3333333333333333)	(98.0, 1.6666666666666665)	(99.0, 1.3333333333333333)	(100.0, 1.0)
SRR908452_1	(0.0, 1699.0)	(1.0, 454.9999999999916)	(2.0, 214.0000000000017)	(3.0, 122.99999999999933)	(4.0, 81.99999999999991)	(5.0, 57.333333333333464)	(6.0, 45.00000000000004)	(7.0, 37.66666666666666)	(8.0, 25.666666666666643)	(9.0, 23.66666666666665)	(10.0, 18.000000000000004)	(11.0, 13.000000000000005)	(12.0, 17.000000000000007)	(13.0, 19.666666666666664)	(14.0, 19.999999999999996)	(15.0, 17.000000000000007)	(16.0, 21.333333333333325)	(17.0, 45.666666666666714)	(18.0, 107.66666666666622)	(19.0, 184.00000000000085)	(20.0, 253.0000000000028)	(21.0, 299.33333333333377)	(22.0, 309.3333333333332)	(23.0, 343.33333333333127)	(24.0, 374.99999999999613)	(25.0, 405.33333333332774)	(26.0, 457.9999999999914)	(27.0, 525.9999999999899)	(28.0, 629.333333333335)	(29.0, 803.6666666666881)	(30.0, 999.6666666667104)	(31.0, 1271.3333333333235)	(32.0, 1678.6666666665642)	(33.0, 2229.666666666563)	(34.0, 2925.333333333546)	(35.0, 3837.666666667294)	(36.0, 4952.999999999965)	(37.0, 6155.333333332205)	(38.0, 7310.999999997821)	(39.0, 8444.666666664145)	(40.0, 9345.666666665784)	(41.0, 10006.333333333652)	(42.0, 10496.666666667878)	(43.0, 10500.666666667885)	(44.0, 10193.000000000658)	(45.0, 9679.333333333057)	(46.0, 8972.333333331771)	(47.0, 8216.66666666373)	(48.0, 7491.999999997656)	(49.0, 6675.333333331732)	(50.0, 5940.333333332401)	(51.0, 5077.333333333186)	(52.0, 4366.000000000499)	(53.0, 3732.6666666672463)	(54.0, 3165.6666666669885)	(55.0, 2692.0000000001064)	(56.0, 2306.3333333332644)	(57.0, 1850.3333333331918)	(58.0, 1476.3333333332769)	(59.0, 1222.3333333333346)	(60.0, 1011.6666666667118)	(61.0, 791.00000000002)	(62.0, 630.0000000000017)	(63.0, 476.666666666657)	(64.0, 344.99999999999784)	(65.0, 249.0000000000027)	(66.0, 188.00000000000097)	(67.0, 130.666666666666)	(68.0, 75.00000000000001)	(69.0, 38.666666666666664)	(70.0, 32.66666666666662)	(71.0, 19.666666666666664)	(72.0, 8.999999999999998)	(73.0, 6.999999999999997)	(74.0, 6.333333333333331)	(75.0, 3.666666666666667)	(76.0, 1.6666666666666665)	(77.0, 0.0)	(78.0, 0.6666666666666666)	(79.0, 0.0)	(80.0, 0.0)	(81.0, 0.0)	(82.0, 0.0)	(83.0, 0.0)	(84.0, 0.0)	(85.0, 0.3333333333333333)	(86.0, 0.0)	(87.0, 0.0)	(88.0, 0.0)	(89.0, 0.0)	(90.0, 0.0)	(91.0, 0.0)	(92.0, 0.0)	(93.0, 0.0)	(94.0, 0.0)	(95.0, 0.0)	(96.0, 0.0)	(97.0, 0.0)	(98.0, 0.0)	(99.0, 0.0)	(100.0, 0.0)
SRR908452_2	(0.0, 1624.0)	(1.0, 757.0000000000161)	(2.0, 288.6666666666677)	(3.0, 128.66666666666595)	(4.0, 61.33333333333349)	(5.0, 30.666666666666625)	(6.0, 23.66666666666665)	(7.0, 19.0)	(8.0, 13.000000000000005)	(9.0, 13.000000000000005)	(10.0, 14.666666666666675)	(11.0, 11.000000000000002)	(12.0, 10.666666666666668)	(13.0, 13.33333333333334)	(14.0, 15.000000000000009)	(15.0, 13.666666666666673)	(16.0, 11.000000000000002)	(17.0, 11.333333333333336)	(18.0, 17.66666666666667)	(19.0, 26.99999999999997)	(20.0, 33.999999999999964)	(21.0, 57.00000000000013)	(22.0, 76.66666666666666)	(23.0, 92.99999999999976)	(24.0, 125.33333333333263)	(25.0, 186.6666666666676)	(26.0, 252.66666666666947)	(27.0, 292.6666666666675)	(28.0, 350.9999999999975)	(29.0, 492.3333333333228)	(30.0, 656.333333333338)	(31.0, 811.666666666689)	(32.0, 1057.6666666667054)	(33.0, 1328.6666666666438)	(34.0, 1756.3333333332132)	(35.0, 2279.333333333252)	(36.0, 3038.3333333335972)	(37.0, 3917.6666666673304)	(38.0, 4783.666666666786)	(39.0, 5797.333333332531)	(40.0, 6850.333333331573)	(41.0, 7888.666666663962)	(42.0, 8960.33333333175)	(43.0, 9659.666666666355)	(44.0, 10333.000000000913)	(45.0, 10670.33333333486)	(46.0, 10741.33333333499)	(47.0, 10560.33333333466)	(48.0, 9997.333333333636)	(49.0, 9238.66666666559)	(50.0, 8206.666666663712)	(51.0, 7121.999999997993)	(52.0, 6177.333333332185)	(53.0, 5247.666666666364)	(54.0, 4351.000000000513)	(55.0, 3608.66666666719)	(56.0, 3011.6666666669184)	(57.0, 2466.6666666666706)	(58.0, 1951.6666666665021)	(59.0, 1515.6666666666013)	(60.0, 1231.3333333333326)	(61.0, 1002.6666666667107)	(62.0, 776.666666666685)	(63.0, 604.3333333333321)	(64.0, 473.9999999999905)	(65.0, 356.66666666666384)	(66.0, 275.66666666666845)	(67.0, 223.00000000000196)	(68.0, 177.333333333334)	(69.0, 114.33333333333279)	(70.0, 84.99999999999987)	(71.0, 64.3333333333335)	(72.0, 40.66666666666668)	(73.0, 28.999999999999964)	(74.0, 29.333333333333297)	(75.0, 17.000000000000007)	(76.0, 14.000000000000007)	(77.0, 10.333333333333334)	(78.0, 8.33333333333333)	(79.0, 6.333333333333331)	(80.0, 3.3333333333333335)	(81.0, 2.333333333333333)	(82.0, 3.666666666666667)	(83.0, 4.333333333333333)	(84.0, 2.333333333333333)	(85.0, 0.6666666666666666)	(86.0, 0.3333333333333333)	(87.0, 0.6666666666666666)	(88.0, 0.6666666666666666)	(89.0, 0.0)	(90.0, 1.0)	(91.0, 1.6666666666666665)	(92.0, 0.3333333333333333)	(93.0, 0.3333333333333333)	(94.0, 0.3333333333333333)	(95.0, 0.0)	(96.0, 0.0)	(97.0, 0.6666666666666666)	(98.0, 0.3333333333333333)	(99.0, 0.0)	(100.0, 0.0)
SRR908453_1	(0.0, 1203.5)	(1.0, 346.3333333333311)	(2.0, 109.99999999999952)	(3.0, 50.333333333333414)	(4.0, 31.66666666666662)	(5.0, 19.999999999999996)	(6.0, 16.333333333333343)	(7.0, 13.666666666666673)	(8.0, 10.0)	(9.0, 8.666666666666664)	(10.0, 5.333333333333332)	(11.0, 4.999999999999999)	(12.0, 4.666666666666666)	(13.0, 2.6666666666666665)	(14.0, 5.666666666666665)	(15.0, 8.33333333333333)	(16.0, 20.33333333333333)	(17.0, 80.33333333333327)	(18.0, 190.6666666666677)	(19.0, 309.99999999999983)	(20.0, 374.6666666666628)	(21.0, 373.6666666666629)	(22.0, 386.3333333333288)	(23.0, 410.9999999999941)	(24.0, 428.33333333332644)	(25.0, 450.9999999999918)	(26.0, 499.6666666666557)	(27.0, 530.6666666666571)	(28.0, 622.6666666666675)	(29.0, 743.0000000000146)	(30.0, 903.3333333333661)	(31.0, 1145.0000000000189)	(32.0, 1433.66666666662)	(33.0, 1797.9999999998704)	(34.0, 2335.9999999999445)	(35.0, 2934.6666666668834)	(36.0, 3712.0000000005703)	(37.0, 4538.333333333676)	(38.0, 5230.999999999713)	(39.0, 5843.999999999155)	(40.0, 6350.666666665361)	(41.0, 6707.999999998369)	(42.0, 6838.99999999825)	(43.0, 6636.333333331768)	(44.0, 6342.333333332035)	(45.0, 5863.999999999137)	(46.0, 5441.999999999521)	(47.0, 4872.000000000039)	(48.0, 4321.00000000054)	(49.0, 3720.666666667241)	(50.0, 3181.6666666669958)	(51.0, 2739.3333333334613)	(52.0, 2236.9999999998995)	(53.0, 1923.9999999998417)	(54.0, 1652.9999999999034)	(55.0, 1403.6666666666267)	(56.0, 1143.3333333333526)	(57.0, 903.6666666666995)	(58.0, 722.3333333333455)	(59.0, 530.3333333333237)	(60.0, 380.6666666666625)	(61.0, 305.66666666666674)	(62.0, 232.33333333333556)	(63.0, 157.33333333333343)	(64.0, 103.9999999999996)	(65.0, 67.00000000000013)	(66.0, 66.00000000000014)	(67.0, 42.33333333333336)	(68.0, 21.333333333333325)	(69.0, 17.000000000000007)	(70.0, 11.66666666666667)	(71.0, 5.666666666666665)	(72.0, 5.666666666666665)	(73.0, 5.333333333333332)	(74.0, 6.666666666666664)	(75.0, 4.666666666666666)	(76.0, 2.333333333333333)	(77.0, 0.6666666666666666)	(78.0, 0.0)	(79.0, 0.0)	(80.0, 0.0)	(81.0, 0.0)	(82.0, 0.0)	(83.0, 0.0)	(84.0, 0.0)	(85.0, 0.0)	(86.0, 0.0)	(87.0, 0.0)	(88.0, 0.0)	(89.0, 0.0)	(90.0, 0.0)	(91.0, 0.0)	(92.0, 0.0)	(93.0, 0.0)	(94.0, 0.0)	(95.0, 0.0)	(96.0, 0.0)	(97.0, 0.0)	(98.0, 0.0)	(99.0, 0.3333333333333333)	(100.0, 0.0)
SRR908453_2	(0.0, 1186.5)	(1.0, 459.9999999999913)	(2.0, 128.9999999999993)	(3.0, 52.666666666666764)	(4.0, 24.666666666666647)	(5.0, 12.333333333333337)	(6.0, 11.000000000000002)	(7.0, 7.33333333333333)	(8.0, 7.33333333333333)	(9.0, 5.666666666666665)	(10.0, 4.999999999999999)	(11.0, 3.0)	(12.0, 4.0)	(13.0, 3.3333333333333335)	(14.0, 1.9999999999999998)	(15.0, 3.0)	(16.0, 4.333333333333333)	(17.0, 4.666666666666666)	(18.0, 12.333333333333337)	(19.0, 19.666666666666664)	(20.0, 28.666666666666632)	(21.0, 52.00000000000009)	(22.0, 73.33333333333337)	(23.0, 92.99999999999976)	(24.0, 118.99999999999939)	(25.0, 170.00000000000045)	(26.0, 202.3333333333347)	(27.0, 266.66666666666896)	(28.0, 313.6666666666663)	(29.0, 373.9999999999962)	(30.0, 476.666666666657)	(31.0, 618.0000000000003)	(32.0, 766.6666666666839)	(33.0, 916.666666666701)	(34.0, 1155.0000000000166)	(35.0, 1414.333333333291)	(36.0, 1836.6666666665283)	(37.0, 2275.9999999999172)	(38.0, 2793.6666666668193)	(39.0, 3482.6666666671326)	(40.0, 4200.00000000065)	(41.0, 4960.333333333292)	(42.0, 5873.333333332462)	(43.0, 6503.999999998555)	(44.0, 7159.999999997958)	(45.0, 7533.999999997618)	(46.0, 7593.9999999975635)	(47.0, 7449.999999997694)	(48.0, 7005.333333331432)	(49.0, 6260.33333333211)	(50.0, 5407.333333332886)	(51.0, 4661.333333333564)	(52.0, 3908.6666666673264)	(53.0, 3150.6666666669817)	(54.0, 2469.3333333333385)	(55.0, 1977.6666666664962)	(56.0, 1564.9999999999234)	(57.0, 1237.3333333333312)	(58.0, 971.0000000000405)	(59.0, 743.3333333333479)	(60.0, 549.9999999999926)	(61.0, 420.9999999999935)	(62.0, 305.3333333333334)	(63.0, 199.33333333333462)	(64.0, 141.33333333333297)	(65.0, 115.6666666666661)	(66.0, 100.66666666666632)	(67.0, 62.666666666666835)	(68.0, 43.6666666666667)	(69.0, 39.0)	(70.0, 27.666666666666636)	(71.0, 24.666666666666647)	(72.0, 18.333333333333336)	(73.0, 13.000000000000005)	(74.0, 10.666666666666668)	(75.0, 9.666666666666666)	(76.0, 4.333333333333333)	(77.0, 5.999999999999998)	(78.0, 3.3333333333333335)	(79.0, 2.6666666666666665)	(80.0, 4.0)	(81.0, 2.333333333333333)	(82.0, 2.6666666666666665)	(83.0, 0.6666666666666666)	(84.0, 0.6666666666666666)	(85.0, 1.6666666666666665)	(86.0, 0.3333333333333333)	(87.0, 0.0)	(88.0, 0.0)	(89.0, 0.3333333333333333)	(90.0, 0.6666666666666666)	(91.0, 1.3333333333333333)	(92.0, 1.0)	(93.0, 1.0)	(94.0, 0.6666666666666666)	(95.0, 0.6666666666666666)	(96.0, 0.0)	(97.0, 0.0)	(98.0, 0.0)	(99.0, 0.0)	(100.0, 0.0)
