Sample	0	1	2	3	4	5	6	7	8	9	10	11	12	13	14	15	16	17	18	19	20	21	22	23	24	25	26	27	28	29	30	31	32	33	34	35	36	37	38	39	40	41	42	43	44	45	46	47	48	49	50	51	52	53	54	55	56	57	58	59	60	61	62	63	64	65	66	67	68	69	70	71	72	73	74	75	76	77	78	79	80	81	82	83	84	85	86	87	88	89	90	91	92	93	94	95	96	97	98	99	100	101	102	103	104	105	106	107	108	109	110	111	112	113	114	115	116	117	118	119	120	121	122	123	124	125	126	127	128	129	130	131	132	133	134	135	136	137	138	139	140	141	142	143	144	145	146	147	148	149	150	151	152	153	154	155	156	157	158	159	160	161	162	163	164	165	166	167	168	169	170	171	172	173	174	175	176	177	178	179	180	181	182	183	184	185	186	187	188	189	190	191	192	193	194	195	196	197	198	199	200	201
SRR908430_1	(0.0, 15083.0)	(1.0, 3412.000000000434)	(2.0, 1187.0000000000093)	(3.0, 673.6666666666733)	(4.0, 419.33333333332695)	(5.0, 293.3333333333341)	(6.0, 205.66666666666814)	(7.0, 165.0000000000003)	(8.0, 134.99999999999946)	(9.0, 104.66666666666626)	(10.0, 86.66666666666652)	(11.0, 72.33333333333339)	(12.0, 47.66666666666673)	(13.0, 46.66666666666672)	(14.0, 47.33333333333339)	(15.0, 85.66666666666653)	(16.0, 471.9999999999906)	(17.0, 977.6666666667079)	(18.0, 1236.999999999998)	(19.0, 1401.6666666666272)	(20.0, 1432.6666666666201)	(21.0, 1487.3333333332744)	(22.0, 1469.6666666666117)	(23.0, 1515.9999999999345)	(24.0, 1597.9999999999159)	(25.0, 1748.333333333215)	(26.0, 1859.666666666523)	(27.0, 2011.6666666664885)	(28.0, 2314.333333333268)	(29.0, 2731.666666666791)	(30.0, 3273.0000000003706)	(31.0, 3993.666666667365)	(32.0, 5046.333333333214)	(33.0, 6357.3333333320215)	(34.0, 8016.999999997179)	(35.0, 9826.999999999993)	(36.0, 11791.3333333369)	(37.0, 13898.666666674066)	(38.0, 15855.000000010958)	(39.0, 17551.000000007672)	(40.0, 18753.666666669964)	(41.0, 19201.666666668334)	(42.0, 19254.66666666814)	(43.0, 18944.333333335937)	(44.0, 18151.666666672154)	(45.0, 17166.000000009073)	(46.0, 15991.666666677873)	(47.0, 14517.666666675192)	(48.0, 13044.666666672512)	(49.0, 11805.333333336925)	(50.0, 10283.333333334156)	(51.0, 8623.66666666447)	(52.0, 7058.99999999805)	(53.0, 5913.999999999091)	(54.0, 4781.666666666788)	(55.0, 3865.3333333339733)	(56.0, 3164.000000000321)	(57.0, 2580.0000000000555)	(58.0, 1976.3333333331632)	(59.0, 1573.3333333332548)	(60.0, 1259.9999999999927)	(61.0, 959.0000000000391)	(62.0, 763.0000000000168)	(63.0, 575.3333333333288)	(64.0, 425.6666666666599)	(65.0, 316.99999999999943)	(66.0, 245.33333333333593)	(67.0, 185.66666666666757)	(68.0, 134.33333333333277)	(69.0, 110.9999999999995)	(70.0, 80.99999999999993)	(71.0, 50.333333333333414)	(72.0, 38.666666666666664)	(73.0, 30.666666666666625)	(74.0, 23.333333333333318)	(75.0, 18.666666666666668)	(76.0, 11.000000000000002)	(77.0, 9.333333333333332)	(78.0, 6.999999999999997)	(79.0, 5.333333333333332)	(80.0, 4.0)	(81.0, 3.666666666666667)	(82.0, 1.6666666666666665)	(83.0, 1.6666666666666665)	(84.0, 0.6666666666666666)	(85.0, 0.6666666666666666)	(86.0, 0.6666666666666666)	(87.0, 0.6666666666666666)	(88.0, 0.6666666666666666)	(89.0, 0.3333333333333333)	(90.0, 0.3333333333333333)	(91.0, 0.0)	(92.0, 0.0)	(93.0, 0.0)	(94.0, 0.0)	(95.0, 0.0)	(96.0, 0.0)	(97.0, 0.0)	(98.0, 0.0)	(99.0, 0.0)	(100.0, 0.5)	(0.0, 15083.0)	(1.0, 3412.000000000434)	(2.0, 1187.0000000000093)	(3.0, 673.6666666666733)	(4.0, 419.33333333332695)	(5.0, 293.3333333333341)	(6.0, 205.66666666666814)	(7.0, 165.0000000000003)	(8.0, 134.99999999999946)	(9.0, 104.66666666666626)	(10.0, 86.66666666666652)	(11.0, 72.33333333333339)	(12.0, 47.66666666666673)	(13.0, 46.66666666666672)	(14.0, 47.33333333333339)	(15.0, 85.66666666666653)	(16.0, 471.9999999999906)	(17.0, 977.6666666667079)	(18.0, 1236.999999999998)	(19.0, 1401.6666666666272)	(20.0, 1432.6666666666201)	(21.0, 1487.3333333332744)	(22.0, 1469.6666666666117)	(23.0, 1515.9999999999345)	(24.0, 1597.9999999999159)	(25.0, 1748.333333333215)	(26.0, 1859.666666666523)	(27.0, 2011.6666666664885)	(28.0, 2314.333333333268)	(29.0, 2731.666666666791)	(30.0, 3273.0000000003706)	(31.0, 3993.666666667365)	(32.0, 5046.333333333214)	(33.0, 6357.3333333320215)	(34.0, 8016.999999997179)	(35.0, 9826.999999999993)	(36.0, 11791.3333333369)	(37.0, 13898.666666674066)	(38.0, 15855.000000010958)	(39.0, 17551.000000007672)	(40.0, 18753.666666669964)	(41.0, 19201.666666668334)	(42.0, 19254.66666666814)	(43.0, 18944.333333335937)	(44.0, 18151.666666672154)	(45.0, 17166.000000009073)	(46.0, 15991.666666677873)	(47.0, 14517.666666675192)	(48.0, 13044.666666672512)	(49.0, 11805.333333336925)	(50.0, 10283.333333334156)	(51.0, 8623.66666666447)	(52.0, 7058.99999999805)	(53.0, 5913.999999999091)	(54.0, 4781.666666666788)	(55.0, 3865.3333333339733)	(56.0, 3164.000000000321)	(57.0, 2580.0000000000555)	(58.0, 1976.3333333331632)	(59.0, 1573.3333333332548)	(60.0, 1259.9999999999927)	(61.0, 959.0000000000391)	(62.0, 763.0000000000168)	(63.0, 575.3333333333288)	(64.0, 425.6666666666599)	(65.0, 316.99999999999943)	(66.0, 245.33333333333593)	(67.0, 185.66666666666757)	(68.0, 134.33333333333277)	(69.0, 110.9999999999995)	(70.0, 80.99999999999993)	(71.0, 50.333333333333414)	(72.0, 38.666666666666664)	(73.0, 30.666666666666625)	(74.0, 23.333333333333318)	(75.0, 18.666666666666668)	(76.0, 11.000000000000002)	(77.0, 9.333333333333332)	(78.0, 6.999999999999997)	(79.0, 5.333333333333332)	(80.0, 4.0)	(81.0, 3.666666666666667)	(82.0, 1.6666666666666665)	(83.0, 1.6666666666666665)	(84.0, 0.6666666666666666)	(85.0, 0.6666666666666666)	(86.0, 0.6666666666666666)	(87.0, 0.6666666666666666)	(88.0, 0.6666666666666666)	(89.0, 0.3333333333333333)	(90.0, 0.3333333333333333)	(91.0, 0.0)	(92.0, 0.0)	(93.0, 0.0)	(94.0, 0.0)	(95.0, 0.0)	(96.0, 0.0)	(97.0, 0.0)	(98.0, 0.0)	(99.0, 0.0)	(100.0, 0.5)
SRR908430_1_paired	(0.0, 31541.5)	(1.0, 17283.333333333543)	(2.0, 2529.166666666668)	(3.0, 652.6666666666667)	(4.0, 281.1666666666667)	(5.0, 145.33333333333334)	(6.0, 74.5)	(7.0, 45.5)	(8.0, 30.5)	(9.0, 19.5)	(10.0, 10.5)	(11.0, 4.5)	(12.0, 4.0)	(13.0, 8.5)	(14.0, 11.5)	(15.0, 16.0)	(16.0, 35.5)	(17.0, 53.83333333333333)	(18.0, 45.0)	(19.0, 58.00000000000001)	(20.0, 90.16666666666666)	(21.0, 145.83333333333331)	(22.0, 213.33333333333337)	(23.0, 301.0)	(24.0, 404.3333333333332)	(25.0, 519.6666666666663)	(26.0, 722.5000000000007)	(27.0, 971.8333333333353)	(28.0, 1258.333333333334)	(29.0, 1634.1666666666624)	(30.0, 2079.6666666666565)	(31.0, 2447.166666666665)	(32.0, 2963.5000000000105)	(33.0, 3750.6666666667015)	(34.0, 4531.8333333333585)	(35.0, 5189.833333333318)	(36.0, 5925.333333333277)	(37.0, 6801.333333333216)	(38.0, 7800.833333333123)	(39.0, 8351.16666666645)	(40.0, 8780.166666666513)	(41.0, 9124.166666666573)	(42.0, 9323.999999999938)	(43.0, 9656.833333333278)	(44.0, 9859.999999999982)	(45.0, 10283.66666666672)	(46.0, 10792.833333333416)	(47.0, 11117.166666666782)	(48.0, 11595.166666666826)	(49.0, 11986.500000000253)	(50.0, 11799.500000000227)	(51.0, 11401.000000000138)	(52.0, 10787.50000000006)	(53.0, 9945.833333333354)	(54.0, 8950.833333333281)	(55.0, 8471.99999999991)	(56.0, 7746.833333333227)	(57.0, 6649.999999999921)	(58.0, 5874.666666666633)	(59.0, 5152.833333333325)	(60.0, 4558.166666666683)	(61.0, 3949.333333333361)	(62.0, 3226.000000000011)	(63.0, 2631.500000000001)	(64.0, 2128.999999999995)	(65.0, 1789.9999999999964)	(66.0, 1508.166666666665)	(67.0, 1153.5000000000005)	(68.0, 826.6666666666677)	(69.0, 624.8333333333334)	(70.0, 454.66666666666646)	(71.0, 329.99999999999994)	(72.0, 269.1666666666667)	(73.0, 181.5)	(74.0, 108.16666666666666)	(75.0, 81.16666666666666)	(76.0, 56.66666666666667)	(77.0, 27.0)	(78.0, 17.0)	(79.0, 17.5)	(80.0, 13.0)	(81.0, 7.5)	(82.0, 2.5)	(83.0, 0.5)	(84.0, 1.5)	(85.0, 1.0)	(86.0, 0.5)	(87.0, 1.0)	(88.0, 0.5)	(89.0, 0.0)	(90.0, 0.0)	(91.0, 0.0)	(92.0, 0.0)	(93.0, 0.0)	(94.0, 0.0)	(95.0, 0.0)	(96.0, 0.0)	(97.0, 0.0)	(98.0, 0.0)	(99.0, 0.0)	(100.0, 0.0)																																																																																																					
SRR908430_2	(0.0, 13596.5)	(1.0, 5563.333333332744)	(2.0, 1894.666666666515)	(3.0, 757.0000000000161)	(4.0, 333.33333333333184)	(5.0, 194.33333333333448)	(6.0, 137.33333333333286)	(7.0, 81.99999999999991)	(8.0, 67.00000000000013)	(9.0, 57.00000000000013)	(10.0, 48.000000000000064)	(11.0, 43.6666666666667)	(12.0, 34.99999999999997)	(13.0, 30.999999999999957)	(14.0, 37.33333333333332)	(15.0, 33.33333333333329)	(16.0, 37.66666666666666)	(17.0, 48.666666666666735)	(18.0, 77.99999999999997)	(19.0, 115.99999999999943)	(20.0, 174.00000000000057)	(21.0, 260.333333333336)	(22.0, 347.66666666666436)	(23.0, 436.6666666666593)	(24.0, 563.9999999999942)	(25.0, 686.6666666666748)	(26.0, 829.0000000000243)	(27.0, 993.000000000043)	(28.0, 1167.0000000000139)	(29.0, 1343.9999999999736)	(30.0, 1581.333333333253)	(31.0, 1852.999999999858)	(32.0, 2171.99999999987)	(33.0, 2601.3333333333985)	(34.0, 3170.000000000324)	(35.0, 3946.6666666673436)	(36.0, 4927.999999999988)	(37.0, 6249.999999998786)	(38.0, 8130.999999997075)	(39.0, 10378.000000000995)	(40.0, 12872.333333338865)	(41.0, 15517.333333343677)	(42.0, 18267.666666671732)	(43.0, 20579.999999996653)	(44.0, 22283.999999990454)	(45.0, 23230.99999998701)	(46.0, 23187.999999987165)	(47.0, 22269.666666657173)	(48.0, 20841.9999999957)	(49.0, 18903.333333336086)	(50.0, 16756.333333343897)	(51.0, 14324.000000008173)	(52.0, 12057.000000004049)	(53.0, 9829.666666666664)	(54.0, 7787.999999997387)	(55.0, 6068.666666665617)	(56.0, 4808.33333333343)	(57.0, 3695.0000000005625)	(58.0, 2861.6666666668502)	(59.0, 2245.9999999999036)	(60.0, 1726.33333333322)	(61.0, 1395.6666666666285)	(62.0, 1087.3333333333653)	(63.0, 889.6666666666979)	(64.0, 684.6666666666746)	(65.0, 560.3333333333271)	(66.0, 452.3333333333251)	(67.0, 373.33333333332956)	(68.0, 321.3333333333325)	(69.0, 264.00000000000244)	(70.0, 216.00000000000176)	(71.0, 176.33333333333397)	(72.0, 159.66666666666683)	(73.0, 119.99999999999937)	(74.0, 104.33333333333293)	(75.0, 95.99999999999972)	(76.0, 92.99999999999976)	(77.0, 65.33333333333348)	(78.0, 38.666666666666664)	(79.0, 30.333333333333293)	(80.0, 24.333333333333314)	(81.0, 20.66666666666666)	(82.0, 13.666666666666673)	(83.0, 11.000000000000002)	(84.0, 10.333333333333334)	(85.0, 8.666666666666664)	(86.0, 4.666666666666666)	(87.0, 3.3333333333333335)	(88.0, 3.666666666666667)	(89.0, 4.0)	(90.0, 2.6666666666666665)	(91.0, 0.6666666666666666)	(92.0, 1.6666666666666665)	(93.0, 1.6666666666666665)	(94.0, 1.3333333333333333)	(95.0, 1.0)	(96.0, 0.0)	(97.0, 0.3333333333333333)	(98.0, 0.6666666666666666)	(99.0, 0.6666666666666666)	(100.0, 2.0)	(0.0, 13596.5)	(1.0, 5563.333333332744)	(2.0, 1894.666666666515)	(3.0, 757.0000000000161)	(4.0, 333.33333333333184)	(5.0, 194.33333333333448)	(6.0, 137.33333333333286)	(7.0, 81.99999999999991)	(8.0, 67.00000000000013)	(9.0, 57.00000000000013)	(10.0, 48.000000000000064)	(11.0, 43.6666666666667)	(12.0, 34.99999999999997)	(13.0, 30.999999999999957)	(14.0, 37.33333333333332)	(15.0, 33.33333333333329)	(16.0, 37.66666666666666)	(17.0, 48.666666666666735)	(18.0, 77.99999999999997)	(19.0, 115.99999999999943)	(20.0, 174.00000000000057)	(21.0, 260.333333333336)	(22.0, 347.66666666666436)	(23.0, 436.6666666666593)	(24.0, 563.9999999999942)	(25.0, 686.6666666666748)	(26.0, 829.0000000000243)	(27.0, 993.000000000043)	(28.0, 1167.0000000000139)	(29.0, 1343.9999999999736)	(30.0, 1581.333333333253)	(31.0, 1852.999999999858)	(32.0, 2171.99999999987)	(33.0, 2601.3333333333985)	(34.0, 3170.000000000324)	(35.0, 3946.6666666673436)	(36.0, 4927.999999999988)	(37.0, 6249.999999998786)	(38.0, 8130.999999997075)	(39.0, 10378.000000000995)	(40.0, 12872.333333338865)	(41.0, 15517.333333343677)	(42.0, 18267.666666671732)	(43.0, 20579.999999996653)	(44.0, 22283.999999990454)	(45.0, 23230.99999998701)	(46.0, 23187.999999987165)	(47.0, 22269.666666657173)	(48.0, 20841.9999999957)	(49.0, 18903.333333336086)	(50.0, 16756.333333343897)	(51.0, 14324.000000008173)	(52.0, 12057.000000004049)	(53.0, 9829.666666666664)	(54.0, 7787.999999997387)	(55.0, 6068.666666665617)	(56.0, 4808.33333333343)	(57.0, 3695.0000000005625)	(58.0, 2861.6666666668502)	(59.0, 2245.9999999999036)	(60.0, 1726.33333333322)	(61.0, 1395.6666666666285)	(62.0, 1087.3333333333653)	(63.0, 889.6666666666979)	(64.0, 684.6666666666746)	(65.0, 560.3333333333271)	(66.0, 452.3333333333251)	(67.0, 373.33333333332956)	(68.0, 321.3333333333325)	(69.0, 264.00000000000244)	(70.0, 216.00000000000176)	(71.0, 176.33333333333397)	(72.0, 159.66666666666683)	(73.0, 119.99999999999937)	(74.0, 104.33333333333293)	(75.0, 95.99999999999972)	(76.0, 92.99999999999976)	(77.0, 65.33333333333348)	(78.0, 38.666666666666664)	(79.0, 30.333333333333293)	(80.0, 24.333333333333314)	(81.0, 20.66666666666666)	(82.0, 13.666666666666673)	(83.0, 11.000000000000002)	(84.0, 10.333333333333334)	(85.0, 8.666666666666664)	(86.0, 4.666666666666666)	(87.0, 3.3333333333333335)	(88.0, 3.666666666666667)	(89.0, 4.0)	(90.0, 2.6666666666666665)	(91.0, 0.6666666666666666)	(92.0, 1.6666666666666665)	(93.0, 1.6666666666666665)	(94.0, 1.3333333333333333)	(95.0, 1.0)	(96.0, 0.0)	(97.0, 0.3333333333333333)	(98.0, 0.6666666666666666)	(99.0, 0.6666666666666666)	(100.0, 2.0)
SRR908430_2_paired	(0.0, 34146.0)	(1.0, 19044.66666666667)	(2.0, 2285.333333333333)	(3.0, 179.5)	(4.0, 29.0)	(5.0, 8.0)	(6.0, 6.5)	(7.0, 5.5)	(8.0, 6.0)	(9.0, 9.5)	(10.0, 11.0)	(11.0, 9.5)	(12.0, 8.0)	(13.0, 8.5)	(14.0, 15.5)	(15.0, 21.5)	(16.0, 26.5)	(17.0, 39.0)	(18.0, 44.16666666666667)	(19.0, 61.000000000000014)	(20.0, 97.49999999999999)	(21.0, 127.5)	(22.0, 187.16666666666666)	(23.0, 269.0)	(24.0, 383.83333333333326)	(25.0, 535.6666666666663)	(26.0, 668.0000000000002)	(27.0, 926.8333333333347)	(28.0, 1224.9999999999998)	(29.0, 1504.8333333333298)	(30.0, 1883.6666666666608)	(31.0, 2359.1666666666656)	(32.0, 2865.0000000000073)	(33.0, 3504.5000000000227)	(34.0, 4329.166666666692)	(35.0, 5106.999999999991)	(36.0, 5921.499999999955)	(37.0, 6853.499999999927)	(38.0, 7769.666666666545)	(39.0, 8453.999999999878)	(40.0, 8833.499999999909)	(41.0, 9126.999999999949)	(42.0, 9459.999999999964)	(43.0, 9757.49999999998)	(44.0, 10020.333333333352)	(45.0, 10371.500000000033)	(46.0, 10933.833333333361)	(47.0, 11429.333333333376)	(48.0, 11686.000000000055)	(49.0, 11998.16666666673)	(50.0, 12146.000000000067)	(51.0, 12226.666666666744)	(52.0, 12113.833333333403)	(53.0, 11247.33333333335)	(54.0, 10065.166666666664)	(55.0, 9029.666666666652)	(56.0, 8100.999999999975)	(57.0, 7231.333333333317)	(58.0, 6496.333333333323)	(59.0, 5713.166666666665)	(60.0, 4992.666666666668)	(61.0, 4342.000000000005)	(62.0, 3629.3333333333376)	(63.0, 3076.000000000001)	(64.0, 2672.833333333334)	(65.0, 2238.333333333333)	(66.0, 1792.8333333333333)	(67.0, 1454.1666666666665)	(68.0, 1126.0000000000002)	(69.0, 806.0)	(70.0, 584.0)	(71.0, 450.0)	(72.0, 369.5)	(73.0, 300.5)	(74.0, 192.0)	(75.0, 99.0)	(76.0, 66.0)	(77.0, 45.5)	(78.0, 31.5)	(79.0, 24.0)	(80.0, 17.5)	(81.0, 13.0)	(82.0, 8.5)	(83.0, 4.0)	(84.0, 2.0)	(85.0, 1.0)	(86.0, 0.8333333333333333)	(87.0, 0.0)	(88.0, 0.0)	(89.0, 0.3333333333333333)	(90.0, 0.0)	(91.0, 0.0)	(92.0, 0.0)	(93.0, 0.0)	(94.0, 0.0)	(95.0, 0.0)	(96.0, 0.0)	(97.0, 0.0)	(98.0, 0.0)	(99.0, 0.0)	(100.0, 0.0)																																																																																																					
SRR908431_1	(0.0, 43658.0)	(1.0, 8776.666666664749)	(2.0, 3031.0000000002606)	(3.0, 1724.3333333332205)	(4.0, 1203.0000000000057)	(5.0, 883.0000000000305)	(6.0, 625.6666666666679)	(7.0, 500.33333333332234)	(8.0, 393.99999999999505)	(9.0, 317.66666666666606)	(10.0, 250.33333333333607)	(11.0, 197.6666666666679)	(12.0, 168.66666666666708)	(13.0, 133.33333333333275)	(14.0, 112.66666666666615)	(15.0, 128.9999999999993)	(16.0, 356.66666666666384)	(17.0, 727.3333333333461)	(18.0, 850.6666666666935)	(19.0, 979.6666666667081)	(20.0, 986.6666666667089)	(21.0, 1010.0000000000449)	(22.0, 1090.3333333333646)	(23.0, 1124.6666666666902)	(24.0, 1157.3333333333494)	(25.0, 1188.3333333333424)	(26.0, 1309.9999999999814)	(27.0, 1445.9999999999504)	(28.0, 1652.9999999999034)	(29.0, 1963.3333333331661)	(30.0, 2360.6666666666224)	(31.0, 2981.3333333335713)	(32.0, 3719.333333333907)	(33.0, 4585.666666666966)	(34.0, 5640.333333332674)	(35.0, 6777.666666664973)	(36.0, 7883.666666663967)	(37.0, 9115.666666665365)	(38.0, 10241.33333333408)	(39.0, 10891.333333335262)	(40.0, 11350.333333336097)	(41.0, 11476.333333336326)	(42.0, 11226.000000002537)	(43.0, 10633.333333334793)	(44.0, 9925.666666666839)	(45.0, 9116.333333332033)	(46.0, 8130.999999997075)	(47.0, 7166.333333331286)	(48.0, 6254.999999998781)	(49.0, 5420.666666666207)	(50.0, 4685.666666666875)	(51.0, 3899.6666666673223)	(52.0, 3157.000000000318)	(53.0, 2636.666666666748)	(54.0, 2192.3333333332125)	(55.0, 1807.9999999998681)	(56.0, 1447.6666666666167)	(57.0, 1210.000000000004)	(58.0, 970.0000000000404)	(59.0, 770.6666666666844)	(60.0, 643.3333333333366)	(61.0, 549.3333333333259)	(62.0, 469.6666666666574)	(63.0, 370.66666666666305)	(64.0, 276.3333333333351)	(65.0, 216.00000000000176)	(66.0, 163.66666666666694)	(67.0, 130.33333333333266)	(68.0, 103.9999999999996)	(69.0, 67.33333333333346)	(70.0, 54.66666666666678)	(71.0, 40.33333333333334)	(72.0, 27.999999999999968)	(73.0, 24.99999999999998)	(74.0, 13.666666666666673)	(75.0, 8.666666666666664)	(76.0, 5.666666666666665)	(77.0, 2.333333333333333)	(78.0, 3.3333333333333335)	(79.0, 1.0)	(80.0, 1.0)	(81.0, 0.6666666666666666)	(82.0, 1.3333333333333333)	(83.0, 0.6666666666666666)	(84.0, 0.3333333333333333)	(85.0, 0.0)	(86.0, 0.0)	(87.0, 0.3333333333333333)	(88.0, 0.0)	(89.0, 0.0)	(90.0, 0.0)	(91.0, 0.0)	(92.0, 0.0)	(93.0, 0.0)	(94.0, 0.0)	(95.0, 0.0)	(96.0, 0.0)	(97.0, 0.0)	(98.0, 0.3333333333333333)	(99.0, 0.3333333333333333)	(100.0, 0.0)	(0.0, 43658.0)	(1.0, 8776.666666664749)	(2.0, 3031.0000000002606)	(3.0, 1724.3333333332205)	(4.0, 1203.0000000000057)	(5.0, 883.0000000000305)	(6.0, 625.6666666666679)	(7.0, 500.33333333332234)	(8.0, 393.99999999999505)	(9.0, 317.66666666666606)	(10.0, 250.33333333333607)	(11.0, 197.6666666666679)	(12.0, 168.66666666666708)	(13.0, 133.33333333333275)	(14.0, 112.66666666666615)	(15.0, 128.9999999999993)	(16.0, 356.66666666666384)	(17.0, 727.3333333333461)	(18.0, 850.6666666666935)	(19.0, 979.6666666667081)	(20.0, 986.6666666667089)	(21.0, 1010.0000000000449)	(22.0, 1090.3333333333646)	(23.0, 1124.6666666666902)	(24.0, 1157.3333333333494)	(25.0, 1188.3333333333424)	(26.0, 1309.9999999999814)	(27.0, 1445.9999999999504)	(28.0, 1652.9999999999034)	(29.0, 1963.3333333331661)	(30.0, 2360.6666666666224)	(31.0, 2981.3333333335713)	(32.0, 3719.333333333907)	(33.0, 4585.666666666966)	(34.0, 5640.333333332674)	(35.0, 6777.666666664973)	(36.0, 7883.666666663967)	(37.0, 9115.666666665365)	(38.0, 10241.33333333408)	(39.0, 10891.333333335262)	(40.0, 11350.333333336097)	(41.0, 11476.333333336326)	(42.0, 11226.000000002537)	(43.0, 10633.333333334793)	(44.0, 9925.666666666839)	(45.0, 9116.333333332033)	(46.0, 8130.999999997075)	(47.0, 7166.333333331286)	(48.0, 6254.999999998781)	(49.0, 5420.666666666207)	(50.0, 4685.666666666875)	(51.0, 3899.6666666673223)	(52.0, 3157.000000000318)	(53.0, 2636.666666666748)	(54.0, 2192.3333333332125)	(55.0, 1807.9999999998681)	(56.0, 1447.6666666666167)	(57.0, 1210.000000000004)	(58.0, 970.0000000000404)	(59.0, 770.6666666666844)	(60.0, 643.3333333333366)	(61.0, 549.3333333333259)	(62.0, 469.6666666666574)	(63.0, 370.66666666666305)	(64.0, 276.3333333333351)	(65.0, 216.00000000000176)	(66.0, 163.66666666666694)	(67.0, 130.33333333333266)	(68.0, 103.9999999999996)	(69.0, 67.33333333333346)	(70.0, 54.66666666666678)	(71.0, 40.33333333333334)	(72.0, 27.999999999999968)	(73.0, 24.99999999999998)	(74.0, 13.666666666666673)	(75.0, 8.666666666666664)	(76.0, 5.666666666666665)	(77.0, 2.333333333333333)	(78.0, 3.3333333333333335)	(79.0, 1.0)	(80.0, 1.0)	(81.0, 0.6666666666666666)	(82.0, 1.3333333333333333)	(83.0, 0.6666666666666666)	(84.0, 0.3333333333333333)	(85.0, 0.0)	(86.0, 0.0)	(87.0, 0.3333333333333333)	(88.0, 0.0)	(89.0, 0.0)	(90.0, 0.0)	(91.0, 0.0)	(92.0, 0.0)	(93.0, 0.0)	(94.0, 0.0)	(95.0, 0.0)	(96.0, 0.0)	(97.0, 0.0)	(98.0, 0.3333333333333333)	(99.0, 0.3333333333333333)	(100.0, 0.0)
SRR908431_1_paired	(0.0, 92011.0)	(1.0, 48769.33333333362)	(2.0, 5889.9999999999945)	(3.0, 1181.1666666666665)	(4.0, 501.6666666666667)	(5.0, 245.0)	(6.0, 112.5)	(7.0, 69.0)	(8.0, 51.5)	(9.0, 39.5)	(10.0, 20.5)	(11.0, 9.5)	(12.0, 10.5)	(13.0, 16.0)	(14.0, 18.0)	(15.0, 15.5)	(16.0, 16.333333333333336)	(17.0, 31.333333333333332)	(18.0, 45.00000000000001)	(19.0, 44.16666666666667)	(20.0, 66.99999999999999)	(21.0, 135.33333333333331)	(22.0, 171.66666666666669)	(23.0, 195.66666666666669)	(24.0, 270.0)	(25.0, 360.3333333333332)	(26.0, 488.83333333333286)	(27.0, 655.6666666666669)	(28.0, 823.5000000000015)	(29.0, 1010.500000000003)	(30.0, 1222.8333333333337)	(31.0, 1413.166666666664)	(32.0, 1643.6666666666604)	(33.0, 1927.833333333321)	(34.0, 2112.499999999988)	(35.0, 2395.4999999999955)	(36.0, 2806.500000000012)	(37.0, 3107.333333333357)	(38.0, 3358.0000000000346)	(39.0, 3405.000000000027)	(40.0, 3529.666666666696)	(41.0, 3780.833333333371)	(42.0, 3971.000000000039)	(43.0, 4056.166666666704)	(44.0, 3998.833333333374)	(45.0, 4112.166666666702)	(46.0, 4268.666666666691)	(47.0, 4228.166666666694)	(48.0, 4418.166666666688)	(49.0, 4668.666666666679)	(50.0, 4796.333333333335)	(51.0, 4995.833333333329)	(52.0, 5046.499999999997)	(53.0, 4730.166666666671)	(54.0, 4194.833333333357)	(55.0, 3815.166666666687)	(56.0, 3342.3333333333508)	(57.0, 2857.00000000001)	(58.0, 2609.8333333333376)	(59.0, 2365.166666666665)	(60.0, 2084.3333333333267)	(61.0, 1791.6666666666597)	(62.0, 1582.4999999999936)	(63.0, 1352.666666666665)	(64.0, 1093.1666666666686)	(65.0, 945.5000000000019)	(66.0, 807.833333333334)	(67.0, 611.1666666666666)	(68.0, 484.4999999999994)	(69.0, 387.4999999999998)	(70.0, 283.16666666666674)	(71.0, 220.1666666666667)	(72.0, 182.33333333333337)	(73.0, 126.66666666666664)	(74.0, 79.83333333333331)	(75.0, 68.5)	(76.0, 53.00000000000001)	(77.0, 33.5)	(78.0, 19.5)	(79.0, 10.0)	(80.0, 4.0)	(81.0, 4.5)	(82.0, 3.5)	(83.0, 2.0)	(84.0, 1.0)	(85.0, 0.0)	(86.0, 0.0)	(87.0, 0.0)	(88.0, 0.0)	(89.0, 0.0)	(90.0, 0.0)	(91.0, 0.0)	(92.0, 0.0)	(93.0, 0.0)	(94.0, 0.0)	(95.0, 0.0)	(96.0, 0.0)	(97.0, 0.0)	(98.0, 0.0)	(99.0, 0.0)	(100.0, 0.0)																																																																																																					
SRR908431_2	(0.0, 37564.0)	(1.0, 15216.33333334313)	(2.0, 5435.666666666193)	(3.0, 2475.333333333341)	(4.0, 1226.666666666667)	(5.0, 696.3333333333426)	(6.0, 455.3333333333249)	(7.0, 323.3333333333324)	(8.0, 254.00000000000284)	(9.0, 203.0000000000014)	(10.0, 164.00000000000028)	(11.0, 128.9999999999993)	(12.0, 109.99999999999952)	(13.0, 105.33333333333292)	(14.0, 96.66666666666637)	(15.0, 86.66666666666652)	(16.0, 83.99999999999989)	(17.0, 84.66666666666654)	(18.0, 92.66666666666643)	(19.0, 117.33333333333275)	(20.0, 156.3333333333334)	(21.0, 192.00000000000108)	(22.0, 259.00000000000273)	(23.0, 340.99999999999807)	(24.0, 414.66666666666055)	(25.0, 503.6666666666555)	(26.0, 613.9999999999999)	(27.0, 733.6666666666802)	(28.0, 831.6666666666913)	(29.0, 968.6666666667069)	(30.0, 1149.6666666666845)	(31.0, 1341.999999999974)	(32.0, 1531.6666666665976)	(33.0, 1816.6666666665328)	(34.0, 2183.9999999998754)	(35.0, 2666.0000000000946)	(36.0, 3258.3333333336973)	(37.0, 4163.66666666735)	(38.0, 5375.333333332915)	(39.0, 6676.9999999983975)	(40.0, 8297.333333330544)	(41.0, 9949.333333333549)	(42.0, 11579.333333336514)	(43.0, 12812.66666667209)	(44.0, 13597.333333340184)	(45.0, 13833.666666673947)	(46.0, 13511.333333340028)	(47.0, 12736.666666671952)	(48.0, 11498.333333336366)	(49.0, 10140.000000000562)	(50.0, 8685.666666664583)	(51.0, 7276.333333331186)	(52.0, 5901.999999999102)	(53.0, 4661.000000000231)	(54.0, 3596.0000000005175)	(55.0, 2828.0000000001683)	(56.0, 2146.3333333331916)	(57.0, 1653.9999999999031)	(58.0, 1291.333333333319)	(59.0, 1035.3333333333771)	(60.0, 779.6666666666854)	(61.0, 631.0000000000018)	(62.0, 514.9999999999886)	(63.0, 429.3333333333264)	(64.0, 361.33333333333024)	(65.0, 294.00000000000074)	(66.0, 224.66666666666868)	(67.0, 191.66666666666774)	(68.0, 154.33333333333334)	(69.0, 134.33333333333277)	(70.0, 104.33333333333293)	(71.0, 86.33333333333319)	(72.0, 72.00000000000006)	(73.0, 49.00000000000007)	(74.0, 42.33333333333336)	(75.0, 34.99999999999997)	(76.0, 22.999999999999986)	(77.0, 19.999999999999996)	(78.0, 15.666666666666677)	(79.0, 13.000000000000005)	(80.0, 7.33333333333333)	(81.0, 5.666666666666665)	(82.0, 4.666666666666666)	(83.0, 3.666666666666667)	(84.0, 4.333333333333333)	(85.0, 3.666666666666667)	(86.0, 4.0)	(87.0, 1.3333333333333333)	(88.0, 0.6666666666666666)	(89.0, 1.0)	(90.0, 0.6666666666666666)	(91.0, 0.3333333333333333)	(92.0, 0.6666666666666666)	(93.0, 1.0)	(94.0, 1.9999999999999998)	(95.0, 1.9999999999999998)	(96.0, 0.3333333333333333)	(97.0, 0.3333333333333333)	(98.0, 0.3333333333333333)	(99.0, 0.3333333333333333)	(100.0, 0.5)	(0.0, 37564.0)	(1.0, 15216.33333334313)	(2.0, 5435.666666666193)	(3.0, 2475.333333333341)	(4.0, 1226.666666666667)	(5.0, 696.3333333333426)	(6.0, 455.3333333333249)	(7.0, 323.3333333333324)	(8.0, 254.00000000000284)	(9.0, 203.0000000000014)	(10.0, 164.00000000000028)	(11.0, 128.9999999999993)	(12.0, 109.99999999999952)	(13.0, 105.33333333333292)	(14.0, 96.66666666666637)	(15.0, 86.66666666666652)	(16.0, 83.99999999999989)	(17.0, 84.66666666666654)	(18.0, 92.66666666666643)	(19.0, 117.33333333333275)	(20.0, 156.3333333333334)	(21.0, 192.00000000000108)	(22.0, 259.00000000000273)	(23.0, 340.99999999999807)	(24.0, 414.66666666666055)	(25.0, 503.6666666666555)	(26.0, 613.9999999999999)	(27.0, 733.6666666666802)	(28.0, 831.6666666666913)	(29.0, 968.6666666667069)	(30.0, 1149.6666666666845)	(31.0, 1341.999999999974)	(32.0, 1531.6666666665976)	(33.0, 1816.6666666665328)	(34.0, 2183.9999999998754)	(35.0, 2666.0000000000946)	(36.0, 3258.3333333336973)	(37.0, 4163.66666666735)	(38.0, 5375.333333332915)	(39.0, 6676.9999999983975)	(40.0, 8297.333333330544)	(41.0, 9949.333333333549)	(42.0, 11579.333333336514)	(43.0, 12812.66666667209)	(44.0, 13597.333333340184)	(45.0, 13833.666666673947)	(46.0, 13511.333333340028)	(47.0, 12736.666666671952)	(48.0, 11498.333333336366)	(49.0, 10140.000000000562)	(50.0, 8685.666666664583)	(51.0, 7276.333333331186)	(52.0, 5901.999999999102)	(53.0, 4661.000000000231)	(54.0, 3596.0000000005175)	(55.0, 2828.0000000001683)	(56.0, 2146.3333333331916)	(57.0, 1653.9999999999031)	(58.0, 1291.333333333319)	(59.0, 1035.3333333333771)	(60.0, 779.6666666666854)	(61.0, 631.0000000000018)	(62.0, 514.9999999999886)	(63.0, 429.3333333333264)	(64.0, 361.33333333333024)	(65.0, 294.00000000000074)	(66.0, 224.66666666666868)	(67.0, 191.66666666666774)	(68.0, 154.33333333333334)	(69.0, 134.33333333333277)	(70.0, 104.33333333333293)	(71.0, 86.33333333333319)	(72.0, 72.00000000000006)	(73.0, 49.00000000000007)	(74.0, 42.33333333333336)	(75.0, 34.99999999999997)	(76.0, 22.999999999999986)	(77.0, 19.999999999999996)	(78.0, 15.666666666666677)	(79.0, 13.000000000000005)	(80.0, 7.33333333333333)	(81.0, 5.666666666666665)	(82.0, 4.666666666666666)	(83.0, 3.666666666666667)	(84.0, 4.333333333333333)	(85.0, 3.666666666666667)	(86.0, 4.0)	(87.0, 1.3333333333333333)	(88.0, 0.6666666666666666)	(89.0, 1.0)	(90.0, 0.6666666666666666)	(91.0, 0.3333333333333333)	(92.0, 0.6666666666666666)	(93.0, 1.0)	(94.0, 1.9999999999999998)	(95.0, 1.9999999999999998)	(96.0, 0.3333333333333333)	(97.0, 0.3333333333333333)	(98.0, 0.3333333333333333)	(99.0, 0.3333333333333333)	(100.0, 0.5)
SRR908431_2_paired	(0.0, 96779.0)	(1.0, 54052.83333333335)	(2.0, 6717.0)	(3.0, 559.5)	(4.0, 60.33333333333333)	(5.0, 19.333333333333332)	(6.0, 12.5)	(7.0, 7.0)	(8.0, 6.5)	(9.0, 6.5)	(10.0, 8.5)	(11.0, 10.0)	(12.0, 6.5)	(13.0, 6.333333333333333)	(14.0, 8.0)	(15.0, 9.5)	(16.0, 9.0)	(17.0, 19.833333333333336)	(18.0, 38.666666666666664)	(19.0, 48.66666666666667)	(20.0, 66.5)	(21.0, 117.99999999999999)	(22.0, 161.66666666666666)	(23.0, 204.0)	(24.0, 272.83333333333337)	(25.0, 338.49999999999994)	(26.0, 412.1666666666664)	(27.0, 561.6666666666663)	(28.0, 739.3333333333339)	(29.0, 923.333333333335)	(30.0, 1149.833333333334)	(31.0, 1415.1666666666656)	(32.0, 1662.8333333333278)	(33.0, 1808.9999999999918)	(34.0, 1995.9999999999898)	(35.0, 2273.666666666662)	(36.0, 2688.5000000000055)	(37.0, 3084.0000000000127)	(38.0, 3393.666666666689)	(39.0, 3566.6666666666897)	(40.0, 3707.333333333358)	(41.0, 3883.1666666666883)	(42.0, 4083.833333333353)	(43.0, 4141.333333333354)	(44.0, 4060.166666666687)	(45.0, 4206.6666666666815)	(46.0, 4380.333333333344)	(47.0, 4460.666666666674)	(48.0, 4623.833333333336)	(49.0, 4813.666666666666)	(50.0, 4921.666666666665)	(51.0, 5124.9999999999945)	(52.0, 5253.333333333328)	(53.0, 5013.666666666668)	(54.0, 4401.833333333337)	(55.0, 3806.66666666667)	(56.0, 3463.0000000000045)	(57.0, 3158.3333333333358)	(58.0, 2840.499999999999)	(59.0, 2590.8333333333344)	(60.0, 2292.3333333333335)	(61.0, 1966.666666666666)	(62.0, 1679.1666666666658)	(63.0, 1439.4999999999998)	(64.0, 1301.8333333333337)	(65.0, 1136.8333333333335)	(66.0, 915.1666666666667)	(67.0, 754.8333333333335)	(68.0, 623.5)	(69.0, 488.0)	(70.0, 373.66666666666663)	(71.0, 295.5)	(72.0, 243.5)	(73.0, 180.0)	(74.0, 124.0)	(75.0, 97.5)	(76.0, 67.83333333333334)	(77.0, 38.833333333333336)	(78.0, 26.833333333333336)	(79.0, 21.5)	(80.0, 15.5)	(81.0, 12.5)	(82.0, 9.5)	(83.0, 5.5)	(84.0, 2.5)	(85.0, 2.0)	(86.0, 2.0)	(87.0, 0.5)	(88.0, 0.5)	(89.0, 0.0)	(90.0, 0.0)	(91.0, 0.0)	(92.0, 0.0)	(93.0, 0.0)	(94.0, 0.6666666666666666)	(95.0, 0.6666666666666666)	(96.0, 0.0)	(97.0, 0.0)	(98.0, 0.0)	(99.0, 0.0)	(100.0, 0.0)																																																																																																					
SRR908432_1	(0.0, 6628.5)	(1.0, 1990.6666666664933)	(2.0, 792.6666666666869)	(3.0, 450.9999999999918)	(4.0, 314.66666666666623)	(5.0, 210.66666666666828)	(6.0, 151.6666666666666)	(7.0, 117.66666666666607)	(8.0, 88.66666666666649)	(9.0, 76.66666666666666)	(10.0, 58.666666666666806)	(11.0, 37.99999999999999)	(12.0, 38.33333333333333)	(13.0, 34.99999999999997)	(14.0, 30.666666666666625)	(15.0, 47.33333333333339)	(16.0, 262.6666666666692)	(17.0, 677.3333333333404)	(18.0, 920.0000000000347)	(19.0, 1073.3333333333685)	(20.0, 1153.6666666666836)	(21.0, 1216.0000000000027)	(22.0, 1216.0000000000027)	(23.0, 1228.9999999999998)	(24.0, 1335.9999999999754)	(25.0, 1402.9999999999602)	(26.0, 1482.6666666666088)	(27.0, 1593.6666666665835)	(28.0, 1766.6666666665442)	(29.0, 2047.9999999998136)	(30.0, 2469.000000000005)	(31.0, 2976.333333333569)	(32.0, 3668.0000000005502)	(33.0, 4638.666666666918)	(34.0, 5658.999999999323)	(35.0, 6791.66666666496)	(36.0, 8048.99999999715)	(37.0, 9272.333333332317)	(38.0, 10286.333333334162)	(39.0, 11052.000000002221)	(40.0, 11394.000000002843)	(41.0, 11559.000000003143)	(42.0, 11217.333333335855)	(43.0, 10712.66666666827)	(44.0, 10036.333333333707)	(45.0, 8989.666666665136)	(46.0, 7993.666666663867)	(47.0, 6918.666666664844)	(48.0, 5885.333333332451)	(49.0, 5006.999999999916)	(50.0, 4198.333333333985)	(51.0, 3504.6666666671426)	(52.0, 2909.3333333335386)	(53.0, 2381.9999999999654)	(54.0, 1949.9999999998358)	(55.0, 1621.333333333244)	(56.0, 1319.6666666666458)	(57.0, 1035.3333333333771)	(58.0, 835.000000000025)	(59.0, 674.6666666666734)	(60.0, 526.6666666666566)	(61.0, 392.6666666666618)	(62.0, 319.99999999999926)	(63.0, 240.66666666666913)	(64.0, 202.3333333333347)	(65.0, 137.6666666666662)	(66.0, 95.66666666666639)	(67.0, 68.66666666666677)	(68.0, 52.33333333333343)	(69.0, 37.66666666666666)	(70.0, 32.99999999999996)	(71.0, 22.33333333333332)	(72.0, 13.000000000000005)	(73.0, 7.33333333333333)	(74.0, 7.33333333333333)	(75.0, 7.33333333333333)	(76.0, 1.6666666666666665)	(77.0, 0.6666666666666666)	(78.0, 2.333333333333333)	(79.0, 2.6666666666666665)	(80.0, 0.6666666666666666)	(81.0, 0.0)	(82.0, 0.3333333333333333)	(83.0, 0.3333333333333333)	(84.0, 0.3333333333333333)	(85.0, 0.0)	(86.0, 0.3333333333333333)	(87.0, 0.0)	(88.0, 0.6666666666666666)	(89.0, 0.0)	(90.0, 0.0)	(91.0, 0.0)	(92.0, 0.3333333333333333)	(93.0, 0.6666666666666666)	(94.0, 0.3333333333333333)	(95.0, 0.0)	(96.0, 0.0)	(97.0, 0.0)	(98.0, 0.0)	(99.0, 0.0)	(100.0, 0.0)	(0.0, 6628.5)	(1.0, 1990.6666666664933)	(2.0, 792.6666666666869)	(3.0, 450.9999999999918)	(4.0, 314.66666666666623)	(5.0, 210.66666666666828)	(6.0, 151.6666666666666)	(7.0, 117.66666666666607)	(8.0, 88.66666666666649)	(9.0, 76.66666666666666)	(10.0, 58.666666666666806)	(11.0, 37.99999999999999)	(12.0, 38.33333333333333)	(13.0, 34.99999999999997)	(14.0, 30.666666666666625)	(15.0, 47.33333333333339)	(16.0, 262.6666666666692)	(17.0, 677.3333333333404)	(18.0, 920.0000000000347)	(19.0, 1073.3333333333685)	(20.0, 1153.6666666666836)	(21.0, 1216.0000000000027)	(22.0, 1216.0000000000027)	(23.0, 1228.9999999999998)	(24.0, 1335.9999999999754)	(25.0, 1402.9999999999602)	(26.0, 1482.6666666666088)	(27.0, 1593.6666666665835)	(28.0, 1766.6666666665442)	(29.0, 2047.9999999998136)	(30.0, 2469.000000000005)	(31.0, 2976.333333333569)	(32.0, 3668.0000000005502)	(33.0, 4638.666666666918)	(34.0, 5658.999999999323)	(35.0, 6791.66666666496)	(36.0, 8048.99999999715)	(37.0, 9272.333333332317)	(38.0, 10286.333333334162)	(39.0, 11052.000000002221)	(40.0, 11394.000000002843)	(41.0, 11559.000000003143)	(42.0, 11217.333333335855)	(43.0, 10712.66666666827)	(44.0, 10036.333333333707)	(45.0, 8989.666666665136)	(46.0, 7993.666666663867)	(47.0, 6918.666666664844)	(48.0, 5885.333333332451)	(49.0, 5006.999999999916)	(50.0, 4198.333333333985)	(51.0, 3504.6666666671426)	(52.0, 2909.3333333335386)	(53.0, 2381.9999999999654)	(54.0, 1949.9999999998358)	(55.0, 1621.333333333244)	(56.0, 1319.6666666666458)	(57.0, 1035.3333333333771)	(58.0, 835.000000000025)	(59.0, 674.6666666666734)	(60.0, 526.6666666666566)	(61.0, 392.6666666666618)	(62.0, 319.99999999999926)	(63.0, 240.66666666666913)	(64.0, 202.3333333333347)	(65.0, 137.6666666666662)	(66.0, 95.66666666666639)	(67.0, 68.66666666666677)	(68.0, 52.33333333333343)	(69.0, 37.66666666666666)	(70.0, 32.99999999999996)	(71.0, 22.33333333333332)	(72.0, 13.000000000000005)	(73.0, 7.33333333333333)	(74.0, 7.33333333333333)	(75.0, 7.33333333333333)	(76.0, 1.6666666666666665)	(77.0, 0.6666666666666666)	(78.0, 2.333333333333333)	(79.0, 2.6666666666666665)	(80.0, 0.6666666666666666)	(81.0, 0.0)	(82.0, 0.3333333333333333)	(83.0, 0.3333333333333333)	(84.0, 0.3333333333333333)	(85.0, 0.0)	(86.0, 0.3333333333333333)	(87.0, 0.0)	(88.0, 0.6666666666666666)	(89.0, 0.0)	(90.0, 0.0)	(91.0, 0.0)	(92.0, 0.3333333333333333)	(93.0, 0.6666666666666666)	(94.0, 0.3333333333333333)	(95.0, 0.0)	(96.0, 0.0)	(97.0, 0.0)	(98.0, 0.0)	(99.0, 0.0)	(100.0, 0.0)
SRR908432_1_paired	(0.0, 14720.5)	(1.0, 8454.833333333296)	(2.0, 1682.9999999999986)	(3.0, 609.8333333333334)	(4.0, 238.0)	(5.0, 72.0)	(6.0, 28.5)	(7.0, 13.0)	(8.0, 6.5)	(9.0, 5.0)	(10.0, 5.0)	(11.0, 5.0)	(12.0, 4.0)	(13.0, 5.0)	(14.0, 12.5)	(15.0, 16.0)	(16.0, 10.5)	(17.0, 8.0)	(18.0, 11.0)	(19.0, 19.333333333333336)	(20.0, 26.166666666666668)	(21.0, 32.33333333333333)	(22.0, 58.5)	(23.0, 87.66666666666669)	(24.0, 99.99999999999997)	(25.0, 119.83333333333331)	(26.0, 169.6666666666667)	(27.0, 228.83333333333354)	(28.0, 308.8333333333333)	(29.0, 381.66666666666663)	(30.0, 467.8333333333325)	(31.0, 551.4999999999994)	(32.0, 641.5000000000003)	(33.0, 789.6666666666683)	(34.0, 966.0000000000031)	(35.0, 1132.1666666666674)	(36.0, 1249.8333333333321)	(37.0, 1410.333333333329)	(38.0, 1567.999999999993)	(39.0, 1680.9999999999914)	(40.0, 1858.3333333333235)	(41.0, 2044.8333333333192)	(42.0, 2196.4999999999905)	(43.0, 2507.6666666666674)	(44.0, 2777.5000000000077)	(45.0, 2702.6666666666715)	(46.0, 2479.0000000000014)	(47.0, 2435.8333333333317)	(48.0, 2515.166666666667)	(49.0, 2569.0000000000023)	(50.0, 2566.3333333333358)	(51.0, 2554.1666666666692)	(52.0, 2459.0)	(53.0, 2277.9999999999945)	(54.0, 2092.8333333333258)	(55.0, 1960.4999999999927)	(56.0, 1754.1666666666615)	(57.0, 1481.6666666666629)	(58.0, 1280.4999999999986)	(59.0, 1169.6666666666667)	(60.0, 1031.0000000000018)	(61.0, 894.5000000000016)	(62.0, 771.0000000000006)	(63.0, 648.1666666666669)	(64.0, 528.8333333333329)	(65.0, 408.66666666666634)	(66.0, 339.66666666666663)	(67.0, 282.66666666666663)	(68.0, 222.1666666666667)	(69.0, 175.00000000000003)	(70.0, 143.66666666666666)	(71.0, 111.33333333333333)	(72.0, 67.83333333333334)	(73.0, 37.0)	(74.0, 31.5)	(75.0, 28.833333333333336)	(76.0, 18.5)	(77.0, 12.5)	(78.0, 11.333333333333334)	(79.0, 5.5)	(80.0, 2.0)	(81.0, 2.0)	(82.0, 1.5)	(83.0, 0.5)	(84.0, 0.0)	(85.0, 0.0)	(86.0, 0.0)	(87.0, 0.0)	(88.0, 0.0)	(89.0, 0.0)	(90.0, 0.0)	(91.0, 0.0)	(92.0, 0.0)	(93.0, 0.0)	(94.0, 0.0)	(95.0, 0.0)	(96.0, 0.0)	(97.0, 0.0)	(98.0, 0.0)	(99.0, 0.0)	(100.0, 0.0)																																																																																																					
SRR908432_2	(0.0, 6032.5)	(1.0, 2844.6666666668425)	(2.0, 1147.0000000000184)	(3.0, 524.333333333323)	(4.0, 265.3333333333357)	(5.0, 146.66666666666646)	(6.0, 99.99999999999966)	(7.0, 71.66666666666673)	(8.0, 47.33333333333339)	(9.0, 45.00000000000004)	(10.0, 33.66666666666663)	(11.0, 25.33333333333331)	(12.0, 22.999999999999986)	(13.0, 24.666666666666647)	(14.0, 23.999999999999982)	(15.0, 19.999999999999996)	(16.0, 23.333333333333318)	(17.0, 30.333333333333293)	(18.0, 50.333333333333414)	(19.0, 70.33333333333341)	(20.0, 114.33333333333279)	(21.0, 170.3333333333338)	(22.0, 250.00000000000273)	(23.0, 322.6666666666658)	(24.0, 437.3333333333259)	(25.0, 550.9999999999927)	(26.0, 639.3333333333361)	(27.0, 756.000000000016)	(28.0, 878.6666666666966)	(29.0, 1005.6666666667111)	(30.0, 1196.6666666666738)	(31.0, 1350.3333333333055)	(32.0, 1509.6666666666026)	(33.0, 1781.6666666665408)	(34.0, 2107.6666666665074)	(35.0, 2509.3333333333567)	(36.0, 3088.0000000002865)	(37.0, 3883.000000000648)	(38.0, 4982.999999999938)	(39.0, 6273.666666665431)	(40.0, 7878.999999997304)	(41.0, 9658.666666666353)	(42.0, 11433.666666669582)	(43.0, 13177.33333333942)	(44.0, 14245.333333341363)	(45.0, 14627.666666675392)	(46.0, 14364.33333334158)	(47.0, 13601.666666673525)	(48.0, 12167.00000000425)	(49.0, 10552.000000001311)	(50.0, 8736.666666664676)	(51.0, 7100.666666664679)	(52.0, 5475.666666666157)	(53.0, 4263.666666667259)	(54.0, 3223.3333333336814)	(55.0, 2408.9999999999777)	(56.0, 1809.3333333332012)	(57.0, 1381.6666666666317)	(58.0, 1014.0000000000454)	(59.0, 735.6666666666804)	(60.0, 585.6666666666633)	(61.0, 444.3333333333255)	(62.0, 343.6666666666646)	(63.0, 264.6666666666691)	(64.0, 215.33333333333508)	(65.0, 176.6666666666673)	(66.0, 150.66666666666657)	(67.0, 120.3333333333327)	(68.0, 88.66666666666649)	(69.0, 75.33333333333334)	(70.0, 68.66666666666677)	(71.0, 56.00000000000012)	(72.0, 43.333333333333364)	(73.0, 31.66666666666662)	(74.0, 20.33333333333333)	(75.0, 21.666666666666657)	(76.0, 14.333333333333341)	(77.0, 11.66666666666667)	(78.0, 10.666666666666668)	(79.0, 7.9999999999999964)	(80.0, 7.33333333333333)	(81.0, 4.333333333333333)	(82.0, 2.333333333333333)	(83.0, 1.9999999999999998)	(84.0, 1.3333333333333333)	(85.0, 2.6666666666666665)	(86.0, 1.6666666666666665)	(87.0, 1.3333333333333333)	(88.0, 0.0)	(89.0, 0.6666666666666666)	(90.0, 0.6666666666666666)	(91.0, 2.6666666666666665)	(92.0, 2.6666666666666665)	(93.0, 0.6666666666666666)	(94.0, 1.3333333333333333)	(95.0, 1.3333333333333333)	(96.0, 0.3333333333333333)	(97.0, 0.3333333333333333)	(98.0, 0.0)	(99.0, 0.6666666666666666)	(100.0, 0.5)	(0.0, 6032.5)	(1.0, 2844.6666666668425)	(2.0, 1147.0000000000184)	(3.0, 524.333333333323)	(4.0, 265.3333333333357)	(5.0, 146.66666666666646)	(6.0, 99.99999999999966)	(7.0, 71.66666666666673)	(8.0, 47.33333333333339)	(9.0, 45.00000000000004)	(10.0, 33.66666666666663)	(11.0, 25.33333333333331)	(12.0, 22.999999999999986)	(13.0, 24.666666666666647)	(14.0, 23.999999999999982)	(15.0, 19.999999999999996)	(16.0, 23.333333333333318)	(17.0, 30.333333333333293)	(18.0, 50.333333333333414)	(19.0, 70.33333333333341)	(20.0, 114.33333333333279)	(21.0, 170.3333333333338)	(22.0, 250.00000000000273)	(23.0, 322.6666666666658)	(24.0, 437.3333333333259)	(25.0, 550.9999999999927)	(26.0, 639.3333333333361)	(27.0, 756.000000000016)	(28.0, 878.6666666666966)	(29.0, 1005.6666666667111)	(30.0, 1196.6666666666738)	(31.0, 1350.3333333333055)	(32.0, 1509.6666666666026)	(33.0, 1781.6666666665408)	(34.0, 2107.6666666665074)	(35.0, 2509.3333333333567)	(36.0, 3088.0000000002865)	(37.0, 3883.000000000648)	(38.0, 4982.999999999938)	(39.0, 6273.666666665431)	(40.0, 7878.999999997304)	(41.0, 9658.666666666353)	(42.0, 11433.666666669582)	(43.0, 13177.33333333942)	(44.0, 14245.333333341363)	(45.0, 14627.666666675392)	(46.0, 14364.33333334158)	(47.0, 13601.666666673525)	(48.0, 12167.00000000425)	(49.0, 10552.000000001311)	(50.0, 8736.666666664676)	(51.0, 7100.666666664679)	(52.0, 5475.666666666157)	(53.0, 4263.666666667259)	(54.0, 3223.3333333336814)	(55.0, 2408.9999999999777)	(56.0, 1809.3333333332012)	(57.0, 1381.6666666666317)	(58.0, 1014.0000000000454)	(59.0, 735.6666666666804)	(60.0, 585.6666666666633)	(61.0, 444.3333333333255)	(62.0, 343.6666666666646)	(63.0, 264.6666666666691)	(64.0, 215.33333333333508)	(65.0, 176.6666666666673)	(66.0, 150.66666666666657)	(67.0, 120.3333333333327)	(68.0, 88.66666666666649)	(69.0, 75.33333333333334)	(70.0, 68.66666666666677)	(71.0, 56.00000000000012)	(72.0, 43.333333333333364)	(73.0, 31.66666666666662)	(74.0, 20.33333333333333)	(75.0, 21.666666666666657)	(76.0, 14.333333333333341)	(77.0, 11.66666666666667)	(78.0, 10.666666666666668)	(79.0, 7.9999999999999964)	(80.0, 7.33333333333333)	(81.0, 4.333333333333333)	(82.0, 2.333333333333333)	(83.0, 1.9999999999999998)	(84.0, 1.3333333333333333)	(85.0, 2.6666666666666665)	(86.0, 1.6666666666666665)	(87.0, 1.3333333333333333)	(88.0, 0.0)	(89.0, 0.6666666666666666)	(90.0, 0.6666666666666666)	(91.0, 2.6666666666666665)	(92.0, 2.6666666666666665)	(93.0, 0.6666666666666666)	(94.0, 1.3333333333333333)	(95.0, 1.3333333333333333)	(96.0, 0.3333333333333333)	(97.0, 0.3333333333333333)	(98.0, 0.0)	(99.0, 0.6666666666666666)	(100.0, 0.5)
SRR908432_2_paired	(0.0, 17002.5)	(1.0, 9437.666666666666)	(2.0, 1073.1666666666667)	(3.0, 71.0)	(4.0, 8.0)	(5.0, 7.0)	(6.0, 5.0)	(7.0, 3.5)	(8.0, 5.5)	(9.0, 5.0)	(10.0, 2.5)	(11.0, 4.0)	(12.0, 5.5)	(13.0, 5.0)	(14.0, 6.5)	(15.0, 7.0)	(16.0, 7.0)	(17.0, 8.5)	(18.0, 11.0)	(19.0, 14.0)	(20.0, 23.5)	(21.0, 42.666666666666664)	(22.0, 52.5)	(23.0, 61.83333333333334)	(24.0, 87.00000000000001)	(25.0, 114.00000000000001)	(26.0, 142.33333333333331)	(27.0, 177.33333333333337)	(28.0, 251.33333333333354)	(29.0, 347.9999999999999)	(30.0, 446.33333333333275)	(31.0, 511.9999999999992)	(32.0, 595.9999999999995)	(33.0, 741.3333333333343)	(34.0, 913.5000000000022)	(35.0, 1074.6666666666695)	(36.0, 1231.4999999999998)	(37.0, 1395.8333333333308)	(38.0, 1587.499999999995)	(39.0, 1714.6666666666617)	(40.0, 1856.4999999999932)	(41.0, 2090.8333333333276)	(42.0, 2333.6666666666665)	(43.0, 2625.3333333333376)	(44.0, 2845.8333333333376)	(45.0, 2771.833333333334)	(46.0, 2564.166666666668)	(47.0, 2511.0000000000005)	(48.0, 2564.8333333333326)	(49.0, 2601.1666666666674)	(50.0, 2625.500000000001)	(51.0, 2653.666666666668)	(52.0, 2595.166666666668)	(53.0, 2434.5)	(54.0, 2266.4999999999995)	(55.0, 2086.166666666665)	(56.0, 1875.8333333333323)	(57.0, 1664.4999999999993)	(58.0, 1460.4999999999998)	(59.0, 1308.8333333333333)	(60.0, 1163.6666666666667)	(61.0, 1038.666666666667)	(62.0, 911.3333333333334)	(63.0, 813.1666666666666)	(64.0, 680.6666666666667)	(65.0, 520.3333333333334)	(66.0, 436.0)	(67.0, 368.3333333333333)	(68.0, 290.1666666666667)	(69.0, 209.33333333333331)	(70.0, 148.50000000000003)	(71.0, 124.66666666666666)	(72.0, 110.0)	(73.0, 78.0)	(74.0, 47.0)	(75.0, 29.5)	(76.0, 19.5)	(77.0, 16.0)	(78.0, 13.5)	(79.0, 12.5)	(80.0, 9.5)	(81.0, 6.5)	(82.0, 3.0)	(83.0, 0.5)	(84.0, 2.0)	(85.0, 3.0)	(86.0, 1.5)	(87.0, 0.5)	(88.0, 0.0)	(89.0, 0.0)	(90.0, 0.0)	(91.0, 0.0)	(92.0, 0.0)	(93.0, 0.0)	(94.0, 0.0)	(95.0, 0.0)	(96.0, 0.0)	(97.0, 0.0)	(98.0, 0.0)	(99.0, 0.0)	(100.0, 0.0)																																																																																																					
SRR908433_1	(0.0, 3298.0)	(1.0, 1132.333333333355)	(2.0, 383.6666666666623)	(3.0, 185.66666666666757)	(4.0, 115.6666666666661)	(5.0, 81.99999999999991)	(6.0, 59.33333333333348)	(7.0, 50.00000000000008)	(8.0, 32.99999999999996)	(9.0, 30.333333333333293)	(10.0, 28.666666666666632)	(11.0, 20.999999999999993)	(12.0, 15.000000000000009)	(13.0, 19.0)	(14.0, 17.33333333333334)	(15.0, 34.666666666666636)	(16.0, 182.66666666666748)	(17.0, 428.99999999999307)	(18.0, 599.3333333333316)	(19.0, 733.0000000000134)	(20.0, 787.0000000000196)	(21.0, 801.0000000000211)	(22.0, 792.3333333333535)	(23.0, 824.0000000000238)	(24.0, 858.6666666666944)	(25.0, 919.3333333333679)	(26.0, 959.0000000000391)	(27.0, 1022.3333333333796)	(28.0, 1181.0000000000107)	(29.0, 1293.3333333333185)	(30.0, 1578.3333333332537)	(31.0, 1934.9999999998392)	(32.0, 2409.6666666666447)	(33.0, 2969.333333333566)	(34.0, 3547.666666667162)	(35.0, 4359.000000000506)	(36.0, 5127.33333333314)	(37.0, 5895.999999999108)	(38.0, 6583.333333331816)	(39.0, 7105.999999998007)	(40.0, 7379.999999997758)	(41.0, 7391.666666664414)	(42.0, 7094.666666664684)	(43.0, 6756.999999998325)	(44.0, 6223.666666665476)	(45.0, 5712.333333332608)	(46.0, 4980.666666666607)	(47.0, 4300.666666667225)	(48.0, 3663.000000000548)	(49.0, 3075.333333333614)	(50.0, 2567.333333333383)	(51.0, 2097.3333333331693)	(52.0, 1744.333333333216)	(53.0, 1446.666666666617)	(54.0, 1151.666666666684)	(55.0, 958.000000000039)	(56.0, 748.6666666666819)	(57.0, 599.6666666666649)	(58.0, 518.9999999999891)	(59.0, 395.99999999999494)	(60.0, 308.9999999999999)	(61.0, 233.00000000000225)	(62.0, 176.00000000000063)	(63.0, 132.33333333333272)	(64.0, 98.99999999999967)	(65.0, 81.66666666666659)	(66.0, 50.66666666666675)	(67.0, 35.33333333333331)	(68.0, 28.666666666666632)	(69.0, 20.66666666666666)	(70.0, 15.000000000000009)	(71.0, 8.999999999999998)	(72.0, 8.33333333333333)	(73.0, 7.666666666666663)	(74.0, 4.666666666666666)	(75.0, 1.6666666666666665)	(76.0, 0.3333333333333333)	(77.0, 0.6666666666666666)	(78.0, 0.3333333333333333)	(79.0, 0.6666666666666666)	(80.0, 0.3333333333333333)	(81.0, 0.3333333333333333)	(82.0, 0.0)	(83.0, 0.0)	(84.0, 0.3333333333333333)	(85.0, 0.3333333333333333)	(86.0, 0.0)	(87.0, 0.0)	(88.0, 0.3333333333333333)	(89.0, 0.0)	(90.0, 0.0)	(91.0, 0.0)	(92.0, 0.3333333333333333)	(93.0, 0.3333333333333333)	(94.0, 0.0)	(95.0, 0.0)	(96.0, 0.3333333333333333)	(97.0, 0.3333333333333333)	(98.0, 0.0)	(99.0, 0.0)	(100.0, 0.0)	(0.0, 3298.0)	(1.0, 1132.333333333355)	(2.0, 383.6666666666623)	(3.0, 185.66666666666757)	(4.0, 115.6666666666661)	(5.0, 81.99999999999991)	(6.0, 59.33333333333348)	(7.0, 50.00000000000008)	(8.0, 32.99999999999996)	(9.0, 30.333333333333293)	(10.0, 28.666666666666632)	(11.0, 20.999999999999993)	(12.0, 15.000000000000009)	(13.0, 19.0)	(14.0, 17.33333333333334)	(15.0, 34.666666666666636)	(16.0, 182.66666666666748)	(17.0, 428.99999999999307)	(18.0, 599.3333333333316)	(19.0, 733.0000000000134)	(20.0, 787.0000000000196)	(21.0, 801.0000000000211)	(22.0, 792.3333333333535)	(23.0, 824.0000000000238)	(24.0, 858.6666666666944)	(25.0, 919.3333333333679)	(26.0, 959.0000000000391)	(27.0, 1022.3333333333796)	(28.0, 1181.0000000000107)	(29.0, 1293.3333333333185)	(30.0, 1578.3333333332537)	(31.0, 1934.9999999998392)	(32.0, 2409.6666666666447)	(33.0, 2969.333333333566)	(34.0, 3547.666666667162)	(35.0, 4359.000000000506)	(36.0, 5127.33333333314)	(37.0, 5895.999999999108)	(38.0, 6583.333333331816)	(39.0, 7105.999999998007)	(40.0, 7379.999999997758)	(41.0, 7391.666666664414)	(42.0, 7094.666666664684)	(43.0, 6756.999999998325)	(44.0, 6223.666666665476)	(45.0, 5712.333333332608)	(46.0, 4980.666666666607)	(47.0, 4300.666666667225)	(48.0, 3663.000000000548)	(49.0, 3075.333333333614)	(50.0, 2567.333333333383)	(51.0, 2097.3333333331693)	(52.0, 1744.333333333216)	(53.0, 1446.666666666617)	(54.0, 1151.666666666684)	(55.0, 958.000000000039)	(56.0, 748.6666666666819)	(57.0, 599.6666666666649)	(58.0, 518.9999999999891)	(59.0, 395.99999999999494)	(60.0, 308.9999999999999)	(61.0, 233.00000000000225)	(62.0, 176.00000000000063)	(63.0, 132.33333333333272)	(64.0, 98.99999999999967)	(65.0, 81.66666666666659)	(66.0, 50.66666666666675)	(67.0, 35.33333333333331)	(68.0, 28.666666666666632)	(69.0, 20.66666666666666)	(70.0, 15.000000000000009)	(71.0, 8.999999999999998)	(72.0, 8.33333333333333)	(73.0, 7.666666666666663)	(74.0, 4.666666666666666)	(75.0, 1.6666666666666665)	(76.0, 0.3333333333333333)	(77.0, 0.6666666666666666)	(78.0, 0.3333333333333333)	(79.0, 0.6666666666666666)	(80.0, 0.3333333333333333)	(81.0, 0.3333333333333333)	(82.0, 0.0)	(83.0, 0.0)	(84.0, 0.3333333333333333)	(85.0, 0.3333333333333333)	(86.0, 0.0)	(87.0, 0.0)	(88.0, 0.3333333333333333)	(89.0, 0.0)	(90.0, 0.0)	(91.0, 0.0)	(92.0, 0.3333333333333333)	(93.0, 0.3333333333333333)	(94.0, 0.0)	(95.0, 0.0)	(96.0, 0.3333333333333333)	(97.0, 0.3333333333333333)	(98.0, 0.0)	(99.0, 0.0)	(100.0, 0.0)
SRR908433_1_paired	(0.0, 6232.5)	(1.0, 3778.333333333354)	(2.0, 1087.0000000000011)	(3.0, 530.6666666666666)	(4.0, 227.33333333333331)	(5.0, 93.5)	(6.0, 34.5)	(7.0, 16.5)	(8.0, 10.0)	(9.0, 8.0)	(10.0, 7.0)	(11.0, 4.5)	(12.0, 3.0)	(13.0, 2.6666666666666665)	(14.0, 0.5)	(15.0, 1.5)	(16.0, 4.666666666666667)	(17.0, 7.166666666666666)	(18.0, 7.0)	(19.0, 10.0)	(20.0, 17.833333333333336)	(21.0, 21.166666666666668)	(22.0, 31.999999999999996)	(23.0, 59.333333333333336)	(24.0, 73.83333333333333)	(25.0, 83.49999999999999)	(26.0, 104.16666666666661)	(27.0, 128.6666666666666)	(28.0, 181.33333333333337)	(29.0, 233.66666666666686)	(30.0, 270.0000000000002)	(31.0, 314.1666666666664)	(32.0, 378.6666666666664)	(33.0, 461.3333333333324)	(34.0, 500.66666666666544)	(35.0, 536.3333333333322)	(36.0, 606.3333333333331)	(37.0, 668.6666666666678)	(38.0, 694.1666666666683)	(39.0, 729.6666666666679)	(40.0, 765.6666666666682)	(41.0, 780.6666666666681)	(42.0, 833.833333333336)	(43.0, 841.3333333333362)	(44.0, 830.8333333333351)	(45.0, 813.3333333333347)	(46.0, 806.0000000000014)	(47.0, 845.8333333333353)	(48.0, 874.000000000002)	(49.0, 886.6666666666686)	(50.0, 881.5000000000017)	(51.0, 858.3333333333352)	(52.0, 846.3333333333347)	(53.0, 788.1666666666677)	(54.0, 668.6666666666671)	(55.0, 632.8333333333335)	(56.0, 608.5000000000001)	(57.0, 541.6666666666661)	(58.0, 484.83333333333286)	(59.0, 441.1666666666663)	(60.0, 391.49999999999966)	(61.0, 337.66666666666646)	(62.0, 284.16666666666686)	(63.0, 239.16666666666683)	(64.0, 206.33333333333346)	(65.0, 168.16666666666666)	(66.0, 126.33333333333326)	(67.0, 97.66666666666663)	(68.0, 77.66666666666667)	(69.0, 66.33333333333334)	(70.0, 55.16666666666667)	(71.0, 36.83333333333333)	(72.0, 21.833333333333332)	(73.0, 18.333333333333332)	(74.0, 12.833333333333334)	(75.0, 9.333333333333332)	(76.0, 7.333333333333333)	(77.0, 2.0)	(78.0, 0.5)	(79.0, 1.0)	(80.0, 1.5)	(81.0, 1.5)	(82.0, 0.5)	(83.0, 0.0)	(84.0, 0.5)	(85.0, 1.0)	(86.0, 0.5)	(87.0, 0.0)	(88.0, 0.0)	(89.0, 0.0)	(90.0, 0.0)	(91.0, 0.0)	(92.0, 0.0)	(93.0, 0.0)	(94.0, 0.0)	(95.0, 0.0)	(96.0, 0.0)	(97.0, 0.0)	(98.0, 0.0)	(99.0, 0.0)	(100.0, 0.0)																																																																																																					
SRR908433_2	(0.0, 3190.5)	(1.0, 1441.666666666618)	(2.0, 520.3333333333226)	(3.0, 223.66666666666865)	(4.0, 98.33333333333302)	(5.0, 56.66666666666679)	(6.0, 33.66666666666663)	(7.0, 27.333333333333304)	(8.0, 18.000000000000004)	(9.0, 16.00000000000001)	(10.0, 17.000000000000007)	(11.0, 12.666666666666671)	(12.0, 12.333333333333337)	(13.0, 12.333333333333337)	(14.0, 11.000000000000002)	(15.0, 10.666666666666668)	(16.0, 13.000000000000005)	(17.0, 22.666666666666654)	(18.0, 37.66666666666666)	(19.0, 56.66666666666679)	(20.0, 78.99999999999996)	(21.0, 119.33333333333272)	(22.0, 177.66666666666734)	(23.0, 224.66666666666868)	(24.0, 306.6666666666667)	(25.0, 371.3333333333297)	(26.0, 450.6666666666585)	(27.0, 515.6666666666554)	(28.0, 583.9999999999965)	(29.0, 705.3333333333436)	(30.0, 807.6666666666886)	(31.0, 948.0000000000379)	(32.0, 1091.0000000000312)	(33.0, 1267.999999999991)	(34.0, 1516.3333333332678)	(35.0, 1802.666666666536)	(36.0, 2205.9999999998854)	(37.0, 2724.3333333334544)	(38.0, 3521.333333333817)	(39.0, 4338.666666667191)	(40.0, 5452.333333332845)	(41.0, 6756.999999998325)	(42.0, 7867.333333330648)	(43.0, 8683.66666666458)	(44.0, 9362.666666665815)	(45.0, 9447.333333332635)	(46.0, 9094.666666665327)	(47.0, 8315.999999997244)	(48.0, 7305.333333331159)	(49.0, 6112.333333332244)	(50.0, 5021.333333333237)	(51.0, 3923.000000000666)	(52.0, 2977.3333333335695)	(53.0, 2240.666666666568)	(54.0, 1680.3333333332305)	(55.0, 1241.3333333333303)	(56.0, 913.0000000000339)	(57.0, 642.3333333333364)	(58.0, 490.99999999998954)	(59.0, 381.99999999999574)	(60.0, 273.33333333333525)	(61.0, 195.3333333333345)	(62.0, 173.66666666666723)	(63.0, 141.66666666666632)	(64.0, 97.33333333333303)	(65.0, 71.66666666666673)	(66.0, 62.3333333333335)	(67.0, 48.666666666666735)	(68.0, 33.33333333333329)	(69.0, 27.333333333333304)	(70.0, 21.333333333333325)	(71.0, 19.333333333333332)	(72.0, 15.333333333333343)	(73.0, 13.666666666666673)	(74.0, 10.333333333333334)	(75.0, 5.333333333333332)	(76.0, 6.666666666666664)	(77.0, 5.666666666666665)	(78.0, 4.666666666666666)	(79.0, 4.333333333333333)	(80.0, 2.6666666666666665)	(81.0, 3.3333333333333335)	(82.0, 1.6666666666666665)	(83.0, 1.6666666666666665)	(84.0, 1.0)	(85.0, 1.3333333333333333)	(86.0, 0.3333333333333333)	(87.0, 0.6666666666666666)	(88.0, 0.3333333333333333)	(89.0, 0.6666666666666666)	(90.0, 1.0)	(91.0, 0.3333333333333333)	(92.0, 0.3333333333333333)	(93.0, 0.0)	(94.0, 0.3333333333333333)	(95.0, 0.3333333333333333)	(96.0, 0.6666666666666666)	(97.0, 0.6666666666666666)	(98.0, 0.0)	(99.0, 0.0)	(100.0, 0.0)	(0.0, 3190.5)	(1.0, 1441.666666666618)	(2.0, 520.3333333333226)	(3.0, 223.66666666666865)	(4.0, 98.33333333333302)	(5.0, 56.66666666666679)	(6.0, 33.66666666666663)	(7.0, 27.333333333333304)	(8.0, 18.000000000000004)	(9.0, 16.00000000000001)	(10.0, 17.000000000000007)	(11.0, 12.666666666666671)	(12.0, 12.333333333333337)	(13.0, 12.333333333333337)	(14.0, 11.000000000000002)	(15.0, 10.666666666666668)	(16.0, 13.000000000000005)	(17.0, 22.666666666666654)	(18.0, 37.66666666666666)	(19.0, 56.66666666666679)	(20.0, 78.99999999999996)	(21.0, 119.33333333333272)	(22.0, 177.66666666666734)	(23.0, 224.66666666666868)	(24.0, 306.6666666666667)	(25.0, 371.3333333333297)	(26.0, 450.6666666666585)	(27.0, 515.6666666666554)	(28.0, 583.9999999999965)	(29.0, 705.3333333333436)	(30.0, 807.6666666666886)	(31.0, 948.0000000000379)	(32.0, 1091.0000000000312)	(33.0, 1267.999999999991)	(34.0, 1516.3333333332678)	(35.0, 1802.666666666536)	(36.0, 2205.9999999998854)	(37.0, 2724.3333333334544)	(38.0, 3521.333333333817)	(39.0, 4338.666666667191)	(40.0, 5452.333333332845)	(41.0, 6756.999999998325)	(42.0, 7867.333333330648)	(43.0, 8683.66666666458)	(44.0, 9362.666666665815)	(45.0, 9447.333333332635)	(46.0, 9094.666666665327)	(47.0, 8315.999999997244)	(48.0, 7305.333333331159)	(49.0, 6112.333333332244)	(50.0, 5021.333333333237)	(51.0, 3923.000000000666)	(52.0, 2977.3333333335695)	(53.0, 2240.666666666568)	(54.0, 1680.3333333332305)	(55.0, 1241.3333333333303)	(56.0, 913.0000000000339)	(57.0, 642.3333333333364)	(58.0, 490.99999999998954)	(59.0, 381.99999999999574)	(60.0, 273.33333333333525)	(61.0, 195.3333333333345)	(62.0, 173.66666666666723)	(63.0, 141.66666666666632)	(64.0, 97.33333333333303)	(65.0, 71.66666666666673)	(66.0, 62.3333333333335)	(67.0, 48.666666666666735)	(68.0, 33.33333333333329)	(69.0, 27.333333333333304)	(70.0, 21.333333333333325)	(71.0, 19.333333333333332)	(72.0, 15.333333333333343)	(73.0, 13.666666666666673)	(74.0, 10.333333333333334)	(75.0, 5.333333333333332)	(76.0, 6.666666666666664)	(77.0, 5.666666666666665)	(78.0, 4.666666666666666)	(79.0, 4.333333333333333)	(80.0, 2.6666666666666665)	(81.0, 3.3333333333333335)	(82.0, 1.6666666666666665)	(83.0, 1.6666666666666665)	(84.0, 1.0)	(85.0, 1.3333333333333333)	(86.0, 0.3333333333333333)	(87.0, 0.6666666666666666)	(88.0, 0.3333333333333333)	(89.0, 0.6666666666666666)	(90.0, 1.0)	(91.0, 0.3333333333333333)	(92.0, 0.3333333333333333)	(93.0, 0.0)	(94.0, 0.3333333333333333)	(95.0, 0.3333333333333333)	(96.0, 0.6666666666666666)	(97.0, 0.6666666666666666)	(98.0, 0.0)	(99.0, 0.0)	(100.0, 0.0)
SRR908433_2_paired	(0.0, 8222.0)	(1.0, 4588.66666666667)	(2.0, 567.3333333333333)	(3.0, 54.0)	(4.0, 8.0)	(5.0, 4.0)	(6.0, 1.0)	(7.0, 0.0)	(8.0, 0.5)	(9.0, 0.5)	(10.0, 0.0)	(11.0, 0.8333333333333333)	(12.0, 0.8333333333333333)	(13.0, 0.5)	(14.0, 1.0)	(15.0, 0.5)	(16.0, 1.8333333333333333)	(17.0, 3.8333333333333335)	(18.0, 6.333333333333334)	(19.0, 10.333333333333332)	(20.0, 14.333333333333334)	(21.0, 18.333333333333336)	(22.0, 25.666666666666664)	(23.0, 40.333333333333336)	(24.0, 59.50000000000001)	(25.0, 78.66666666666667)	(26.0, 108.16666666666664)	(27.0, 135.16666666666666)	(28.0, 149.16666666666663)	(29.0, 198.83333333333343)	(30.0, 263.8333333333335)	(31.0, 329.9999999999998)	(32.0, 392.16666666666646)	(33.0, 457.6666666666659)	(34.0, 500.8333333333323)	(35.0, 562.4999999999995)	(36.0, 618.6666666666667)	(37.0, 676.1666666666673)	(38.0, 717.1666666666672)	(39.0, 734.1666666666677)	(40.0, 794.500000000001)	(41.0, 841.5000000000013)	(42.0, 848.3333333333344)	(43.0, 837.8333333333344)	(44.0, 868.5000000000013)	(45.0, 880.8333333333339)	(46.0, 856.0000000000006)	(47.0, 889.6666666666672)	(48.0, 909.6666666666674)	(49.0, 880.5000000000005)	(50.0, 879.3333333333337)	(51.0, 914.6666666666672)	(52.0, 918.166666666667)	(53.0, 828.0000000000006)	(54.0, 733.0000000000003)	(55.0, 671.8333333333331)	(56.0, 657.8333333333333)	(57.0, 620.3333333333333)	(58.0, 535.0)	(59.0, 480.33333333333326)	(60.0, 443.49999999999994)	(61.0, 399.8333333333333)	(62.0, 346.6666666666667)	(63.0, 292.83333333333326)	(64.0, 235.83333333333334)	(65.0, 182.5)	(66.0, 162.83333333333331)	(67.0, 144.33333333333334)	(68.0, 112.33333333333334)	(69.0, 89.5)	(70.0, 72.16666666666667)	(71.0, 58.83333333333333)	(72.0, 38.5)	(73.0, 23.0)	(74.0, 16.5)	(75.0, 10.5)	(76.0, 5.0)	(77.0, 3.5)	(78.0, 4.0)	(79.0, 2.0)	(80.0, 0.5)	(81.0, 1.0)	(82.0, 1.5)	(83.0, 1.0)	(84.0, 0.0)	(85.0, 0.0)	(86.0, 0.0)	(87.0, 0.5)	(88.0, 0.5)	(89.0, 0.0)	(90.0, 0.0)	(91.0, 0.0)	(92.0, 0.0)	(93.0, 0.0)	(94.0, 0.0)	(95.0, 0.0)	(96.0, 0.0)	(97.0, 0.0)	(98.0, 0.0)	(99.0, 0.0)	(100.0, 0.0)																																																																																																					
SRR908434_1	(0.0, 2786.5)	(1.0, 1160.666666666682)	(2.0, 384.99999999999557)	(3.0, 139.33333333333292)	(4.0, 91.33333333333312)	(5.0, 64.3333333333335)	(6.0, 55.000000000000114)	(7.0, 41.666666666666686)	(8.0, 34.3333333333333)	(9.0, 26.66666666666664)	(10.0, 20.66666666666666)	(11.0, 20.66666666666666)	(12.0, 15.000000000000009)	(13.0, 14.333333333333341)	(14.0, 16.00000000000001)	(15.0, 37.99999999999999)	(16.0, 162.6666666666669)	(17.0, 330.99999999999864)	(18.0, 486.66666666665645)	(19.0, 537.9999999999912)	(20.0, 561.3333333333272)	(21.0, 595.6666666666645)	(22.0, 620.0000000000006)	(23.0, 653.0000000000043)	(24.0, 664.6666666666723)	(25.0, 661.666666666672)	(26.0, 726.0000000000126)	(27.0, 809.6666666666888)	(28.0, 906.0000000000331)	(29.0, 1050.3333333333737)	(30.0, 1263.3333333333253)	(31.0, 1552.3333333332596)	(32.0, 1922.3333333331755)	(33.0, 2373.6666666666283)	(34.0, 2883.3333333335268)	(35.0, 3447.0000000004497)	(36.0, 3962.666666667351)	(37.0, 4421.333333333782)	(38.0, 4774.000000000128)	(39.0, 4898.3333333333485)	(40.0, 5000.666666666589)	(41.0, 4933.66666666665)	(42.0, 4674.000000000219)	(43.0, 4353.000000000511)	(44.0, 3950.333333334012)	(45.0, 3550.33333333383)	(46.0, 3050.666666666936)	(47.0, 2599.000000000064)	(48.0, 2202.333333333217)	(49.0, 1815.666666666533)	(50.0, 1531.3333333332644)	(51.0, 1285.6666666666536)	(52.0, 1054.666666666706)	(53.0, 845.3333333333595)	(54.0, 668.000000000006)	(55.0, 541.9999999999917)	(56.0, 436.9999999999926)	(57.0, 376.6666666666627)	(58.0, 296.0000000000006)	(59.0, 213.66666666666836)	(60.0, 167.3333333333337)	(61.0, 136.66666666666617)	(62.0, 96.33333333333304)	(63.0, 74.00000000000003)	(64.0, 60.333333333333485)	(65.0, 39.0)	(66.0, 31.33333333333329)	(67.0, 22.666666666666654)	(68.0, 21.333333333333325)	(69.0, 14.333333333333341)	(70.0, 7.33333333333333)	(71.0, 5.333333333333332)	(72.0, 3.666666666666667)	(73.0, 3.0)	(74.0, 3.3333333333333335)	(75.0, 1.6666666666666665)	(76.0, 1.6666666666666665)	(77.0, 0.6666666666666666)	(78.0, 0.6666666666666666)	(79.0, 0.3333333333333333)	(80.0, 0.6666666666666666)	(81.0, 0.6666666666666666)	(82.0, 0.0)	(83.0, 0.0)	(84.0, 0.3333333333333333)	(85.0, 0.3333333333333333)	(86.0, 0.0)	(87.0, 0.0)	(88.0, 0.3333333333333333)	(89.0, 0.3333333333333333)	(90.0, 0.3333333333333333)	(91.0, 0.3333333333333333)	(92.0, 0.0)	(93.0, 0.0)	(94.0, 0.0)	(95.0, 0.0)	(96.0, 0.0)	(97.0, 0.3333333333333333)	(98.0, 0.3333333333333333)	(99.0, 0.0)	(100.0, 0.0)	(0.0, 2786.5)	(1.0, 1160.666666666682)	(2.0, 384.99999999999557)	(3.0, 139.33333333333292)	(4.0, 91.33333333333312)	(5.0, 64.3333333333335)	(6.0, 55.000000000000114)	(7.0, 41.666666666666686)	(8.0, 34.3333333333333)	(9.0, 26.66666666666664)	(10.0, 20.66666666666666)	(11.0, 20.66666666666666)	(12.0, 15.000000000000009)	(13.0, 14.333333333333341)	(14.0, 16.00000000000001)	(15.0, 37.99999999999999)	(16.0, 162.6666666666669)	(17.0, 330.99999999999864)	(18.0, 486.66666666665645)	(19.0, 537.9999999999912)	(20.0, 561.3333333333272)	(21.0, 595.6666666666645)	(22.0, 620.0000000000006)	(23.0, 653.0000000000043)	(24.0, 664.6666666666723)	(25.0, 661.666666666672)	(26.0, 726.0000000000126)	(27.0, 809.6666666666888)	(28.0, 906.0000000000331)	(29.0, 1050.3333333333737)	(30.0, 1263.3333333333253)	(31.0, 1552.3333333332596)	(32.0, 1922.3333333331755)	(33.0, 2373.6666666666283)	(34.0, 2883.3333333335268)	(35.0, 3447.0000000004497)	(36.0, 3962.666666667351)	(37.0, 4421.333333333782)	(38.0, 4774.000000000128)	(39.0, 4898.3333333333485)	(40.0, 5000.666666666589)	(41.0, 4933.66666666665)	(42.0, 4674.000000000219)	(43.0, 4353.000000000511)	(44.0, 3950.333333334012)	(45.0, 3550.33333333383)	(46.0, 3050.666666666936)	(47.0, 2599.000000000064)	(48.0, 2202.333333333217)	(49.0, 1815.666666666533)	(50.0, 1531.3333333332644)	(51.0, 1285.6666666666536)	(52.0, 1054.666666666706)	(53.0, 845.3333333333595)	(54.0, 668.000000000006)	(55.0, 541.9999999999917)	(56.0, 436.9999999999926)	(57.0, 376.6666666666627)	(58.0, 296.0000000000006)	(59.0, 213.66666666666836)	(60.0, 167.3333333333337)	(61.0, 136.66666666666617)	(62.0, 96.33333333333304)	(63.0, 74.00000000000003)	(64.0, 60.333333333333485)	(65.0, 39.0)	(66.0, 31.33333333333329)	(67.0, 22.666666666666654)	(68.0, 21.333333333333325)	(69.0, 14.333333333333341)	(70.0, 7.33333333333333)	(71.0, 5.333333333333332)	(72.0, 3.666666666666667)	(73.0, 3.0)	(74.0, 3.3333333333333335)	(75.0, 1.6666666666666665)	(76.0, 1.6666666666666665)	(77.0, 0.6666666666666666)	(78.0, 0.6666666666666666)	(79.0, 0.3333333333333333)	(80.0, 0.6666666666666666)	(81.0, 0.6666666666666666)	(82.0, 0.0)	(83.0, 0.0)	(84.0, 0.3333333333333333)	(85.0, 0.3333333333333333)	(86.0, 0.0)	(87.0, 0.0)	(88.0, 0.3333333333333333)	(89.0, 0.3333333333333333)	(90.0, 0.3333333333333333)	(91.0, 0.3333333333333333)	(92.0, 0.0)	(93.0, 0.0)	(94.0, 0.0)	(95.0, 0.0)	(96.0, 0.0)	(97.0, 0.3333333333333333)	(98.0, 0.3333333333333333)	(99.0, 0.0)	(100.0, 0.0)
SRR908434_1_paired	(0.0, 4775.5)	(1.0, 3080.833333333348)	(2.0, 1123.3333333333358)	(3.0, 602.1666666666665)	(4.0, 283.5)	(5.0, 104.0)	(6.0, 31.0)	(7.0, 13.0)	(8.0, 5.5)	(9.0, 2.5)	(10.0, 2.0)	(11.0, 3.5)	(12.0, 4.0)	(13.0, 3.5)	(14.0, 4.5)	(15.0, 6.0)	(16.0, 6.0)	(17.0, 5.5)	(18.0, 8.333333333333332)	(19.0, 10.5)	(20.0, 12.0)	(21.0, 14.833333333333332)	(22.0, 15.666666666666666)	(23.0, 19.166666666666668)	(24.0, 24.666666666666668)	(25.0, 28.16666666666666)	(26.0, 41.49999999999999)	(27.0, 70.0)	(28.0, 99.83333333333331)	(29.0, 121.49999999999997)	(30.0, 131.49999999999994)	(31.0, 135.99999999999994)	(32.0, 164.0)	(33.0, 184.83333333333334)	(34.0, 207.0000000000001)	(35.0, 257.83333333333354)	(36.0, 296.50000000000006)	(37.0, 332.6666666666665)	(38.0, 377.4999999999997)	(39.0, 402.99999999999983)	(40.0, 412.49999999999983)	(41.0, 424.3333333333329)	(42.0, 448.4999999999993)	(43.0, 467.4999999999995)	(44.0, 473.16666666666634)	(45.0, 495.3333333333326)	(46.0, 543.3333333333328)	(47.0, 586.1666666666666)	(48.0, 607.333333333333)	(49.0, 595.1666666666663)	(50.0, 601.1666666666666)	(51.0, 583.8333333333333)	(52.0, 572.8333333333333)	(53.0, 551.4999999999999)	(54.0, 464.33333333333303)	(55.0, 418.5)	(56.0, 397.8333333333333)	(57.0, 365.1666666666666)	(58.0, 331.66666666666663)	(59.0, 308.33333333333337)	(60.0, 291.50000000000006)	(61.0, 247.00000000000009)	(62.0, 198.50000000000009)	(63.0, 180.0000000000001)	(64.0, 148.33333333333334)	(65.0, 119.8333333333333)	(66.0, 94.83333333333333)	(67.0, 69.16666666666667)	(68.0, 64.5)	(69.0, 54.5)	(70.0, 39.833333333333336)	(71.0, 31.999999999999996)	(72.0, 26.999999999999996)	(73.0, 20.666666666666668)	(74.0, 11.833333333333332)	(75.0, 6.0)	(76.0, 6.0)	(77.0, 4.0)	(78.0, 1.0)	(79.0, 0.5)	(80.0, 0.0)	(81.0, 0.0)	(82.0, 0.0)	(83.0, 0.0)	(84.0, 0.0)	(85.0, 0.0)	(86.0, 0.0)	(87.0, 0.0)	(88.0, 0.0)	(89.0, 0.0)	(90.0, 0.0)	(91.0, 0.0)	(92.0, 0.0)	(93.0, 0.0)	(94.0, 0.0)	(95.0, 0.0)	(96.0, 0.0)	(97.0, 0.0)	(98.0, 0.0)	(99.0, 0.0)	(100.0, 0.0)																																																																																																					
SRR908434_2	(0.0, 3179.0)	(1.0, 1067.3333333333699)	(2.0, 313.9999999999996)	(3.0, 144.33333333333306)	(4.0, 81.33333333333326)	(5.0, 52.666666666666764)	(6.0, 29.99999999999996)	(7.0, 24.333333333333314)	(8.0, 17.000000000000007)	(9.0, 13.666666666666673)	(10.0, 14.666666666666675)	(11.0, 15.666666666666677)	(12.0, 13.33333333333334)	(13.0, 13.666666666666673)	(14.0, 8.666666666666664)	(15.0, 9.666666666666666)	(16.0, 13.000000000000005)	(17.0, 13.000000000000005)	(18.0, 19.999999999999996)	(19.0, 31.999999999999954)	(20.0, 53.66666666666677)	(21.0, 77.66666666666664)	(22.0, 112.33333333333282)	(23.0, 148.66666666666652)	(24.0, 181.66666666666745)	(25.0, 239.33333333333576)	(26.0, 294.66666666666737)	(27.0, 328.99999999999875)	(28.0, 409.66666666666083)	(29.0, 473.6666666666572)	(30.0, 556.3333333333267)	(31.0, 634.3333333333355)	(32.0, 715.0000000000114)	(33.0, 804.6666666666882)	(34.0, 982.0000000000417)	(35.0, 1160.666666666682)	(36.0, 1435.6666666666194)	(37.0, 1824.666666666531)	(38.0, 2315.666666666602)	(39.0, 2891.666666666864)	(40.0, 3678.000000000555)	(41.0, 4568.666666666982)	(42.0, 5371.333333332918)	(43.0, 5977.6666666657)	(44.0, 6364.333333332015)	(45.0, 6569.999999998495)	(46.0, 6326.666666665383)	(47.0, 5831.999999999166)	(48.0, 5121.333333333146)	(49.0, 4372.66666666716)	(50.0, 3553.666666667165)	(51.0, 2825.000000000167)	(52.0, 2105.333333333173)	(53.0, 1578.3333333332537)	(54.0, 1167.6666666666804)	(55.0, 827.6666666666908)	(56.0, 600.3333333333317)	(57.0, 461.9999999999912)	(58.0, 331.33333333333195)	(59.0, 238.33333333333573)	(60.0, 180.66666666666742)	(61.0, 143.33333333333303)	(62.0, 110.9999999999995)	(63.0, 79.66666666666661)	(64.0, 63.333333333333506)	(65.0, 44.33333333333337)	(66.0, 27.999999999999968)	(67.0, 26.66666666666664)	(68.0, 23.333333333333318)	(69.0, 21.99999999999999)	(70.0, 20.999999999999993)	(71.0, 13.666666666666673)	(72.0, 14.000000000000007)	(73.0, 8.999999999999998)	(74.0, 8.33333333333333)	(75.0, 5.999999999999998)	(76.0, 5.666666666666665)	(77.0, 3.0)	(78.0, 3.0)	(79.0, 2.6666666666666665)	(80.0, 1.3333333333333333)	(81.0, 1.3333333333333333)	(82.0, 1.3333333333333333)	(83.0, 1.3333333333333333)	(84.0, 1.3333333333333333)	(85.0, 1.0)	(86.0, 1.3333333333333333)	(87.0, 1.0)	(88.0, 0.3333333333333333)	(89.0, 0.3333333333333333)	(90.0, 0.0)	(91.0, 0.3333333333333333)	(92.0, 0.3333333333333333)	(93.0, 0.0)	(94.0, 0.3333333333333333)	(95.0, 0.3333333333333333)	(96.0, 0.0)	(97.0, 0.0)	(98.0, 0.0)	(99.0, 0.0)	(100.0, 0.0)	(0.0, 3179.0)	(1.0, 1067.3333333333699)	(2.0, 313.9999999999996)	(3.0, 144.33333333333306)	(4.0, 81.33333333333326)	(5.0, 52.666666666666764)	(6.0, 29.99999999999996)	(7.0, 24.333333333333314)	(8.0, 17.000000000000007)	(9.0, 13.666666666666673)	(10.0, 14.666666666666675)	(11.0, 15.666666666666677)	(12.0, 13.33333333333334)	(13.0, 13.666666666666673)	(14.0, 8.666666666666664)	(15.0, 9.666666666666666)	(16.0, 13.000000000000005)	(17.0, 13.000000000000005)	(18.0, 19.999999999999996)	(19.0, 31.999999999999954)	(20.0, 53.66666666666677)	(21.0, 77.66666666666664)	(22.0, 112.33333333333282)	(23.0, 148.66666666666652)	(24.0, 181.66666666666745)	(25.0, 239.33333333333576)	(26.0, 294.66666666666737)	(27.0, 328.99999999999875)	(28.0, 409.66666666666083)	(29.0, 473.6666666666572)	(30.0, 556.3333333333267)	(31.0, 634.3333333333355)	(32.0, 715.0000000000114)	(33.0, 804.6666666666882)	(34.0, 982.0000000000417)	(35.0, 1160.666666666682)	(36.0, 1435.6666666666194)	(37.0, 1824.666666666531)	(38.0, 2315.666666666602)	(39.0, 2891.666666666864)	(40.0, 3678.000000000555)	(41.0, 4568.666666666982)	(42.0, 5371.333333332918)	(43.0, 5977.6666666657)	(44.0, 6364.333333332015)	(45.0, 6569.999999998495)	(46.0, 6326.666666665383)	(47.0, 5831.999999999166)	(48.0, 5121.333333333146)	(49.0, 4372.66666666716)	(50.0, 3553.666666667165)	(51.0, 2825.000000000167)	(52.0, 2105.333333333173)	(53.0, 1578.3333333332537)	(54.0, 1167.6666666666804)	(55.0, 827.6666666666908)	(56.0, 600.3333333333317)	(57.0, 461.9999999999912)	(58.0, 331.33333333333195)	(59.0, 238.33333333333573)	(60.0, 180.66666666666742)	(61.0, 143.33333333333303)	(62.0, 110.9999999999995)	(63.0, 79.66666666666661)	(64.0, 63.333333333333506)	(65.0, 44.33333333333337)	(66.0, 27.999999999999968)	(67.0, 26.66666666666664)	(68.0, 23.333333333333318)	(69.0, 21.99999999999999)	(70.0, 20.999999999999993)	(71.0, 13.666666666666673)	(72.0, 14.000000000000007)	(73.0, 8.999999999999998)	(74.0, 8.33333333333333)	(75.0, 5.999999999999998)	(76.0, 5.666666666666665)	(77.0, 3.0)	(78.0, 3.0)	(79.0, 2.6666666666666665)	(80.0, 1.3333333333333333)	(81.0, 1.3333333333333333)	(82.0, 1.3333333333333333)	(83.0, 1.3333333333333333)	(84.0, 1.3333333333333333)	(85.0, 1.0)	(86.0, 1.3333333333333333)	(87.0, 1.0)	(88.0, 0.3333333333333333)	(89.0, 0.3333333333333333)	(90.0, 0.0)	(91.0, 0.3333333333333333)	(92.0, 0.3333333333333333)	(93.0, 0.0)	(94.0, 0.3333333333333333)	(95.0, 0.3333333333333333)	(96.0, 0.0)	(97.0, 0.0)	(98.0, 0.0)	(99.0, 0.0)	(100.0, 0.0)
SRR908434_2_paired	(0.0, 7392.0)	(1.0, 4055.1666666666692)	(2.0, 467.0)	(3.0, 45.5)	(4.0, 4.0)	(5.0, 0.5)	(6.0, 1.5)	(7.0, 1.5)	(8.0, 1.0)	(9.0, 1.0)	(10.0, 2.5)	(11.0, 3.0)	(12.0, 3.5)	(13.0, 3.0)	(14.0, 1.5)	(15.0, 4.0)	(16.0, 5.0)	(17.0, 4.0)	(18.0, 4.833333333333333)	(19.0, 5.833333333333333)	(20.0, 5.833333333333333)	(21.0, 6.666666666666666)	(22.0, 10.5)	(23.0, 21.0)	(24.0, 28.166666666666664)	(25.0, 29.0)	(26.0, 42.166666666666664)	(27.0, 70.33333333333334)	(28.0, 88.83333333333333)	(29.0, 94.99999999999999)	(30.0, 109.8333333333333)	(31.0, 136.66666666666663)	(32.0, 159.99999999999997)	(33.0, 184.0)	(34.0, 222.6666666666668)	(35.0, 257.3333333333335)	(36.0, 282.6666666666668)	(37.0, 315.83333333333326)	(38.0, 348.33333333333326)	(39.0, 391.1666666666665)	(40.0, 419.8333333333331)	(41.0, 435.4999999999997)	(42.0, 472.1666666666665)	(43.0, 480.1666666666664)	(44.0, 480.49999999999966)	(45.0, 529.6666666666666)	(46.0, 561.3333333333334)	(47.0, 557.1666666666666)	(48.0, 589.6666666666666)	(49.0, 629.5000000000001)	(50.0, 629.3333333333333)	(51.0, 601.9999999999999)	(52.0, 601.3333333333334)	(53.0, 579.6666666666666)	(54.0, 495.1666666666666)	(55.0, 452.83333333333326)	(56.0, 442.83333333333326)	(57.0, 396.16666666666663)	(58.0, 354.83333333333326)	(59.0, 337.83333333333326)	(60.0, 308.3333333333333)	(61.0, 257.6666666666667)	(62.0, 235.33333333333334)	(63.0, 223.5)	(64.0, 176.33333333333334)	(65.0, 128.0)	(66.0, 115.33333333333333)	(67.0, 98.33333333333333)	(68.0, 74.0)	(69.0, 69.33333333333333)	(70.0, 56.0)	(71.0, 39.0)	(72.0, 28.5)	(73.0, 17.0)	(74.0, 11.0)	(75.0, 10.5)	(76.0, 8.5)	(77.0, 5.5)	(78.0, 4.5)	(79.0, 3.5)	(80.0, 2.5)	(81.0, 2.0)	(82.0, 0.5)	(83.0, 0.0)	(84.0, 0.0)	(85.0, 0.0)	(86.0, 0.0)	(87.0, 0.0)	(88.0, 0.0)	(89.0, 0.0)	(90.0, 0.0)	(91.0, 0.0)	(92.0, 0.0)	(93.0, 0.0)	(94.0, 0.0)	(95.0, 0.0)	(96.0, 0.0)	(97.0, 0.0)	(98.0, 0.0)	(99.0, 0.0)	(100.0, 0.0)																																																																																																					
SRR908435_1	(0.0, 12955.0)	(1.0, 3104.0000000002938)	(2.0, 1052.6666666667065)	(3.0, 536.9999999999911)	(4.0, 353.9999999999973)	(5.0, 241.66666666666916)	(6.0, 165.33333333333366)	(7.0, 130.99999999999935)	(8.0, 100.66666666666632)	(9.0, 76.66666666666666)	(10.0, 62.666666666666835)	(11.0, 53.333333333333435)	(12.0, 43.6666666666667)	(13.0, 36.999999999999986)	(14.0, 36.66666666666665)	(15.0, 67.33333333333346)	(16.0, 170.00000000000045)	(17.0, 276.00000000000176)	(18.0, 342.3333333333313)	(19.0, 384.99999999999557)	(20.0, 379.3333333333292)	(21.0, 386.66666666666214)	(22.0, 418.333333333327)	(23.0, 442.99999999999227)	(24.0, 459.3333333333247)	(25.0, 514.9999999999886)	(26.0, 555.9999999999933)	(27.0, 639.0000000000027)	(28.0, 768.3333333333508)	(29.0, 954.3333333333719)	(30.0, 1169.0000000000134)	(31.0, 1471.333333333278)	(32.0, 1833.9999999998622)	(33.0, 2292.6666666665915)	(34.0, 2799.3333333334886)	(35.0, 3412.666666667101)	(36.0, 4073.6666666674014)	(37.0, 4697.000000000198)	(38.0, 5454.999999999509)	(39.0, 5730.666666665925)	(40.0, 5835.999999999162)	(41.0, 5888.999999999114)	(42.0, 5935.666666665738)	(43.0, 5556.999999999416)	(44.0, 5212.666666666396)	(45.0, 4703.333333333526)	(46.0, 4312.3333333338815)	(47.0, 3891.333333333985)	(48.0, 3498.3333333338064)	(49.0, 3196.6666666670026)	(50.0, 2735.000000000126)	(51.0, 2263.333333333245)	(52.0, 1863.9999999998554)	(53.0, 1538.3333333332628)	(54.0, 1322.9999999999784)	(55.0, 1122.6666666666906)	(56.0, 942.0000000000372)	(57.0, 749.3333333333486)	(58.0, 629.0000000000016)	(59.0, 496.6666666666559)	(60.0, 405.33333333332774)	(61.0, 329.33333333333206)	(62.0, 268.66666666666885)	(63.0, 251.3333333333361)	(64.0, 188.3333333333343)	(65.0, 133.6666666666661)	(66.0, 98.33333333333302)	(67.0, 83.99999999999989)	(68.0, 64.66666666666683)	(69.0, 50.66666666666675)	(70.0, 36.999999999999986)	(71.0, 31.66666666666662)	(72.0, 16.333333333333343)	(73.0, 10.333333333333334)	(74.0, 5.999999999999998)	(75.0, 7.9999999999999964)	(76.0, 4.999999999999999)	(77.0, 2.333333333333333)	(78.0, 2.333333333333333)	(79.0, 1.0)	(80.0, 0.6666666666666666)	(81.0, 0.3333333333333333)	(82.0, 0.6666666666666666)	(83.0, 0.0)	(84.0, 0.6666666666666666)	(85.0, 0.6666666666666666)	(86.0, 0.3333333333333333)	(87.0, 0.3333333333333333)	(88.0, 0.0)	(89.0, 0.0)	(90.0, 0.0)	(91.0, 0.0)	(92.0, 0.0)	(93.0, 0.0)	(94.0, 0.0)	(95.0, 0.0)	(96.0, 0.0)	(97.0, 0.0)	(98.0, 0.0)	(99.0, 0.0)	(100.0, 0.5)	(0.0, 12955.0)	(1.0, 3104.0000000002938)	(2.0, 1052.6666666667065)	(3.0, 536.9999999999911)	(4.0, 353.9999999999973)	(5.0, 241.66666666666916)	(6.0, 165.33333333333366)	(7.0, 130.99999999999935)	(8.0, 100.66666666666632)	(9.0, 76.66666666666666)	(10.0, 62.666666666666835)	(11.0, 53.333333333333435)	(12.0, 43.6666666666667)	(13.0, 36.999999999999986)	(14.0, 36.66666666666665)	(15.0, 67.33333333333346)	(16.0, 170.00000000000045)	(17.0, 276.00000000000176)	(18.0, 342.3333333333313)	(19.0, 384.99999999999557)	(20.0, 379.3333333333292)	(21.0, 386.66666666666214)	(22.0, 418.333333333327)	(23.0, 442.99999999999227)	(24.0, 459.3333333333247)	(25.0, 514.9999999999886)	(26.0, 555.9999999999933)	(27.0, 639.0000000000027)	(28.0, 768.3333333333508)	(29.0, 954.3333333333719)	(30.0, 1169.0000000000134)	(31.0, 1471.333333333278)	(32.0, 1833.9999999998622)	(33.0, 2292.6666666665915)	(34.0, 2799.3333333334886)	(35.0, 3412.666666667101)	(36.0, 4073.6666666674014)	(37.0, 4697.000000000198)	(38.0, 5454.999999999509)	(39.0, 5730.666666665925)	(40.0, 5835.999999999162)	(41.0, 5888.999999999114)	(42.0, 5935.666666665738)	(43.0, 5556.999999999416)	(44.0, 5212.666666666396)	(45.0, 4703.333333333526)	(46.0, 4312.3333333338815)	(47.0, 3891.333333333985)	(48.0, 3498.3333333338064)	(49.0, 3196.6666666670026)	(50.0, 2735.000000000126)	(51.0, 2263.333333333245)	(52.0, 1863.9999999998554)	(53.0, 1538.3333333332628)	(54.0, 1322.9999999999784)	(55.0, 1122.6666666666906)	(56.0, 942.0000000000372)	(57.0, 749.3333333333486)	(58.0, 629.0000000000016)	(59.0, 496.6666666666559)	(60.0, 405.33333333332774)	(61.0, 329.33333333333206)	(62.0, 268.66666666666885)	(63.0, 251.3333333333361)	(64.0, 188.3333333333343)	(65.0, 133.6666666666661)	(66.0, 98.33333333333302)	(67.0, 83.99999999999989)	(68.0, 64.66666666666683)	(69.0, 50.66666666666675)	(70.0, 36.999999999999986)	(71.0, 31.66666666666662)	(72.0, 16.333333333333343)	(73.0, 10.333333333333334)	(74.0, 5.999999999999998)	(75.0, 7.9999999999999964)	(76.0, 4.999999999999999)	(77.0, 2.333333333333333)	(78.0, 2.333333333333333)	(79.0, 1.0)	(80.0, 0.6666666666666666)	(81.0, 0.3333333333333333)	(82.0, 0.6666666666666666)	(83.0, 0.0)	(84.0, 0.6666666666666666)	(85.0, 0.6666666666666666)	(86.0, 0.3333333333333333)	(87.0, 0.3333333333333333)	(88.0, 0.0)	(89.0, 0.0)	(90.0, 0.0)	(91.0, 0.0)	(92.0, 0.0)	(93.0, 0.0)	(94.0, 0.0)	(95.0, 0.0)	(96.0, 0.0)	(97.0, 0.0)	(98.0, 0.0)	(99.0, 0.0)	(100.0, 0.5)
SRR908435_1_paired	(0.0, 25378.5)	(1.0, 13907.500000000116)	(2.0, 2404.1666666666656)	(3.0, 779.5000000000001)	(4.0, 305.6666666666667)	(5.0, 108.33333333333334)	(6.0, 45.5)	(7.0, 18.5)	(8.0, 12.5)	(9.0, 9.5)	(10.0, 6.5)	(11.0, 6.5)	(12.0, 5.0)	(13.0, 5.5)	(14.0, 8.833333333333332)	(15.0, 7.0)	(16.0, 5.666666666666666)	(17.0, 13.500000000000002)	(18.0, 31.0)	(19.0, 48.66666666666667)	(20.0, 64.5)	(21.0, 89.49999999999999)	(22.0, 131.3333333333333)	(23.0, 169.6666666666667)	(24.0, 209.33333333333343)	(25.0, 278.16666666666686)	(26.0, 353.8333333333331)	(27.0, 482.49999999999903)	(28.0, 682.3333333333339)	(29.0, 865.1666666666698)	(30.0, 1002.0000000000053)	(31.0, 1125.5000000000032)	(32.0, 1335.166666666664)	(33.0, 1664.499999999988)	(34.0, 1956.999999999978)	(35.0, 2128.3333333333144)	(36.0, 2435.666666666666)	(37.0, 2782.333333333359)	(38.0, 3044.333333333387)	(39.0, 3140.16666666672)	(40.0, 3267.166666666728)	(41.0, 3199.0000000000455)	(42.0, 3301.666666666723)	(43.0, 3356.500000000053)	(44.0, 3269.1666666667134)	(45.0, 3324.1666666667184)	(46.0, 3418.000000000052)	(47.0, 3432.333333333376)	(48.0, 3510.5000000000546)	(49.0, 3576.3333333334044)	(50.0, 3468.6666666667147)	(51.0, 3412.500000000031)	(52.0, 3304.500000000024)	(53.0, 3037.3333333333558)	(54.0, 2703.8333333333435)	(55.0, 2543.666666666669)	(56.0, 2282.499999999991)	(57.0, 1917.9999999999861)	(58.0, 1685.9999999999902)	(59.0, 1495.8333333333278)	(60.0, 1374.8333333333312)	(61.0, 1185.166666666669)	(62.0, 1007.333333333337)	(63.0, 890.1666666666706)	(64.0, 711.1666666666672)	(65.0, 572.9999999999993)	(66.0, 452.3333333333327)	(67.0, 365.1666666666666)	(68.0, 293.6666666666667)	(69.0, 233.16666666666674)	(70.0, 174.6666666666667)	(71.0, 130.99999999999997)	(72.0, 92.5)	(73.0, 64.50000000000001)	(74.0, 54.833333333333336)	(75.0, 43.5)	(76.0, 23.5)	(77.0, 16.0)	(78.0, 11.5)	(79.0, 8.0)	(80.0, 3.5)	(81.0, 0.5)	(82.0, 1.0)	(83.0, 0.5)	(84.0, 0.0)	(85.0, 0.0)	(86.0, 0.0)	(87.0, 0.0)	(88.0, 0.0)	(89.0, 0.0)	(90.0, 0.0)	(91.0, 0.0)	(92.0, 0.0)	(93.0, 0.0)	(94.0, 0.0)	(95.0, 0.0)	(96.0, 0.0)	(97.0, 0.0)	(98.0, 0.0)	(99.0, 0.0)	(100.0, 0.0)																																																																																																					
SRR908435_2	(0.0, 11657.5)	(1.0, 4656.000000000236)	(2.0, 1585.333333333252)	(3.0, 703.3333333333434)	(4.0, 346.3333333333311)	(5.0, 200.33333333333465)	(6.0, 135.3333333333328)	(7.0, 104.33333333333293)	(8.0, 79.99999999999994)	(9.0, 59.00000000000014)	(10.0, 52.666666666666764)	(11.0, 42.66666666666669)	(12.0, 42.00000000000002)	(13.0, 33.999999999999964)	(14.0, 31.33333333333329)	(15.0, 26.66666666666664)	(16.0, 24.333333333333314)	(17.0, 26.66666666666664)	(18.0, 32.66666666666662)	(19.0, 43.333333333333364)	(20.0, 61.000000000000156)	(21.0, 79.99999999999994)	(22.0, 97.99999999999969)	(23.0, 129.99999999999932)	(24.0, 156.3333333333334)	(25.0, 201.66666666666802)	(26.0, 277.0000000000017)	(27.0, 331.66666666666526)	(28.0, 381.3333333333291)	(29.0, 453.99999999999164)	(30.0, 525.6666666666565)	(31.0, 646.6666666666703)	(32.0, 807.6666666666886)	(33.0, 989.0000000000425)	(34.0, 1171.000000000013)	(35.0, 1464.999999999946)	(36.0, 1773.3333333332093)	(37.0, 2240.666666666568)	(38.0, 2949.6666666668903)	(39.0, 3785.6666666672704)	(40.0, 4340.000000000523)	(41.0, 4972.999999999947)	(42.0, 5647.666666666)	(43.0, 6219.66666666548)	(44.0, 6566.333333331831)	(45.0, 6652.999999998419)	(46.0, 6486.99999999857)	(47.0, 6200.333333332164)	(48.0, 5823.999999999173)	(49.0, 5297.333333332986)	(50.0, 4668.000000000225)	(51.0, 4087.6666666674078)	(52.0, 3365.0000000004125)	(53.0, 2721.0000000001196)	(54.0, 2198.3333333332153)	(55.0, 1763.3333333332116)	(56.0, 1417.9999999999568)	(57.0, 1172.333333333346)	(58.0, 963.3333333333729)	(59.0, 755.6666666666827)	(60.0, 612.9999999999998)	(61.0, 506.99999999998863)	(62.0, 410.9999999999941)	(63.0, 336.666666666665)	(64.0, 270.0000000000021)	(65.0, 223.00000000000196)	(66.0, 185.00000000000088)	(67.0, 147.6666666666665)	(68.0, 127.99999999999926)	(69.0, 102.66666666666629)	(70.0, 82.9999999999999)	(71.0, 69.33333333333343)	(72.0, 64.3333333333335)	(73.0, 49.00000000000007)	(74.0, 31.999999999999954)	(75.0, 28.3333333333333)	(76.0, 22.999999999999986)	(77.0, 14.666666666666675)	(78.0, 12.000000000000004)	(79.0, 10.333333333333334)	(80.0, 6.666666666666664)	(81.0, 7.666666666666663)	(82.0, 6.666666666666664)	(83.0, 4.0)	(84.0, 2.6666666666666665)	(85.0, 2.333333333333333)	(86.0, 1.6666666666666665)	(87.0, 1.9999999999999998)	(88.0, 1.3333333333333333)	(89.0, 1.3333333333333333)	(90.0, 0.3333333333333333)	(91.0, 0.0)	(92.0, 0.3333333333333333)	(93.0, 1.0)	(94.0, 0.3333333333333333)	(95.0, 0.0)	(96.0, 0.3333333333333333)	(97.0, 0.0)	(98.0, 0.0)	(99.0, 0.0)	(100.0, 0.5)	(0.0, 11657.5)	(1.0, 4656.000000000236)	(2.0, 1585.333333333252)	(3.0, 703.3333333333434)	(4.0, 346.3333333333311)	(5.0, 200.33333333333465)	(6.0, 135.3333333333328)	(7.0, 104.33333333333293)	(8.0, 79.99999999999994)	(9.0, 59.00000000000014)	(10.0, 52.666666666666764)	(11.0, 42.66666666666669)	(12.0, 42.00000000000002)	(13.0, 33.999999999999964)	(14.0, 31.33333333333329)	(15.0, 26.66666666666664)	(16.0, 24.333333333333314)	(17.0, 26.66666666666664)	(18.0, 32.66666666666662)	(19.0, 43.333333333333364)	(20.0, 61.000000000000156)	(21.0, 79.99999999999994)	(22.0, 97.99999999999969)	(23.0, 129.99999999999932)	(24.0, 156.3333333333334)	(25.0, 201.66666666666802)	(26.0, 277.0000000000017)	(27.0, 331.66666666666526)	(28.0, 381.3333333333291)	(29.0, 453.99999999999164)	(30.0, 525.6666666666565)	(31.0, 646.6666666666703)	(32.0, 807.6666666666886)	(33.0, 989.0000000000425)	(34.0, 1171.000000000013)	(35.0, 1464.999999999946)	(36.0, 1773.3333333332093)	(37.0, 2240.666666666568)	(38.0, 2949.6666666668903)	(39.0, 3785.6666666672704)	(40.0, 4340.000000000523)	(41.0, 4972.999999999947)	(42.0, 5647.666666666)	(43.0, 6219.66666666548)	(44.0, 6566.333333331831)	(45.0, 6652.999999998419)	(46.0, 6486.99999999857)	(47.0, 6200.333333332164)	(48.0, 5823.999999999173)	(49.0, 5297.333333332986)	(50.0, 4668.000000000225)	(51.0, 4087.6666666674078)	(52.0, 3365.0000000004125)	(53.0, 2721.0000000001196)	(54.0, 2198.3333333332153)	(55.0, 1763.3333333332116)	(56.0, 1417.9999999999568)	(57.0, 1172.333333333346)	(58.0, 963.3333333333729)	(59.0, 755.6666666666827)	(60.0, 612.9999999999998)	(61.0, 506.99999999998863)	(62.0, 410.9999999999941)	(63.0, 336.666666666665)	(64.0, 270.0000000000021)	(65.0, 223.00000000000196)	(66.0, 185.00000000000088)	(67.0, 147.6666666666665)	(68.0, 127.99999999999926)	(69.0, 102.66666666666629)	(70.0, 82.9999999999999)	(71.0, 69.33333333333343)	(72.0, 64.3333333333335)	(73.0, 49.00000000000007)	(74.0, 31.999999999999954)	(75.0, 28.3333333333333)	(76.0, 22.999999999999986)	(77.0, 14.666666666666675)	(78.0, 12.000000000000004)	(79.0, 10.333333333333334)	(80.0, 6.666666666666664)	(81.0, 7.666666666666663)	(82.0, 6.666666666666664)	(83.0, 4.0)	(84.0, 2.6666666666666665)	(85.0, 2.333333333333333)	(86.0, 1.6666666666666665)	(87.0, 1.9999999999999998)	(88.0, 1.3333333333333333)	(89.0, 1.3333333333333333)	(90.0, 0.3333333333333333)	(91.0, 0.0)	(92.0, 0.3333333333333333)	(93.0, 1.0)	(94.0, 0.3333333333333333)	(95.0, 0.0)	(96.0, 0.3333333333333333)	(97.0, 0.0)	(98.0, 0.0)	(99.0, 0.0)	(100.0, 0.5)
SRR908435_2_paired	(0.0, 28451.5)	(1.0, 16017.333333333383)	(2.0, 2150.0)	(3.0, 183.0)	(4.0, 19.5)	(5.0, 6.5)	(6.0, 0.5)	(7.0, 0.5)	(8.0, 1.0)	(9.0, 1.0)	(10.0, 3.0)	(11.0, 4.0)	(12.0, 5.0)	(13.0, 6.833333333333333)	(14.0, 7.333333333333333)	(15.0, 6.5)	(16.0, 11.5)	(17.0, 24.0)	(18.0, 29.5)	(19.0, 38.5)	(20.0, 59.33333333333334)	(21.0, 83.0)	(22.0, 110.66666666666666)	(23.0, 142.49999999999997)	(24.0, 178.66666666666666)	(25.0, 235.50000000000026)	(26.0, 326.66666666666646)	(27.0, 471.99999999999915)	(28.0, 620.9999999999999)	(29.0, 738.3333333333347)	(30.0, 915.1666666666697)	(31.0, 1122.8333333333358)	(32.0, 1336.9999999999964)	(33.0, 1616.833333333324)	(34.0, 1866.4999999999875)	(35.0, 2111.1666666666515)	(36.0, 2375.499999999998)	(37.0, 2719.5000000000127)	(38.0, 3098.000000000033)	(39.0, 3326.50000000005)	(40.0, 3346.6666666667093)	(41.0, 3421.3333333333644)	(42.0, 3522.666666666699)	(43.0, 3539.5000000000337)	(44.0, 3579.666666666698)	(45.0, 3624.0000000000277)	(46.0, 3712.333333333361)	(47.0, 3744.8333333333576)	(48.0, 3772.3333333333594)	(49.0, 3758.3333333333567)	(50.0, 3682.6666666666856)	(51.0, 3661.3333333333517)	(52.0, 3606.333333333348)	(53.0, 3366.333333333342)	(54.0, 3015.166666666672)	(55.0, 2720.8333333333358)	(56.0, 2474.166666666668)	(57.0, 2235.666666666665)	(58.0, 2051.333333333331)	(59.0, 1874.9999999999986)	(60.0, 1642.9999999999995)	(61.0, 1424.5)	(62.0, 1209.5)	(63.0, 1001.5000000000006)	(64.0, 833.1666666666669)	(65.0, 718.1666666666666)	(66.0, 610.8333333333333)	(67.0, 499.99999999999994)	(68.0, 416.33333333333326)	(69.0, 341.1666666666667)	(70.0, 248.33333333333337)	(71.0, 176.83333333333334)	(72.0, 138.16666666666666)	(73.0, 96.0)	(74.0, 62.0)	(75.0, 38.5)	(76.0, 26.833333333333336)	(77.0, 24.0)	(78.0, 19.5)	(79.0, 15.0)	(80.0, 10.0)	(81.0, 6.5)	(82.0, 2.5)	(83.0, 1.0)	(84.0, 2.0)	(85.0, 2.5)	(86.0, 1.0)	(87.0, 0.0)	(88.0, 0.0)	(89.0, 0.0)	(90.0, 0.0)	(91.0, 0.0)	(92.0, 0.0)	(93.0, 0.0)	(94.0, 0.5)	(95.0, 0.5)	(96.0, 0.0)	(97.0, 0.0)	(98.0, 0.0)	(99.0, 0.0)	(100.0, 0.0)																																																																																																					
SRR908436_1	(0.0, 8298.5)	(1.0, 2496.3333333333508)	(2.0, 700.0000000000097)	(3.0, 244.3333333333359)	(4.0, 152.3333333333333)	(5.0, 113.3333333333328)	(6.0, 88.66666666666649)	(7.0, 65.33333333333348)	(8.0, 47.66666666666673)	(9.0, 44.66666666666671)	(10.0, 32.99999999999996)	(11.0, 30.333333333333293)	(12.0, 29.99999999999996)	(13.0, 24.333333333333314)	(14.0, 25.33333333333331)	(15.0, 67.66666666666679)	(16.0, 244.3333333333359)	(17.0, 438.9999999999925)	(18.0, 611.3333333333329)	(19.0, 691.6666666666754)	(20.0, 715.0000000000114)	(21.0, 734.6666666666803)	(22.0, 757.0000000000161)	(23.0, 750.3333333333487)	(24.0, 799.3333333333543)	(25.0, 874.0000000000294)	(26.0, 951.0000000000382)	(27.0, 1027.6666666667122)	(28.0, 1168.6666666666802)	(29.0, 1415.666666666624)	(30.0, 1681.9999999998968)	(31.0, 2036.3333333331495)	(32.0, 2514.6666666666924)	(33.0, 3132.33333333364)	(34.0, 3774.333333333932)	(35.0, 4500.000000000377)	(36.0, 5194.999999999745)	(37.0, 5781.333333332545)	(38.0, 6171.999999998857)	(39.0, 6521.999999998538)	(40.0, 6483.66666666524)	(41.0, 6379.666666665335)	(42.0, 6141.999999998884)	(43.0, 5623.333333332689)	(44.0, 5108.6666666664905)	(45.0, 4599.6666666669535)	(46.0, 4009.0000000007053)	(47.0, 3431.6666666671094)	(48.0, 2899.0000000002005)	(49.0, 2431.999999999988)	(50.0, 2090.999999999833)	(51.0, 1745.666666666549)	(52.0, 1427.9999999999545)	(53.0, 1165.0000000000143)	(54.0, 957.3333333333723)	(55.0, 784.666666666686)	(56.0, 629.333333333335)	(57.0, 498.9999999999891)	(58.0, 400.99999999999466)	(59.0, 336.33333333333167)	(60.0, 253.33333333333616)	(61.0, 196.0000000000012)	(62.0, 171.66666666666717)	(63.0, 137.33333333333286)	(64.0, 109.99999999999952)	(65.0, 72.66666666666671)	(66.0, 58.666666666666806)	(67.0, 46.333333333333385)	(68.0, 29.333333333333297)	(69.0, 26.66666666666664)	(70.0, 18.666666666666668)	(71.0, 11.333333333333336)	(72.0, 7.666666666666663)	(73.0, 5.333333333333332)	(74.0, 4.0)	(75.0, 2.333333333333333)	(76.0, 0.6666666666666666)	(77.0, 1.3333333333333333)	(78.0, 1.0)	(79.0, 0.3333333333333333)	(80.0, 0.3333333333333333)	(81.0, 0.0)	(82.0, 0.0)	(83.0, 0.3333333333333333)	(84.0, 0.3333333333333333)	(85.0, 0.3333333333333333)	(86.0, 0.0)	(87.0, 0.3333333333333333)	(88.0, 0.0)	(89.0, 0.0)	(90.0, 0.0)	(91.0, 0.0)	(92.0, 0.3333333333333333)	(93.0, 0.0)	(94.0, 0.0)	(95.0, 0.0)	(96.0, 0.0)	(97.0, 0.0)	(98.0, 0.0)	(99.0, 0.0)	(100.0, 0.0)	(0.0, 8298.5)	(1.0, 2496.3333333333508)	(2.0, 700.0000000000097)	(3.0, 244.3333333333359)	(4.0, 152.3333333333333)	(5.0, 113.3333333333328)	(6.0, 88.66666666666649)	(7.0, 65.33333333333348)	(8.0, 47.66666666666673)	(9.0, 44.66666666666671)	(10.0, 32.99999999999996)	(11.0, 30.333333333333293)	(12.0, 29.99999999999996)	(13.0, 24.333333333333314)	(14.0, 25.33333333333331)	(15.0, 67.66666666666679)	(16.0, 244.3333333333359)	(17.0, 438.9999999999925)	(18.0, 611.3333333333329)	(19.0, 691.6666666666754)	(20.0, 715.0000000000114)	(21.0, 734.6666666666803)	(22.0, 757.0000000000161)	(23.0, 750.3333333333487)	(24.0, 799.3333333333543)	(25.0, 874.0000000000294)	(26.0, 951.0000000000382)	(27.0, 1027.6666666667122)	(28.0, 1168.6666666666802)	(29.0, 1415.666666666624)	(30.0, 1681.9999999998968)	(31.0, 2036.3333333331495)	(32.0, 2514.6666666666924)	(33.0, 3132.33333333364)	(34.0, 3774.333333333932)	(35.0, 4500.000000000377)	(36.0, 5194.999999999745)	(37.0, 5781.333333332545)	(38.0, 6171.999999998857)	(39.0, 6521.999999998538)	(40.0, 6483.66666666524)	(41.0, 6379.666666665335)	(42.0, 6141.999999998884)	(43.0, 5623.333333332689)	(44.0, 5108.6666666664905)	(45.0, 4599.6666666669535)	(46.0, 4009.0000000007053)	(47.0, 3431.6666666671094)	(48.0, 2899.0000000002005)	(49.0, 2431.999999999988)	(50.0, 2090.999999999833)	(51.0, 1745.666666666549)	(52.0, 1427.9999999999545)	(53.0, 1165.0000000000143)	(54.0, 957.3333333333723)	(55.0, 784.666666666686)	(56.0, 629.333333333335)	(57.0, 498.9999999999891)	(58.0, 400.99999999999466)	(59.0, 336.33333333333167)	(60.0, 253.33333333333616)	(61.0, 196.0000000000012)	(62.0, 171.66666666666717)	(63.0, 137.33333333333286)	(64.0, 109.99999999999952)	(65.0, 72.66666666666671)	(66.0, 58.666666666666806)	(67.0, 46.333333333333385)	(68.0, 29.333333333333297)	(69.0, 26.66666666666664)	(70.0, 18.666666666666668)	(71.0, 11.333333333333336)	(72.0, 7.666666666666663)	(73.0, 5.333333333333332)	(74.0, 4.0)	(75.0, 2.333333333333333)	(76.0, 0.6666666666666666)	(77.0, 1.3333333333333333)	(78.0, 1.0)	(79.0, 0.3333333333333333)	(80.0, 0.3333333333333333)	(81.0, 0.0)	(82.0, 0.0)	(83.0, 0.3333333333333333)	(84.0, 0.3333333333333333)	(85.0, 0.3333333333333333)	(86.0, 0.0)	(87.0, 0.3333333333333333)	(88.0, 0.0)	(89.0, 0.0)	(90.0, 0.0)	(91.0, 0.0)	(92.0, 0.3333333333333333)	(93.0, 0.0)	(94.0, 0.0)	(95.0, 0.0)	(96.0, 0.0)	(97.0, 0.0)	(98.0, 0.0)	(99.0, 0.0)	(100.0, 0.0)
SRR908436_1_paired	(0.0, 14057.5)	(1.0, 8345.666666666453)	(2.0, 2241.499999999991)	(3.0, 1002.5000000000001)	(4.0, 443.5)	(5.0, 174.0)	(6.0, 55.0)	(7.0, 25.5)	(8.0, 16.5)	(9.0, 10.5)	(10.0, 9.0)	(11.0, 5.0)	(12.0, 2.0)	(13.0, 6.0)	(14.0, 8.0)	(15.0, 6.5)	(16.0, 6.5)	(17.0, 10.833333333333334)	(18.0, 14.833333333333334)	(19.0, 15.166666666666668)	(20.0, 20.166666666666668)	(21.0, 32.666666666666664)	(22.0, 42.666666666666664)	(23.0, 47.000000000000014)	(24.0, 56.50000000000001)	(25.0, 85.33333333333333)	(26.0, 120.99999999999993)	(27.0, 163.50000000000006)	(28.0, 211.8333333333335)	(29.0, 242.16666666666694)	(30.0, 271.33333333333377)	(31.0, 329.3333333333333)	(32.0, 401.33333333333263)	(33.0, 446.66666666666566)	(34.0, 491.16666666666526)	(35.0, 550.833333333332)	(36.0, 607.3333333333335)	(37.0, 642.1666666666673)	(38.0, 666.5000000000015)	(39.0, 702.8333333333351)	(40.0, 773.0000000000017)	(41.0, 761.8333333333348)	(42.0, 765.3333333333351)	(43.0, 826.5000000000024)	(44.0, 840.5000000000026)	(45.0, 854.1666666666694)	(46.0, 869.5000000000018)	(47.0, 922.3333333333355)	(48.0, 952.1666666666689)	(49.0, 957.0000000000031)	(50.0, 991.1666666666695)	(51.0, 1044.3333333333353)	(52.0, 1009.1666666666688)	(53.0, 910.0000000000016)	(54.0, 850.1666666666684)	(55.0, 788.333333333335)	(56.0, 676.6666666666671)	(57.0, 599.4999999999994)	(58.0, 574.1666666666662)	(59.0, 540.8333333333327)	(60.0, 491.8333333333327)	(61.0, 414.6666666666662)	(62.0, 361.833333333333)	(63.0, 340.1666666666666)	(64.0, 300.33333333333354)	(65.0, 235.50000000000014)	(66.0, 181.3333333333334)	(67.0, 142.16666666666666)	(68.0, 109.83333333333331)	(69.0, 84.33333333333334)	(70.0, 59.83333333333334)	(71.0, 49.5)	(72.0, 37.333333333333336)	(73.0, 24.999999999999996)	(74.0, 18.333333333333332)	(75.0, 11.5)	(76.0, 7.5)	(77.0, 4.0)	(78.0, 2.0)	(79.0, 0.5)	(80.0, 0.0)	(81.0, 0.0)	(82.0, 0.5)	(83.0, 0.5)	(84.0, 0.0)	(85.0, 0.0)	(86.0, 0.0)	(87.0, 0.0)	(88.0, 0.0)	(89.0, 0.0)	(90.0, 0.0)	(91.0, 0.0)	(92.0, 0.0)	(93.0, 0.0)	(94.0, 0.0)	(95.0, 0.0)	(96.0, 0.0)	(97.0, 0.0)	(98.0, 0.0)	(99.0, 0.0)	(100.0, 0.0)																																																																																																					
SRR908436_2	(0.0, 8484.0)	(1.0, 2719.6666666667857)	(2.0, 752.333333333349)	(3.0, 302.6666666666669)	(4.0, 141.66666666666632)	(5.0, 92.99999999999976)	(6.0, 59.33333333333348)	(7.0, 47.33333333333339)	(8.0, 40.66666666666668)	(9.0, 28.999999999999964)	(10.0, 25.33333333333331)	(11.0, 21.99999999999999)	(12.0, 20.999999999999993)	(13.0, 17.66666666666667)	(14.0, 19.0)	(15.0, 19.999999999999996)	(16.0, 21.99999999999999)	(17.0, 20.66666666666666)	(18.0, 29.99999999999996)	(19.0, 60.66666666666682)	(20.0, 79.66666666666661)	(21.0, 101.33333333333297)	(22.0, 152.99999999999997)	(23.0, 210.33333333333493)	(24.0, 256.6666666666695)	(25.0, 321.99999999999915)	(26.0, 381.99999999999574)	(27.0, 456.33333333332484)	(28.0, 562.9999999999941)	(29.0, 645.0000000000034)	(30.0, 731.6666666666799)	(31.0, 843.6666666666927)	(32.0, 980.6666666667082)	(33.0, 1122.6666666666906)	(34.0, 1339.9999999999745)	(35.0, 1609.6666666665799)	(36.0, 1991.666666666493)	(37.0, 2512.0000000000246)	(38.0, 3187.0000000003315)	(39.0, 4064.333333334064)	(40.0, 5113.333333333153)	(41.0, 6108.666666665581)	(42.0, 7059.999999998049)	(43.0, 7870.6666666639785)	(44.0, 8313.333333330573)	(45.0, 8412.99999999742)	(46.0, 7984.666666663875)	(47.0, 7352.66666666445)	(48.0, 6445.6666666652745)	(49.0, 5467.333333332831)	(50.0, 4464.666666667076)	(51.0, 3481.000000000465)	(52.0, 2745.0000000001305)	(53.0, 2020.9999999998197)	(54.0, 1524.6666666665992)	(55.0, 1115.0000000000257)	(56.0, 820.66666666669)	(57.0, 633.3333333333354)	(58.0, 481.66666666665674)	(59.0, 357.3333333333305)	(60.0, 273.66666666666856)	(61.0, 221.0000000000019)	(62.0, 165.33333333333366)	(63.0, 135.66666666666615)	(64.0, 113.66666666666613)	(65.0, 101.6666666666663)	(66.0, 72.66666666666671)	(67.0, 66.6666666666668)	(68.0, 45.666666666666714)	(69.0, 31.66666666666662)	(70.0, 26.66666666666664)	(71.0, 19.666666666666664)	(72.0, 14.333333333333341)	(73.0, 13.000000000000005)	(74.0, 14.000000000000007)	(75.0, 8.33333333333333)	(76.0, 5.666666666666665)	(77.0, 5.666666666666665)	(78.0, 4.0)	(79.0, 4.0)	(80.0, 1.3333333333333333)	(81.0, 1.6666666666666665)	(82.0, 2.333333333333333)	(83.0, 0.6666666666666666)	(84.0, 1.0)	(85.0, 0.3333333333333333)	(86.0, 1.9999999999999998)	(87.0, 1.0)	(88.0, 0.6666666666666666)	(89.0, 1.0)	(90.0, 0.3333333333333333)	(91.0, 0.0)	(92.0, 0.0)	(93.0, 0.0)	(94.0, 1.3333333333333333)	(95.0, 1.0)	(96.0, 0.0)	(97.0, 0.3333333333333333)	(98.0, 0.6666666666666666)	(99.0, 0.3333333333333333)	(100.0, 2.0)	(0.0, 8484.0)	(1.0, 2719.6666666667857)	(2.0, 752.333333333349)	(3.0, 302.6666666666669)	(4.0, 141.66666666666632)	(5.0, 92.99999999999976)	(6.0, 59.33333333333348)	(7.0, 47.33333333333339)	(8.0, 40.66666666666668)	(9.0, 28.999999999999964)	(10.0, 25.33333333333331)	(11.0, 21.99999999999999)	(12.0, 20.999999999999993)	(13.0, 17.66666666666667)	(14.0, 19.0)	(15.0, 19.999999999999996)	(16.0, 21.99999999999999)	(17.0, 20.66666666666666)	(18.0, 29.99999999999996)	(19.0, 60.66666666666682)	(20.0, 79.66666666666661)	(21.0, 101.33333333333297)	(22.0, 152.99999999999997)	(23.0, 210.33333333333493)	(24.0, 256.6666666666695)	(25.0, 321.99999999999915)	(26.0, 381.99999999999574)	(27.0, 456.33333333332484)	(28.0, 562.9999999999941)	(29.0, 645.0000000000034)	(30.0, 731.6666666666799)	(31.0, 843.6666666666927)	(32.0, 980.6666666667082)	(33.0, 1122.6666666666906)	(34.0, 1339.9999999999745)	(35.0, 1609.6666666665799)	(36.0, 1991.666666666493)	(37.0, 2512.0000000000246)	(38.0, 3187.0000000003315)	(39.0, 4064.333333334064)	(40.0, 5113.333333333153)	(41.0, 6108.666666665581)	(42.0, 7059.999999998049)	(43.0, 7870.6666666639785)	(44.0, 8313.333333330573)	(45.0, 8412.99999999742)	(46.0, 7984.666666663875)	(47.0, 7352.66666666445)	(48.0, 6445.6666666652745)	(49.0, 5467.333333332831)	(50.0, 4464.666666667076)	(51.0, 3481.000000000465)	(52.0, 2745.0000000001305)	(53.0, 2020.9999999998197)	(54.0, 1524.6666666665992)	(55.0, 1115.0000000000257)	(56.0, 820.66666666669)	(57.0, 633.3333333333354)	(58.0, 481.66666666665674)	(59.0, 357.3333333333305)	(60.0, 273.66666666666856)	(61.0, 221.0000000000019)	(62.0, 165.33333333333366)	(63.0, 135.66666666666615)	(64.0, 113.66666666666613)	(65.0, 101.6666666666663)	(66.0, 72.66666666666671)	(67.0, 66.6666666666668)	(68.0, 45.666666666666714)	(69.0, 31.66666666666662)	(70.0, 26.66666666666664)	(71.0, 19.666666666666664)	(72.0, 14.333333333333341)	(73.0, 13.000000000000005)	(74.0, 14.000000000000007)	(75.0, 8.33333333333333)	(76.0, 5.666666666666665)	(77.0, 5.666666666666665)	(78.0, 4.0)	(79.0, 4.0)	(80.0, 1.3333333333333333)	(81.0, 1.6666666666666665)	(82.0, 2.333333333333333)	(83.0, 0.6666666666666666)	(84.0, 1.0)	(85.0, 0.3333333333333333)	(86.0, 1.9999999999999998)	(87.0, 1.0)	(88.0, 0.6666666666666666)	(89.0, 1.0)	(90.0, 0.3333333333333333)	(91.0, 0.0)	(92.0, 0.0)	(93.0, 0.0)	(94.0, 1.3333333333333333)	(95.0, 1.0)	(96.0, 0.0)	(97.0, 0.3333333333333333)	(98.0, 0.6666666666666666)	(99.0, 0.3333333333333333)	(100.0, 2.0)
SRR908436_2_paired	(0.0, 18870.0)	(1.0, 10393.666666666668)	(2.0, 1202.6666666666667)	(3.0, 120.33333333333333)	(4.0, 14.5)	(5.0, 3.0)	(6.0, 3.5)	(7.0, 2.0)	(8.0, 0.5)	(9.0, 0.5)	(10.0, 1.0)	(11.0, 1.5)	(12.0, 2.0)	(13.0, 3.0)	(14.0, 3.5)	(15.0, 3.0)	(16.0, 3.5)	(17.0, 11.0)	(18.0, 18.0)	(19.0, 15.666666666666668)	(20.0, 15.000000000000002)	(21.0, 20.833333333333332)	(22.0, 34.33333333333333)	(23.0, 49.500000000000014)	(24.0, 57.66666666666668)	(25.0, 82.66666666666666)	(26.0, 111.49999999999996)	(27.0, 144.16666666666663)	(28.0, 170.66666666666666)	(29.0, 216.50000000000014)	(30.0, 274.3333333333336)	(31.0, 323.66666666666663)	(32.0, 394.9999999999995)	(33.0, 432.1666666666661)	(34.0, 473.83333333333246)	(35.0, 559.6666666666661)	(36.0, 619.9999999999997)	(37.0, 650.666666666667)	(38.0, 716.8333333333346)	(39.0, 757.8333333333344)	(40.0, 766.5000000000009)	(41.0, 774.5000000000015)	(42.0, 806.6666666666681)	(43.0, 846.3333333333348)	(44.0, 881.8333333333344)	(45.0, 890.0000000000003)	(46.0, 919.5000000000008)	(47.0, 984.833333333334)	(48.0, 1015.3333333333346)	(49.0, 1010.0000000000013)	(50.0, 998.8333333333339)	(51.0, 1027.0000000000005)	(52.0, 1056.833333333334)	(53.0, 1009.1666666666675)	(54.0, 904.8333333333338)	(55.0, 821.5000000000005)	(56.0, 768.3333333333335)	(57.0, 710.166666666667)	(58.0, 654.5)	(59.0, 602.0)	(60.0, 550.8333333333334)	(61.0, 476.66666666666663)	(62.0, 404.99999999999994)	(63.0, 359.49999999999994)	(64.0, 313.3333333333333)	(65.0, 285.83333333333337)	(66.0, 251.66666666666666)	(67.0, 193.66666666666666)	(68.0, 151.33333333333331)	(69.0, 123.5)	(70.0, 88.16666666666667)	(71.0, 60.5)	(72.0, 48.5)	(73.0, 35.0)	(74.0, 22.0)	(75.0, 19.0)	(76.0, 12.5)	(77.0, 7.0)	(78.0, 6.5)	(79.0, 4.5)	(80.0, 1.5)	(81.0, 2.0)	(82.0, 3.5)	(83.0, 2.5)	(84.0, 1.0)	(85.0, 0.5)	(86.0, 0.0)	(87.0, 0.0)	(88.0, 0.0)	(89.0, 0.0)	(90.0, 0.0)	(91.0, 0.0)	(92.0, 0.0)	(93.0, 0.0)	(94.0, 0.0)	(95.0, 0.0)	(96.0, 0.0)	(97.0, 0.0)	(98.0, 0.0)	(99.0, 0.0)	(100.0, 0.0)																																																																																																					
SRR908437_1	(0.0, 1221.5)	(1.0, 594.9999999999977)	(2.0, 190.6666666666677)	(3.0, 46.66666666666672)	(4.0, 30.333333333333293)	(5.0, 18.000000000000004)	(6.0, 15.000000000000009)	(7.0, 10.666666666666668)	(8.0, 9.333333333333332)	(9.0, 6.666666666666664)	(10.0, 4.999999999999999)	(11.0, 4.999999999999999)	(12.0, 3.0)	(13.0, 2.6666666666666665)	(14.0, 4.666666666666666)	(15.0, 6.333333333333331)	(16.0, 33.66666666666663)	(17.0, 80.99999999999993)	(18.0, 141.99999999999966)	(19.0, 192.33333333333442)	(20.0, 204.00000000000142)	(21.0, 202.00000000000136)	(22.0, 216.66666666666845)	(23.0, 216.66666666666845)	(24.0, 215.66666666666842)	(25.0, 238.0000000000024)	(26.0, 255.66666666666956)	(27.0, 272.6666666666686)	(28.0, 306.00000000000006)	(29.0, 335.66666666666504)	(30.0, 396.9999999999949)	(31.0, 495.99999999998926)	(32.0, 608.666666666666)	(33.0, 795.0000000000205)	(34.0, 947.3333333333711)	(35.0, 1162.6666666666815)	(36.0, 1337.3333333333085)	(37.0, 1490.3333333332737)	(38.0, 1669.9999999998995)	(39.0, 1814.9999999998665)	(40.0, 1853.3333333331911)	(41.0, 1890.3333333331827)	(42.0, 1836.9999999998615)	(43.0, 1725.3333333332203)	(44.0, 1596.999999999916)	(45.0, 1383.6666666666313)	(46.0, 1187.3333333333426)	(47.0, 1036.0000000000437)	(48.0, 921.0000000000348)	(49.0, 762.0000000000167)	(50.0, 649.6666666666706)	(51.0, 513.6666666666551)	(52.0, 428.33333333332644)	(53.0, 329.9999999999987)	(54.0, 285.00000000000125)	(55.0, 226.3333333333354)	(56.0, 175.33333333333394)	(57.0, 137.33333333333286)	(58.0, 112.33333333333282)	(59.0, 79.99999999999994)	(60.0, 63.00000000000017)	(61.0, 46.00000000000005)	(62.0, 37.33333333333332)	(63.0, 32.99999999999996)	(64.0, 18.666666666666668)	(65.0, 12.666666666666671)	(66.0, 8.999999999999998)	(67.0, 5.999999999999998)	(68.0, 5.999999999999998)	(69.0, 3.666666666666667)	(70.0, 3.3333333333333335)	(71.0, 1.9999999999999998)	(72.0, 1.0)	(73.0, 1.3333333333333333)	(74.0, 0.6666666666666666)	(75.0, 0.0)	(76.0, 0.0)	(77.0, 0.0)	(78.0, 0.3333333333333333)	(79.0, 0.0)	(80.0, 0.3333333333333333)	(81.0, 0.3333333333333333)	(82.0, 0.0)	(83.0, 0.0)	(84.0, 0.0)	(85.0, 0.0)	(86.0, 0.0)	(87.0, 0.0)	(88.0, 0.0)	(89.0, 0.0)	(90.0, 0.0)	(91.0, 0.0)	(92.0, 0.0)	(93.0, 0.0)	(94.0, 0.0)	(95.0, 0.0)	(96.0, 0.0)	(97.0, 0.0)	(98.0, 0.0)	(99.0, 0.0)	(100.0, 0.0)	(0.0, 1221.5)	(1.0, 594.9999999999977)	(2.0, 190.6666666666677)	(3.0, 46.66666666666672)	(4.0, 30.333333333333293)	(5.0, 18.000000000000004)	(6.0, 15.000000000000009)	(7.0, 10.666666666666668)	(8.0, 9.333333333333332)	(9.0, 6.666666666666664)	(10.0, 4.999999999999999)	(11.0, 4.999999999999999)	(12.0, 3.0)	(13.0, 2.6666666666666665)	(14.0, 4.666666666666666)	(15.0, 6.333333333333331)	(16.0, 33.66666666666663)	(17.0, 80.99999999999993)	(18.0, 141.99999999999966)	(19.0, 192.33333333333442)	(20.0, 204.00000000000142)	(21.0, 202.00000000000136)	(22.0, 216.66666666666845)	(23.0, 216.66666666666845)	(24.0, 215.66666666666842)	(25.0, 238.0000000000024)	(26.0, 255.66666666666956)	(27.0, 272.6666666666686)	(28.0, 306.00000000000006)	(29.0, 335.66666666666504)	(30.0, 396.9999999999949)	(31.0, 495.99999999998926)	(32.0, 608.666666666666)	(33.0, 795.0000000000205)	(34.0, 947.3333333333711)	(35.0, 1162.6666666666815)	(36.0, 1337.3333333333085)	(37.0, 1490.3333333332737)	(38.0, 1669.9999999998995)	(39.0, 1814.9999999998665)	(40.0, 1853.3333333331911)	(41.0, 1890.3333333331827)	(42.0, 1836.9999999998615)	(43.0, 1725.3333333332203)	(44.0, 1596.999999999916)	(45.0, 1383.6666666666313)	(46.0, 1187.3333333333426)	(47.0, 1036.0000000000437)	(48.0, 921.0000000000348)	(49.0, 762.0000000000167)	(50.0, 649.6666666666706)	(51.0, 513.6666666666551)	(52.0, 428.33333333332644)	(53.0, 329.9999999999987)	(54.0, 285.00000000000125)	(55.0, 226.3333333333354)	(56.0, 175.33333333333394)	(57.0, 137.33333333333286)	(58.0, 112.33333333333282)	(59.0, 79.99999999999994)	(60.0, 63.00000000000017)	(61.0, 46.00000000000005)	(62.0, 37.33333333333332)	(63.0, 32.99999999999996)	(64.0, 18.666666666666668)	(65.0, 12.666666666666671)	(66.0, 8.999999999999998)	(67.0, 5.999999999999998)	(68.0, 5.999999999999998)	(69.0, 3.666666666666667)	(70.0, 3.3333333333333335)	(71.0, 1.9999999999999998)	(72.0, 1.0)	(73.0, 1.3333333333333333)	(74.0, 0.6666666666666666)	(75.0, 0.0)	(76.0, 0.0)	(77.0, 0.0)	(78.0, 0.3333333333333333)	(79.0, 0.0)	(80.0, 0.3333333333333333)	(81.0, 0.3333333333333333)	(82.0, 0.0)	(83.0, 0.0)	(84.0, 0.0)	(85.0, 0.0)	(86.0, 0.0)	(87.0, 0.0)	(88.0, 0.0)	(89.0, 0.0)	(90.0, 0.0)	(91.0, 0.0)	(92.0, 0.0)	(93.0, 0.0)	(94.0, 0.0)	(95.0, 0.0)	(96.0, 0.0)	(97.0, 0.0)	(98.0, 0.0)	(99.0, 0.0)	(100.0, 0.0)
SRR908437_1_paired	(0.0, 1873.0)	(1.0, 1311.1666666666642)	(2.0, 547.6666666666657)	(3.0, 292.5)	(4.0, 127.5)	(5.0, 37.5)	(6.0, 10.0)	(7.0, 1.5)	(8.0, 0.0)	(9.0, 0.0)	(10.0, 0.0)	(11.0, 0.0)	(12.0, 0.0)	(13.0, 0.0)	(14.0, 0.3333333333333333)	(15.0, 1.0)	(16.0, 2.333333333333333)	(17.0, 2.333333333333333)	(18.0, 2.0)	(19.0, 2.1666666666666665)	(20.0, 4.5)	(21.0, 7.833333333333333)	(22.0, 8.666666666666666)	(23.0, 14.833333333333334)	(24.0, 21.333333333333332)	(25.0, 23.999999999999996)	(26.0, 32.33333333333333)	(27.0, 43.0)	(28.0, 52.33333333333334)	(29.0, 74.16666666666667)	(30.0, 90.49999999999999)	(31.0, 84.99999999999999)	(32.0, 88.33333333333329)	(33.0, 116.4999999999999)	(34.0, 149.5)	(35.0, 170.00000000000017)	(36.0, 167.0000000000001)	(37.0, 166.66666666666677)	(38.0, 171.50000000000009)	(39.0, 172.0000000000001)	(40.0, 177.33333333333346)	(41.0, 183.83333333333346)	(42.0, 185.6666666666668)	(43.0, 180.00000000000014)	(44.0, 182.83333333333354)	(45.0, 187.66666666666683)	(46.0, 173.66666666666674)	(47.0, 183.50000000000014)	(48.0, 185.1666666666668)	(49.0, 182.00000000000006)	(50.0, 174.1666666666667)	(51.0, 158.99999999999997)	(52.0, 138.3333333333333)	(53.0, 123.99999999999993)	(54.0, 122.99999999999996)	(55.0, 106.99999999999999)	(56.0, 91.0)	(57.0, 82.33333333333334)	(58.0, 65.83333333333334)	(59.0, 56.5)	(60.0, 55.33333333333334)	(61.0, 40.0)	(62.0, 33.49999999999999)	(63.0, 29.999999999999996)	(64.0, 19.5)	(65.0, 13.666666666666666)	(66.0, 9.333333333333332)	(67.0, 6.5)	(68.0, 6.5)	(69.0, 7.999999999999999)	(70.0, 2.6666666666666665)	(71.0, 0.0)	(72.0, 0.0)	(73.0, 0.5)	(74.0, 1.0)	(75.0, 0.5)	(76.0, 0.0)	(77.0, 0.5)	(78.0, 1.0)	(79.0, 0.5)	(80.0, 0.0)	(81.0, 0.0)	(82.0, 0.0)	(83.0, 0.0)	(84.0, 0.0)	(85.0, 0.0)	(86.0, 0.0)	(87.0, 0.0)	(88.0, 0.0)	(89.0, 0.0)	(90.0, 0.0)	(91.0, 0.0)	(92.0, 0.0)	(93.0, 0.0)	(94.0, 0.0)	(95.0, 0.0)	(96.0, 0.0)	(97.0, 0.0)	(98.0, 0.0)	(99.0, 0.0)	(100.0, 0.0)																																																																																																					
SRR908437_2	(0.0, 1503.0)	(1.0, 479.66666666665685)	(2.0, 122.666666666666)	(3.0, 40.66666666666668)	(4.0, 21.333333333333325)	(5.0, 17.000000000000007)	(6.0, 10.666666666666668)	(7.0, 6.333333333333331)	(8.0, 4.333333333333333)	(9.0, 4.0)	(10.0, 4.0)	(11.0, 3.666666666666667)	(12.0, 4.333333333333333)	(13.0, 1.6666666666666665)	(14.0, 1.6666666666666665)	(15.0, 3.3333333333333335)	(16.0, 4.0)	(17.0, 3.3333333333333335)	(18.0, 5.666666666666665)	(19.0, 12.333333333333337)	(20.0, 17.66666666666667)	(21.0, 24.99999999999998)	(22.0, 36.999999999999986)	(23.0, 54.66666666666678)	(24.0, 70.00000000000009)	(25.0, 86.33333333333319)	(26.0, 106.99999999999956)	(27.0, 125.99999999999929)	(28.0, 155.33333333333337)	(29.0, 183.33333333333417)	(30.0, 203.0000000000014)	(31.0, 214.6666666666684)	(32.0, 270.66666666666873)	(33.0, 319.99999999999926)	(34.0, 369.3333333333298)	(35.0, 430.66666666665964)	(36.0, 507.33333333332195)	(37.0, 624.6666666666678)	(38.0, 796.333333333354)	(39.0, 1015.6666666667122)	(40.0, 1282.9999999999875)	(41.0, 1572.6666666665883)	(42.0, 1839.9999999998608)	(43.0, 2119.666666666513)	(44.0, 2365.999999999958)	(45.0, 2414.3333333333135)	(46.0, 2395.999999999972)	(47.0, 2230.6666666665633)	(48.0, 1993.9999999998258)	(49.0, 1666.3333333332337)	(50.0, 1373.3333333333003)	(51.0, 1080.0000000000337)	(52.0, 833.3333333333582)	(53.0, 611.9999999999997)	(54.0, 446.6666666666587)	(55.0, 333.66666666666515)	(56.0, 230.00000000000216)	(57.0, 169.6666666666671)	(58.0, 113.3333333333328)	(59.0, 78.3333333333333)	(60.0, 46.00000000000005)	(61.0, 32.66666666666662)	(62.0, 23.999999999999982)	(63.0, 20.66666666666666)	(64.0, 18.000000000000004)	(65.0, 9.666666666666666)	(66.0, 6.333333333333331)	(67.0, 5.333333333333332)	(68.0, 4.999999999999999)	(69.0, 2.6666666666666665)	(70.0, 3.3333333333333335)	(71.0, 1.9999999999999998)	(72.0, 0.6666666666666666)	(73.0, 1.3333333333333333)	(74.0, 0.3333333333333333)	(75.0, 0.3333333333333333)	(76.0, 0.6666666666666666)	(77.0, 1.0)	(78.0, 1.6666666666666665)	(79.0, 0.0)	(80.0, 0.0)	(81.0, 0.0)	(82.0, 0.3333333333333333)	(83.0, 0.3333333333333333)	(84.0, 0.3333333333333333)	(85.0, 0.3333333333333333)	(86.0, 0.0)	(87.0, 0.0)	(88.0, 0.0)	(89.0, 0.0)	(90.0, 0.0)	(91.0, 0.0)	(92.0, 0.0)	(93.0, 0.0)	(94.0, 0.0)	(95.0, 0.0)	(96.0, 0.3333333333333333)	(97.0, 0.0)	(98.0, 0.0)	(99.0, 0.0)	(100.0, 0.0)	(0.0, 1503.0)	(1.0, 479.66666666665685)	(2.0, 122.666666666666)	(3.0, 40.66666666666668)	(4.0, 21.333333333333325)	(5.0, 17.000000000000007)	(6.0, 10.666666666666668)	(7.0, 6.333333333333331)	(8.0, 4.333333333333333)	(9.0, 4.0)	(10.0, 4.0)	(11.0, 3.666666666666667)	(12.0, 4.333333333333333)	(13.0, 1.6666666666666665)	(14.0, 1.6666666666666665)	(15.0, 3.3333333333333335)	(16.0, 4.0)	(17.0, 3.3333333333333335)	(18.0, 5.666666666666665)	(19.0, 12.333333333333337)	(20.0, 17.66666666666667)	(21.0, 24.99999999999998)	(22.0, 36.999999999999986)	(23.0, 54.66666666666678)	(24.0, 70.00000000000009)	(25.0, 86.33333333333319)	(26.0, 106.99999999999956)	(27.0, 125.99999999999929)	(28.0, 155.33333333333337)	(29.0, 183.33333333333417)	(30.0, 203.0000000000014)	(31.0, 214.6666666666684)	(32.0, 270.66666666666873)	(33.0, 319.99999999999926)	(34.0, 369.3333333333298)	(35.0, 430.66666666665964)	(36.0, 507.33333333332195)	(37.0, 624.6666666666678)	(38.0, 796.333333333354)	(39.0, 1015.6666666667122)	(40.0, 1282.9999999999875)	(41.0, 1572.6666666665883)	(42.0, 1839.9999999998608)	(43.0, 2119.666666666513)	(44.0, 2365.999999999958)	(45.0, 2414.3333333333135)	(46.0, 2395.999999999972)	(47.0, 2230.6666666665633)	(48.0, 1993.9999999998258)	(49.0, 1666.3333333332337)	(50.0, 1373.3333333333003)	(51.0, 1080.0000000000337)	(52.0, 833.3333333333582)	(53.0, 611.9999999999997)	(54.0, 446.6666666666587)	(55.0, 333.66666666666515)	(56.0, 230.00000000000216)	(57.0, 169.6666666666671)	(58.0, 113.3333333333328)	(59.0, 78.3333333333333)	(60.0, 46.00000000000005)	(61.0, 32.66666666666662)	(62.0, 23.999999999999982)	(63.0, 20.66666666666666)	(64.0, 18.000000000000004)	(65.0, 9.666666666666666)	(66.0, 6.333333333333331)	(67.0, 5.333333333333332)	(68.0, 4.999999999999999)	(69.0, 2.6666666666666665)	(70.0, 3.3333333333333335)	(71.0, 1.9999999999999998)	(72.0, 0.6666666666666666)	(73.0, 1.3333333333333333)	(74.0, 0.3333333333333333)	(75.0, 0.3333333333333333)	(76.0, 0.6666666666666666)	(77.0, 1.0)	(78.0, 1.6666666666666665)	(79.0, 0.0)	(80.0, 0.0)	(81.0, 0.0)	(82.0, 0.3333333333333333)	(83.0, 0.3333333333333333)	(84.0, 0.3333333333333333)	(85.0, 0.3333333333333333)	(86.0, 0.0)	(87.0, 0.0)	(88.0, 0.0)	(89.0, 0.0)	(90.0, 0.0)	(91.0, 0.0)	(92.0, 0.0)	(93.0, 0.0)	(94.0, 0.0)	(95.0, 0.0)	(96.0, 0.3333333333333333)	(97.0, 0.0)	(98.0, 0.0)	(99.0, 0.0)	(100.0, 0.0)
SRR908437_2_paired	(0.0, 3124.5)	(1.0, 1735.5)	(2.0, 231.00000000000003)	(3.0, 25.5)	(4.0, 2.5)	(5.0, 1.0)	(6.0, 1.0)	(7.0, 0.5)	(8.0, 0.0)	(9.0, 0.0)	(10.0, 0.0)	(11.0, 0.0)	(12.0, 0.0)	(13.0, 0.0)	(14.0, 0.3333333333333333)	(15.0, 1.0)	(16.0, 1.0)	(17.0, 1.5)	(18.0, 3.333333333333333)	(19.0, 4.166666666666666)	(20.0, 3.833333333333333)	(21.0, 6.999999999999999)	(22.0, 11.333333333333336)	(23.0, 13.000000000000002)	(24.0, 19.833333333333332)	(25.0, 24.333333333333332)	(26.0, 28.999999999999993)	(27.0, 33.33333333333333)	(28.0, 54.66666666666667)	(29.0, 76.66666666666667)	(30.0, 82.0)	(31.0, 95.16666666666663)	(32.0, 112.33333333333324)	(33.0, 112.16666666666656)	(34.0, 119.66666666666657)	(35.0, 151.33333333333334)	(36.0, 165.8333333333334)	(37.0, 177.00000000000009)	(38.0, 184.00000000000006)	(39.0, 178.16666666666677)	(40.0, 184.0000000000001)	(41.0, 189.66666666666674)	(42.0, 182.16666666666669)	(43.0, 195.83333333333348)	(44.0, 207.33333333333348)	(45.0, 209.66666666666677)	(46.0, 208.8333333333334)	(47.0, 204.50000000000006)	(48.0, 195.8333333333334)	(49.0, 175.33333333333334)	(50.0, 179.00000000000003)	(51.0, 176.33333333333337)	(52.0, 161.3333333333333)	(53.0, 156.33333333333331)	(54.0, 144.33333333333334)	(55.0, 131.0)	(56.0, 110.83333333333334)	(57.0, 90.66666666666667)	(58.0, 83.5)	(59.0, 78.5)	(60.0, 61.833333333333336)	(61.0, 50.333333333333336)	(62.0, 37.666666666666664)	(63.0, 24.5)	(64.0, 21.5)	(65.0, 23.0)	(66.0, 16.0)	(67.0, 7.833333333333333)	(68.0, 7.0)	(69.0, 7.5)	(70.0, 5.5)	(71.0, 2.5)	(72.0, 0.5)	(73.0, 0.5)	(74.0, 0.5)	(75.0, 0.5)	(76.0, 1.5)	(77.0, 2.0)	(78.0, 1.5)	(79.0, 0.5)	(80.0, 0.0)	(81.0, 0.0)	(82.0, 0.0)	(83.0, 0.0)	(84.0, 0.0)	(85.0, 0.0)	(86.0, 0.0)	(87.0, 0.0)	(88.0, 0.0)	(89.0, 0.0)	(90.0, 0.0)	(91.0, 0.0)	(92.0, 0.0)	(93.0, 0.0)	(94.0, 0.0)	(95.0, 0.0)	(96.0, 0.0)	(97.0, 0.0)	(98.0, 0.0)	(99.0, 0.0)	(100.0, 0.0)																																																																																																					
SRR908438_1	(0.0, 4165.5)	(1.0, 1246.3333333333292)	(2.0, 418.99999999999363)	(3.0, 192.66666666666777)	(4.0, 113.66666666666613)	(5.0, 78.99999999999996)	(6.0, 61.000000000000156)	(7.0, 59.33333333333348)	(8.0, 49.33333333333341)	(9.0, 39.66666666666667)	(10.0, 36.999999999999986)	(11.0, 29.66666666666663)	(12.0, 25.999999999999975)	(13.0, 23.66666666666665)	(14.0, 26.66666666666664)	(15.0, 60.333333333333485)	(16.0, 334.3333333333318)	(17.0, 743.3333333333479)	(18.0, 1164.3333333333478)	(19.0, 1435.6666666666194)	(20.0, 1537.6666666665963)	(21.0, 1577.333333333254)	(22.0, 1641.3333333332394)	(23.0, 1636.3333333332405)	(24.0, 1741.3333333332166)	(25.0, 1852.6666666665246)	(26.0, 2030.6666666664842)	(27.0, 2194.666666666547)	(28.0, 2367.6666666666256)	(29.0, 2811.0000000001605)	(30.0, 3366.66666666708)	(31.0, 4065.3333333340643)	(32.0, 4994.333333333261)	(33.0, 6183.666666665513)	(34.0, 7591.333333330899)	(35.0, 9274.666666665655)	(36.0, 10901.000000001946)	(37.0, 12470.0000000048)	(38.0, 13969.666666674195)	(39.0, 14971.666666676017)	(40.0, 15677.333333343968)	(41.0, 15828.333333344242)	(42.0, 15601.000000010496)	(43.0, 14884.66666667586)	(44.0, 13852.666666673982)	(45.0, 12500.333333338189)	(46.0, 11192.33333333581)	(47.0, 9783.66666666658)	(48.0, 8479.333333330875)	(49.0, 7292.999999997837)	(50.0, 6119.333333332238)	(51.0, 5070.666666666525)	(52.0, 4245.666666667275)	(53.0, 3473.6666666671285)	(54.0, 2920.00000000021)	(55.0, 2362.33333333329)	(56.0, 1892.6666666665155)	(57.0, 1575.9999999999209)	(58.0, 1352.333333333305)	(59.0, 1093.6666666666972)	(60.0, 791.3333333333534)	(61.0, 609.6666666666661)	(62.0, 482.6666666666567)	(63.0, 386.3333333333288)	(64.0, 284.3333333333346)	(65.0, 227.66666666666876)	(66.0, 181.66666666666745)	(67.0, 136.99999999999952)	(68.0, 88.33333333333316)	(69.0, 55.666666666666785)	(70.0, 48.000000000000064)	(71.0, 35.99999999999998)	(72.0, 27.333333333333304)	(73.0, 15.666666666666677)	(74.0, 9.666666666666666)	(75.0, 6.333333333333331)	(76.0, 4.333333333333333)	(77.0, 1.6666666666666665)	(78.0, 1.0)	(79.0, 0.3333333333333333)	(80.0, 1.0)	(81.0, 1.3333333333333333)	(82.0, 0.6666666666666666)	(83.0, 0.0)	(84.0, 0.0)	(85.0, 0.0)	(86.0, 0.3333333333333333)	(87.0, 1.0)	(88.0, 0.3333333333333333)	(89.0, 0.0)	(90.0, 0.0)	(91.0, 0.0)	(92.0, 0.3333333333333333)	(93.0, 0.3333333333333333)	(94.0, 0.3333333333333333)	(95.0, 0.3333333333333333)	(96.0, 0.0)	(97.0, 0.0)	(98.0, 0.0)	(99.0, 0.0)	(100.0, 0.0)	(0.0, 4165.5)	(1.0, 1246.3333333333292)	(2.0, 418.99999999999363)	(3.0, 192.66666666666777)	(4.0, 113.66666666666613)	(5.0, 78.99999999999996)	(6.0, 61.000000000000156)	(7.0, 59.33333333333348)	(8.0, 49.33333333333341)	(9.0, 39.66666666666667)	(10.0, 36.999999999999986)	(11.0, 29.66666666666663)	(12.0, 25.999999999999975)	(13.0, 23.66666666666665)	(14.0, 26.66666666666664)	(15.0, 60.333333333333485)	(16.0, 334.3333333333318)	(17.0, 743.3333333333479)	(18.0, 1164.3333333333478)	(19.0, 1435.6666666666194)	(20.0, 1537.6666666665963)	(21.0, 1577.333333333254)	(22.0, 1641.3333333332394)	(23.0, 1636.3333333332405)	(24.0, 1741.3333333332166)	(25.0, 1852.6666666665246)	(26.0, 2030.6666666664842)	(27.0, 2194.666666666547)	(28.0, 2367.6666666666256)	(29.0, 2811.0000000001605)	(30.0, 3366.66666666708)	(31.0, 4065.3333333340643)	(32.0, 4994.333333333261)	(33.0, 6183.666666665513)	(34.0, 7591.333333330899)	(35.0, 9274.666666665655)	(36.0, 10901.000000001946)	(37.0, 12470.0000000048)	(38.0, 13969.666666674195)	(39.0, 14971.666666676017)	(40.0, 15677.333333343968)	(41.0, 15828.333333344242)	(42.0, 15601.000000010496)	(43.0, 14884.66666667586)	(44.0, 13852.666666673982)	(45.0, 12500.333333338189)	(46.0, 11192.33333333581)	(47.0, 9783.66666666658)	(48.0, 8479.333333330875)	(49.0, 7292.999999997837)	(50.0, 6119.333333332238)	(51.0, 5070.666666666525)	(52.0, 4245.666666667275)	(53.0, 3473.6666666671285)	(54.0, 2920.00000000021)	(55.0, 2362.33333333329)	(56.0, 1892.6666666665155)	(57.0, 1575.9999999999209)	(58.0, 1352.333333333305)	(59.0, 1093.6666666666972)	(60.0, 791.3333333333534)	(61.0, 609.6666666666661)	(62.0, 482.6666666666567)	(63.0, 386.3333333333288)	(64.0, 284.3333333333346)	(65.0, 227.66666666666876)	(66.0, 181.66666666666745)	(67.0, 136.99999999999952)	(68.0, 88.33333333333316)	(69.0, 55.666666666666785)	(70.0, 48.000000000000064)	(71.0, 35.99999999999998)	(72.0, 27.333333333333304)	(73.0, 15.666666666666677)	(74.0, 9.666666666666666)	(75.0, 6.333333333333331)	(76.0, 4.333333333333333)	(77.0, 1.6666666666666665)	(78.0, 1.0)	(79.0, 0.3333333333333333)	(80.0, 1.0)	(81.0, 1.3333333333333333)	(82.0, 0.6666666666666666)	(83.0, 0.0)	(84.0, 0.0)	(85.0, 0.0)	(86.0, 0.3333333333333333)	(87.0, 1.0)	(88.0, 0.3333333333333333)	(89.0, 0.0)	(90.0, 0.0)	(91.0, 0.0)	(92.0, 0.3333333333333333)	(93.0, 0.3333333333333333)	(94.0, 0.3333333333333333)	(95.0, 0.3333333333333333)	(96.0, 0.0)	(97.0, 0.0)	(98.0, 0.0)	(99.0, 0.0)	(100.0, 0.0)
SRR908438_1_paired	(0.0, 7727.5)	(1.0, 4489.833333333372)	(2.0, 1131.1666666666688)	(3.0, 554.3333333333333)	(4.0, 240.5)	(5.0, 88.5)	(6.0, 34.0)	(7.0, 15.0)	(8.0, 11.0)	(9.0, 7.5)	(10.0, 6.5)	(11.0, 6.5)	(12.0, 4.0)	(13.0, 3.0)	(14.0, 4.5)	(15.0, 9.5)	(16.0, 18.0)	(17.0, 17.0)	(18.0, 10.833333333333334)	(19.0, 19.833333333333332)	(20.0, 35.83333333333333)	(21.0, 43.833333333333336)	(22.0, 57.33333333333335)	(23.0, 87.33333333333333)	(24.0, 116.16666666666664)	(25.0, 172.33333333333337)	(26.0, 236.33333333333354)	(27.0, 290.8333333333333)	(28.0, 376.4999999999994)	(29.0, 467.1666666666659)	(30.0, 574.3333333333329)	(31.0, 721.0000000000014)	(32.0, 923.8333333333362)	(33.0, 1156.8333333333344)	(34.0, 1367.3333333333285)	(35.0, 1523.4999999999948)	(36.0, 1712.6666666666576)	(37.0, 1924.999999999985)	(38.0, 2041.1666666666483)	(39.0, 2307.4999999999955)	(40.0, 2557.333333333337)	(41.0, 2508.1666666666656)	(42.0, 2585.1666666666715)	(43.0, 2806.166666666678)	(44.0, 2928.5000000000127)	(45.0, 2987.5000000000146)	(46.0, 3116.6666666666797)	(47.0, 3307.333333333352)	(48.0, 3456.500000000028)	(49.0, 3648.8333333333635)	(50.0, 3786.8333333333617)	(51.0, 3754.333333333357)	(52.0, 3648.6666666666856)	(53.0, 3527.833333333353)	(54.0, 3165.166666666682)	(55.0, 2833.833333333341)	(56.0, 2642.000000000004)	(57.0, 2364.1666666666642)	(58.0, 2180.8333333333235)	(59.0, 1958.499999999989)	(60.0, 1675.3333333333276)	(61.0, 1431.8333333333312)	(62.0, 1236.1666666666667)	(63.0, 1090.1666666666686)	(64.0, 948.0000000000024)	(65.0, 769.6666666666681)	(66.0, 601.9999999999998)	(67.0, 489.6666666666662)	(68.0, 379.9999999999998)	(69.0, 298.8333333333333)	(70.0, 217.50000000000009)	(71.0, 157.16666666666663)	(72.0, 113.99999999999997)	(73.0, 73.49999999999999)	(74.0, 54.166666666666664)	(75.0, 35.83333333333333)	(76.0, 17.5)	(77.0, 13.0)	(78.0, 14.5)	(79.0, 8.0)	(80.0, 2.5)	(81.0, 1.0)	(82.0, 0.0)	(83.0, 0.0)	(84.0, 0.0)	(85.0, 0.0)	(86.0, 0.0)	(87.0, 0.0)	(88.0, 0.0)	(89.0, 0.0)	(90.0, 0.0)	(91.0, 0.0)	(92.0, 0.0)	(93.0, 0.0)	(94.0, 0.0)	(95.0, 0.0)	(96.0, 0.0)	(97.0, 0.0)	(98.0, 0.0)	(99.0, 0.0)	(100.0, 0.0)																																																																																																					
SRR908438_2	(0.0, 4200.5)	(1.0, 1530.999999999931)	(2.0, 474.99999999999045)	(3.0, 196.33333333333454)	(4.0, 91.66666666666644)	(5.0, 53.0000000000001)	(6.0, 42.00000000000002)	(7.0, 39.0)	(8.0, 32.333333333333286)	(9.0, 21.666666666666657)	(10.0, 21.666666666666657)	(11.0, 20.33333333333333)	(12.0, 15.333333333333343)	(13.0, 13.666666666666673)	(14.0, 16.666666666666675)	(15.0, 16.333333333333343)	(16.0, 19.0)	(17.0, 33.999999999999964)	(18.0, 56.33333333333346)	(19.0, 95.99999999999972)	(20.0, 145.99999999999977)	(21.0, 215.00000000000173)	(22.0, 313.333333333333)	(23.0, 405.9999999999944)	(24.0, 506.333333333322)	(25.0, 651.3333333333375)	(26.0, 782.000000000019)	(27.0, 916.666666666701)	(28.0, 1115.6666666666922)	(29.0, 1318.666666666646)	(30.0, 1511.333333333269)	(31.0, 1747.6666666665485)	(32.0, 1987.666666666494)	(33.0, 2291.666666666591)	(34.0, 2816.3333333334963)	(35.0, 3312.6666666670553)	(36.0, 4056.0000000007267)	(37.0, 5070.666666666525)	(38.0, 6457.999999998597)	(39.0, 8275.666666663838)	(40.0, 10366.333333334307)	(41.0, 12877.666666672209)	(42.0, 15314.000000009974)	(43.0, 17537.666666674388)	(44.0, 19283.666666668036)	(45.0, 20197.66666666471)	(46.0, 20222.99999999795)	(47.0, 19204.33333333499)	(48.0, 17413.66666667484)	(49.0, 15282.666666676583)	(50.0, 13011.333333339118)	(51.0, 10406.000000001046)	(52.0, 8190.333333330354)	(53.0, 6276.333333332095)	(54.0, 4769.333333333466)	(55.0, 3572.6666666671736)	(56.0, 2653.6666666667556)	(57.0, 1983.3333333331616)	(58.0, 1497.6666666666054)	(59.0, 1166.6666666666806)	(60.0, 865.6666666666952)	(61.0, 686.0000000000081)	(62.0, 535.999999999991)	(63.0, 421.33333333332683)	(64.0, 324.999999999999)	(65.0, 272.3333333333353)	(66.0, 227.00000000000207)	(67.0, 186.33333333333425)	(68.0, 133.6666666666661)	(69.0, 115.33333333333277)	(70.0, 99.333333333333)	(71.0, 71.3333333333334)	(72.0, 54.00000000000011)	(73.0, 43.6666666666667)	(74.0, 34.99999999999997)	(75.0, 22.666666666666654)	(76.0, 20.66666666666666)	(77.0, 14.333333333333341)	(78.0, 13.666666666666673)	(79.0, 12.000000000000004)	(80.0, 11.66666666666667)	(81.0, 7.33333333333333)	(82.0, 5.333333333333332)	(83.0, 5.333333333333332)	(84.0, 2.333333333333333)	(85.0, 2.6666666666666665)	(86.0, 2.6666666666666665)	(87.0, 1.9999999999999998)	(88.0, 1.9999999999999998)	(89.0, 1.6666666666666665)	(90.0, 0.6666666666666666)	(91.0, 0.6666666666666666)	(92.0, 0.6666666666666666)	(93.0, 1.3333333333333333)	(94.0, 1.0)	(95.0, 1.3333333333333333)	(96.0, 0.6666666666666666)	(97.0, 0.3333333333333333)	(98.0, 0.3333333333333333)	(99.0, 0.6666666666666666)	(100.0, 0.0)	(0.0, 4200.5)	(1.0, 1530.999999999931)	(2.0, 474.99999999999045)	(3.0, 196.33333333333454)	(4.0, 91.66666666666644)	(5.0, 53.0000000000001)	(6.0, 42.00000000000002)	(7.0, 39.0)	(8.0, 32.333333333333286)	(9.0, 21.666666666666657)	(10.0, 21.666666666666657)	(11.0, 20.33333333333333)	(12.0, 15.333333333333343)	(13.0, 13.666666666666673)	(14.0, 16.666666666666675)	(15.0, 16.333333333333343)	(16.0, 19.0)	(17.0, 33.999999999999964)	(18.0, 56.33333333333346)	(19.0, 95.99999999999972)	(20.0, 145.99999999999977)	(21.0, 215.00000000000173)	(22.0, 313.333333333333)	(23.0, 405.9999999999944)	(24.0, 506.333333333322)	(25.0, 651.3333333333375)	(26.0, 782.000000000019)	(27.0, 916.666666666701)	(28.0, 1115.6666666666922)	(29.0, 1318.666666666646)	(30.0, 1511.333333333269)	(31.0, 1747.6666666665485)	(32.0, 1987.666666666494)	(33.0, 2291.666666666591)	(34.0, 2816.3333333334963)	(35.0, 3312.6666666670553)	(36.0, 4056.0000000007267)	(37.0, 5070.666666666525)	(38.0, 6457.999999998597)	(39.0, 8275.666666663838)	(40.0, 10366.333333334307)	(41.0, 12877.666666672209)	(42.0, 15314.000000009974)	(43.0, 17537.666666674388)	(44.0, 19283.666666668036)	(45.0, 20197.66666666471)	(46.0, 20222.99999999795)	(47.0, 19204.33333333499)	(48.0, 17413.66666667484)	(49.0, 15282.666666676583)	(50.0, 13011.333333339118)	(51.0, 10406.000000001046)	(52.0, 8190.333333330354)	(53.0, 6276.333333332095)	(54.0, 4769.333333333466)	(55.0, 3572.6666666671736)	(56.0, 2653.6666666667556)	(57.0, 1983.3333333331616)	(58.0, 1497.6666666666054)	(59.0, 1166.6666666666806)	(60.0, 865.6666666666952)	(61.0, 686.0000000000081)	(62.0, 535.999999999991)	(63.0, 421.33333333332683)	(64.0, 324.999999999999)	(65.0, 272.3333333333353)	(66.0, 227.00000000000207)	(67.0, 186.33333333333425)	(68.0, 133.6666666666661)	(69.0, 115.33333333333277)	(70.0, 99.333333333333)	(71.0, 71.3333333333334)	(72.0, 54.00000000000011)	(73.0, 43.6666666666667)	(74.0, 34.99999999999997)	(75.0, 22.666666666666654)	(76.0, 20.66666666666666)	(77.0, 14.333333333333341)	(78.0, 13.666666666666673)	(79.0, 12.000000000000004)	(80.0, 11.66666666666667)	(81.0, 7.33333333333333)	(82.0, 5.333333333333332)	(83.0, 5.333333333333332)	(84.0, 2.333333333333333)	(85.0, 2.6666666666666665)	(86.0, 2.6666666666666665)	(87.0, 1.9999999999999998)	(88.0, 1.9999999999999998)	(89.0, 1.6666666666666665)	(90.0, 0.6666666666666666)	(91.0, 0.6666666666666666)	(92.0, 0.6666666666666666)	(93.0, 1.3333333333333333)	(94.0, 1.0)	(95.0, 1.3333333333333333)	(96.0, 0.6666666666666666)	(97.0, 0.3333333333333333)	(98.0, 0.3333333333333333)	(99.0, 0.6666666666666666)	(100.0, 0.0)
SRR908438_2_paired	(0.0, 9774.5)	(1.0, 5492.333333333333)	(2.0, 734.5)	(3.0, 82.5)	(4.0, 15.5)	(5.0, 7.0)	(6.0, 6.0)	(7.0, 5.0)	(8.0, 5.0)	(9.0, 4.0)	(10.0, 4.0)	(11.0, 5.0)	(12.0, 3.5)	(13.0, 1.5)	(14.0, 2.0)	(15.0, 4.833333333333334)	(16.0, 7.0)	(17.0, 9.833333333333334)	(18.0, 15.166666666666666)	(19.0, 15.333333333333334)	(20.0, 18.166666666666668)	(21.0, 35.99999999999999)	(22.0, 57.16666666666667)	(23.0, 90.33333333333329)	(24.0, 120.83333333333326)	(25.0, 157.83333333333337)	(26.0, 203.50000000000009)	(27.0, 251.83333333333354)	(28.0, 328.83333333333326)	(29.0, 451.3333333333327)	(30.0, 544.9999999999991)	(31.0, 676.1666666666674)	(32.0, 861.5000000000019)	(33.0, 1068.6666666666683)	(34.0, 1312.499999999998)	(35.0, 1478.3333333333285)	(36.0, 1684.1666666666601)	(37.0, 1907.166666666657)	(38.0, 2086.333333333322)	(39.0, 2291.1666666666615)	(40.0, 2478.0000000000005)	(41.0, 2581.1666666666683)	(42.0, 2740.8333333333367)	(43.0, 2863.6666666666733)	(44.0, 2914.33333333334)	(45.0, 2994.166666666671)	(46.0, 3175.166666666678)	(47.0, 3423.8333333333458)	(48.0, 3489.333333333345)	(49.0, 3597.3333333333444)	(50.0, 3809.0000000000123)	(51.0, 3870.000000000008)	(52.0, 3894.3333333333385)	(53.0, 3704.500000000004)	(54.0, 3361.1666666666706)	(55.0, 3131.1666666666692)	(56.0, 2881.0000000000014)	(57.0, 2604.999999999999)	(58.0, 2366.499999999998)	(59.0, 2144.333333333332)	(60.0, 1927.8333333333317)	(61.0, 1685.4999999999989)	(62.0, 1465.6666666666665)	(63.0, 1270.8333333333333)	(64.0, 1089.666666666667)	(65.0, 927.1666666666669)	(66.0, 767.8333333333334)	(67.0, 614.8333333333333)	(68.0, 527.5)	(69.0, 418.8333333333333)	(70.0, 302.1666666666667)	(71.0, 230.33333333333334)	(72.0, 169.0)	(73.0, 121.5)	(74.0, 86.83333333333334)	(75.0, 63.333333333333336)	(76.0, 45.0)	(77.0, 29.5)	(78.0, 20.5)	(79.0, 18.5)	(80.0, 13.0)	(81.0, 6.0)	(82.0, 2.5)	(83.0, 1.3333333333333333)	(84.0, 1.0)	(85.0, 0.5)	(86.0, 0.0)	(87.0, 0.0)	(88.0, 0.5)	(89.0, 1.0)	(90.0, 0.5)	(91.0, 0.0)	(92.0, 0.0)	(93.0, 0.0)	(94.0, 0.0)	(95.0, 0.0)	(96.0, 0.0)	(97.0, 0.0)	(98.0, 0.0)	(99.0, 0.0)	(100.0, 0.5)																																																																																																					
SRR908439_1	(0.0, 3846.0)	(1.0, 2332.6666666666097)	(2.0, 783.3333333333525)	(3.0, 198.66666666666794)	(4.0, 119.33333333333272)	(5.0, 83.33333333333323)	(6.0, 73.00000000000004)	(7.0, 54.33333333333344)	(8.0, 40.00000000000001)	(9.0, 35.33333333333331)	(10.0, 27.666666666666636)	(11.0, 21.99999999999999)	(12.0, 21.99999999999999)	(13.0, 19.0)	(14.0, 24.99999999999998)	(15.0, 32.333333333333286)	(16.0, 161.33333333333354)	(17.0, 428.66666666665975)	(18.0, 711.0000000000109)	(19.0, 979.0000000000414)	(20.0, 1084.333333333366)	(21.0, 1085.666666666699)	(22.0, 1093.6666666666972)	(23.0, 1139.6666666666868)	(24.0, 1189.3333333333421)	(25.0, 1226.0000000000005)	(26.0, 1314.666666666647)	(27.0, 1431.6666666666204)	(28.0, 1569.666666666589)	(29.0, 1811.3333333332007)	(30.0, 2157.3333333331966)	(31.0, 2611.6666666667365)	(32.0, 3202.6666666670053)	(33.0, 3952.6666666673464)	(34.0, 4839.666666666735)	(35.0, 5946.666666665728)	(36.0, 6980.333333331455)	(37.0, 7984.666666663875)	(38.0, 8874.333333331593)	(39.0, 9484.99999999937)	(40.0, 9942.000000000202)	(41.0, 9872.333333333409)	(42.0, 9639.666666666319)	(43.0, 9093.666666665325)	(44.0, 8415.999999997426)	(45.0, 7542.666666664277)	(46.0, 6624.666666665112)	(47.0, 5692.333333332626)	(48.0, 4983.333333333271)	(49.0, 4207.000000000644)	(50.0, 3533.666666667156)	(51.0, 2976.333333333569)	(52.0, 2465.66666666667)	(53.0, 1980.6666666664955)	(54.0, 1598.3333333332491)	(55.0, 1344.3333333333069)	(56.0, 1059.3333333333717)	(57.0, 853.0000000000271)	(58.0, 667.3333333333393)	(59.0, 531.9999999999906)	(60.0, 392.6666666666618)	(61.0, 290.00000000000097)	(62.0, 216.66666666666845)	(63.0, 149.66666666666654)	(64.0, 99.333333333333)	(65.0, 75.00000000000001)	(66.0, 54.33333333333344)	(67.0, 40.33333333333334)	(68.0, 31.66666666666662)	(69.0, 26.99999999999997)	(70.0, 19.666666666666664)	(71.0, 13.33333333333334)	(72.0, 12.333333333333337)	(73.0, 6.666666666666664)	(74.0, 6.666666666666664)	(75.0, 4.0)	(76.0, 1.6666666666666665)	(77.0, 1.6666666666666665)	(78.0, 0.6666666666666666)	(79.0, 0.6666666666666666)	(80.0, 0.6666666666666666)	(81.0, 1.0)	(82.0, 0.6666666666666666)	(83.0, 0.3333333333333333)	(84.0, 0.3333333333333333)	(85.0, 0.0)	(86.0, 0.0)	(87.0, 0.0)	(88.0, 0.0)	(89.0, 0.0)	(90.0, 0.0)	(91.0, 0.0)	(92.0, 0.0)	(93.0, 0.0)	(94.0, 0.0)	(95.0, 0.0)	(96.0, 0.0)	(97.0, 0.0)	(98.0, 0.0)	(99.0, 0.3333333333333333)	(100.0, 0.5)	(0.0, 3846.0)	(1.0, 2332.6666666666097)	(2.0, 783.3333333333525)	(3.0, 198.66666666666794)	(4.0, 119.33333333333272)	(5.0, 83.33333333333323)	(6.0, 73.00000000000004)	(7.0, 54.33333333333344)	(8.0, 40.00000000000001)	(9.0, 35.33333333333331)	(10.0, 27.666666666666636)	(11.0, 21.99999999999999)	(12.0, 21.99999999999999)	(13.0, 19.0)	(14.0, 24.99999999999998)	(15.0, 32.333333333333286)	(16.0, 161.33333333333354)	(17.0, 428.66666666665975)	(18.0, 711.0000000000109)	(19.0, 979.0000000000414)	(20.0, 1084.333333333366)	(21.0, 1085.666666666699)	(22.0, 1093.6666666666972)	(23.0, 1139.6666666666868)	(24.0, 1189.3333333333421)	(25.0, 1226.0000000000005)	(26.0, 1314.666666666647)	(27.0, 1431.6666666666204)	(28.0, 1569.666666666589)	(29.0, 1811.3333333332007)	(30.0, 2157.3333333331966)	(31.0, 2611.6666666667365)	(32.0, 3202.6666666670053)	(33.0, 3952.6666666673464)	(34.0, 4839.666666666735)	(35.0, 5946.666666665728)	(36.0, 6980.333333331455)	(37.0, 7984.666666663875)	(38.0, 8874.333333331593)	(39.0, 9484.99999999937)	(40.0, 9942.000000000202)	(41.0, 9872.333333333409)	(42.0, 9639.666666666319)	(43.0, 9093.666666665325)	(44.0, 8415.999999997426)	(45.0, 7542.666666664277)	(46.0, 6624.666666665112)	(47.0, 5692.333333332626)	(48.0, 4983.333333333271)	(49.0, 4207.000000000644)	(50.0, 3533.666666667156)	(51.0, 2976.333333333569)	(52.0, 2465.66666666667)	(53.0, 1980.6666666664955)	(54.0, 1598.3333333332491)	(55.0, 1344.3333333333069)	(56.0, 1059.3333333333717)	(57.0, 853.0000000000271)	(58.0, 667.3333333333393)	(59.0, 531.9999999999906)	(60.0, 392.6666666666618)	(61.0, 290.00000000000097)	(62.0, 216.66666666666845)	(63.0, 149.66666666666654)	(64.0, 99.333333333333)	(65.0, 75.00000000000001)	(66.0, 54.33333333333344)	(67.0, 40.33333333333334)	(68.0, 31.66666666666662)	(69.0, 26.99999999999997)	(70.0, 19.666666666666664)	(71.0, 13.33333333333334)	(72.0, 12.333333333333337)	(73.0, 6.666666666666664)	(74.0, 6.666666666666664)	(75.0, 4.0)	(76.0, 1.6666666666666665)	(77.0, 1.6666666666666665)	(78.0, 0.6666666666666666)	(79.0, 0.6666666666666666)	(80.0, 0.6666666666666666)	(81.0, 1.0)	(82.0, 0.6666666666666666)	(83.0, 0.3333333333333333)	(84.0, 0.3333333333333333)	(85.0, 0.0)	(86.0, 0.0)	(87.0, 0.0)	(88.0, 0.0)	(89.0, 0.0)	(90.0, 0.0)	(91.0, 0.0)	(92.0, 0.0)	(93.0, 0.0)	(94.0, 0.0)	(95.0, 0.0)	(96.0, 0.0)	(97.0, 0.0)	(98.0, 0.0)	(99.0, 0.3333333333333333)	(100.0, 0.5)
SRR908439_1_paired	(0.0, 5675.0)	(1.0, 4253.333333333457)	(2.0, 2171.3333333333185)	(3.0, 1314.3333333333333)	(4.0, 588.5)	(5.0, 192.5)	(6.0, 57.5)	(7.0, 23.0)	(8.0, 8.0)	(9.0, 4.5)	(10.0, 3.5)	(11.0, 2.5)	(12.0, 1.5)	(13.0, 1.0)	(14.0, 2.0)	(15.0, 2.0)	(16.0, 1.0)	(17.0, 1.5)	(18.0, 4.0)	(19.0, 7.5)	(20.0, 12.5)	(21.0, 16.5)	(22.0, 22.0)	(23.0, 24.999999999999996)	(24.0, 38.833333333333336)	(25.0, 64.5)	(26.0, 79.83333333333333)	(27.0, 106.49999999999999)	(28.0, 130.66666666666657)	(29.0, 188.66666666666674)	(30.0, 264.5000000000003)	(31.0, 318.9999999999999)	(32.0, 388.666666666666)	(33.0, 432.6666666666659)	(34.0, 496.49999999999926)	(35.0, 605.3333333333331)	(36.0, 679.1666666666675)	(37.0, 738.1666666666681)	(38.0, 806.3333333333358)	(39.0, 893.6666666666702)	(40.0, 963.3333333333375)	(41.0, 977.3333333333367)	(42.0, 976.0000000000047)	(43.0, 997.5000000000049)	(44.0, 1083.0000000000027)	(45.0, 1152.1666666666679)	(46.0, 1175.3333333333335)	(47.0, 1183.833333333334)	(48.0, 1216.1666666666667)	(49.0, 1230.0000000000014)	(50.0, 1226.0000000000023)	(51.0, 1180.0000000000007)	(52.0, 1127.1666666666688)	(53.0, 1054.500000000003)	(54.0, 933.0000000000027)	(55.0, 855.1666666666688)	(56.0, 808.6666666666678)	(57.0, 737.500000000001)	(58.0, 661.1666666666669)	(59.0, 572.4999999999995)	(60.0, 495.83333333333263)	(61.0, 419.99999999999966)	(62.0, 321.9999999999999)	(63.0, 251.33333333333346)	(64.0, 219.50000000000006)	(65.0, 173.5)	(66.0, 119.16666666666666)	(67.0, 89.5)	(68.0, 66.33333333333334)	(69.0, 50.833333333333336)	(70.0, 37.666666666666664)	(71.0, 24.166666666666664)	(72.0, 16.833333333333332)	(73.0, 15.0)	(74.0, 12.5)	(75.0, 6.0)	(76.0, 2.0)	(77.0, 1.5)	(78.0, 1.0)	(79.0, 1.0)	(80.0, 1.0)	(81.0, 0.5)	(82.0, 0.0)	(83.0, 0.0)	(84.0, 0.0)	(85.0, 0.0)	(86.0, 0.0)	(87.0, 0.0)	(88.0, 0.0)	(89.0, 0.0)	(90.0, 0.0)	(91.0, 0.0)	(92.0, 0.0)	(93.0, 0.0)	(94.0, 0.0)	(95.0, 0.0)	(96.0, 0.0)	(97.0, 0.0)	(98.0, 0.0)	(99.0, 0.0)	(100.0, 0.0)																																																																																																					
SRR908439_2	(0.0, 5226.5)	(1.0, 1665.9999999999004)	(2.0, 436.6666666666593)	(3.0, 196.0000000000012)	(4.0, 95.99999999999972)	(5.0, 54.33333333333344)	(6.0, 44.000000000000036)	(7.0, 37.33333333333332)	(8.0, 30.333333333333293)	(9.0, 23.999999999999982)	(10.0, 17.33333333333334)	(11.0, 20.33333333333333)	(12.0, 16.666666666666675)	(13.0, 17.000000000000007)	(14.0, 15.333333333333343)	(15.0, 17.33333333333334)	(16.0, 19.333333333333332)	(17.0, 22.999999999999986)	(18.0, 33.33333333333329)	(19.0, 55.000000000000114)	(20.0, 79.33333333333329)	(21.0, 136.66666666666617)	(22.0, 189.66666666666768)	(23.0, 244.3333333333359)	(24.0, 340.66666666666475)	(25.0, 432.99999999999284)	(26.0, 533.9999999999908)	(27.0, 615.6666666666667)	(28.0, 730.6666666666798)	(29.0, 848.6666666666932)	(30.0, 977.6666666667079)	(31.0, 1124.6666666666902)	(32.0, 1316.3333333333132)	(33.0, 1528.6666666665983)	(34.0, 1780.3333333332077)	(35.0, 2123.999999999848)	(36.0, 2601.3333333333985)	(37.0, 3243.000000000357)	(38.0, 4106.666666667402)	(39.0, 5250.333333333028)	(40.0, 6617.333333331785)	(41.0, 8313.333333330573)	(42.0, 9934.666666666855)	(43.0, 11390.666666669504)	(44.0, 12460.000000004782)	(45.0, 12928.666666672301)	(46.0, 12742.000000005295)	(47.0, 12023.000000003987)	(48.0, 10704.000000001588)	(49.0, 9297.99999999903)	(50.0, 7622.666666664204)	(51.0, 5972.333333332372)	(52.0, 4582.666666666969)	(53.0, 3477.0000000004634)	(54.0, 2569.6666666667174)	(55.0, 1855.666666666524)	(56.0, 1336.9999999999752)	(57.0, 962.0000000000394)	(58.0, 706.0000000000103)	(59.0, 520.9999999999893)	(60.0, 388.3333333333287)	(61.0, 287.33333333333445)	(62.0, 211.33333333333496)	(63.0, 141.33333333333297)	(64.0, 112.33333333333282)	(65.0, 72.00000000000006)	(66.0, 51.33333333333342)	(67.0, 41.000000000000014)	(68.0, 37.99999999999999)	(69.0, 33.66666666666663)	(70.0, 21.99999999999999)	(71.0, 22.999999999999986)	(72.0, 18.333333333333336)	(73.0, 14.666666666666675)	(74.0, 15.333333333333343)	(75.0, 10.666666666666668)	(76.0, 7.9999999999999964)	(77.0, 7.33333333333333)	(78.0, 5.999999999999998)	(79.0, 6.666666666666664)	(80.0, 5.666666666666665)	(81.0, 3.666666666666667)	(82.0, 3.0)	(83.0, 2.333333333333333)	(84.0, 2.333333333333333)	(85.0, 1.3333333333333333)	(86.0, 1.0)	(87.0, 1.6666666666666665)	(88.0, 0.3333333333333333)	(89.0, 0.6666666666666666)	(90.0, 0.3333333333333333)	(91.0, 0.3333333333333333)	(92.0, 0.0)	(93.0, 0.0)	(94.0, 0.0)	(95.0, 0.3333333333333333)	(96.0, 0.3333333333333333)	(97.0, 0.6666666666666666)	(98.0, 0.3333333333333333)	(99.0, 0.3333333333333333)	(100.0, 1.0)	(0.0, 5226.5)	(1.0, 1665.9999999999004)	(2.0, 436.6666666666593)	(3.0, 196.0000000000012)	(4.0, 95.99999999999972)	(5.0, 54.33333333333344)	(6.0, 44.000000000000036)	(7.0, 37.33333333333332)	(8.0, 30.333333333333293)	(9.0, 23.999999999999982)	(10.0, 17.33333333333334)	(11.0, 20.33333333333333)	(12.0, 16.666666666666675)	(13.0, 17.000000000000007)	(14.0, 15.333333333333343)	(15.0, 17.33333333333334)	(16.0, 19.333333333333332)	(17.0, 22.999999999999986)	(18.0, 33.33333333333329)	(19.0, 55.000000000000114)	(20.0, 79.33333333333329)	(21.0, 136.66666666666617)	(22.0, 189.66666666666768)	(23.0, 244.3333333333359)	(24.0, 340.66666666666475)	(25.0, 432.99999999999284)	(26.0, 533.9999999999908)	(27.0, 615.6666666666667)	(28.0, 730.6666666666798)	(29.0, 848.6666666666932)	(30.0, 977.6666666667079)	(31.0, 1124.6666666666902)	(32.0, 1316.3333333333132)	(33.0, 1528.6666666665983)	(34.0, 1780.3333333332077)	(35.0, 2123.999999999848)	(36.0, 2601.3333333333985)	(37.0, 3243.000000000357)	(38.0, 4106.666666667402)	(39.0, 5250.333333333028)	(40.0, 6617.333333331785)	(41.0, 8313.333333330573)	(42.0, 9934.666666666855)	(43.0, 11390.666666669504)	(44.0, 12460.000000004782)	(45.0, 12928.666666672301)	(46.0, 12742.000000005295)	(47.0, 12023.000000003987)	(48.0, 10704.000000001588)	(49.0, 9297.99999999903)	(50.0, 7622.666666664204)	(51.0, 5972.333333332372)	(52.0, 4582.666666666969)	(53.0, 3477.0000000004634)	(54.0, 2569.6666666667174)	(55.0, 1855.666666666524)	(56.0, 1336.9999999999752)	(57.0, 962.0000000000394)	(58.0, 706.0000000000103)	(59.0, 520.9999999999893)	(60.0, 388.3333333333287)	(61.0, 287.33333333333445)	(62.0, 211.33333333333496)	(63.0, 141.33333333333297)	(64.0, 112.33333333333282)	(65.0, 72.00000000000006)	(66.0, 51.33333333333342)	(67.0, 41.000000000000014)	(68.0, 37.99999999999999)	(69.0, 33.66666666666663)	(70.0, 21.99999999999999)	(71.0, 22.999999999999986)	(72.0, 18.333333333333336)	(73.0, 14.666666666666675)	(74.0, 15.333333333333343)	(75.0, 10.666666666666668)	(76.0, 7.9999999999999964)	(77.0, 7.33333333333333)	(78.0, 5.999999999999998)	(79.0, 6.666666666666664)	(80.0, 5.666666666666665)	(81.0, 3.666666666666667)	(82.0, 3.0)	(83.0, 2.333333333333333)	(84.0, 2.333333333333333)	(85.0, 1.3333333333333333)	(86.0, 1.0)	(87.0, 1.6666666666666665)	(88.0, 0.3333333333333333)	(89.0, 0.6666666666666666)	(90.0, 0.3333333333333333)	(91.0, 0.3333333333333333)	(92.0, 0.0)	(93.0, 0.0)	(94.0, 0.0)	(95.0, 0.3333333333333333)	(96.0, 0.3333333333333333)	(97.0, 0.6666666666666666)	(98.0, 0.3333333333333333)	(99.0, 0.3333333333333333)	(100.0, 1.0)
SRR908439_2_paired	(0.0, 10950.5)	(1.0, 6220.666666666666)	(2.0, 958.3333333333334)	(3.0, 103.0)	(4.0, 15.5)	(5.0, 6.5)	(6.0, 1.5)	(7.0, 0.5)	(8.0, 1.3333333333333333)	(9.0, 0.8333333333333333)	(10.0, 0.5)	(11.0, 1.3333333333333333)	(12.0, 0.5)	(13.0, 0.8333333333333333)	(14.0, 1.0)	(15.0, 0.5)	(16.0, 0.5)	(17.0, 2.0)	(18.0, 2.5)	(19.0, 4.5)	(20.0, 10.5)	(21.0, 16.5)	(22.0, 18.833333333333332)	(23.0, 25.0)	(24.0, 37.83333333333333)	(25.0, 55.16666666666667)	(26.0, 77.5)	(27.0, 95.16666666666666)	(28.0, 123.49999999999997)	(29.0, 176.33333333333337)	(30.0, 247.66666666666688)	(31.0, 301.16666666666686)	(32.0, 354.6666666666665)	(33.0, 408.33333333333286)	(34.0, 476.83333333333223)	(35.0, 577.6666666666665)	(36.0, 641.3333333333333)	(37.0, 711.0000000000006)	(38.0, 813.3333333333348)	(39.0, 918.0000000000025)	(40.0, 994.3333333333364)	(41.0, 1016.6666666666703)	(42.0, 1032.000000000002)	(43.0, 1034.000000000002)	(44.0, 1087.3333333333348)	(45.0, 1166.1666666666672)	(46.0, 1224.8333333333333)	(47.0, 1253.3333333333333)	(48.0, 1263.3333333333335)	(49.0, 1253.1666666666672)	(50.0, 1249.6666666666677)	(51.0, 1238.9999999999998)	(52.0, 1182.5000000000005)	(53.0, 1149.5)	(54.0, 1041.6666666666679)	(55.0, 966.1666666666673)	(56.0, 938.3333333333339)	(57.0, 808.6666666666673)	(58.0, 710.166666666667)	(59.0, 634.5)	(60.0, 556.1666666666665)	(61.0, 522.5)	(62.0, 432.1666666666666)	(63.0, 337.1666666666667)	(64.0, 279.16666666666663)	(65.0, 227.0)	(66.0, 172.33333333333331)	(67.0, 122.0)	(68.0, 87.5)	(69.0, 60.0)	(70.0, 41.0)	(71.0, 28.0)	(72.0, 25.0)	(73.0, 21.5)	(74.0, 15.5)	(75.0, 8.0)	(76.0, 3.5)	(77.0, 2.0)	(78.0, 2.0)	(79.0, 1.5)	(80.0, 0.5)	(81.0, 0.0)	(82.0, 0.0)	(83.0, 0.3333333333333333)	(84.0, 0.3333333333333333)	(85.0, 0.0)	(86.0, 0.0)	(87.0, 0.0)	(88.0, 0.0)	(89.0, 0.0)	(90.0, 0.0)	(91.0, 0.0)	(92.0, 0.0)	(93.0, 0.0)	(94.0, 0.0)	(95.0, 0.0)	(96.0, 0.0)	(97.0, 0.0)	(98.0, 0.0)	(99.0, 0.0)	(100.0, 0.0)																																																																																																					
SRR908440_1	(0.0, 10318.5)	(1.0, 2202.6666666665506)	(2.0, 889.0000000000312)	(3.0, 563.9999999999942)	(4.0, 394.6666666666617)	(5.0, 292.33333333333417)	(6.0, 223.00000000000196)	(7.0, 167.00000000000037)	(8.0, 131.3333333333327)	(9.0, 106.99999999999956)	(10.0, 82.33333333333324)	(11.0, 66.33333333333347)	(12.0, 50.66666666666675)	(13.0, 46.00000000000005)	(14.0, 39.0)	(15.0, 35.99999999999998)	(16.0, 66.6666666666668)	(17.0, 182.0000000000008)	(18.0, 245.33333333333593)	(19.0, 333.99999999999847)	(20.0, 367.3333333333299)	(21.0, 365.33333333333)	(22.0, 370.33333333332973)	(23.0, 378.6666666666626)	(24.0, 390.6666666666619)	(25.0, 415.6666666666605)	(26.0, 461.6666666666579)	(27.0, 506.6666666666553)	(28.0, 568.6666666666614)	(29.0, 666.0000000000058)	(30.0, 804.6666666666882)	(31.0, 974.0000000000408)	(32.0, 1223.0000000000011)	(33.0, 1531.9999999999309)	(34.0, 1902.9999999998465)	(35.0, 2386.6666666666342)	(36.0, 2843.666666666842)	(37.0, 3392.0000000004247)	(38.0, 3888.0000000006503)	(39.0, 4180.3333333340015)	(40.0, 4481.333333333728)	(41.0, 4696.333333333532)	(42.0, 4774.666666666794)	(43.0, 4663.666666666895)	(44.0, 4414.666666667122)	(45.0, 4165.333333334015)	(46.0, 3914.666666667329)	(47.0, 3472.666666667128)	(48.0, 3022.0000000002565)	(49.0, 2739.3333333334613)	(50.0, 2424.333333333318)	(51.0, 2048.6666666664805)	(52.0, 1745.666666666549)	(53.0, 1469.999999999945)	(54.0, 1213.0000000000034)	(55.0, 1036.6666666667102)	(56.0, 846.0000000000263)	(57.0, 682.333333333341)	(58.0, 553.9999999999931)	(59.0, 449.66666666665856)	(60.0, 384.99999999999557)	(61.0, 305.66666666666674)	(62.0, 238.33333333333573)	(63.0, 190.33333333333437)	(64.0, 138.3333333333329)	(65.0, 96.66666666666637)	(66.0, 69.0000000000001)	(67.0, 43.333333333333364)	(68.0, 28.666666666666632)	(69.0, 20.66666666666666)	(70.0, 15.000000000000009)	(71.0, 10.0)	(72.0, 5.333333333333332)	(73.0, 2.6666666666666665)	(74.0, 4.0)	(75.0, 1.9999999999999998)	(76.0, 1.0)	(77.0, 1.0)	(78.0, 1.3333333333333333)	(79.0, 0.3333333333333333)	(80.0, 1.0)	(81.0, 0.6666666666666666)	(82.0, 0.0)	(83.0, 0.0)	(84.0, 0.3333333333333333)	(85.0, 0.3333333333333333)	(86.0, 0.3333333333333333)	(87.0, 0.3333333333333333)	(88.0, 0.0)	(89.0, 0.0)	(90.0, 0.0)	(91.0, 0.0)	(92.0, 0.0)	(93.0, 0.0)	(94.0, 0.0)	(95.0, 0.0)	(96.0, 0.0)	(97.0, 0.0)	(98.0, 0.0)	(99.0, 0.0)	(100.0, 0.0)	(0.0, 10318.5)	(1.0, 2202.6666666665506)	(2.0, 889.0000000000312)	(3.0, 563.9999999999942)	(4.0, 394.6666666666617)	(5.0, 292.33333333333417)	(6.0, 223.00000000000196)	(7.0, 167.00000000000037)	(8.0, 131.3333333333327)	(9.0, 106.99999999999956)	(10.0, 82.33333333333324)	(11.0, 66.33333333333347)	(12.0, 50.66666666666675)	(13.0, 46.00000000000005)	(14.0, 39.0)	(15.0, 35.99999999999998)	(16.0, 66.6666666666668)	(17.0, 182.0000000000008)	(18.0, 245.33333333333593)	(19.0, 333.99999999999847)	(20.0, 367.3333333333299)	(21.0, 365.33333333333)	(22.0, 370.33333333332973)	(23.0, 378.6666666666626)	(24.0, 390.6666666666619)	(25.0, 415.6666666666605)	(26.0, 461.6666666666579)	(27.0, 506.6666666666553)	(28.0, 568.6666666666614)	(29.0, 666.0000000000058)	(30.0, 804.6666666666882)	(31.0, 974.0000000000408)	(32.0, 1223.0000000000011)	(33.0, 1531.9999999999309)	(34.0, 1902.9999999998465)	(35.0, 2386.6666666666342)	(36.0, 2843.666666666842)	(37.0, 3392.0000000004247)	(38.0, 3888.0000000006503)	(39.0, 4180.3333333340015)	(40.0, 4481.333333333728)	(41.0, 4696.333333333532)	(42.0, 4774.666666666794)	(43.0, 4663.666666666895)	(44.0, 4414.666666667122)	(45.0, 4165.333333334015)	(46.0, 3914.666666667329)	(47.0, 3472.666666667128)	(48.0, 3022.0000000002565)	(49.0, 2739.3333333334613)	(50.0, 2424.333333333318)	(51.0, 2048.6666666664805)	(52.0, 1745.666666666549)	(53.0, 1469.999999999945)	(54.0, 1213.0000000000034)	(55.0, 1036.6666666667102)	(56.0, 846.0000000000263)	(57.0, 682.333333333341)	(58.0, 553.9999999999931)	(59.0, 449.66666666665856)	(60.0, 384.99999999999557)	(61.0, 305.66666666666674)	(62.0, 238.33333333333573)	(63.0, 190.33333333333437)	(64.0, 138.3333333333329)	(65.0, 96.66666666666637)	(66.0, 69.0000000000001)	(67.0, 43.333333333333364)	(68.0, 28.666666666666632)	(69.0, 20.66666666666666)	(70.0, 15.000000000000009)	(71.0, 10.0)	(72.0, 5.333333333333332)	(73.0, 2.6666666666666665)	(74.0, 4.0)	(75.0, 1.9999999999999998)	(76.0, 1.0)	(77.0, 1.0)	(78.0, 1.3333333333333333)	(79.0, 0.3333333333333333)	(80.0, 1.0)	(81.0, 0.6666666666666666)	(82.0, 0.0)	(83.0, 0.0)	(84.0, 0.3333333333333333)	(85.0, 0.3333333333333333)	(86.0, 0.3333333333333333)	(87.0, 0.3333333333333333)	(88.0, 0.0)	(89.0, 0.0)	(90.0, 0.0)	(91.0, 0.0)	(92.0, 0.0)	(93.0, 0.0)	(94.0, 0.0)	(95.0, 0.0)	(96.0, 0.0)	(97.0, 0.0)	(98.0, 0.0)	(99.0, 0.0)	(100.0, 0.0)
SRR908440_1_paired	(0.0, 24259.0)	(1.0, 13025.166666666686)	(2.0, 1415.833333333333)	(3.0, 210.33333333333334)	(4.0, 91.0)	(5.0, 56.0)	(6.0, 29.5)	(7.0, 17.0)	(8.0, 10.0)	(9.0, 6.0)	(10.0, 4.0)	(11.0, 2.0)	(12.0, 0.5)	(13.0, 1.5)	(14.0, 3.0)	(15.0, 5.5)	(16.0, 9.5)	(17.0, 9.833333333333334)	(18.0, 14.5)	(19.0, 21.666666666666664)	(20.0, 42.00000000000001)	(21.0, 66.83333333333334)	(22.0, 86.0)	(23.0, 113.33333333333333)	(24.0, 154.66666666666663)	(25.0, 214.00000000000009)	(26.0, 298.50000000000006)	(27.0, 390.83333333333314)	(28.0, 470.99999999999943)	(29.0, 573.6666666666664)	(30.0, 718.3333333333339)	(31.0, 851.5000000000015)	(32.0, 959.5000000000022)	(33.0, 1100.1666666666686)	(34.0, 1242.6666666666658)	(35.0, 1451.4999999999975)	(36.0, 1590.8333333333278)	(37.0, 1642.6666666666597)	(38.0, 1790.1666666666572)	(39.0, 1997.6666666666547)	(40.0, 2156.3333333333253)	(41.0, 2197.6666666666583)	(42.0, 2223.6666666666592)	(43.0, 2250.8333333333285)	(44.0, 2181.333333333328)	(45.0, 2143.4999999999914)	(46.0, 2176.6666666666583)	(47.0, 2230.4999999999936)	(48.0, 2257.8333333333294)	(49.0, 2225.4999999999923)	(50.0, 2199.9999999999923)	(51.0, 2151.1666666666597)	(52.0, 2054.499999999991)	(53.0, 1907.1666666666595)	(54.0, 1760.9999999999943)	(55.0, 1704.999999999995)	(56.0, 1587.3333333333294)	(57.0, 1399.8333333333323)	(58.0, 1284.9999999999995)	(59.0, 1180.8333333333344)	(60.0, 1035.0000000000018)	(61.0, 907.6666666666686)	(62.0, 800.0000000000008)	(63.0, 672.8333333333338)	(64.0, 561.3333333333331)	(65.0, 468.66666666666646)	(66.0, 381.99999999999994)	(67.0, 301.6666666666667)	(68.0, 228.50000000000009)	(69.0, 181.83333333333334)	(70.0, 151.16666666666666)	(71.0, 121.49999999999999)	(72.0, 86.83333333333334)	(73.0, 51.5)	(74.0, 31.833333333333336)	(75.0, 18.0)	(76.0, 10.5)	(77.0, 7.0)	(78.0, 3.5)	(79.0, 2.5)	(80.0, 1.0)	(81.0, 0.0)	(82.0, 0.0)	(83.0, 0.0)	(84.0, 0.0)	(85.0, 0.0)	(86.0, 0.5)	(87.0, 0.5)	(88.0, 0.0)	(89.0, 0.0)	(90.0, 0.0)	(91.0, 0.0)	(92.0, 0.0)	(93.0, 0.0)	(94.0, 0.0)	(95.0, 0.0)	(96.0, 0.0)	(97.0, 0.0)	(98.0, 0.0)	(99.0, 0.0)	(100.0, 0.0)																																																																																																					
SRR908440_2	(0.0, 8557.5)	(1.0, 4268.000000000588)	(2.0, 1720.3333333332214)	(3.0, 799.0000000000209)	(4.0, 370.33333333332973)	(5.0, 190.6666666666677)	(6.0, 117.66666666666607)	(7.0, 79.33333333333329)	(8.0, 63.333333333333506)	(9.0, 53.66666666666677)	(10.0, 36.999999999999986)	(11.0, 29.333333333333297)	(12.0, 24.666666666666647)	(13.0, 16.333333333333343)	(14.0, 19.333333333333332)	(15.0, 16.00000000000001)	(16.0, 19.0)	(17.0, 23.333333333333318)	(18.0, 26.333333333333307)	(19.0, 37.99999999999999)	(20.0, 59.33333333333348)	(21.0, 71.66666666666673)	(22.0, 91.66666666666644)	(23.0, 120.3333333333327)	(24.0, 149.66666666666654)	(25.0, 196.0000000000012)	(26.0, 240.00000000000244)	(27.0, 270.0000000000021)	(28.0, 333.33333333333184)	(29.0, 405.66666666666106)	(30.0, 439.6666666666591)	(31.0, 511.99999999998835)	(32.0, 637.0000000000025)	(33.0, 731.0000000000132)	(34.0, 871.3333333333625)	(35.0, 1095.3333333333635)	(36.0, 1389.3333333332967)	(37.0, 1747.6666666665485)	(38.0, 2209.3333333332203)	(39.0, 2764.3333333334726)	(40.0, 3347.0000000004043)	(41.0, 4009.333333334039)	(42.0, 4683.000000000211)	(43.0, 5158.999999999778)	(44.0, 5555.999999999417)	(45.0, 5724.333333332597)	(46.0, 5552.333333332754)	(47.0, 5198.999999999742)	(48.0, 4835.333333333406)	(49.0, 4249.333333333939)	(50.0, 3630.3333333338664)	(51.0, 3071.6666666669457)	(52.0, 2576.6666666667206)	(53.0, 2116.6666666665114)	(54.0, 1726.33333333322)	(55.0, 1376.9999999999661)	(56.0, 1090.0000000000314)	(57.0, 874.0000000000294)	(58.0, 714.666666666678)	(59.0, 550.6666666666594)	(60.0, 453.66666666665833)	(61.0, 384.99999999999557)	(62.0, 301.33333333333366)	(63.0, 231.0000000000022)	(64.0, 189.33333333333434)	(65.0, 145.3333333333331)	(66.0, 116.99999999999942)	(67.0, 89.9999999999998)	(68.0, 71.3333333333334)	(69.0, 61.33333333333349)	(70.0, 38.666666666666664)	(71.0, 29.99999999999996)	(72.0, 25.666666666666643)	(73.0, 23.333333333333318)	(74.0, 13.666666666666673)	(75.0, 10.0)	(76.0, 9.333333333333332)	(77.0, 7.9999999999999964)	(78.0, 6.333333333333331)	(79.0, 6.333333333333331)	(80.0, 4.999999999999999)	(81.0, 4.666666666666666)	(82.0, 1.9999999999999998)	(83.0, 1.3333333333333333)	(84.0, 0.6666666666666666)	(85.0, 0.3333333333333333)	(86.0, 0.3333333333333333)	(87.0, 0.3333333333333333)	(88.0, 1.6666666666666665)	(89.0, 0.6666666666666666)	(90.0, 0.0)	(91.0, 0.0)	(92.0, 0.0)	(93.0, 0.0)	(94.0, 0.3333333333333333)	(95.0, 0.3333333333333333)	(96.0, 0.0)	(97.0, 0.0)	(98.0, 0.0)	(99.0, 0.3333333333333333)	(100.0, 0.5)	(0.0, 8557.5)	(1.0, 4268.000000000588)	(2.0, 1720.3333333332214)	(3.0, 799.0000000000209)	(4.0, 370.33333333332973)	(5.0, 190.6666666666677)	(6.0, 117.66666666666607)	(7.0, 79.33333333333329)	(8.0, 63.333333333333506)	(9.0, 53.66666666666677)	(10.0, 36.999999999999986)	(11.0, 29.333333333333297)	(12.0, 24.666666666666647)	(13.0, 16.333333333333343)	(14.0, 19.333333333333332)	(15.0, 16.00000000000001)	(16.0, 19.0)	(17.0, 23.333333333333318)	(18.0, 26.333333333333307)	(19.0, 37.99999999999999)	(20.0, 59.33333333333348)	(21.0, 71.66666666666673)	(22.0, 91.66666666666644)	(23.0, 120.3333333333327)	(24.0, 149.66666666666654)	(25.0, 196.0000000000012)	(26.0, 240.00000000000244)	(27.0, 270.0000000000021)	(28.0, 333.33333333333184)	(29.0, 405.66666666666106)	(30.0, 439.6666666666591)	(31.0, 511.99999999998835)	(32.0, 637.0000000000025)	(33.0, 731.0000000000132)	(34.0, 871.3333333333625)	(35.0, 1095.3333333333635)	(36.0, 1389.3333333332967)	(37.0, 1747.6666666665485)	(38.0, 2209.3333333332203)	(39.0, 2764.3333333334726)	(40.0, 3347.0000000004043)	(41.0, 4009.333333334039)	(42.0, 4683.000000000211)	(43.0, 5158.999999999778)	(44.0, 5555.999999999417)	(45.0, 5724.333333332597)	(46.0, 5552.333333332754)	(47.0, 5198.999999999742)	(48.0, 4835.333333333406)	(49.0, 4249.333333333939)	(50.0, 3630.3333333338664)	(51.0, 3071.6666666669457)	(52.0, 2576.6666666667206)	(53.0, 2116.6666666665114)	(54.0, 1726.33333333322)	(55.0, 1376.9999999999661)	(56.0, 1090.0000000000314)	(57.0, 874.0000000000294)	(58.0, 714.666666666678)	(59.0, 550.6666666666594)	(60.0, 453.66666666665833)	(61.0, 384.99999999999557)	(62.0, 301.33333333333366)	(63.0, 231.0000000000022)	(64.0, 189.33333333333434)	(65.0, 145.3333333333331)	(66.0, 116.99999999999942)	(67.0, 89.9999999999998)	(68.0, 71.3333333333334)	(69.0, 61.33333333333349)	(70.0, 38.666666666666664)	(71.0, 29.99999999999996)	(72.0, 25.666666666666643)	(73.0, 23.333333333333318)	(74.0, 13.666666666666673)	(75.0, 10.0)	(76.0, 9.333333333333332)	(77.0, 7.9999999999999964)	(78.0, 6.333333333333331)	(79.0, 6.333333333333331)	(80.0, 4.999999999999999)	(81.0, 4.666666666666666)	(82.0, 1.9999999999999998)	(83.0, 1.3333333333333333)	(84.0, 0.6666666666666666)	(85.0, 0.3333333333333333)	(86.0, 0.3333333333333333)	(87.0, 0.3333333333333333)	(88.0, 1.6666666666666665)	(89.0, 0.6666666666666666)	(90.0, 0.0)	(91.0, 0.0)	(92.0, 0.0)	(93.0, 0.0)	(94.0, 0.3333333333333333)	(95.0, 0.3333333333333333)	(96.0, 0.0)	(97.0, 0.0)	(98.0, 0.0)	(99.0, 0.3333333333333333)	(100.0, 0.5)
SRR908440_2_paired	(0.0, 24132.0)	(1.0, 13887.166666666675)	(2.0, 2031.8333333333333)	(3.0, 172.5)	(4.0, 17.5)	(5.0, 4.0)	(6.0, 2.0)	(7.0, 0.0)	(8.0, 0.5)	(9.0, 0.5)	(10.0, 0.5)	(11.0, 1.5)	(12.0, 1.5)	(13.0, 0.5)	(14.0, 2.3333333333333335)	(15.0, 3.0)	(16.0, 7.333333333333333)	(17.0, 13.0)	(18.0, 17.666666666666668)	(19.0, 23.33333333333333)	(20.0, 39.333333333333336)	(21.0, 55.833333333333336)	(22.0, 80.5)	(23.0, 102.83333333333334)	(24.0, 126.83333333333333)	(25.0, 196.5)	(26.0, 275.8333333333334)	(27.0, 370.49999999999994)	(28.0, 488.8333333333327)	(29.0, 578.333333333333)	(30.0, 661.0)	(31.0, 778.6666666666673)	(32.0, 952.3333333333352)	(33.0, 1090.8333333333346)	(34.0, 1217.6666666666672)	(35.0, 1408.666666666665)	(36.0, 1547.333333333329)	(37.0, 1645.3333333333276)	(38.0, 1800.6666666666592)	(39.0, 1969.4999999999936)	(40.0, 2103.833333333328)	(41.0, 2207.3333333333294)	(42.0, 2259.499999999998)	(43.0, 2261.666666666663)	(44.0, 2270.8333333333308)	(45.0, 2301.1666666666674)	(46.0, 2312.8333333333326)	(47.0, 2343.8333333333335)	(48.0, 2350.166666666666)	(49.0, 2299.5)	(50.0, 2268.499999999998)	(51.0, 2255.1666666666647)	(52.0, 2182.833333333331)	(53.0, 2057.833333333331)	(54.0, 1938.499999999999)	(55.0, 1797.8333333333323)	(56.0, 1684.4999999999995)	(57.0, 1577.1666666666663)	(58.0, 1440.833333333333)	(59.0, 1317.1666666666665)	(60.0, 1151.0)	(61.0, 974.3333333333336)	(62.0, 898.0000000000001)	(63.0, 808.6666666666666)	(64.0, 656.0)	(65.0, 539.0)	(66.0, 442.0)	(67.0, 361.66666666666663)	(68.0, 299.8333333333333)	(69.0, 242.0)	(70.0, 202.0)	(71.0, 154.0)	(72.0, 106.0)	(73.0, 73.33333333333333)	(74.0, 44.83333333333333)	(75.0, 24.5)	(76.0, 15.833333333333334)	(77.0, 14.0)	(78.0, 13.5)	(79.0, 6.0)	(80.0, 2.5)	(81.0, 2.0)	(82.0, 2.5)	(83.0, 2.0)	(84.0, 0.5)	(85.0, 0.0)	(86.0, 0.5)	(87.0, 0.5)	(88.0, 0.0)	(89.0, 0.0)	(90.0, 0.0)	(91.0, 0.0)	(92.0, 0.0)	(93.0, 0.0)	(94.0, 0.0)	(95.0, 0.0)	(96.0, 0.0)	(97.0, 0.0)	(98.0, 0.0)	(99.0, 0.3333333333333333)	(100.0, 0.5)																																																																																																					
SRR908441_1	(0.0, 1579.0)	(1.0, 1149.6666666666845)	(2.0, 416.3333333333271)	(3.0, 97.99999999999969)	(4.0, 54.66666666666678)	(5.0, 43.333333333333364)	(6.0, 41.33333333333335)	(7.0, 36.999999999999986)	(8.0, 24.99999999999998)	(9.0, 14.000000000000007)	(10.0, 16.333333333333343)	(11.0, 14.333333333333341)	(12.0, 11.000000000000002)	(13.0, 10.333333333333334)	(14.0, 13.666666666666673)	(15.0, 20.999999999999993)	(16.0, 117.66666666666607)	(17.0, 367.3333333333299)	(18.0, 625.3333333333345)	(19.0, 850.3333333333601)	(20.0, 947.3333333333711)	(21.0, 970.3333333333737)	(22.0, 996.0000000000433)	(23.0, 983.6666666667086)	(24.0, 1046.3333333333746)	(25.0, 1084.0000000000327)	(26.0, 1176.0000000000118)	(27.0, 1309.3333333333148)	(28.0, 1520.9999999999334)	(29.0, 1749.666666666548)	(30.0, 2049.666666666481)	(31.0, 2497.333333333351)	(32.0, 3171.3333333336577)	(33.0, 3913.0000000006617)	(34.0, 4798.000000000106)	(35.0, 5893.666666665777)	(36.0, 6974.999999998126)	(37.0, 8598.666666664425)	(38.0, 10414.333333334394)	(39.0, 10870.666666668558)	(40.0, 11257.333333335928)	(41.0, 11297.000000002667)	(42.0, 10955.666666668712)	(43.0, 10432.333333334427)	(44.0, 9420.999999999254)	(45.0, 8506.666666664258)	(46.0, 7892.6666666639585)	(47.0, 7047.99999999806)	(48.0, 6202.6666666654955)	(49.0, 5658.66666666599)	(50.0, 4887.0000000000255)	(51.0, 3961.6666666673505)	(52.0, 2983.333333333572)	(53.0, 2404.6666666666424)	(54.0, 1970.6666666664978)	(55.0, 1612.6666666665792)	(56.0, 1288.3333333333196)	(57.0, 993.6666666667097)	(58.0, 796.333333333354)	(59.0, 630.0000000000017)	(60.0, 522.3333333333228)	(61.0, 405.9999999999944)	(62.0, 313.9999999999996)	(63.0, 241.33333333333582)	(64.0, 190.00000000000102)	(65.0, 139.9999999999996)	(66.0, 107.66666666666622)	(67.0, 79.66666666666661)	(68.0, 56.00000000000012)	(69.0, 38.33333333333333)	(70.0, 29.99999999999996)	(71.0, 23.66666666666665)	(72.0, 19.0)	(73.0, 14.333333333333341)	(74.0, 10.0)	(75.0, 6.999999999999997)	(76.0, 4.666666666666666)	(77.0, 3.0)	(78.0, 1.6666666666666665)	(79.0, 1.0)	(80.0, 1.3333333333333333)	(81.0, 0.6666666666666666)	(82.0, 0.6666666666666666)	(83.0, 0.0)	(84.0, 0.0)	(85.0, 0.6666666666666666)	(86.0, 1.0)	(87.0, 0.3333333333333333)	(88.0, 0.3333333333333333)	(89.0, 0.3333333333333333)	(90.0, 0.0)	(91.0, 0.0)	(92.0, 0.0)	(93.0, 0.0)	(94.0, 0.0)	(95.0, 0.0)	(96.0, 0.0)	(97.0, 0.0)	(98.0, 0.0)	(99.0, 0.0)	(100.0, 0.0)	(0.0, 1579.0)	(1.0, 1149.6666666666845)	(2.0, 416.3333333333271)	(3.0, 97.99999999999969)	(4.0, 54.66666666666678)	(5.0, 43.333333333333364)	(6.0, 41.33333333333335)	(7.0, 36.999999999999986)	(8.0, 24.99999999999998)	(9.0, 14.000000000000007)	(10.0, 16.333333333333343)	(11.0, 14.333333333333341)	(12.0, 11.000000000000002)	(13.0, 10.333333333333334)	(14.0, 13.666666666666673)	(15.0, 20.999999999999993)	(16.0, 117.66666666666607)	(17.0, 367.3333333333299)	(18.0, 625.3333333333345)	(19.0, 850.3333333333601)	(20.0, 947.3333333333711)	(21.0, 970.3333333333737)	(22.0, 996.0000000000433)	(23.0, 983.6666666667086)	(24.0, 1046.3333333333746)	(25.0, 1084.0000000000327)	(26.0, 1176.0000000000118)	(27.0, 1309.3333333333148)	(28.0, 1520.9999999999334)	(29.0, 1749.666666666548)	(30.0, 2049.666666666481)	(31.0, 2497.333333333351)	(32.0, 3171.3333333336577)	(33.0, 3913.0000000006617)	(34.0, 4798.000000000106)	(35.0, 5893.666666665777)	(36.0, 6974.999999998126)	(37.0, 8598.666666664425)	(38.0, 10414.333333334394)	(39.0, 10870.666666668558)	(40.0, 11257.333333335928)	(41.0, 11297.000000002667)	(42.0, 10955.666666668712)	(43.0, 10432.333333334427)	(44.0, 9420.999999999254)	(45.0, 8506.666666664258)	(46.0, 7892.6666666639585)	(47.0, 7047.99999999806)	(48.0, 6202.6666666654955)	(49.0, 5658.66666666599)	(50.0, 4887.0000000000255)	(51.0, 3961.6666666673505)	(52.0, 2983.333333333572)	(53.0, 2404.6666666666424)	(54.0, 1970.6666666664978)	(55.0, 1612.6666666665792)	(56.0, 1288.3333333333196)	(57.0, 993.6666666667097)	(58.0, 796.333333333354)	(59.0, 630.0000000000017)	(60.0, 522.3333333333228)	(61.0, 405.9999999999944)	(62.0, 313.9999999999996)	(63.0, 241.33333333333582)	(64.0, 190.00000000000102)	(65.0, 139.9999999999996)	(66.0, 107.66666666666622)	(67.0, 79.66666666666661)	(68.0, 56.00000000000012)	(69.0, 38.33333333333333)	(70.0, 29.99999999999996)	(71.0, 23.66666666666665)	(72.0, 19.0)	(73.0, 14.333333333333341)	(74.0, 10.0)	(75.0, 6.999999999999997)	(76.0, 4.666666666666666)	(77.0, 3.0)	(78.0, 1.6666666666666665)	(79.0, 1.0)	(80.0, 1.3333333333333333)	(81.0, 0.6666666666666666)	(82.0, 0.6666666666666666)	(83.0, 0.0)	(84.0, 0.0)	(85.0, 0.6666666666666666)	(86.0, 1.0)	(87.0, 0.3333333333333333)	(88.0, 0.3333333333333333)	(89.0, 0.3333333333333333)	(90.0, 0.0)	(91.0, 0.0)	(92.0, 0.0)	(93.0, 0.0)	(94.0, 0.0)	(95.0, 0.0)	(96.0, 0.0)	(97.0, 0.0)	(98.0, 0.0)	(99.0, 0.0)	(100.0, 0.0)
SRR908441_1_paired	(0.0, 2102.5)	(1.0, 1734.6666666666513)	(2.0, 1021.0000000000049)	(3.0, 644.0)	(4.0, 299.3333333333333)	(5.0, 102.0)	(6.0, 39.5)	(7.0, 17.0)	(8.0, 5.5)	(9.0, 6.0)	(10.0, 10.0)	(11.0, 8.5)	(12.0, 5.5)	(13.0, 4.5)	(14.0, 10.833333333333332)	(15.0, 14.333333333333334)	(16.0, 15.833333333333334)	(17.0, 27.666666666666664)	(18.0, 36.5)	(19.0, 39.0)	(20.0, 53.0)	(21.0, 79.83333333333333)	(22.0, 110.99999999999997)	(23.0, 147.0)	(24.0, 188.5)	(25.0, 233.50000000000009)	(26.0, 308.16666666666686)	(27.0, 393.4999999999995)	(28.0, 496.1666666666654)	(29.0, 645.0)	(30.0, 759.6666666666688)	(31.0, 881.3333333333374)	(32.0, 1091.8333333333392)	(33.0, 1436.4999999999914)	(34.0, 1869.3333333333117)	(35.0, 2187.3333333333157)	(36.0, 2830.5000000000227)	(37.0, 3747.666666666795)	(38.0, 4348.666666666832)	(39.0, 3958.0000000002115)	(40.0, 4137.166666666844)	(41.0, 4094.5000000001287)	(42.0, 4107.833333333459)	(43.0, 4400.000000000077)	(44.0, 4007.0000000001046)	(45.0, 3492.000000000086)	(46.0, 3390.333333333407)	(47.0, 3395.0000000000664)	(48.0, 3422.6666666667443)	(49.0, 3501.333333333429)	(50.0, 3182.000000000048)	(51.0, 3006.666666666695)	(52.0, 2745.0000000000127)	(53.0, 2437.500000000001)	(54.0, 2284.3333333333267)	(55.0, 2864.6666666666824)	(56.0, 2574.0000000000036)	(57.0, 1529.9999999999943)	(58.0, 1287.6666666666665)	(59.0, 1108.000000000003)	(60.0, 975.5000000000041)	(61.0, 810.5000000000025)	(62.0, 625.8333333333336)	(63.0, 488.83333333333235)	(64.0, 388.1666666666661)	(65.0, 322.50000000000006)	(66.0, 250.00000000000028)	(67.0, 183.50000000000006)	(68.0, 137.83333333333331)	(69.0, 105.99999999999999)	(70.0, 73.83333333333336)	(71.0, 55.33333333333335)	(72.0, 43.50000000000001)	(73.0, 31.499999999999996)	(74.0, 21.5)	(75.0, 17.166666666666664)	(76.0, 13.833333333333334)	(77.0, 10.5)	(78.0, 8.5)	(79.0, 3.5)	(80.0, 0.0)	(81.0, 0.5)	(82.0, 0.5)	(83.0, 0.0)	(84.0, 0.0)	(85.0, 0.0)	(86.0, 0.0)	(87.0, 0.0)	(88.0, 0.0)	(89.0, 0.0)	(90.0, 0.0)	(91.0, 0.0)	(92.0, 0.0)	(93.0, 0.0)	(94.0, 0.0)	(95.0, 0.0)	(96.0, 0.0)	(97.0, 0.0)	(98.0, 0.0)	(99.0, 0.0)	(100.0, 0.0)																																																																																																					
SRR908441_2	(0.0, 2296.0)	(1.0, 727.3333333333461)	(2.0, 223.3333333333353)	(3.0, 104.33333333333293)	(4.0, 66.00000000000014)	(5.0, 30.999999999999957)	(6.0, 27.666666666666636)	(7.0, 22.666666666666654)	(8.0, 19.333333333333332)	(9.0, 15.333333333333343)	(10.0, 15.333333333333343)	(11.0, 12.333333333333337)	(12.0, 13.33333333333334)	(13.0, 9.333333333333332)	(14.0, 8.666666666666664)	(15.0, 8.999999999999998)	(16.0, 11.333333333333336)	(17.0, 18.666666666666668)	(18.0, 27.666666666666636)	(19.0, 45.00000000000004)	(20.0, 72.66666666666671)	(21.0, 123.33333333333266)	(22.0, 166.66666666666703)	(23.0, 214.0000000000017)	(24.0, 304.00000000000017)	(25.0, 412.33333333332735)	(26.0, 479.66666666665685)	(27.0, 577.6666666666624)	(28.0, 715.3333333333447)	(29.0, 837.666666666692)	(30.0, 974.3333333333742)	(31.0, 1145.3333333333521)	(32.0, 1365.6666666666354)	(33.0, 1595.9999999999163)	(34.0, 1887.3333333331834)	(35.0, 2271.666666666582)	(36.0, 2769.333333333475)	(37.0, 3560.000000000501)	(38.0, 5228.999999999714)	(39.0, 6926.666666664837)	(40.0, 7901.66666666395)	(41.0, 8907.333333331653)	(42.0, 10390.33333333435)	(43.0, 11808.33333333693)	(44.0, 12683.333333338522)	(45.0, 13225.333333339508)	(46.0, 13304.333333339651)	(47.0, 12747.666666671972)	(48.0, 11638.33333333662)	(49.0, 10442.333333334445)	(50.0, 8847.666666664878)	(51.0, 7227.999999997896)	(52.0, 5954.666666665721)	(53.0, 4682.000000000212)	(54.0, 3501.333333333808)	(55.0, 2555.666666666711)	(56.0, 1828.66666666653)	(57.0, 1352.333333333305)	(58.0, 1007.3333333333779)	(59.0, 764.3333333333503)	(60.0, 590.6666666666639)	(61.0, 435.33333333332604)	(62.0, 357.6666666666638)	(63.0, 302.3333333333336)	(64.0, 232.33333333333556)	(65.0, 182.66666666666748)	(66.0, 143.66666666666637)	(67.0, 114.99999999999945)	(68.0, 95.66666666666639)	(69.0, 79.66666666666661)	(70.0, 71.66666666666673)	(71.0, 51.000000000000085)	(72.0, 41.000000000000014)	(73.0, 38.666666666666664)	(74.0, 37.99999999999999)	(75.0, 27.333333333333304)	(76.0, 25.33333333333331)	(77.0, 19.333333333333332)	(78.0, 13.33333333333334)	(79.0, 11.333333333333336)	(80.0, 9.666666666666666)	(81.0, 7.666666666666663)	(82.0, 7.33333333333333)	(83.0, 4.999999999999999)	(84.0, 1.9999999999999998)	(85.0, 2.6666666666666665)	(86.0, 1.9999999999999998)	(87.0, 1.0)	(88.0, 0.6666666666666666)	(89.0, 0.6666666666666666)	(90.0, 1.3333333333333333)	(91.0, 1.3333333333333333)	(92.0, 0.3333333333333333)	(93.0, 0.6666666666666666)	(94.0, 0.3333333333333333)	(95.0, 0.6666666666666666)	(96.0, 1.3333333333333333)	(97.0, 0.6666666666666666)	(98.0, 0.0)	(99.0, 0.3333333333333333)	(100.0, 1.0)	(0.0, 2296.0)	(1.0, 727.3333333333461)	(2.0, 223.3333333333353)	(3.0, 104.33333333333293)	(4.0, 66.00000000000014)	(5.0, 30.999999999999957)	(6.0, 27.666666666666636)	(7.0, 22.666666666666654)	(8.0, 19.333333333333332)	(9.0, 15.333333333333343)	(10.0, 15.333333333333343)	(11.0, 12.333333333333337)	(12.0, 13.33333333333334)	(13.0, 9.333333333333332)	(14.0, 8.666666666666664)	(15.0, 8.999999999999998)	(16.0, 11.333333333333336)	(17.0, 18.666666666666668)	(18.0, 27.666666666666636)	(19.0, 45.00000000000004)	(20.0, 72.66666666666671)	(21.0, 123.33333333333266)	(22.0, 166.66666666666703)	(23.0, 214.0000000000017)	(24.0, 304.00000000000017)	(25.0, 412.33333333332735)	(26.0, 479.66666666665685)	(27.0, 577.6666666666624)	(28.0, 715.3333333333447)	(29.0, 837.666666666692)	(30.0, 974.3333333333742)	(31.0, 1145.3333333333521)	(32.0, 1365.6666666666354)	(33.0, 1595.9999999999163)	(34.0, 1887.3333333331834)	(35.0, 2271.666666666582)	(36.0, 2769.333333333475)	(37.0, 3560.000000000501)	(38.0, 5228.999999999714)	(39.0, 6926.666666664837)	(40.0, 7901.66666666395)	(41.0, 8907.333333331653)	(42.0, 10390.33333333435)	(43.0, 11808.33333333693)	(44.0, 12683.333333338522)	(45.0, 13225.333333339508)	(46.0, 13304.333333339651)	(47.0, 12747.666666671972)	(48.0, 11638.33333333662)	(49.0, 10442.333333334445)	(50.0, 8847.666666664878)	(51.0, 7227.999999997896)	(52.0, 5954.666666665721)	(53.0, 4682.000000000212)	(54.0, 3501.333333333808)	(55.0, 2555.666666666711)	(56.0, 1828.66666666653)	(57.0, 1352.333333333305)	(58.0, 1007.3333333333779)	(59.0, 764.3333333333503)	(60.0, 590.6666666666639)	(61.0, 435.33333333332604)	(62.0, 357.6666666666638)	(63.0, 302.3333333333336)	(64.0, 232.33333333333556)	(65.0, 182.66666666666748)	(66.0, 143.66666666666637)	(67.0, 114.99999999999945)	(68.0, 95.66666666666639)	(69.0, 79.66666666666661)	(70.0, 71.66666666666673)	(71.0, 51.000000000000085)	(72.0, 41.000000000000014)	(73.0, 38.666666666666664)	(74.0, 37.99999999999999)	(75.0, 27.333333333333304)	(76.0, 25.33333333333331)	(77.0, 19.333333333333332)	(78.0, 13.33333333333334)	(79.0, 11.333333333333336)	(80.0, 9.666666666666666)	(81.0, 7.666666666666663)	(82.0, 7.33333333333333)	(83.0, 4.999999999999999)	(84.0, 1.9999999999999998)	(85.0, 2.6666666666666665)	(86.0, 1.9999999999999998)	(87.0, 1.0)	(88.0, 0.6666666666666666)	(89.0, 0.6666666666666666)	(90.0, 1.3333333333333333)	(91.0, 1.3333333333333333)	(92.0, 0.3333333333333333)	(93.0, 0.6666666666666666)	(94.0, 0.3333333333333333)	(95.0, 0.6666666666666666)	(96.0, 1.3333333333333333)	(97.0, 0.6666666666666666)	(98.0, 0.0)	(99.0, 0.3333333333333333)	(100.0, 1.0)
SRR908441_2_paired	(0.0, 4893.0)	(1.0, 2672.8333333333335)	(2.0, 342.5)	(3.0, 43.5)	(4.0, 12.0)	(5.0, 5.5)	(6.0, 2.5)	(7.0, 4.833333333333333)	(8.0, 5.5)	(9.0, 4.5)	(10.0, 8.5)	(11.0, 11.5)	(12.0, 9.0)	(13.0, 7.5)	(14.0, 11.0)	(15.0, 14.0)	(16.0, 14.5)	(17.0, 18.333333333333336)	(18.0, 28.833333333333336)	(19.0, 38.666666666666664)	(20.0, 54.50000000000001)	(21.0, 77.83333333333333)	(22.0, 102.99999999999999)	(23.0, 130.66666666666663)	(24.0, 162.3333333333333)	(25.0, 208.50000000000003)	(26.0, 280.00000000000017)	(27.0, 361.83333333333314)	(28.0, 471.49999999999915)	(29.0, 604.9999999999995)	(30.0, 726.0000000000017)	(31.0, 864.3333333333368)	(32.0, 1138.3333333333348)	(33.0, 1442.9999999999936)	(34.0, 1773.1666666666529)	(35.0, 2127.166666666653)	(36.0, 2429.6666666666647)	(37.0, 3097.1666666667015)	(38.0, 4203.333333333442)	(39.0, 4675.500000000043)	(40.0, 4373.500000000084)	(41.0, 4446.333333333377)	(42.0, 4714.3333333333485)	(43.0, 4716.500000000009)	(44.0, 4576.166666666685)	(45.0, 4296.000000000031)	(46.0, 4020.66666666671)	(47.0, 3971.3333333333712)	(48.0, 3951.5000000000355)	(49.0, 3828.6666666667)	(50.0, 3690.166666666695)	(51.0, 3597.000000000019)	(52.0, 3518.8333333333494)	(53.0, 3389.833333333347)	(54.0, 3011.5000000000064)	(55.0, 2484.1666666666674)	(56.0, 2120.8333333333303)	(57.0, 1829.833333333332)	(58.0, 1589.1666666666656)	(59.0, 1382.6666666666667)	(60.0, 1155.5000000000005)	(61.0, 982.166666666667)	(62.0, 822.5000000000003)	(63.0, 663.1666666666667)	(64.0, 538.5)	(65.0, 425.16666666666663)	(66.0, 349.5)	(67.0, 275.66666666666663)	(68.0, 198.5)	(69.0, 151.5)	(70.0, 119.33333333333333)	(71.0, 95.5)	(72.0, 71.5)	(73.0, 46.0)	(74.0, 30.5)	(75.0, 21.5)	(76.0, 17.0)	(77.0, 14.333333333333334)	(78.0, 10.833333333333334)	(79.0, 7.0)	(80.0, 5.0)	(81.0, 5.0)	(82.0, 2.5)	(83.0, 0.0)	(84.0, 0.0)	(85.0, 0.5)	(86.0, 0.5)	(87.0, 0.0)	(88.0, 0.0)	(89.0, 0.0)	(90.0, 0.0)	(91.0, 0.0)	(92.0, 0.0)	(93.0, 0.0)	(94.0, 0.0)	(95.0, 0.0)	(96.0, 0.0)	(97.0, 0.0)	(98.0, 0.0)	(99.0, 0.0)	(100.0, 0.0)																																																																																																					
SRR908442_1	(0.0, 763.5)	(1.0, 190.33333333333437)	(2.0, 101.6666666666663)	(3.0, 68.66666666666677)	(4.0, 52.666666666666764)	(5.0, 43.6666666666667)	(6.0, 44.000000000000036)	(7.0, 32.99999999999996)	(8.0, 25.33333333333331)	(9.0, 19.999999999999996)	(10.0, 19.333333333333332)	(11.0, 13.666666666666673)	(12.0, 14.000000000000007)	(13.0, 10.333333333333334)	(14.0, 13.000000000000005)	(15.0, 13.33333333333334)	(16.0, 27.333333333333304)	(17.0, 81.66666666666659)	(18.0, 119.99999999999937)	(19.0, 141.99999999999966)	(20.0, 166.00000000000034)	(21.0, 172.33333333333385)	(22.0, 171.00000000000048)	(23.0, 182.66666666666748)	(24.0, 184.3333333333342)	(25.0, 193.33333333333445)	(26.0, 198.3333333333346)	(27.0, 218.6666666666685)	(28.0, 246.6666666666693)	(29.0, 280.00000000000153)	(30.0, 333.33333333333184)	(31.0, 411.6666666666607)	(32.0, 517.999999999989)	(33.0, 655.3333333333379)	(34.0, 815.3333333333561)	(35.0, 1049.0000000000407)	(36.0, 1236.3333333333314)	(37.0, 1443.999999999951)	(38.0, 1666.3333333332337)	(39.0, 1835.6666666665285)	(40.0, 1982.666666666495)	(41.0, 2066.999999999822)	(42.0, 2110.999999999842)	(43.0, 2066.6666666664887)	(44.0, 1972.9999999998306)	(45.0, 1840.333333333194)	(46.0, 1655.9999999999027)	(47.0, 1478.3333333332764)	(48.0, 1303.6666666666495)	(49.0, 1137.333333333354)	(50.0, 983.3333333333752)	(51.0, 840.0000000000256)	(52.0, 749.666666666682)	(53.0, 616.6666666666669)	(54.0, 527.6666666666567)	(55.0, 431.9999999999929)	(56.0, 362.3333333333302)	(57.0, 301.66666666666697)	(58.0, 249.66666666666939)	(59.0, 198.66666666666794)	(60.0, 178.33333333333402)	(61.0, 141.99999999999966)	(62.0, 102.33333333333296)	(63.0, 78.66666666666663)	(64.0, 60.00000000000015)	(65.0, 44.66666666666671)	(66.0, 42.00000000000002)	(67.0, 34.666666666666636)	(68.0, 20.33333333333333)	(69.0, 16.00000000000001)	(70.0, 8.999999999999998)	(71.0, 5.999999999999998)	(72.0, 4.999999999999999)	(73.0, 5.666666666666665)	(74.0, 2.6666666666666665)	(75.0, 1.0)	(76.0, 0.6666666666666666)	(77.0, 0.0)	(78.0, 0.0)	(79.0, 0.0)	(80.0, 0.0)	(81.0, 0.0)	(82.0, 0.0)	(83.0, 0.3333333333333333)	(84.0, 0.0)	(85.0, 0.0)	(86.0, 0.0)	(87.0, 0.0)	(88.0, 0.0)	(89.0, 0.0)	(90.0, 0.0)	(91.0, 0.0)	(92.0, 0.0)	(93.0, 0.0)	(94.0, 0.0)	(95.0, 0.0)	(96.0, 0.0)	(97.0, 0.0)	(98.0, 0.0)	(99.0, 0.0)	(100.0, 0.0)	(0.0, 763.5)	(1.0, 190.33333333333437)	(2.0, 101.6666666666663)	(3.0, 68.66666666666677)	(4.0, 52.666666666666764)	(5.0, 43.6666666666667)	(6.0, 44.000000000000036)	(7.0, 32.99999999999996)	(8.0, 25.33333333333331)	(9.0, 19.999999999999996)	(10.0, 19.333333333333332)	(11.0, 13.666666666666673)	(12.0, 14.000000000000007)	(13.0, 10.333333333333334)	(14.0, 13.000000000000005)	(15.0, 13.33333333333334)	(16.0, 27.333333333333304)	(17.0, 81.66666666666659)	(18.0, 119.99999999999937)	(19.0, 141.99999999999966)	(20.0, 166.00000000000034)	(21.0, 172.33333333333385)	(22.0, 171.00000000000048)	(23.0, 182.66666666666748)	(24.0, 184.3333333333342)	(25.0, 193.33333333333445)	(26.0, 198.3333333333346)	(27.0, 218.6666666666685)	(28.0, 246.6666666666693)	(29.0, 280.00000000000153)	(30.0, 333.33333333333184)	(31.0, 411.6666666666607)	(32.0, 517.999999999989)	(33.0, 655.3333333333379)	(34.0, 815.3333333333561)	(35.0, 1049.0000000000407)	(36.0, 1236.3333333333314)	(37.0, 1443.999999999951)	(38.0, 1666.3333333332337)	(39.0, 1835.6666666665285)	(40.0, 1982.666666666495)	(41.0, 2066.999999999822)	(42.0, 2110.999999999842)	(43.0, 2066.6666666664887)	(44.0, 1972.9999999998306)	(45.0, 1840.333333333194)	(46.0, 1655.9999999999027)	(47.0, 1478.3333333332764)	(48.0, 1303.6666666666495)	(49.0, 1137.333333333354)	(50.0, 983.3333333333752)	(51.0, 840.0000000000256)	(52.0, 749.666666666682)	(53.0, 616.6666666666669)	(54.0, 527.6666666666567)	(55.0, 431.9999999999929)	(56.0, 362.3333333333302)	(57.0, 301.66666666666697)	(58.0, 249.66666666666939)	(59.0, 198.66666666666794)	(60.0, 178.33333333333402)	(61.0, 141.99999999999966)	(62.0, 102.33333333333296)	(63.0, 78.66666666666663)	(64.0, 60.00000000000015)	(65.0, 44.66666666666671)	(66.0, 42.00000000000002)	(67.0, 34.666666666666636)	(68.0, 20.33333333333333)	(69.0, 16.00000000000001)	(70.0, 8.999999999999998)	(71.0, 5.999999999999998)	(72.0, 4.999999999999999)	(73.0, 5.666666666666665)	(74.0, 2.6666666666666665)	(75.0, 1.0)	(76.0, 0.6666666666666666)	(77.0, 0.0)	(78.0, 0.0)	(79.0, 0.0)	(80.0, 0.0)	(81.0, 0.0)	(82.0, 0.0)	(83.0, 0.3333333333333333)	(84.0, 0.0)	(85.0, 0.0)	(86.0, 0.0)	(87.0, 0.0)	(88.0, 0.0)	(89.0, 0.0)	(90.0, 0.0)	(91.0, 0.0)	(92.0, 0.0)	(93.0, 0.0)	(94.0, 0.0)	(95.0, 0.0)	(96.0, 0.0)	(97.0, 0.0)	(98.0, 0.0)	(99.0, 0.0)	(100.0, 0.0)
SRR908442_1_paired	(0.0, 2260.5)	(1.0, 1212.6666666666667)	(2.0, 124.0)	(3.0, 22.5)	(4.0, 11.0)	(5.0, 4.5)	(6.0, 5.0)	(7.0, 5.0)	(8.0, 2.0)	(9.0, 1.5)	(10.0, 0.5)	(11.0, 0.0)	(12.0, 0.0)	(13.0, 0.0)	(14.0, 0.5)	(15.0, 4.5)	(16.0, 7.5)	(17.0, 8.5)	(18.0, 6.5)	(19.0, 6.833333333333334)	(20.0, 14.333333333333332)	(21.0, 23.5)	(22.0, 33.0)	(23.0, 49.0)	(24.0, 70.66666666666669)	(25.0, 89.49999999999999)	(26.0, 118.16666666666664)	(27.0, 146.3333333333333)	(28.0, 212.3333333333334)	(29.0, 251.66666666666677)	(30.0, 288.33333333333337)	(31.0, 344.6666666666665)	(32.0, 396.1666666666664)	(33.0, 485.16666666666623)	(34.0, 552.5)	(35.0, 596.6666666666666)	(36.0, 654.3333333333336)	(37.0, 710.833333333334)	(38.0, 750.5000000000007)	(39.0, 790.5000000000006)	(40.0, 814.5000000000015)	(41.0, 826.3333333333342)	(42.0, 866.6666666666677)	(43.0, 883.0000000000008)	(44.0, 864.1666666666672)	(45.0, 865.0000000000007)	(46.0, 861.0000000000008)	(47.0, 849.6666666666678)	(48.0, 861.6666666666678)	(49.0, 860.8333333333344)	(50.0, 813.8333333333342)	(51.0, 772.6666666666671)	(52.0, 741.6666666666672)	(53.0, 688.1666666666669)	(54.0, 638.5000000000001)	(55.0, 577.0000000000001)	(56.0, 575.0000000000001)	(57.0, 580.1666666666663)	(58.0, 525.4999999999993)	(59.0, 467.1666666666664)	(60.0, 429.49999999999966)	(61.0, 392.99999999999966)	(62.0, 350.66666666666646)	(63.0, 302.3333333333332)	(64.0, 241.66666666666677)	(65.0, 209.16666666666677)	(66.0, 186.8333333333334)	(67.0, 136.0)	(68.0, 114.99999999999993)	(69.0, 99.99999999999997)	(70.0, 78.16666666666667)	(71.0, 60.33333333333333)	(72.0, 42.333333333333336)	(73.0, 32.666666666666664)	(74.0, 21.833333333333336)	(75.0, 16.5)	(76.0, 14.0)	(77.0, 7.0)	(78.0, 2.5)	(79.0, 2.5)	(80.0, 1.5)	(81.0, 0.5)	(82.0, 0.0)	(83.0, 0.0)	(84.0, 0.0)	(85.0, 0.0)	(86.0, 0.0)	(87.0, 0.0)	(88.0, 0.0)	(89.0, 0.0)	(90.0, 0.0)	(91.0, 0.0)	(92.0, 0.0)	(93.0, 0.0)	(94.0, 0.0)	(95.0, 0.0)	(96.0, 0.0)	(97.0, 0.0)	(98.0, 0.0)	(99.0, 0.0)	(100.0, 0.0)																																																																																																					
SRR908442_2	(0.0, 639.5)	(1.0, 389.33333333332865)	(2.0, 179.33333333333405)	(3.0, 93.33333333333309)	(4.0, 55.33333333333345)	(5.0, 32.333333333333286)	(6.0, 21.333333333333325)	(7.0, 16.00000000000001)	(8.0, 13.33333333333334)	(9.0, 12.000000000000004)	(10.0, 10.0)	(11.0, 8.33333333333333)	(12.0, 7.666666666666663)	(13.0, 5.666666666666665)	(14.0, 5.999999999999998)	(15.0, 6.666666666666664)	(16.0, 7.9999999999999964)	(17.0, 10.666666666666668)	(18.0, 14.000000000000007)	(19.0, 14.666666666666675)	(20.0, 23.999999999999982)	(21.0, 28.666666666666632)	(22.0, 41.000000000000014)	(23.0, 52.33333333333343)	(24.0, 69.33333333333343)	(25.0, 88.33333333333316)	(26.0, 101.99999999999963)	(27.0, 124.66666666666598)	(28.0, 147.99999999999983)	(29.0, 161.66666666666688)	(30.0, 194.00000000000114)	(31.0, 221.33333333333525)	(32.0, 257.00000000000284)	(33.0, 311.3333333333331)	(34.0, 385.6666666666622)	(35.0, 458.99999999999136)	(36.0, 556.3333333333267)	(37.0, 703.3333333333434)	(38.0, 886.3333333333642)	(39.0, 1143.0000000000193)	(40.0, 1414.9999999999575)	(41.0, 1677.6666666665644)	(42.0, 1997.6666666664917)	(43.0, 2227.9999999998954)	(44.0, 2425.666666666652)	(45.0, 2553.000000000043)	(46.0, 2489.666666666681)	(47.0, 2375.666666666629)	(48.0, 2215.99999999989)	(49.0, 1915.333333333177)	(50.0, 1646.9999999999047)	(51.0, 1337.6666666666417)	(52.0, 1116.3333333333587)	(53.0, 931.0000000000359)	(54.0, 740.666666666681)	(55.0, 575.9999999999956)	(56.0, 455.6666666666582)	(57.0, 380.33333333332916)	(58.0, 307.99999999999994)	(59.0, 234.00000000000227)	(60.0, 199.33333333333462)	(61.0, 168.0000000000004)	(62.0, 124.66666666666598)	(63.0, 91.33333333333312)	(64.0, 73.00000000000004)	(65.0, 64.66666666666683)	(66.0, 45.666666666666714)	(67.0, 35.33333333333331)	(68.0, 36.333333333333314)	(69.0, 23.999999999999982)	(70.0, 16.666666666666675)	(71.0, 14.666666666666675)	(72.0, 12.000000000000004)	(73.0, 10.333333333333334)	(74.0, 7.9999999999999964)	(75.0, 5.666666666666665)	(76.0, 4.666666666666666)	(77.0, 3.666666666666667)	(78.0, 2.333333333333333)	(79.0, 1.3333333333333333)	(80.0, 1.6666666666666665)	(81.0, 1.3333333333333333)	(82.0, 1.0)	(83.0, 1.6666666666666665)	(84.0, 1.0)	(85.0, 0.3333333333333333)	(86.0, 1.0)	(87.0, 0.3333333333333333)	(88.0, 0.6666666666666666)	(89.0, 0.0)	(90.0, 0.0)	(91.0, 0.0)	(92.0, 0.3333333333333333)	(93.0, 0.3333333333333333)	(94.0, 0.0)	(95.0, 0.3333333333333333)	(96.0, 0.0)	(97.0, 0.0)	(98.0, 0.0)	(99.0, 0.0)	(100.0, 0.0)	(0.0, 639.5)	(1.0, 389.33333333332865)	(2.0, 179.33333333333405)	(3.0, 93.33333333333309)	(4.0, 55.33333333333345)	(5.0, 32.333333333333286)	(6.0, 21.333333333333325)	(7.0, 16.00000000000001)	(8.0, 13.33333333333334)	(9.0, 12.000000000000004)	(10.0, 10.0)	(11.0, 8.33333333333333)	(12.0, 7.666666666666663)	(13.0, 5.666666666666665)	(14.0, 5.999999999999998)	(15.0, 6.666666666666664)	(16.0, 7.9999999999999964)	(17.0, 10.666666666666668)	(18.0, 14.000000000000007)	(19.0, 14.666666666666675)	(20.0, 23.999999999999982)	(21.0, 28.666666666666632)	(22.0, 41.000000000000014)	(23.0, 52.33333333333343)	(24.0, 69.33333333333343)	(25.0, 88.33333333333316)	(26.0, 101.99999999999963)	(27.0, 124.66666666666598)	(28.0, 147.99999999999983)	(29.0, 161.66666666666688)	(30.0, 194.00000000000114)	(31.0, 221.33333333333525)	(32.0, 257.00000000000284)	(33.0, 311.3333333333331)	(34.0, 385.6666666666622)	(35.0, 458.99999999999136)	(36.0, 556.3333333333267)	(37.0, 703.3333333333434)	(38.0, 886.3333333333642)	(39.0, 1143.0000000000193)	(40.0, 1414.9999999999575)	(41.0, 1677.6666666665644)	(42.0, 1997.6666666664917)	(43.0, 2227.9999999998954)	(44.0, 2425.666666666652)	(45.0, 2553.000000000043)	(46.0, 2489.666666666681)	(47.0, 2375.666666666629)	(48.0, 2215.99999999989)	(49.0, 1915.333333333177)	(50.0, 1646.9999999999047)	(51.0, 1337.6666666666417)	(52.0, 1116.3333333333587)	(53.0, 931.0000000000359)	(54.0, 740.666666666681)	(55.0, 575.9999999999956)	(56.0, 455.6666666666582)	(57.0, 380.33333333332916)	(58.0, 307.99999999999994)	(59.0, 234.00000000000227)	(60.0, 199.33333333333462)	(61.0, 168.0000000000004)	(62.0, 124.66666666666598)	(63.0, 91.33333333333312)	(64.0, 73.00000000000004)	(65.0, 64.66666666666683)	(66.0, 45.666666666666714)	(67.0, 35.33333333333331)	(68.0, 36.333333333333314)	(69.0, 23.999999999999982)	(70.0, 16.666666666666675)	(71.0, 14.666666666666675)	(72.0, 12.000000000000004)	(73.0, 10.333333333333334)	(74.0, 7.9999999999999964)	(75.0, 5.666666666666665)	(76.0, 4.666666666666666)	(77.0, 3.666666666666667)	(78.0, 2.333333333333333)	(79.0, 1.3333333333333333)	(80.0, 1.6666666666666665)	(81.0, 1.3333333333333333)	(82.0, 1.0)	(83.0, 1.6666666666666665)	(84.0, 1.0)	(85.0, 0.3333333333333333)	(86.0, 1.0)	(87.0, 0.3333333333333333)	(88.0, 0.6666666666666666)	(89.0, 0.0)	(90.0, 0.0)	(91.0, 0.0)	(92.0, 0.3333333333333333)	(93.0, 0.3333333333333333)	(94.0, 0.0)	(95.0, 0.3333333333333333)	(96.0, 0.0)	(97.0, 0.0)	(98.0, 0.0)	(99.0, 0.0)	(100.0, 0.0)
SRR908442_2_paired	(0.0, 1975.5)	(1.0, 1259.0)	(2.0, 306.5)	(3.0, 35.5)	(4.0, 2.5)	(5.0, 0.5)	(6.0, 0.0)	(7.0, 0.0)	(8.0, 0.0)	(9.0, 0.0)	(10.0, 0.0)	(11.0, 0.0)	(12.0, 0.0)	(13.0, 0.5)	(14.0, 0.5)	(15.0, 0.5)	(16.0, 1.0)	(17.0, 2.0)	(18.0, 2.5)	(19.0, 13.666666666666668)	(20.0, 18.0)	(21.0, 16.5)	(22.0, 27.833333333333336)	(23.0, 42.666666666666664)	(24.0, 60.0)	(25.0, 81.83333333333334)	(26.0, 99.33333333333331)	(27.0, 128.33333333333331)	(28.0, 169.66666666666663)	(29.0, 212.33333333333337)	(30.0, 254.83333333333337)	(31.0, 315.66666666666663)	(32.0, 406.16666666666634)	(33.0, 461.8333333333329)	(34.0, 504.33333333333286)	(35.0, 596.8333333333335)	(36.0, 639.1666666666666)	(37.0, 701.166666666667)	(38.0, 795.0000000000007)	(39.0, 796.5000000000006)	(40.0, 780.3333333333339)	(41.0, 840.1666666666673)	(42.0, 900.5000000000005)	(43.0, 877.6666666666672)	(44.0, 854.6666666666671)	(45.0, 900.0000000000005)	(46.0, 904.8333333333338)	(47.0, 854.0000000000005)	(48.0, 848.8333333333339)	(49.0, 873.1666666666669)	(50.0, 862.3333333333337)	(51.0, 818.5000000000003)	(52.0, 790.1666666666669)	(53.0, 758.5000000000005)	(54.0, 714.6666666666669)	(55.0, 656.5000000000001)	(56.0, 612.6666666666667)	(57.0, 603.8333333333333)	(58.0, 566.3333333333334)	(59.0, 519.3333333333333)	(60.0, 466.83333333333326)	(61.0, 423.6666666666666)	(62.0, 377.66666666666663)	(63.0, 326.49999999999994)	(64.0, 284.66666666666663)	(65.0, 237.5)	(66.0, 201.33333333333334)	(67.0, 179.16666666666669)	(68.0, 154.83333333333331)	(69.0, 118.83333333333333)	(70.0, 95.5)	(71.0, 85.5)	(72.0, 67.5)	(73.0, 46.0)	(74.0, 35.5)	(75.0, 26.5)	(76.0, 19.0)	(77.0, 13.5)	(78.0, 5.0)	(79.0, 5.5)	(80.0, 6.5)	(81.0, 3.0)	(82.0, 1.0)	(83.0, 0.0)	(84.0, 0.0)	(85.0, 0.0)	(86.0, 0.0)	(87.0, 0.0)	(88.0, 0.0)	(89.0, 0.0)	(90.0, 0.0)	(91.0, 0.0)	(92.0, 0.0)	(93.0, 0.0)	(94.0, 0.0)	(95.0, 0.0)	(96.0, 0.0)	(97.0, 0.0)	(98.0, 0.0)	(99.0, 0.0)	(100.0, 0.0)																																																																																																					
SRR908443_1	(0.0, 6245.5)	(1.0, 1568.6666666665892)	(2.0, 728.0000000000128)	(3.0, 500.999999999989)	(4.0, 387.33333333332877)	(5.0, 291.0000000000009)	(6.0, 258.6666666666694)	(7.0, 217.33333333333513)	(8.0, 171.66666666666717)	(9.0, 154.66666666666669)	(10.0, 123.33333333333266)	(11.0, 92.99999999999976)	(12.0, 85.3333333333332)	(13.0, 80.6666666666666)	(14.0, 65.33333333333348)	(15.0, 51.66666666666676)	(16.0, 56.33333333333346)	(17.0, 112.33333333333282)	(18.0, 191.66666666666774)	(19.0, 247.66666666666933)	(20.0, 299.6666666666671)	(21.0, 313.6666666666663)	(22.0, 339.6666666666648)	(23.0, 349.99999999999756)	(24.0, 372.3333333333296)	(25.0, 411.3333333333274)	(26.0, 442.99999999999227)	(27.0, 499.3333333333224)	(28.0, 594.6666666666644)	(29.0, 760.6666666666832)	(30.0, 955.0000000000387)	(31.0, 1213.66666666667)	(32.0, 1583.3333333332525)	(33.0, 2090.999999999833)	(34.0, 2713.3333333334494)	(35.0, 3644.0000000005393)	(36.0, 4763.666666666804)	(37.0, 5903.333333332434)	(38.0, 7239.333333331219)	(39.0, 8444.333333330811)	(40.0, 9614.999999999607)	(41.0, 10415.333333334396)	(42.0, 10874.000000001897)	(43.0, 10961.33333333539)	(44.0, 10668.333333334856)	(45.0, 10255.333333334105)	(46.0, 9652.999999999676)	(47.0, 8831.666666664849)	(48.0, 8110.333333330427)	(49.0, 7165.66666666462)	(50.0, 6215.333333332151)	(51.0, 5198.333333333076)	(52.0, 4339.333333333857)	(53.0, 3483.000000000466)	(54.0, 2850.0000000001783)	(55.0, 2280.9999999999195)	(56.0, 1710.666666666557)	(57.0, 1314.3333333333137)	(58.0, 1046.666666666708)	(59.0, 840.6666666666923)	(60.0, 653.0000000000043)	(61.0, 515.9999999999887)	(62.0, 379.66666666666254)	(63.0, 283.666666666668)	(64.0, 212.333333333335)	(65.0, 159.33333333333348)	(66.0, 114.66666666666612)	(67.0, 72.00000000000006)	(68.0, 46.66666666666672)	(69.0, 38.33333333333333)	(70.0, 31.33333333333329)	(71.0, 23.999999999999982)	(72.0, 16.666666666666675)	(73.0, 10.666666666666668)	(74.0, 6.666666666666664)	(75.0, 6.333333333333331)	(76.0, 6.666666666666664)	(77.0, 3.666666666666667)	(78.0, 1.6666666666666665)	(79.0, 2.6666666666666665)	(80.0, 0.6666666666666666)	(81.0, 0.0)	(82.0, 0.6666666666666666)	(83.0, 0.6666666666666666)	(84.0, 0.3333333333333333)	(85.0, 1.3333333333333333)	(86.0, 1.3333333333333333)	(87.0, 1.0)	(88.0, 0.3333333333333333)	(89.0, 0.6666666666666666)	(90.0, 0.3333333333333333)	(91.0, 0.3333333333333333)	(92.0, 0.0)	(93.0, 0.3333333333333333)	(94.0, 0.0)	(95.0, 0.0)	(96.0, 0.0)	(97.0, 0.0)	(98.0, 0.3333333333333333)	(99.0, 0.0)	(100.0, 0.0)	(0.0, 6245.5)	(1.0, 1568.6666666665892)	(2.0, 728.0000000000128)	(3.0, 500.999999999989)	(4.0, 387.33333333332877)	(5.0, 291.0000000000009)	(6.0, 258.6666666666694)	(7.0, 217.33333333333513)	(8.0, 171.66666666666717)	(9.0, 154.66666666666669)	(10.0, 123.33333333333266)	(11.0, 92.99999999999976)	(12.0, 85.3333333333332)	(13.0, 80.6666666666666)	(14.0, 65.33333333333348)	(15.0, 51.66666666666676)	(16.0, 56.33333333333346)	(17.0, 112.33333333333282)	(18.0, 191.66666666666774)	(19.0, 247.66666666666933)	(20.0, 299.6666666666671)	(21.0, 313.6666666666663)	(22.0, 339.6666666666648)	(23.0, 349.99999999999756)	(24.0, 372.3333333333296)	(25.0, 411.3333333333274)	(26.0, 442.99999999999227)	(27.0, 499.3333333333224)	(28.0, 594.6666666666644)	(29.0, 760.6666666666832)	(30.0, 955.0000000000387)	(31.0, 1213.66666666667)	(32.0, 1583.3333333332525)	(33.0, 2090.999999999833)	(34.0, 2713.3333333334494)	(35.0, 3644.0000000005393)	(36.0, 4763.666666666804)	(37.0, 5903.333333332434)	(38.0, 7239.333333331219)	(39.0, 8444.333333330811)	(40.0, 9614.999999999607)	(41.0, 10415.333333334396)	(42.0, 10874.000000001897)	(43.0, 10961.33333333539)	(44.0, 10668.333333334856)	(45.0, 10255.333333334105)	(46.0, 9652.999999999676)	(47.0, 8831.666666664849)	(48.0, 8110.333333330427)	(49.0, 7165.66666666462)	(50.0, 6215.333333332151)	(51.0, 5198.333333333076)	(52.0, 4339.333333333857)	(53.0, 3483.000000000466)	(54.0, 2850.0000000001783)	(55.0, 2280.9999999999195)	(56.0, 1710.666666666557)	(57.0, 1314.3333333333137)	(58.0, 1046.666666666708)	(59.0, 840.6666666666923)	(60.0, 653.0000000000043)	(61.0, 515.9999999999887)	(62.0, 379.66666666666254)	(63.0, 283.666666666668)	(64.0, 212.333333333335)	(65.0, 159.33333333333348)	(66.0, 114.66666666666612)	(67.0, 72.00000000000006)	(68.0, 46.66666666666672)	(69.0, 38.33333333333333)	(70.0, 31.33333333333329)	(71.0, 23.999999999999982)	(72.0, 16.666666666666675)	(73.0, 10.666666666666668)	(74.0, 6.666666666666664)	(75.0, 6.333333333333331)	(76.0, 6.666666666666664)	(77.0, 3.666666666666667)	(78.0, 1.6666666666666665)	(79.0, 2.6666666666666665)	(80.0, 0.6666666666666666)	(81.0, 0.0)	(82.0, 0.6666666666666666)	(83.0, 0.6666666666666666)	(84.0, 0.3333333333333333)	(85.0, 1.3333333333333333)	(86.0, 1.3333333333333333)	(87.0, 1.0)	(88.0, 0.3333333333333333)	(89.0, 0.6666666666666666)	(90.0, 0.3333333333333333)	(91.0, 0.3333333333333333)	(92.0, 0.0)	(93.0, 0.3333333333333333)	(94.0, 0.0)	(95.0, 0.0)	(96.0, 0.0)	(97.0, 0.0)	(98.0, 0.3333333333333333)	(99.0, 0.0)	(100.0, 0.0)
SRR908443_1_paired	(0.0, 17437.5)	(1.0, 9447.166666666655)	(2.0, 1083.5)	(3.0, 157.33333333333331)	(4.0, 41.5)	(5.0, 32.0)	(6.0, 20.5)	(7.0, 13.0)	(8.0, 7.5)	(9.0, 2.0)	(10.0, 3.0)	(11.0, 7.5)	(12.0, 11.0)	(13.0, 12.5)	(14.0, 11.0)	(15.0, 18.0)	(16.0, 45.333333333333336)	(17.0, 59.333333333333336)	(18.0, 72.5)	(19.0, 112.0)	(20.0, 171.83333333333334)	(21.0, 252.1666666666667)	(22.0, 368.16666666666663)	(23.0, 543.1666666666665)	(24.0, 738.166666666667)	(25.0, 973.8333333333344)	(26.0, 1342.6666666666665)	(27.0, 1750.3333333333294)	(28.0, 2154.8333333333276)	(29.0, 2707.166666666671)	(30.0, 3371.0000000000155)	(31.0, 4077.6666666667)	(32.0, 4781.500000000006)	(33.0, 5532.333333333302)	(34.0, 6371.499999999935)	(35.0, 7242.166666666558)	(36.0, 8117.333333333182)	(37.0, 8955.666666666599)	(38.0, 9533.833333333292)	(39.0, 9970.000000000011)	(40.0, 10298.50000000005)	(41.0, 10322.333333333376)	(42.0, 10354.000000000035)	(43.0, 10258.666666666699)	(44.0, 9954.833333333338)	(45.0, 9809.000000000002)	(46.0, 9575.500000000005)	(47.0, 9359.16666666666)	(48.0, 9383.333333333325)	(49.0, 9117.499999999962)	(50.0, 8631.166666666608)	(51.0, 8188.166666666581)	(52.0, 7592.8333333332575)	(53.0, 6768.666666666619)	(54.0, 6059.833333333304)	(55.0, 5523.9999999999845)	(56.0, 4870.333333333337)	(57.0, 4338.000000000014)	(58.0, 3863.6666666666824)	(59.0, 3272.166666666671)	(60.0, 2764.5000000000005)	(61.0, 2308.833333333333)	(62.0, 1925.833333333328)	(63.0, 1580.9999999999977)	(64.0, 1254.666666666667)	(65.0, 1016.0000000000011)	(66.0, 798.1666666666672)	(67.0, 598.3333333333333)	(68.0, 442.6666666666666)	(69.0, 344.49999999999994)	(70.0, 263.00000000000006)	(71.0, 183.83333333333337)	(72.0, 120.33333333333334)	(73.0, 77.16666666666664)	(74.0, 50.0)	(75.0, 31.0)	(76.0, 23.0)	(77.0, 20.666666666666664)	(78.0, 14.0)	(79.0, 6.5)	(80.0, 4.0)	(81.0, 3.0)	(82.0, 0.5)	(83.0, 0.0)	(84.0, 0.0)	(85.0, 0.0)	(86.0, 0.0)	(87.0, 0.0)	(88.0, 0.0)	(89.0, 0.0)	(90.0, 0.0)	(91.0, 0.0)	(92.0, 0.0)	(93.0, 0.0)	(94.0, 0.0)	(95.0, 0.0)	(96.0, 0.0)	(97.0, 0.0)	(98.0, 0.0)	(99.0, 0.0)	(100.0, 0.0)																																																																																																					
SRR908443_2	(0.0, 5656.5)	(1.0, 2921.333333333544)	(2.0, 1354.3333333333046)	(3.0, 674.6666666666734)	(4.0, 344.99999999999784)	(5.0, 191.3333333333344)	(6.0, 133.33333333333275)	(7.0, 90.99999999999979)	(8.0, 69.0000000000001)	(9.0, 53.333333333333435)	(10.0, 42.33333333333336)	(11.0, 27.333333333333304)	(12.0, 19.666666666666664)	(13.0, 22.33333333333332)	(14.0, 23.999999999999982)	(15.0, 23.66666666666665)	(16.0, 21.99999999999999)	(17.0, 21.666666666666657)	(18.0, 24.99999999999998)	(19.0, 31.33333333333329)	(20.0, 46.66666666666672)	(21.0, 52.666666666666764)	(22.0, 70.00000000000009)	(23.0, 95.33333333333306)	(24.0, 122.99999999999933)	(25.0, 151.6666666666666)	(26.0, 201.00000000000134)	(27.0, 257.66666666666947)	(28.0, 326.66666666666555)	(29.0, 436.333333333326)	(30.0, 557.9999999999935)	(31.0, 690.0000000000085)	(32.0, 902.333333333366)	(33.0, 1157.6666666666827)	(34.0, 1551.666666666593)	(35.0, 2063.333333333154)	(36.0, 2747.6666666667984)	(37.0, 3563.0000000005025)	(38.0, 4431.00000000044)	(39.0, 5531.333333332773)	(40.0, 6714.333333331697)	(41.0, 7991.333333330535)	(42.0, 9151.666666665431)	(43.0, 10097.000000000484)	(44.0, 10908.333333335293)	(45.0, 11165.000000002427)	(46.0, 11322.333333336046)	(47.0, 11069.000000002252)	(48.0, 10645.666666668149)	(49.0, 9962.000000000238)	(50.0, 8898.333333331637)	(51.0, 7715.6666666641195)	(52.0, 6491.666666665233)	(53.0, 5340.3333333329465)	(54.0, 4272.666666667251)	(55.0, 3437.000000000445)	(56.0, 2628.6666666667443)	(57.0, 2004.9999999998233)	(58.0, 1497.9999999999386)	(59.0, 1096.00000000003)	(60.0, 842.0000000000258)	(61.0, 662.0000000000053)	(62.0, 514.6666666666553)	(63.0, 411.99999999999403)	(64.0, 336.9999999999983)	(65.0, 262.3333333333359)	(66.0, 197.33333333333456)	(67.0, 162.33333333333357)	(68.0, 129.66666666666598)	(69.0, 96.9999999999997)	(70.0, 86.33333333333319)	(71.0, 75.33333333333334)	(72.0, 59.00000000000014)	(73.0, 44.66666666666671)	(74.0, 35.99999999999998)	(75.0, 32.333333333333286)	(76.0, 23.66666666666665)	(77.0, 18.000000000000004)	(78.0, 14.333333333333341)	(79.0, 14.333333333333341)	(80.0, 10.333333333333334)	(81.0, 5.999999999999998)	(82.0, 4.666666666666666)	(83.0, 4.0)	(84.0, 1.3333333333333333)	(85.0, 1.3333333333333333)	(86.0, 2.6666666666666665)	(87.0, 2.333333333333333)	(88.0, 1.9999999999999998)	(89.0, 1.0)	(90.0, 1.3333333333333333)	(91.0, 0.6666666666666666)	(92.0, 0.3333333333333333)	(93.0, 0.6666666666666666)	(94.0, 1.0)	(95.0, 0.3333333333333333)	(96.0, 0.0)	(97.0, 0.3333333333333333)	(98.0, 0.3333333333333333)	(99.0, 0.3333333333333333)	(100.0, 0.5)	(0.0, 5656.5)	(1.0, 2921.333333333544)	(2.0, 1354.3333333333046)	(3.0, 674.6666666666734)	(4.0, 344.99999999999784)	(5.0, 191.3333333333344)	(6.0, 133.33333333333275)	(7.0, 90.99999999999979)	(8.0, 69.0000000000001)	(9.0, 53.333333333333435)	(10.0, 42.33333333333336)	(11.0, 27.333333333333304)	(12.0, 19.666666666666664)	(13.0, 22.33333333333332)	(14.0, 23.999999999999982)	(15.0, 23.66666666666665)	(16.0, 21.99999999999999)	(17.0, 21.666666666666657)	(18.0, 24.99999999999998)	(19.0, 31.33333333333329)	(20.0, 46.66666666666672)	(21.0, 52.666666666666764)	(22.0, 70.00000000000009)	(23.0, 95.33333333333306)	(24.0, 122.99999999999933)	(25.0, 151.6666666666666)	(26.0, 201.00000000000134)	(27.0, 257.66666666666947)	(28.0, 326.66666666666555)	(29.0, 436.333333333326)	(30.0, 557.9999999999935)	(31.0, 690.0000000000085)	(32.0, 902.333333333366)	(33.0, 1157.6666666666827)	(34.0, 1551.666666666593)	(35.0, 2063.333333333154)	(36.0, 2747.6666666667984)	(37.0, 3563.0000000005025)	(38.0, 4431.00000000044)	(39.0, 5531.333333332773)	(40.0, 6714.333333331697)	(41.0, 7991.333333330535)	(42.0, 9151.666666665431)	(43.0, 10097.000000000484)	(44.0, 10908.333333335293)	(45.0, 11165.000000002427)	(46.0, 11322.333333336046)	(47.0, 11069.000000002252)	(48.0, 10645.666666668149)	(49.0, 9962.000000000238)	(50.0, 8898.333333331637)	(51.0, 7715.6666666641195)	(52.0, 6491.666666665233)	(53.0, 5340.3333333329465)	(54.0, 4272.666666667251)	(55.0, 3437.000000000445)	(56.0, 2628.6666666667443)	(57.0, 2004.9999999998233)	(58.0, 1497.9999999999386)	(59.0, 1096.00000000003)	(60.0, 842.0000000000258)	(61.0, 662.0000000000053)	(62.0, 514.6666666666553)	(63.0, 411.99999999999403)	(64.0, 336.9999999999983)	(65.0, 262.3333333333359)	(66.0, 197.33333333333456)	(67.0, 162.33333333333357)	(68.0, 129.66666666666598)	(69.0, 96.9999999999997)	(70.0, 86.33333333333319)	(71.0, 75.33333333333334)	(72.0, 59.00000000000014)	(73.0, 44.66666666666671)	(74.0, 35.99999999999998)	(75.0, 32.333333333333286)	(76.0, 23.66666666666665)	(77.0, 18.000000000000004)	(78.0, 14.333333333333341)	(79.0, 14.333333333333341)	(80.0, 10.333333333333334)	(81.0, 5.999999999999998)	(82.0, 4.666666666666666)	(83.0, 4.0)	(84.0, 1.3333333333333333)	(85.0, 1.3333333333333333)	(86.0, 2.6666666666666665)	(87.0, 2.333333333333333)	(88.0, 1.9999999999999998)	(89.0, 1.0)	(90.0, 1.3333333333333333)	(91.0, 0.6666666666666666)	(92.0, 0.3333333333333333)	(93.0, 0.6666666666666666)	(94.0, 1.0)	(95.0, 0.3333333333333333)	(96.0, 0.0)	(97.0, 0.3333333333333333)	(98.0, 0.3333333333333333)	(99.0, 0.3333333333333333)	(100.0, 0.5)
SRR908443_2_paired	(0.0, 17661.0)	(1.0, 9918.666666666664)	(2.0, 1226.3333333333333)	(3.0, 102.5)	(4.0, 11.5)	(5.0, 6.0)	(6.0, 3.5)	(7.0, 2.0)	(8.0, 2.5)	(9.0, 1.5)	(10.0, 2.5)	(11.0, 7.0)	(12.0, 9.5)	(13.0, 9.0)	(14.0, 10.5)	(15.0, 20.0)	(16.0, 35.5)	(17.0, 47.0)	(18.0, 61.333333333333336)	(19.0, 96.33333333333333)	(20.0, 149.5)	(21.0, 204.8333333333334)	(22.0, 306.00000000000006)	(23.0, 451.33333333333326)	(24.0, 618.1666666666665)	(25.0, 809.3333333333337)	(26.0, 1149.5000000000007)	(27.0, 1566.1666666666647)	(28.0, 1949.3333333333292)	(29.0, 2501.3333333333326)	(30.0, 3112.666666666676)	(31.0, 3757.833333333354)	(32.0, 4425.500000000021)	(33.0, 5186.833333333329)	(34.0, 6083.666666666629)	(35.0, 7001.666666666596)	(36.0, 7893.333333333228)	(37.0, 8684.333333333265)	(38.0, 9323.166666666635)	(39.0, 9826.833333333341)	(40.0, 10214.000000000025)	(41.0, 10532.833333333363)	(42.0, 10582.166666666706)	(43.0, 10358.833333333356)	(44.0, 10116.000000000011)	(45.0, 10041.833333333338)	(46.0, 9983.000000000016)	(47.0, 9952.500000000016)	(48.0, 9883.833333333343)	(49.0, 9469.333333333321)	(50.0, 8950.499999999987)	(51.0, 8553.333333333312)	(52.0, 8098.833333333303)	(53.0, 7298.333333333308)	(54.0, 6580.333333333319)	(55.0, 5947.166666666665)	(56.0, 5372.333333333336)	(57.0, 4873.333333333334)	(58.0, 4272.333333333336)	(59.0, 3691.500000000002)	(60.0, 3150.000000000001)	(61.0, 2642.333333333334)	(62.0, 2240.9999999999995)	(63.0, 1869.6666666666665)	(64.0, 1514.3333333333333)	(65.0, 1195.3333333333333)	(66.0, 944.8333333333335)	(67.0, 768.3333333333335)	(68.0, 622.1666666666666)	(69.0, 467.0)	(70.0, 322.0)	(71.0, 228.33333333333334)	(72.0, 172.0)	(73.0, 136.0)	(74.0, 94.0)	(75.0, 56.5)	(76.0, 36.0)	(77.0, 18.0)	(78.0, 11.5)	(79.0, 8.0)	(80.0, 6.5)	(81.0, 5.0)	(82.0, 2.0)	(83.0, 1.5)	(84.0, 1.0)	(85.0, 0.5)	(86.0, 0.5)	(87.0, 0.0)	(88.0, 0.0)	(89.0, 0.0)	(90.0, 0.3333333333333333)	(91.0, 0.0)	(92.0, 0.0)	(93.0, 0.0)	(94.0, 0.0)	(95.0, 0.0)	(96.0, 0.0)	(97.0, 0.3333333333333333)	(98.0, 0.0)	(99.0, 0.0)	(100.0, 0.5)																																																																																																					
SRR908444_1	(0.0, 1386.0)	(1.0, 351.6666666666641)	(2.0, 140.99999999999963)	(3.0, 89.9999999999998)	(4.0, 69.0000000000001)	(5.0, 46.333333333333385)	(6.0, 36.333333333333314)	(7.0, 30.666666666666625)	(8.0, 23.333333333333318)	(9.0, 20.33333333333333)	(10.0, 15.666666666666677)	(11.0, 11.000000000000002)	(12.0, 6.999999999999997)	(13.0, 6.666666666666664)	(14.0, 6.999999999999997)	(15.0, 12.666666666666671)	(16.0, 29.333333333333297)	(17.0, 41.000000000000014)	(18.0, 58.000000000000135)	(19.0, 60.66666666666682)	(20.0, 58.666666666666806)	(21.0, 66.6666666666668)	(22.0, 81.99999999999991)	(23.0, 90.33333333333313)	(24.0, 100.66666666666632)	(25.0, 144.99999999999974)	(26.0, 201.33333333333468)	(27.0, 254.66666666666953)	(28.0, 374.3333333333295)	(29.0, 544.3333333333253)	(30.0, 767.3333333333507)	(31.0, 1094.3333333333637)	(32.0, 1648.9999999999043)	(33.0, 2438.3333333333244)	(34.0, 3373.3333333337496)	(35.0, 4695.0000000002)	(36.0, 6344.666666665366)	(37.0, 8167.666666663708)	(38.0, 10130.333333333878)	(39.0, 12133.666666670855)	(40.0, 13748.666666673793)	(41.0, 14962.333333342667)	(42.0, 15616.333333343857)	(43.0, 15835.66666667759)	(44.0, 15577.000000010452)	(45.0, 14941.000000009295)	(46.0, 13796.66666667388)	(47.0, 12614.66666667173)	(48.0, 11244.00000000257)	(49.0, 9840.33333333335)	(50.0, 8475.666666664201)	(51.0, 7069.666666664707)	(52.0, 5801.999999999193)	(53.0, 4625.000000000264)	(54.0, 3599.666666667186)	(55.0, 2774.0000000001437)	(56.0, 2102.3333333331716)	(57.0, 1603.9999999999145)	(58.0, 1205.3333333333385)	(59.0, 918.3333333333678)	(60.0, 681.0000000000075)	(61.0, 499.99999999998903)	(62.0, 376.999999999996)	(63.0, 282.0000000000014)	(64.0, 205.00000000000145)	(65.0, 141.99999999999966)	(66.0, 94.99999999999973)	(67.0, 62.00000000000016)	(68.0, 51.000000000000085)	(69.0, 41.33333333333335)	(70.0, 31.66666666666662)	(71.0, 20.33333333333333)	(72.0, 17.000000000000007)	(73.0, 11.000000000000002)	(74.0, 8.666666666666664)	(75.0, 6.666666666666664)	(76.0, 8.666666666666664)	(77.0, 4.666666666666666)	(78.0, 4.0)	(79.0, 2.6666666666666665)	(80.0, 1.6666666666666665)	(81.0, 1.9999999999999998)	(82.0, 2.6666666666666665)	(83.0, 1.9999999999999998)	(84.0, 1.3333333333333333)	(85.0, 1.3333333333333333)	(86.0, 0.3333333333333333)	(87.0, 0.3333333333333333)	(88.0, 0.3333333333333333)	(89.0, 0.0)	(90.0, 0.3333333333333333)	(91.0, 0.0)	(92.0, 0.0)	(93.0, 0.0)	(94.0, 0.0)	(95.0, 0.0)	(96.0, 0.0)	(97.0, 0.0)	(98.0, 0.0)	(99.0, 0.0)	(100.0, 0.0)	(0.0, 1386.0)	(1.0, 351.6666666666641)	(2.0, 140.99999999999963)	(3.0, 89.9999999999998)	(4.0, 69.0000000000001)	(5.0, 46.333333333333385)	(6.0, 36.333333333333314)	(7.0, 30.666666666666625)	(8.0, 23.333333333333318)	(9.0, 20.33333333333333)	(10.0, 15.666666666666677)	(11.0, 11.000000000000002)	(12.0, 6.999999999999997)	(13.0, 6.666666666666664)	(14.0, 6.999999999999997)	(15.0, 12.666666666666671)	(16.0, 29.333333333333297)	(17.0, 41.000000000000014)	(18.0, 58.000000000000135)	(19.0, 60.66666666666682)	(20.0, 58.666666666666806)	(21.0, 66.6666666666668)	(22.0, 81.99999999999991)	(23.0, 90.33333333333313)	(24.0, 100.66666666666632)	(25.0, 144.99999999999974)	(26.0, 201.33333333333468)	(27.0, 254.66666666666953)	(28.0, 374.3333333333295)	(29.0, 544.3333333333253)	(30.0, 767.3333333333507)	(31.0, 1094.3333333333637)	(32.0, 1648.9999999999043)	(33.0, 2438.3333333333244)	(34.0, 3373.3333333337496)	(35.0, 4695.0000000002)	(36.0, 6344.666666665366)	(37.0, 8167.666666663708)	(38.0, 10130.333333333878)	(39.0, 12133.666666670855)	(40.0, 13748.666666673793)	(41.0, 14962.333333342667)	(42.0, 15616.333333343857)	(43.0, 15835.66666667759)	(44.0, 15577.000000010452)	(45.0, 14941.000000009295)	(46.0, 13796.66666667388)	(47.0, 12614.66666667173)	(48.0, 11244.00000000257)	(49.0, 9840.33333333335)	(50.0, 8475.666666664201)	(51.0, 7069.666666664707)	(52.0, 5801.999999999193)	(53.0, 4625.000000000264)	(54.0, 3599.666666667186)	(55.0, 2774.0000000001437)	(56.0, 2102.3333333331716)	(57.0, 1603.9999999999145)	(58.0, 1205.3333333333385)	(59.0, 918.3333333333678)	(60.0, 681.0000000000075)	(61.0, 499.99999999998903)	(62.0, 376.999999999996)	(63.0, 282.0000000000014)	(64.0, 205.00000000000145)	(65.0, 141.99999999999966)	(66.0, 94.99999999999973)	(67.0, 62.00000000000016)	(68.0, 51.000000000000085)	(69.0, 41.33333333333335)	(70.0, 31.66666666666662)	(71.0, 20.33333333333333)	(72.0, 17.000000000000007)	(73.0, 11.000000000000002)	(74.0, 8.666666666666664)	(75.0, 6.666666666666664)	(76.0, 8.666666666666664)	(77.0, 4.666666666666666)	(78.0, 4.0)	(79.0, 2.6666666666666665)	(80.0, 1.6666666666666665)	(81.0, 1.9999999999999998)	(82.0, 2.6666666666666665)	(83.0, 1.9999999999999998)	(84.0, 1.3333333333333333)	(85.0, 1.3333333333333333)	(86.0, 0.3333333333333333)	(87.0, 0.3333333333333333)	(88.0, 0.3333333333333333)	(89.0, 0.0)	(90.0, 0.3333333333333333)	(91.0, 0.0)	(92.0, 0.0)	(93.0, 0.0)	(94.0, 0.0)	(95.0, 0.0)	(96.0, 0.0)	(97.0, 0.0)	(98.0, 0.0)	(99.0, 0.0)	(100.0, 0.0)
SRR908444_1_paired	(0.0, 3078.0)	(1.0, 1753.1666666666658)	(2.0, 326.33333333333326)	(3.0, 81.0)	(4.0, 37.333333333333336)	(5.0, 22.833333333333336)	(6.0, 15.0)	(7.0, 10.0)	(8.0, 6.0)	(9.0, 5.0)	(10.0, 6.0)	(11.0, 5.5)	(12.0, 7.0)	(13.0, 13.0)	(14.0, 16.5)	(15.0, 19.0)	(16.0, 29.833333333333336)	(17.0, 46.333333333333336)	(18.0, 71.5)	(19.0, 102.16666666666667)	(20.0, 138.16666666666666)	(21.0, 205.50000000000003)	(22.0, 313.83333333333337)	(23.0, 511.4999999999998)	(24.0, 735.1666666666669)	(25.0, 995.1666666666677)	(26.0, 1396.8333333333321)	(27.0, 1932.8333333333287)	(28.0, 2625.1666666666692)	(29.0, 3408.0000000000136)	(30.0, 4235.666666666685)	(31.0, 5187.666666666662)	(32.0, 6462.999999999951)	(33.0, 7963.99999999991)	(34.0, 9379.999999999995)	(35.0, 10922.166666666744)	(36.0, 12551.833333333505)	(37.0, 14142.166666666924)	(38.0, 15739.833333333689)	(39.0, 16930.000000000306)	(40.0, 17758.50000000019)	(41.0, 18182.333333333496)	(42.0, 18315.333333333467)	(43.0, 18444.50000000009)	(44.0, 18226.333333333496)	(45.0, 18034.333333333478)	(46.0, 18220.16666666679)	(47.0, 18364.500000000127)	(48.0, 18185.000000000135)	(49.0, 17774.83333333347)	(50.0, 17081.833333333547)	(51.0, 16181.333333333561)	(52.0, 14982.50000000021)	(53.0, 13699.000000000158)	(54.0, 12313.500000000093)	(55.0, 10821.66666666672)	(56.0, 9602.666666666673)	(57.0, 8453.333333333287)	(58.0, 7386.166666666631)	(59.0, 6343.166666666651)	(60.0, 5319.83333333333)	(61.0, 4399.666666666674)	(62.0, 3614.3333333333426)	(63.0, 2875.6666666666692)	(64.0, 2256.499999999999)	(65.0, 1788.6666666666642)	(66.0, 1329.6666666666658)	(67.0, 960.1666666666673)	(68.0, 730.8333333333335)	(69.0, 527.9999999999999)	(70.0, 351.49999999999994)	(71.0, 235.16666666666669)	(72.0, 144.16666666666666)	(73.0, 91.83333333333334)	(74.0, 61.5)	(75.0, 42.5)	(76.0, 31.5)	(77.0, 23.0)	(78.0, 13.5)	(79.0, 10.0)	(80.0, 8.0)	(81.0, 3.5)	(82.0, 2.5)	(83.0, 3.0)	(84.0, 2.0)	(85.0, 0.5)	(86.0, 0.0)	(87.0, 0.5)	(88.0, 1.0)	(89.0, 0.5)	(90.0, 0.0)	(91.0, 0.0)	(92.0, 0.0)	(93.0, 0.0)	(94.0, 0.0)	(95.0, 0.0)	(96.0, 0.0)	(97.0, 0.0)	(98.0, 0.0)	(99.0, 0.0)	(100.0, 0.0)																																																																																																					
SRR908444_2	(0.0, 1283.0)	(1.0, 537.6666666666579)	(2.0, 216.00000000000176)	(3.0, 95.33333333333306)	(4.0, 46.00000000000005)	(5.0, 32.99999999999996)	(6.0, 21.99999999999999)	(7.0, 16.333333333333343)	(8.0, 10.333333333333334)	(9.0, 10.333333333333334)	(10.0, 7.33333333333333)	(11.0, 4.999999999999999)	(12.0, 6.666666666666664)	(13.0, 5.666666666666665)	(14.0, 4.999999999999999)	(15.0, 7.33333333333333)	(16.0, 6.666666666666664)	(17.0, 5.999999999999998)	(18.0, 7.33333333333333)	(19.0, 8.33333333333333)	(20.0, 12.333333333333337)	(21.0, 17.33333333333334)	(22.0, 25.33333333333331)	(23.0, 30.666666666666625)	(24.0, 55.000000000000114)	(25.0, 64.3333333333335)	(26.0, 91.66666666666644)	(27.0, 122.33333333333267)	(28.0, 164.00000000000028)	(29.0, 220.33333333333522)	(30.0, 321.99999999999915)	(31.0, 488.99999999998965)	(32.0, 705.0000000000102)	(33.0, 987.666666666709)	(34.0, 1394.999999999962)	(35.0, 1958.6666666665005)	(36.0, 2799.000000000155)	(37.0, 3786.000000000604)	(38.0, 5126.666666666474)	(39.0, 6694.333333331715)	(40.0, 8482.666666664214)	(41.0, 10333.333333334247)	(42.0, 11998.333333337276)	(43.0, 13500.666666673342)	(44.0, 14533.333333341887)	(45.0, 15040.333333342809)	(46.0, 15241.333333343175)	(47.0, 15222.666666676474)	(48.0, 14892.000000009206)	(49.0, 14157.000000007869)	(50.0, 13025.00000000581)	(51.0, 11594.33333333654)	(52.0, 10043.33333333372)	(53.0, 8318.99999999725)	(54.0, 6824.66666666493)	(55.0, 5369.666666666253)	(56.0, 4150.666666667362)	(57.0, 3166.666666666989)	(58.0, 2393.333333333304)	(59.0, 1801.333333333203)	(60.0, 1335.6666666666422)	(61.0, 1034.000000000044)	(62.0, 796.333333333354)	(63.0, 596.999999999998)	(64.0, 470.33333333332405)	(65.0, 379.99999999999585)	(66.0, 301.00000000000034)	(67.0, 245.33333333333593)	(68.0, 192.00000000000108)	(69.0, 154.0)	(70.0, 149.66666666666654)	(71.0, 121.99999999999935)	(72.0, 96.33333333333304)	(73.0, 80.33333333333327)	(74.0, 67.66666666666679)	(75.0, 60.00000000000015)	(76.0, 45.00000000000004)	(77.0, 40.33333333333334)	(78.0, 31.999999999999954)	(79.0, 24.333333333333314)	(80.0, 15.666666666666677)	(81.0, 14.666666666666675)	(82.0, 13.33333333333334)	(83.0, 4.999999999999999)	(84.0, 4.666666666666666)	(85.0, 4.999999999999999)	(86.0, 4.333333333333333)	(87.0, 1.9999999999999998)	(88.0, 1.6666666666666665)	(89.0, 1.6666666666666665)	(90.0, 2.6666666666666665)	(91.0, 3.3333333333333335)	(92.0, 3.3333333333333335)	(93.0, 1.9999999999999998)	(94.0, 1.0)	(95.0, 0.0)	(96.0, 0.6666666666666666)	(97.0, 0.0)	(98.0, 0.6666666666666666)	(99.0, 1.6666666666666665)	(100.0, 1.5)	(0.0, 1283.0)	(1.0, 537.6666666666579)	(2.0, 216.00000000000176)	(3.0, 95.33333333333306)	(4.0, 46.00000000000005)	(5.0, 32.99999999999996)	(6.0, 21.99999999999999)	(7.0, 16.333333333333343)	(8.0, 10.333333333333334)	(9.0, 10.333333333333334)	(10.0, 7.33333333333333)	(11.0, 4.999999999999999)	(12.0, 6.666666666666664)	(13.0, 5.666666666666665)	(14.0, 4.999999999999999)	(15.0, 7.33333333333333)	(16.0, 6.666666666666664)	(17.0, 5.999999999999998)	(18.0, 7.33333333333333)	(19.0, 8.33333333333333)	(20.0, 12.333333333333337)	(21.0, 17.33333333333334)	(22.0, 25.33333333333331)	(23.0, 30.666666666666625)	(24.0, 55.000000000000114)	(25.0, 64.3333333333335)	(26.0, 91.66666666666644)	(27.0, 122.33333333333267)	(28.0, 164.00000000000028)	(29.0, 220.33333333333522)	(30.0, 321.99999999999915)	(31.0, 488.99999999998965)	(32.0, 705.0000000000102)	(33.0, 987.666666666709)	(34.0, 1394.999999999962)	(35.0, 1958.6666666665005)	(36.0, 2799.000000000155)	(37.0, 3786.000000000604)	(38.0, 5126.666666666474)	(39.0, 6694.333333331715)	(40.0, 8482.666666664214)	(41.0, 10333.333333334247)	(42.0, 11998.333333337276)	(43.0, 13500.666666673342)	(44.0, 14533.333333341887)	(45.0, 15040.333333342809)	(46.0, 15241.333333343175)	(47.0, 15222.666666676474)	(48.0, 14892.000000009206)	(49.0, 14157.000000007869)	(50.0, 13025.00000000581)	(51.0, 11594.33333333654)	(52.0, 10043.33333333372)	(53.0, 8318.99999999725)	(54.0, 6824.66666666493)	(55.0, 5369.666666666253)	(56.0, 4150.666666667362)	(57.0, 3166.666666666989)	(58.0, 2393.333333333304)	(59.0, 1801.333333333203)	(60.0, 1335.6666666666422)	(61.0, 1034.000000000044)	(62.0, 796.333333333354)	(63.0, 596.999999999998)	(64.0, 470.33333333332405)	(65.0, 379.99999999999585)	(66.0, 301.00000000000034)	(67.0, 245.33333333333593)	(68.0, 192.00000000000108)	(69.0, 154.0)	(70.0, 149.66666666666654)	(71.0, 121.99999999999935)	(72.0, 96.33333333333304)	(73.0, 80.33333333333327)	(74.0, 67.66666666666679)	(75.0, 60.00000000000015)	(76.0, 45.00000000000004)	(77.0, 40.33333333333334)	(78.0, 31.999999999999954)	(79.0, 24.333333333333314)	(80.0, 15.666666666666677)	(81.0, 14.666666666666675)	(82.0, 13.33333333333334)	(83.0, 4.999999999999999)	(84.0, 4.666666666666666)	(85.0, 4.999999999999999)	(86.0, 4.333333333333333)	(87.0, 1.9999999999999998)	(88.0, 1.6666666666666665)	(89.0, 1.6666666666666665)	(90.0, 2.6666666666666665)	(91.0, 3.3333333333333335)	(92.0, 3.3333333333333335)	(93.0, 1.9999999999999998)	(94.0, 1.0)	(95.0, 0.0)	(96.0, 0.6666666666666666)	(97.0, 0.0)	(98.0, 0.6666666666666666)	(99.0, 1.6666666666666665)	(100.0, 1.5)
SRR908444_2_paired	(0.0, 3555.0)	(1.0, 1945.833333333333)	(2.0, 198.0)	(3.0, 13.5)	(4.0, 0.5)	(5.0, 0.5)	(6.0, 0.0)	(7.0, 0.0)	(8.0, 0.0)	(9.0, 1.5)	(10.0, 4.5)	(11.0, 6.0)	(12.0, 8.0)	(13.0, 10.833333333333332)	(14.0, 13.333333333333332)	(15.0, 17.833333333333332)	(16.0, 25.833333333333332)	(17.0, 39.166666666666664)	(18.0, 57.00000000000001)	(19.0, 81.83333333333333)	(20.0, 121.0)	(21.0, 170.83333333333334)	(22.0, 253.99999999999997)	(23.0, 413.66666666666663)	(24.0, 618.9999999999999)	(25.0, 863.0000000000005)	(26.0, 1223.3333333333335)	(27.0, 1640.4999999999977)	(28.0, 2195.6666666666647)	(29.0, 2928.1666666666706)	(30.0, 3775.8333333333503)	(31.0, 4801.999999999998)	(32.0, 6002.333333333312)	(33.0, 7316.666666666613)	(34.0, 8737.666666666631)	(35.0, 10254.833333333358)	(36.0, 11953.833333333438)	(37.0, 13723.66666666685)	(38.0, 15254.500000000242)	(39.0, 16588.333333333576)	(40.0, 17602.16666666681)	(41.0, 18213.833333333427)	(42.0, 18510.500000000062)	(43.0, 18685.333333333376)	(44.0, 18425.66666666672)	(45.0, 18279.500000000073)	(46.0, 18539.16666666672)	(47.0, 18634.00000000006)	(48.0, 18602.33333333341)	(49.0, 18426.33333333337)	(50.0, 18043.83333333338)	(51.0, 17212.66666666673)	(52.0, 15996.833333333414)	(53.0, 14584.166666666744)	(54.0, 13074.833333333372)	(55.0, 11745.50000000002)	(56.0, 10502.500000000005)	(57.0, 9306.833333333332)	(58.0, 8144.999999999988)	(59.0, 7044.999999999993)	(60.0, 6024.166666666664)	(61.0, 5047.5)	(62.0, 4213.166666666669)	(63.0, 3441.333333333334)	(64.0, 2731.833333333334)	(65.0, 2145.1666666666665)	(66.0, 1648.6666666666667)	(67.0, 1218.6666666666667)	(68.0, 908.0000000000001)	(69.0, 657.3333333333334)	(70.0, 472.5)	(71.0, 339.5)	(72.0, 218.5)	(73.0, 141.0)	(74.0, 92.5)	(75.0, 66.5)	(76.0, 46.5)	(77.0, 29.5)	(78.0, 21.5)	(79.0, 13.0)	(80.0, 11.5)	(81.0, 12.0)	(82.0, 5.0)	(83.0, 1.0)	(84.0, 0.0)	(85.0, 0.0)	(86.0, 0.0)	(87.0, 0.0)	(88.0, 0.0)	(89.0, 0.0)	(90.0, 0.6666666666666666)	(91.0, 0.6666666666666666)	(92.0, 0.3333333333333333)	(93.0, 0.6666666666666666)	(94.0, 0.3333333333333333)	(95.0, 0.0)	(96.0, 0.3333333333333333)	(97.0, 0.0)	(98.0, 0.0)	(99.0, 0.5)	(100.0, 2.0)																																																																																																					
SRR908445_1	(0.0, 1321.5)	(1.0, 405.33333333332774)	(2.0, 195.00000000000117)	(3.0, 134.33333333333277)	(4.0, 86.99999999999984)	(5.0, 61.33333333333349)	(6.0, 42.33333333333336)	(7.0, 32.99999999999996)	(8.0, 25.666666666666643)	(9.0, 23.999999999999982)	(10.0, 21.666666666666657)	(11.0, 14.666666666666675)	(12.0, 14.333333333333341)	(13.0, 13.000000000000005)	(14.0, 8.666666666666664)	(15.0, 12.333333333333337)	(16.0, 22.999999999999986)	(17.0, 73.00000000000004)	(18.0, 144.33333333333306)	(19.0, 202.66666666666805)	(20.0, 238.0000000000024)	(21.0, 251.66666666666944)	(22.0, 267.6666666666689)	(23.0, 282.0000000000014)	(24.0, 282.66666666666805)	(25.0, 302.3333333333336)	(26.0, 337.6666666666649)	(27.0, 361.33333333333024)	(28.0, 388.99999999999534)	(29.0, 449.33333333332524)	(30.0, 523.6666666666563)	(31.0, 632.3333333333353)	(32.0, 805.0000000000216)	(33.0, 1044.0000000000418)	(34.0, 1354.3333333333046)	(35.0, 1706.999999999891)	(36.0, 2135.66666666652)	(37.0, 2572.666666666719)	(38.0, 2979.000000000237)	(39.0, 3397.3333333337605)	(40.0, 3679.666666667222)	(41.0, 3930.333333334003)	(42.0, 4000.666666667368)	(43.0, 3988.3333333340292)	(44.0, 3865.3333333339733)	(45.0, 3659.000000000546)	(46.0, 3328.333333333729)	(47.0, 2961.6666666668957)	(48.0, 2650.333333333421)	(49.0, 2319.9999999999372)	(50.0, 1954.6666666665014)	(51.0, 1621.9999999999104)	(52.0, 1356.6666666666374)	(53.0, 1119.6666666666913)	(54.0, 929.0000000000357)	(55.0, 776.3333333333517)	(56.0, 604.9999999999989)	(57.0, 488.99999999998965)	(58.0, 418.333333333327)	(59.0, 351.6666666666641)	(60.0, 297.6666666666672)	(61.0, 222.00000000000193)	(62.0, 152.66666666666663)	(63.0, 125.33333333333263)	(64.0, 98.66666666666634)	(65.0, 77.33333333333331)	(66.0, 58.666666666666806)	(67.0, 41.33333333333335)	(68.0, 28.3333333333333)	(69.0, 17.66666666666667)	(70.0, 11.000000000000002)	(71.0, 6.666666666666664)	(72.0, 5.666666666666665)	(73.0, 4.0)	(74.0, 3.3333333333333335)	(75.0, 4.666666666666666)	(76.0, 3.3333333333333335)	(77.0, 0.3333333333333333)	(78.0, 0.6666666666666666)	(79.0, 0.3333333333333333)	(80.0, 0.3333333333333333)	(81.0, 0.3333333333333333)	(82.0, 0.6666666666666666)	(83.0, 0.3333333333333333)	(84.0, 0.6666666666666666)	(85.0, 0.3333333333333333)	(86.0, 0.0)	(87.0, 0.0)	(88.0, 0.0)	(89.0, 0.0)	(90.0, 0.0)	(91.0, 0.0)	(92.0, 0.0)	(93.0, 0.0)	(94.0, 0.3333333333333333)	(95.0, 0.3333333333333333)	(96.0, 0.0)	(97.0, 0.0)	(98.0, 0.0)	(99.0, 0.0)	(100.0, 0.0)	(0.0, 1321.5)	(1.0, 405.33333333332774)	(2.0, 195.00000000000117)	(3.0, 134.33333333333277)	(4.0, 86.99999999999984)	(5.0, 61.33333333333349)	(6.0, 42.33333333333336)	(7.0, 32.99999999999996)	(8.0, 25.666666666666643)	(9.0, 23.999999999999982)	(10.0, 21.666666666666657)	(11.0, 14.666666666666675)	(12.0, 14.333333333333341)	(13.0, 13.000000000000005)	(14.0, 8.666666666666664)	(15.0, 12.333333333333337)	(16.0, 22.999999999999986)	(17.0, 73.00000000000004)	(18.0, 144.33333333333306)	(19.0, 202.66666666666805)	(20.0, 238.0000000000024)	(21.0, 251.66666666666944)	(22.0, 267.6666666666689)	(23.0, 282.0000000000014)	(24.0, 282.66666666666805)	(25.0, 302.3333333333336)	(26.0, 337.6666666666649)	(27.0, 361.33333333333024)	(28.0, 388.99999999999534)	(29.0, 449.33333333332524)	(30.0, 523.6666666666563)	(31.0, 632.3333333333353)	(32.0, 805.0000000000216)	(33.0, 1044.0000000000418)	(34.0, 1354.3333333333046)	(35.0, 1706.999999999891)	(36.0, 2135.66666666652)	(37.0, 2572.666666666719)	(38.0, 2979.000000000237)	(39.0, 3397.3333333337605)	(40.0, 3679.666666667222)	(41.0, 3930.333333334003)	(42.0, 4000.666666667368)	(43.0, 3988.3333333340292)	(44.0, 3865.3333333339733)	(45.0, 3659.000000000546)	(46.0, 3328.333333333729)	(47.0, 2961.6666666668957)	(48.0, 2650.333333333421)	(49.0, 2319.9999999999372)	(50.0, 1954.6666666665014)	(51.0, 1621.9999999999104)	(52.0, 1356.6666666666374)	(53.0, 1119.6666666666913)	(54.0, 929.0000000000357)	(55.0, 776.3333333333517)	(56.0, 604.9999999999989)	(57.0, 488.99999999998965)	(58.0, 418.333333333327)	(59.0, 351.6666666666641)	(60.0, 297.6666666666672)	(61.0, 222.00000000000193)	(62.0, 152.66666666666663)	(63.0, 125.33333333333263)	(64.0, 98.66666666666634)	(65.0, 77.33333333333331)	(66.0, 58.666666666666806)	(67.0, 41.33333333333335)	(68.0, 28.3333333333333)	(69.0, 17.66666666666667)	(70.0, 11.000000000000002)	(71.0, 6.666666666666664)	(72.0, 5.666666666666665)	(73.0, 4.0)	(74.0, 3.3333333333333335)	(75.0, 4.666666666666666)	(76.0, 3.3333333333333335)	(77.0, 0.3333333333333333)	(78.0, 0.6666666666666666)	(79.0, 0.3333333333333333)	(80.0, 0.3333333333333333)	(81.0, 0.3333333333333333)	(82.0, 0.6666666666666666)	(83.0, 0.3333333333333333)	(84.0, 0.6666666666666666)	(85.0, 0.3333333333333333)	(86.0, 0.0)	(87.0, 0.0)	(88.0, 0.0)	(89.0, 0.0)	(90.0, 0.0)	(91.0, 0.0)	(92.0, 0.0)	(93.0, 0.0)	(94.0, 0.3333333333333333)	(95.0, 0.3333333333333333)	(96.0, 0.0)	(97.0, 0.0)	(98.0, 0.0)	(99.0, 0.0)	(100.0, 0.0)
SRR908445_1_paired	(0.0, 3936.5)	(1.0, 2121.0)	(2.0, 196.16666666666669)	(3.0, 28.333333333333332)	(4.0, 10.0)	(5.0, 12.0)	(6.0, 10.0)	(7.0, 9.0)	(8.0, 7.5)	(9.0, 3.0)	(10.0, 4.5)	(11.0, 4.5)	(12.0, 3.0)	(13.0, 5.0)	(14.0, 7.5)	(15.0, 13.0)	(16.0, 11.5)	(17.0, 13.5)	(18.0, 17.5)	(19.0, 16.0)	(20.0, 34.0)	(21.0, 71.33333333333334)	(22.0, 100.00000000000001)	(23.0, 130.49999999999997)	(24.0, 155.33333333333334)	(25.0, 212.33333333333337)	(26.0, 312.33333333333326)	(27.0, 379.6666666666666)	(28.0, 469.8333333333332)	(29.0, 632.3333333333334)	(30.0, 759.8333333333336)	(31.0, 839.1666666666672)	(32.0, 957.000000000001)	(33.0, 1125.833333333334)	(34.0, 1284.3333333333328)	(35.0, 1436.6666666666647)	(36.0, 1585.1666666666638)	(37.0, 1677.4999999999957)	(38.0, 1688.4999999999957)	(39.0, 1671.6666666666645)	(40.0, 1850.8333333333298)	(41.0, 2043.6666666666624)	(42.0, 1978.333333333328)	(43.0, 1987.9999999999948)	(44.0, 1991.4999999999948)	(45.0, 1924.3333333333296)	(46.0, 1962.9999999999966)	(47.0, 2009.6666666666629)	(48.0, 1968.4999999999964)	(49.0, 1996.8333333333296)	(50.0, 2167.9999999999964)	(51.0, 2202.999999999999)	(52.0, 2097.9999999999977)	(53.0, 1973.1666666666638)	(54.0, 1840.6666666666642)	(55.0, 1638.6666666666647)	(56.0, 1498.3333333333321)	(57.0, 1344.333333333333)	(58.0, 1181.4999999999998)	(59.0, 1070.666666666667)	(60.0, 944.1666666666674)	(61.0, 803.3333333333337)	(62.0, 699.6666666666667)	(63.0, 626.0000000000001)	(64.0, 533.4999999999997)	(65.0, 431.83333333333303)	(66.0, 343.83333333333326)	(67.0, 284.83333333333337)	(68.0, 237.33333333333346)	(69.0, 190.33333333333334)	(70.0, 139.5)	(71.0, 92.83333333333331)	(72.0, 72.66666666666667)	(73.0, 60.333333333333336)	(74.0, 41.666666666666664)	(75.0, 29.5)	(76.0, 19.5)	(77.0, 9.5)	(78.0, 10.0)	(79.0, 9.0)	(80.0, 4.5)	(81.0, 1.5)	(82.0, 0.0)	(83.0, 0.0)	(84.0, 0.0)	(85.0, 0.0)	(86.0, 0.0)	(87.0, 0.0)	(88.0, 0.0)	(89.0, 0.0)	(90.0, 0.0)	(91.0, 0.0)	(92.0, 0.0)	(93.0, 0.0)	(94.0, 0.0)	(95.0, 0.0)	(96.0, 0.0)	(97.0, 0.0)	(98.0, 0.0)	(99.0, 0.0)	(100.0, 0.0)																																																																																																					
SRR908445_2	(0.0, 1174.5)	(1.0, 701.6666666666765)	(2.0, 300.0000000000004)	(3.0, 133.99999999999943)	(4.0, 65.33333333333348)	(5.0, 38.666666666666664)	(6.0, 23.999999999999982)	(7.0, 19.333333333333332)	(8.0, 13.33333333333334)	(9.0, 9.333333333333332)	(10.0, 11.000000000000002)	(11.0, 8.999999999999998)	(12.0, 5.999999999999998)	(13.0, 7.666666666666663)	(14.0, 4.999999999999999)	(15.0, 7.666666666666663)	(16.0, 7.666666666666663)	(17.0, 8.666666666666664)	(18.0, 13.666666666666673)	(19.0, 14.333333333333341)	(20.0, 24.99999999999998)	(21.0, 39.333333333333336)	(22.0, 55.666666666666785)	(23.0, 76.66666666666666)	(24.0, 84.66666666666654)	(25.0, 105.66666666666625)	(26.0, 138.66666666666623)	(27.0, 156.3333333333334)	(28.0, 199.00000000000128)	(29.0, 244.00000000000256)	(30.0, 308.9999999999999)	(31.0, 361.66666666666356)	(32.0, 418.99999999999363)	(33.0, 489.33333333332297)	(34.0, 600.666666666665)	(35.0, 770.6666666666844)	(36.0, 967.6666666667068)	(37.0, 1220.333333333335)	(38.0, 1524.6666666665992)	(39.0, 1908.666666666512)	(40.0, 2355.3333333332866)	(41.0, 2860.000000000183)	(42.0, 3398.333333333761)	(43.0, 3861.000000000638)	(44.0, 4295.66666666723)	(45.0, 4603.66666666695)	(46.0, 4710.3333333335195)	(47.0, 4549.000000000333)	(48.0, 4316.333333333878)	(49.0, 3907.3333333339924)	(50.0, 3394.6666666670926)	(51.0, 2899.0000000002005)	(52.0, 2380.6666666666315)	(53.0, 1905.3333333331793)	(54.0, 1530.6666666665978)	(55.0, 1155.3333333333499)	(56.0, 887.6666666666977)	(57.0, 683.0000000000077)	(58.0, 556.66666666666)	(59.0, 418.333333333327)	(60.0, 327.3333333333322)	(61.0, 273.33333333333525)	(62.0, 223.00000000000196)	(63.0, 153.66666666666666)	(64.0, 122.666666666666)	(65.0, 92.66666666666643)	(66.0, 80.99999999999993)	(67.0, 54.00000000000011)	(68.0, 43.6666666666667)	(69.0, 38.666666666666664)	(70.0, 25.999999999999975)	(71.0, 23.999999999999982)	(72.0, 17.33333333333334)	(73.0, 12.666666666666671)	(74.0, 12.333333333333337)	(75.0, 10.333333333333334)	(76.0, 5.999999999999998)	(77.0, 6.333333333333331)	(78.0, 6.333333333333331)	(79.0, 4.0)	(80.0, 2.333333333333333)	(81.0, 3.666666666666667)	(82.0, 1.0)	(83.0, 1.0)	(84.0, 1.0)	(85.0, 0.3333333333333333)	(86.0, 0.3333333333333333)	(87.0, 0.0)	(88.0, 0.0)	(89.0, 0.0)	(90.0, 0.3333333333333333)	(91.0, 0.3333333333333333)	(92.0, 0.6666666666666666)	(93.0, 0.0)	(94.0, 0.0)	(95.0, 0.0)	(96.0, 0.3333333333333333)	(97.0, 0.3333333333333333)	(98.0, 0.3333333333333333)	(99.0, 0.3333333333333333)	(100.0, 1.0)	(0.0, 1174.5)	(1.0, 701.6666666666765)	(2.0, 300.0000000000004)	(3.0, 133.99999999999943)	(4.0, 65.33333333333348)	(5.0, 38.666666666666664)	(6.0, 23.999999999999982)	(7.0, 19.333333333333332)	(8.0, 13.33333333333334)	(9.0, 9.333333333333332)	(10.0, 11.000000000000002)	(11.0, 8.999999999999998)	(12.0, 5.999999999999998)	(13.0, 7.666666666666663)	(14.0, 4.999999999999999)	(15.0, 7.666666666666663)	(16.0, 7.666666666666663)	(17.0, 8.666666666666664)	(18.0, 13.666666666666673)	(19.0, 14.333333333333341)	(20.0, 24.99999999999998)	(21.0, 39.333333333333336)	(22.0, 55.666666666666785)	(23.0, 76.66666666666666)	(24.0, 84.66666666666654)	(25.0, 105.66666666666625)	(26.0, 138.66666666666623)	(27.0, 156.3333333333334)	(28.0, 199.00000000000128)	(29.0, 244.00000000000256)	(30.0, 308.9999999999999)	(31.0, 361.66666666666356)	(32.0, 418.99999999999363)	(33.0, 489.33333333332297)	(34.0, 600.666666666665)	(35.0, 770.6666666666844)	(36.0, 967.6666666667068)	(37.0, 1220.333333333335)	(38.0, 1524.6666666665992)	(39.0, 1908.666666666512)	(40.0, 2355.3333333332866)	(41.0, 2860.000000000183)	(42.0, 3398.333333333761)	(43.0, 3861.000000000638)	(44.0, 4295.66666666723)	(45.0, 4603.66666666695)	(46.0, 4710.3333333335195)	(47.0, 4549.000000000333)	(48.0, 4316.333333333878)	(49.0, 3907.3333333339924)	(50.0, 3394.6666666670926)	(51.0, 2899.0000000002005)	(52.0, 2380.6666666666315)	(53.0, 1905.3333333331793)	(54.0, 1530.6666666665978)	(55.0, 1155.3333333333499)	(56.0, 887.6666666666977)	(57.0, 683.0000000000077)	(58.0, 556.66666666666)	(59.0, 418.333333333327)	(60.0, 327.3333333333322)	(61.0, 273.33333333333525)	(62.0, 223.00000000000196)	(63.0, 153.66666666666666)	(64.0, 122.666666666666)	(65.0, 92.66666666666643)	(66.0, 80.99999999999993)	(67.0, 54.00000000000011)	(68.0, 43.6666666666667)	(69.0, 38.666666666666664)	(70.0, 25.999999999999975)	(71.0, 23.999999999999982)	(72.0, 17.33333333333334)	(73.0, 12.666666666666671)	(74.0, 12.333333333333337)	(75.0, 10.333333333333334)	(76.0, 5.999999999999998)	(77.0, 6.333333333333331)	(78.0, 6.333333333333331)	(79.0, 4.0)	(80.0, 2.333333333333333)	(81.0, 3.666666666666667)	(82.0, 1.0)	(83.0, 1.0)	(84.0, 1.0)	(85.0, 0.3333333333333333)	(86.0, 0.3333333333333333)	(87.0, 0.0)	(88.0, 0.0)	(89.0, 0.0)	(90.0, 0.3333333333333333)	(91.0, 0.3333333333333333)	(92.0, 0.6666666666666666)	(93.0, 0.0)	(94.0, 0.0)	(95.0, 0.0)	(96.0, 0.3333333333333333)	(97.0, 0.3333333333333333)	(98.0, 0.3333333333333333)	(99.0, 0.3333333333333333)	(100.0, 1.0)
SRR908445_2_paired	(0.0, 3843.5)	(1.0, 2180.833333333333)	(2.0, 283.5)	(3.0, 25.0)	(4.0, 5.5)	(5.0, 2.0)	(6.0, 2.0)	(7.0, 2.0)	(8.0, 3.0)	(9.0, 3.5)	(10.0, 3.5)	(11.0, 3.5)	(12.0, 5.0)	(13.0, 5.5)	(14.0, 8.5)	(15.0, 13.5)	(16.0, 10.0)	(17.0, 7.5)	(18.0, 11.0)	(19.0, 18.5)	(20.0, 38.0)	(21.0, 58.0)	(22.0, 74.83333333333334)	(23.0, 105.99999999999997)	(24.0, 156.83333333333331)	(25.0, 203.66666666666666)	(26.0, 290.0)	(27.0, 372.33333333333326)	(28.0, 426.8333333333332)	(29.0, 555.1666666666666)	(30.0, 695.166666666667)	(31.0, 846.1666666666673)	(32.0, 979.3333333333343)	(33.0, 1076.6666666666672)	(34.0, 1249.833333333333)	(35.0, 1416.999999999999)	(36.0, 1568.1666666666652)	(37.0, 1646.1666666666629)	(38.0, 1686.6666666666638)	(39.0, 1777.9999999999966)	(40.0, 1831.1666666666645)	(41.0, 1943.166666666664)	(42.0, 2055.1666666666642)	(43.0, 2071.833333333331)	(44.0, 2025.3333333333308)	(45.0, 1964.1666666666638)	(46.0, 1987.1666666666647)	(47.0, 2037.8333333333323)	(48.0, 2041.3333333333333)	(49.0, 2029.6666666666658)	(50.0, 2108.6666666666656)	(51.0, 2231.3333333333335)	(52.0, 2209.833333333333)	(53.0, 2064.666666666666)	(54.0, 1857.1666666666665)	(55.0, 1673.4999999999998)	(56.0, 1546.9999999999998)	(57.0, 1406.9999999999998)	(58.0, 1226.9999999999998)	(59.0, 1074.666666666667)	(60.0, 993.0000000000002)	(61.0, 907.5000000000001)	(62.0, 789.5)	(63.0, 704.1666666666666)	(64.0, 629.8333333333334)	(65.0, 510.6666666666667)	(66.0, 406.0)	(67.0, 325.5)	(68.0, 268.0)	(69.0, 228.5)	(70.0, 166.5)	(71.0, 125.33333333333334)	(72.0, 98.83333333333334)	(73.0, 72.0)	(74.0, 58.5)	(75.0, 37.0)	(76.0, 25.5)	(77.0, 17.5)	(78.0, 13.0)	(79.0, 13.5)	(80.0, 9.5)	(81.0, 4.5)	(82.0, 4.0)	(83.0, 2.0)	(84.0, 1.5)	(85.0, 3.5)	(86.0, 2.5)	(87.0, 0.5)	(88.0, 1.0)	(89.0, 0.5)	(90.0, 0.0)	(91.0, 0.0)	(92.0, 0.0)	(93.0, 0.0)	(94.0, 0.0)	(95.0, 0.0)	(96.0, 0.0)	(97.0, 0.0)	(98.0, 0.0)	(99.0, 0.0)	(100.0, 0.0)																																																																																																					
SRR908446_1	(0.0, 39260.5)	(1.0, 9190.999999998836)	(2.0, 4309.333333333884)	(3.0, 2974.6666666669016)	(4.0, 2233.6666666665647)	(5.0, 1704.6666666665583)	(6.0, 1353.666666666638)	(7.0, 1103.666666666695)	(8.0, 898.0000000000322)	(9.0, 729.000000000013)	(10.0, 579.999999999996)	(11.0, 495.66666666665594)	(12.0, 410.33333333332746)	(13.0, 339.9999999999981)	(14.0, 291.66666666666754)	(15.0, 332.6666666666652)	(16.0, 730.6666666666798)	(17.0, 1360.6666666666365)	(18.0, 1586.6666666665851)	(19.0, 1759.3333333332125)	(20.0, 1829.9999999998631)	(21.0, 1846.3333333331927)	(22.0, 1905.6666666665126)	(23.0, 1938.666666666505)	(24.0, 2069.66666666649)	(25.0, 2254.666666666574)	(26.0, 2468.0000000000045)	(27.0, 2810.00000000016)	(28.0, 3354.333333333741)	(29.0, 4164.333333334016)	(30.0, 5265.999999999681)	(31.0, 6740.999999998339)	(32.0, 8707.999999997957)	(33.0, 11403.666666669527)	(34.0, 14722.000000008897)	(35.0, 18628.333333337087)	(36.0, 22673.666666655703)	(37.0, 27149.66666663942)	(38.0, 31189.33333329139)	(39.0, 34726.66666663323)	(40.0, 37665.99999998795)	(41.0, 39170.33333333223)	(42.0, 39501.666666667974)	(43.0, 38596.66666666139)	(44.0, 37018.99999998324)	(45.0, 35275.666666637226)	(46.0, 32974.33333328715)	(47.0, 30088.333333295395)	(48.0, 27273.333333305636)	(49.0, 24462.333333315863)	(50.0, 21383.666666660396)	(51.0, 18261.33333333842)	(52.0, 15248.666666676521)	(53.0, 12655.666666671805)	(54.0, 10139.00000000056)	(55.0, 8405.666666664074)	(56.0, 6789.666666664962)	(57.0, 5501.999999999466)	(58.0, 4214.000000000638)	(59.0, 3213.333333333677)	(60.0, 2438.3333333333244)	(61.0, 1777.6666666665417)	(62.0, 1368.3333333333014)	(63.0, 989.0000000000425)	(64.0, 720.3333333333453)	(65.0, 504.3333333333221)	(66.0, 328.66666666666544)	(67.0, 234.33333333333562)	(68.0, 158.33333333333346)	(69.0, 119.33333333333272)	(70.0, 83.33333333333323)	(71.0, 60.00000000000015)	(72.0, 44.66666666666671)	(73.0, 34.666666666666636)	(74.0, 22.999999999999986)	(75.0, 18.000000000000004)	(76.0, 16.00000000000001)	(77.0, 12.333333333333337)	(78.0, 11.000000000000002)	(79.0, 7.33333333333333)	(80.0, 4.999999999999999)	(81.0, 3.0)	(82.0, 2.6666666666666665)	(83.0, 2.6666666666666665)	(84.0, 3.0)	(85.0, 3.3333333333333335)	(86.0, 1.0)	(87.0, 1.3333333333333333)	(88.0, 0.3333333333333333)	(89.0, 0.0)	(90.0, 0.0)	(91.0, 0.3333333333333333)	(92.0, 0.3333333333333333)	(93.0, 0.6666666666666666)	(94.0, 0.6666666666666666)	(95.0, 0.3333333333333333)	(96.0, 1.0)	(97.0, 0.0)	(98.0, 0.3333333333333333)	(99.0, 0.0)	(100.0, 0.0)	(0.0, 39260.5)	(1.0, 9190.999999998836)	(2.0, 4309.333333333884)	(3.0, 2974.6666666669016)	(4.0, 2233.6666666665647)	(5.0, 1704.6666666665583)	(6.0, 1353.666666666638)	(7.0, 1103.666666666695)	(8.0, 898.0000000000322)	(9.0, 729.000000000013)	(10.0, 579.999999999996)	(11.0, 495.66666666665594)	(12.0, 410.33333333332746)	(13.0, 339.9999999999981)	(14.0, 291.66666666666754)	(15.0, 332.6666666666652)	(16.0, 730.6666666666798)	(17.0, 1360.6666666666365)	(18.0, 1586.6666666665851)	(19.0, 1759.3333333332125)	(20.0, 1829.9999999998631)	(21.0, 1846.3333333331927)	(22.0, 1905.6666666665126)	(23.0, 1938.666666666505)	(24.0, 2069.66666666649)	(25.0, 2254.666666666574)	(26.0, 2468.0000000000045)	(27.0, 2810.00000000016)	(28.0, 3354.333333333741)	(29.0, 4164.333333334016)	(30.0, 5265.999999999681)	(31.0, 6740.999999998339)	(32.0, 8707.999999997957)	(33.0, 11403.666666669527)	(34.0, 14722.000000008897)	(35.0, 18628.333333337087)	(36.0, 22673.666666655703)	(37.0, 27149.66666663942)	(38.0, 31189.33333329139)	(39.0, 34726.66666663323)	(40.0, 37665.99999998795)	(41.0, 39170.33333333223)	(42.0, 39501.666666667974)	(43.0, 38596.66666666139)	(44.0, 37018.99999998324)	(45.0, 35275.666666637226)	(46.0, 32974.33333328715)	(47.0, 30088.333333295395)	(48.0, 27273.333333305636)	(49.0, 24462.333333315863)	(50.0, 21383.666666660396)	(51.0, 18261.33333333842)	(52.0, 15248.666666676521)	(53.0, 12655.666666671805)	(54.0, 10139.00000000056)	(55.0, 8405.666666664074)	(56.0, 6789.666666664962)	(57.0, 5501.999999999466)	(58.0, 4214.000000000638)	(59.0, 3213.333333333677)	(60.0, 2438.3333333333244)	(61.0, 1777.6666666665417)	(62.0, 1368.3333333333014)	(63.0, 989.0000000000425)	(64.0, 720.3333333333453)	(65.0, 504.3333333333221)	(66.0, 328.66666666666544)	(67.0, 234.33333333333562)	(68.0, 158.33333333333346)	(69.0, 119.33333333333272)	(70.0, 83.33333333333323)	(71.0, 60.00000000000015)	(72.0, 44.66666666666671)	(73.0, 34.666666666666636)	(74.0, 22.999999999999986)	(75.0, 18.000000000000004)	(76.0, 16.00000000000001)	(77.0, 12.333333333333337)	(78.0, 11.000000000000002)	(79.0, 7.33333333333333)	(80.0, 4.999999999999999)	(81.0, 3.0)	(82.0, 2.6666666666666665)	(83.0, 2.6666666666666665)	(84.0, 3.0)	(85.0, 3.3333333333333335)	(86.0, 1.0)	(87.0, 1.3333333333333333)	(88.0, 0.3333333333333333)	(89.0, 0.0)	(90.0, 0.0)	(91.0, 0.3333333333333333)	(92.0, 0.3333333333333333)	(93.0, 0.6666666666666666)	(94.0, 0.6666666666666666)	(95.0, 0.3333333333333333)	(96.0, 1.0)	(97.0, 0.0)	(98.0, 0.3333333333333333)	(99.0, 0.0)	(100.0, 0.0)
SRR908446_1_paired	(0.0, 103427.0)	(1.0, 54649.00000000045)	(2.0, 5358.666666666665)	(3.0, 846.0000000000001)	(4.0, 233.33333333333334)	(5.0, 124.0)	(6.0, 62.5)	(7.0, 31.833333333333332)	(8.0, 25.333333333333332)	(9.0, 22.5)	(10.0, 34.0)	(11.0, 35.5)	(12.0, 21.0)	(13.0, 17.5)	(14.0, 24.5)	(15.0, 35.5)	(16.0, 66.5)	(17.0, 111.66666666666667)	(18.0, 189.83333333333331)	(19.0, 347.1666666666667)	(20.0, 507.66666666666646)	(21.0, 700.1666666666669)	(22.0, 937.5000000000011)	(23.0, 1314.6666666666663)	(24.0, 1821.9999999999961)	(25.0, 2319.1666666666647)	(26.0, 3204.8333333333467)	(27.0, 4346.1666666666915)	(28.0, 5705.666666666639)	(29.0, 7304.833333333234)	(30.0, 8884.833333333232)	(31.0, 10807.500000000104)	(32.0, 12898.50000000029)	(33.0, 15317.666666667248)	(34.0, 18029.166666667035)	(35.0, 20676.833333333114)	(36.0, 23262.666666665817)	(37.0, 25817.99999999847)	(38.0, 28132.666666664576)	(39.0, 29909.16666666406)	(40.0, 31258.83333333061)	(41.0, 31797.99999999724)	(42.0, 31979.999999997155)	(43.0, 32228.66666666398)	(44.0, 31868.833333331007)	(45.0, 32164.666666664212)	(46.0, 32716.166666664114)	(47.0, 32700.666666664125)	(48.0, 32724.666666664354)	(49.0, 32644.33333333098)	(50.0, 31760.666666664692)	(51.0, 29970.3333333318)	(52.0, 28236.33333333199)	(53.0, 25931.166666665726)	(54.0, 23741.99999999943)	(55.0, 22269.666666666337)	(56.0, 20003.16666666659)	(57.0, 17698.833333333572)	(58.0, 15732.166666666992)	(59.0, 13540.833333333545)	(60.0, 11738.500000000115)	(61.0, 9977.5)	(62.0, 8342.333333333258)	(63.0, 6795.833333333295)	(64.0, 5437.3333333333285)	(65.0, 4359.666666666677)	(66.0, 3332.166666666675)	(67.0, 2456.166666666667)	(68.0, 1777.166666666664)	(69.0, 1221.6666666666667)	(70.0, 851.0000000000005)	(71.0, 605.0)	(72.0, 394.9999999999999)	(73.0, 285.3333333333333)	(74.0, 203.83333333333334)	(75.0, 167.83333333333334)	(76.0, 130.0)	(77.0, 65.0)	(78.0, 45.0)	(79.0, 32.0)	(80.0, 18.0)	(81.0, 11.5)	(82.0, 6.0)	(83.0, 3.0)	(84.0, 1.0)	(85.0, 1.0)	(86.0, 0.5)	(87.0, 0.0)	(88.0, 0.0)	(89.0, 0.0)	(90.0, 0.0)	(91.0, 0.5)	(92.0, 0.5)	(93.0, 0.0)	(94.0, 0.0)	(95.0, 0.0)	(96.0, 0.0)	(97.0, 0.0)	(98.0, 0.0)	(99.0, 0.0)	(100.0, 0.0)																																																																																																					
SRR908446_2	(0.0, 31939.0)	(1.0, 16514.66666667811)	(2.0, 7704.9999999974625)	(3.0, 4064.6666666673973)	(4.0, 2302.666666666596)	(5.0, 1395.3333333332953)	(6.0, 989.3333333333759)	(7.0, 755.3333333333493)	(8.0, 609.9999999999994)	(9.0, 509.66666666665515)	(10.0, 434.9999999999927)	(11.0, 372.99999999999625)	(12.0, 326.99999999999886)	(13.0, 279.6666666666682)	(14.0, 245.0000000000026)	(15.0, 231.33333333333553)	(16.0, 236.66666666666902)	(17.0, 223.00000000000196)	(18.0, 229.33333333333547)	(19.0, 256.3333333333362)	(20.0, 343.33333333333127)	(21.0, 442.33333333332564)	(22.0, 532.6666666666573)	(23.0, 649.6666666666706)	(24.0, 769.6666666666843)	(25.0, 987.3333333333757)	(26.0, 1201.6666666666727)	(27.0, 1466.9999999999457)	(28.0, 1745.3333333332157)	(29.0, 2130.3333333331843)	(30.0, 2661.0000000000923)	(31.0, 3197.000000000336)	(32.0, 3987.0000000006953)	(33.0, 4938.666666666645)	(34.0, 6209.999999998822)	(35.0, 7980.9999999972115)	(36.0, 10609.666666668083)	(37.0, 13620.000000006892)	(38.0, 17268.333333342034)	(39.0, 21790.666666658915)	(40.0, 26657.66666664121)	(41.0, 31364.333333290753)	(42.0, 35808.33333330777)	(43.0, 39148.666666665406)	(44.0, 41736.3333333509)	(45.0, 43028.000000026965)	(46.0, 42957.66666669312)	(47.0, 41425.33333334864)	(48.0, 39144.33333333204)	(49.0, 36382.66666664528)	(50.0, 32828.66666661942)	(51.0, 28688.999999967153)	(52.0, 24655.666666648493)	(53.0, 20663.999999996347)	(54.0, 17126.00000000922)	(55.0, 13779.000000007181)	(56.0, 11014.000000002152)	(57.0, 8673.666666664561)	(58.0, 6780.66666666497)	(59.0, 5189.666666666417)	(60.0, 4015.3333333340415)	(61.0, 3080.66666666695)	(62.0, 2330.6666666666088)	(63.0, 1802.666666666536)	(64.0, 1394.3333333332955)	(65.0, 1084.333333333366)	(66.0, 857.3333333333609)	(67.0, 672.0000000000065)	(68.0, 540.3333333333248)	(69.0, 418.6666666666603)	(70.0, 314.66666666666623)	(71.0, 268.33333333333553)	(72.0, 204.00000000000142)	(73.0, 168.66666666666708)	(74.0, 137.99999999999955)	(75.0, 104.33333333333293)	(76.0, 88.66666666666649)	(77.0, 65.00000000000016)	(78.0, 53.333333333333435)	(79.0, 45.00000000000004)	(80.0, 36.66666666666665)	(81.0, 24.99999999999998)	(82.0, 19.999999999999996)	(83.0, 20.33333333333333)	(84.0, 14.666666666666675)	(85.0, 11.333333333333336)	(86.0, 7.9999999999999964)	(87.0, 5.999999999999998)	(88.0, 4.666666666666666)	(89.0, 3.0)	(90.0, 3.0)	(91.0, 4.333333333333333)	(92.0, 3.666666666666667)	(93.0, 3.0)	(94.0, 3.3333333333333335)	(95.0, 2.333333333333333)	(96.0, 2.333333333333333)	(97.0, 1.3333333333333333)	(98.0, 1.6666666666666665)	(99.0, 3.3333333333333335)	(100.0, 5.0)	(0.0, 31939.0)	(1.0, 16514.66666667811)	(2.0, 7704.9999999974625)	(3.0, 4064.6666666673973)	(4.0, 2302.666666666596)	(5.0, 1395.3333333332953)	(6.0, 989.3333333333759)	(7.0, 755.3333333333493)	(8.0, 609.9999999999994)	(9.0, 509.66666666665515)	(10.0, 434.9999999999927)	(11.0, 372.99999999999625)	(12.0, 326.99999999999886)	(13.0, 279.6666666666682)	(14.0, 245.0000000000026)	(15.0, 231.33333333333553)	(16.0, 236.66666666666902)	(17.0, 223.00000000000196)	(18.0, 229.33333333333547)	(19.0, 256.3333333333362)	(20.0, 343.33333333333127)	(21.0, 442.33333333332564)	(22.0, 532.6666666666573)	(23.0, 649.6666666666706)	(24.0, 769.6666666666843)	(25.0, 987.3333333333757)	(26.0, 1201.6666666666727)	(27.0, 1466.9999999999457)	(28.0, 1745.3333333332157)	(29.0, 2130.3333333331843)	(30.0, 2661.0000000000923)	(31.0, 3197.000000000336)	(32.0, 3987.0000000006953)	(33.0, 4938.666666666645)	(34.0, 6209.999999998822)	(35.0, 7980.9999999972115)	(36.0, 10609.666666668083)	(37.0, 13620.000000006892)	(38.0, 17268.333333342034)	(39.0, 21790.666666658915)	(40.0, 26657.66666664121)	(41.0, 31364.333333290753)	(42.0, 35808.33333330777)	(43.0, 39148.666666665406)	(44.0, 41736.3333333509)	(45.0, 43028.000000026965)	(46.0, 42957.66666669312)	(47.0, 41425.33333334864)	(48.0, 39144.33333333204)	(49.0, 36382.66666664528)	(50.0, 32828.66666661942)	(51.0, 28688.999999967153)	(52.0, 24655.666666648493)	(53.0, 20663.999999996347)	(54.0, 17126.00000000922)	(55.0, 13779.000000007181)	(56.0, 11014.000000002152)	(57.0, 8673.666666664561)	(58.0, 6780.66666666497)	(59.0, 5189.666666666417)	(60.0, 4015.3333333340415)	(61.0, 3080.66666666695)	(62.0, 2330.6666666666088)	(63.0, 1802.666666666536)	(64.0, 1394.3333333332955)	(65.0, 1084.333333333366)	(66.0, 857.3333333333609)	(67.0, 672.0000000000065)	(68.0, 540.3333333333248)	(69.0, 418.6666666666603)	(70.0, 314.66666666666623)	(71.0, 268.33333333333553)	(72.0, 204.00000000000142)	(73.0, 168.66666666666708)	(74.0, 137.99999999999955)	(75.0, 104.33333333333293)	(76.0, 88.66666666666649)	(77.0, 65.00000000000016)	(78.0, 53.333333333333435)	(79.0, 45.00000000000004)	(80.0, 36.66666666666665)	(81.0, 24.99999999999998)	(82.0, 19.999999999999996)	(83.0, 20.33333333333333)	(84.0, 14.666666666666675)	(85.0, 11.333333333333336)	(86.0, 7.9999999999999964)	(87.0, 5.999999999999998)	(88.0, 4.666666666666666)	(89.0, 3.0)	(90.0, 3.0)	(91.0, 4.333333333333333)	(92.0, 3.666666666666667)	(93.0, 3.0)	(94.0, 3.3333333333333335)	(95.0, 2.333333333333333)	(96.0, 2.333333333333333)	(97.0, 1.3333333333333333)	(98.0, 1.6666666666666665)	(99.0, 3.3333333333333335)	(100.0, 5.0)
SRR908446_2_paired	(0.0, 100882.0)	(1.0, 57829.16666666678)	(2.0, 8501.0)	(3.0, 857.5)	(4.0, 89.0)	(5.0, 23.0)	(6.0, 7.5)	(7.0, 1.5)	(8.0, 3.5)	(9.0, 7.5)	(10.0, 15.0)	(11.0, 18.833333333333336)	(12.0, 15.833333333333334)	(13.0, 15.5)	(14.0, 25.0)	(15.0, 38.333333333333336)	(16.0, 55.833333333333336)	(17.0, 91.0)	(18.0, 151.50000000000003)	(19.0, 253.50000000000003)	(20.0, 396.8333333333333)	(21.0, 590.9999999999998)	(22.0, 873.8333333333339)	(23.0, 1175.3333333333333)	(24.0, 1528.1666666666656)	(25.0, 2066.8333333333276)	(26.0, 2831.1666666666715)	(27.0, 3845.166666666689)	(28.0, 5075.999999999998)	(29.0, 6517.666666666602)	(30.0, 8179.999999999862)	(31.0, 10030.166666666679)	(32.0, 12123.000000000176)	(33.0, 14572.00000000042)	(34.0, 17129.33333333373)	(35.0, 19799.833333333285)	(36.0, 22505.499999999494)	(37.0, 25129.99999999897)	(38.0, 27737.999999998487)	(39.0, 29549.666666664856)	(40.0, 31018.166666664896)	(41.0, 32242.9999999982)	(42.0, 32615.33333333165)	(43.0, 32811.49999999856)	(44.0, 32800.66666666526)	(45.0, 32683.833333331957)	(46.0, 33132.83333333214)	(47.0, 33656.666666665566)	(48.0, 33655.66666666577)	(49.0, 33749.833333332586)	(50.0, 33328.999999999214)	(51.0, 32214.666666665984)	(52.0, 30453.99999999946)	(53.0, 28024.83333333293)	(54.0, 26007.333333333034)	(55.0, 24025.833333333176)	(56.0, 21812.66666666663)	(57.0, 19602.166666666675)	(58.0, 17593.166666666708)	(59.0, 15668.66666666672)	(60.0, 13726.166666666692)	(61.0, 11690.166666666675)	(62.0, 9685.166666666659)	(63.0, 7988.499999999992)	(64.0, 6577.666666666663)	(65.0, 5400.499999999999)	(66.0, 4261.000000000001)	(67.0, 3329.8333333333344)	(68.0, 2460.3333333333335)	(69.0, 1706.3333333333333)	(70.0, 1186.3333333333333)	(71.0, 836.3333333333334)	(72.0, 599.1666666666667)	(73.0, 449.66666666666663)	(74.0, 309.5)	(75.0, 189.5)	(76.0, 123.5)	(77.0, 86.5)	(78.0, 75.0)	(79.0, 71.0)	(80.0, 42.5)	(81.0, 18.5)	(82.0, 11.0)	(83.0, 8.5)	(84.0, 6.5)	(85.0, 5.5)	(86.0, 4.0)	(87.0, 2.0)	(88.0, 0.5)	(89.0, 0.5)	(90.0, 0.5)	(91.0, 0.0)	(92.0, 0.3333333333333333)	(93.0, 0.3333333333333333)	(94.0, 0.0)	(95.0, 0.0)	(96.0, 0.0)	(97.0, 0.0)	(98.0, 0.0)	(99.0, 0.0)	(100.0, 1.5)																																																																																																					
SRR908447_1	(0.0, 9778.5)	(1.0, 2128.3333333331834)	(2.0, 942.0000000000372)	(3.0, 608.9999999999993)	(4.0, 453.66666666665833)	(5.0, 347.33333333333104)	(6.0, 258.3333333333361)	(7.0, 187.00000000000094)	(8.0, 133.33333333333275)	(9.0, 103.66666666666627)	(10.0, 82.9999999999999)	(11.0, 79.33333333333329)	(12.0, 71.3333333333334)	(13.0, 53.0000000000001)	(14.0, 37.99999999999999)	(15.0, 43.333333333333364)	(16.0, 68.00000000000011)	(17.0, 91.66666666666644)	(18.0, 115.99999999999943)	(19.0, 134.33333333333277)	(20.0, 129.66666666666598)	(21.0, 121.99999999999935)	(22.0, 146.9999999999998)	(23.0, 164.33333333333363)	(24.0, 197.33333333333456)	(25.0, 240.66666666666913)	(26.0, 325.3333333333323)	(27.0, 458.99999999999136)	(28.0, 642.0000000000031)	(29.0, 918.6666666667012)	(30.0, 1321.9999999999786)	(31.0, 1891.3333333331825)	(32.0, 2753.000000000134)	(33.0, 3951.000000000679)	(34.0, 5430.333333332865)	(35.0, 7244.999999997881)	(36.0, 9339.666666665773)	(37.0, 11429.000000002907)	(38.0, 13484.000000006645)	(39.0, 15439.333333343535)	(40.0, 16827.000000010306)	(41.0, 17637.00000000736)	(42.0, 17592.333333340855)	(43.0, 17263.333333342052)	(44.0, 16647.666666677625)	(45.0, 15458.666666676903)	(46.0, 14484.666666675132)	(47.0, 13167.666666672736)	(48.0, 11839.000000003653)	(49.0, 10285.33333333416)	(50.0, 8843.66666666487)	(51.0, 7328.666666664471)	(52.0, 5914.333333332424)	(53.0, 4877.666666666701)	(54.0, 3894.66666666732)	(55.0, 3027.6666666669257)	(56.0, 2358.6666666666215)	(57.0, 1815.9999999998663)	(58.0, 1467.9999999999454)	(59.0, 1165.0000000000143)	(60.0, 880.3333333333635)	(61.0, 662.6666666666721)	(62.0, 528.6666666666569)	(63.0, 403.6666666666612)	(64.0, 311.9999999999997)	(65.0, 224.000000000002)	(66.0, 149.9999999999999)	(67.0, 128.9999999999993)	(68.0, 89.33333333333314)	(69.0, 54.33333333333344)	(70.0, 39.0)	(71.0, 29.99999999999996)	(72.0, 16.666666666666675)	(73.0, 17.66666666666667)	(74.0, 12.666666666666671)	(75.0, 8.33333333333333)	(76.0, 5.999999999999998)	(77.0, 3.0)	(78.0, 3.0)	(79.0, 3.0)	(80.0, 0.6666666666666666)	(81.0, 0.6666666666666666)	(82.0, 0.3333333333333333)	(83.0, 1.3333333333333333)	(84.0, 0.6666666666666666)	(85.0, 1.0)	(86.0, 0.3333333333333333)	(87.0, 0.0)	(88.0, 0.3333333333333333)	(89.0, 0.3333333333333333)	(90.0, 0.0)	(91.0, 0.0)	(92.0, 0.0)	(93.0, 0.0)	(94.0, 0.0)	(95.0, 0.0)	(96.0, 0.0)	(97.0, 0.0)	(98.0, 0.3333333333333333)	(99.0, 0.0)	(100.0, 0.0)	(0.0, 9778.5)	(1.0, 2128.3333333331834)	(2.0, 942.0000000000372)	(3.0, 608.9999999999993)	(4.0, 453.66666666665833)	(5.0, 347.33333333333104)	(6.0, 258.3333333333361)	(7.0, 187.00000000000094)	(8.0, 133.33333333333275)	(9.0, 103.66666666666627)	(10.0, 82.9999999999999)	(11.0, 79.33333333333329)	(12.0, 71.3333333333334)	(13.0, 53.0000000000001)	(14.0, 37.99999999999999)	(15.0, 43.333333333333364)	(16.0, 68.00000000000011)	(17.0, 91.66666666666644)	(18.0, 115.99999999999943)	(19.0, 134.33333333333277)	(20.0, 129.66666666666598)	(21.0, 121.99999999999935)	(22.0, 146.9999999999998)	(23.0, 164.33333333333363)	(24.0, 197.33333333333456)	(25.0, 240.66666666666913)	(26.0, 325.3333333333323)	(27.0, 458.99999999999136)	(28.0, 642.0000000000031)	(29.0, 918.6666666667012)	(30.0, 1321.9999999999786)	(31.0, 1891.3333333331825)	(32.0, 2753.000000000134)	(33.0, 3951.000000000679)	(34.0, 5430.333333332865)	(35.0, 7244.999999997881)	(36.0, 9339.666666665773)	(37.0, 11429.000000002907)	(38.0, 13484.000000006645)	(39.0, 15439.333333343535)	(40.0, 16827.000000010306)	(41.0, 17637.00000000736)	(42.0, 17592.333333340855)	(43.0, 17263.333333342052)	(44.0, 16647.666666677625)	(45.0, 15458.666666676903)	(46.0, 14484.666666675132)	(47.0, 13167.666666672736)	(48.0, 11839.000000003653)	(49.0, 10285.33333333416)	(50.0, 8843.66666666487)	(51.0, 7328.666666664471)	(52.0, 5914.333333332424)	(53.0, 4877.666666666701)	(54.0, 3894.66666666732)	(55.0, 3027.6666666669257)	(56.0, 2358.6666666666215)	(57.0, 1815.9999999998663)	(58.0, 1467.9999999999454)	(59.0, 1165.0000000000143)	(60.0, 880.3333333333635)	(61.0, 662.6666666666721)	(62.0, 528.6666666666569)	(63.0, 403.6666666666612)	(64.0, 311.9999999999997)	(65.0, 224.000000000002)	(66.0, 149.9999999999999)	(67.0, 128.9999999999993)	(68.0, 89.33333333333314)	(69.0, 54.33333333333344)	(70.0, 39.0)	(71.0, 29.99999999999996)	(72.0, 16.666666666666675)	(73.0, 17.66666666666667)	(74.0, 12.666666666666671)	(75.0, 8.33333333333333)	(76.0, 5.999999999999998)	(77.0, 3.0)	(78.0, 3.0)	(79.0, 3.0)	(80.0, 0.6666666666666666)	(81.0, 0.6666666666666666)	(82.0, 0.3333333333333333)	(83.0, 1.3333333333333333)	(84.0, 0.6666666666666666)	(85.0, 1.0)	(86.0, 0.3333333333333333)	(87.0, 0.0)	(88.0, 0.3333333333333333)	(89.0, 0.3333333333333333)	(90.0, 0.0)	(91.0, 0.0)	(92.0, 0.0)	(93.0, 0.0)	(94.0, 0.0)	(95.0, 0.0)	(96.0, 0.0)	(97.0, 0.0)	(98.0, 0.3333333333333333)	(99.0, 0.0)	(100.0, 0.0)
SRR908447_1_paired	(0.0, 23265.0)	(1.0, 12443.000000000005)	(2.0, 1411.5)	(3.0, 204.33333333333331)	(4.0, 87.33333333333333)	(5.0, 50.5)	(6.0, 21.5)	(7.0, 10.5)	(8.0, 7.0)	(9.0, 9.0)	(10.0, 7.0)	(11.0, 3.0)	(12.0, 2.0)	(13.0, 11.0)	(14.0, 23.5)	(15.0, 30.5)	(16.0, 49.333333333333336)	(17.0, 67.5)	(18.0, 90.16666666666667)	(19.0, 149.50000000000003)	(20.0, 230.16666666666666)	(21.0, 342.5)	(22.0, 495.9999999999997)	(23.0, 706.0)	(24.0, 1009.5000000000016)	(25.0, 1405.3333333333323)	(26.0, 1925.499999999995)	(27.0, 2644.5000000000027)	(28.0, 3461.000000000016)	(29.0, 4455.33333333335)	(30.0, 5546.333333333317)	(31.0, 6838.1666666665915)	(32.0, 8356.49999999987)	(33.0, 9904.500000000004)	(34.0, 11861.333333333512)	(35.0, 13574.166666667032)	(36.0, 15066.666666667206)	(37.0, 17044.000000000528)	(38.0, 18804.333333333507)	(39.0, 19978.9999999999)	(40.0, 20573.49999999977)	(41.0, 20700.16666666647)	(42.0, 20599.833333333176)	(43.0, 20392.833333333205)	(44.0, 20048.166666666613)	(45.0, 19759.50000000003)	(46.0, 19752.166666666657)	(47.0, 19529.333333333358)	(48.0, 19079.66666666677)	(49.0, 18522.833333333532)	(50.0, 17701.50000000033)	(51.0, 16797.833333333747)	(52.0, 15664.666666667068)	(53.0, 14139.333333333645)	(54.0, 12497.166666666859)	(55.0, 11518.166666666784)	(56.0, 10245.166666666699)	(57.0, 8680.16666666659)	(58.0, 7494.666666666585)	(59.0, 6416.499999999951)	(60.0, 5348.666666666658)	(61.0, 4324.833333333351)	(62.0, 3605.833333333351)	(63.0, 3019.500000000011)	(64.0, 2370.333333333332)	(65.0, 1842.1666666666633)	(66.0, 1374.9999999999998)	(67.0, 1037.833333333335)	(68.0, 767.8333333333339)	(69.0, 564.6666666666665)	(70.0, 409.49999999999983)	(71.0, 289.1666666666667)	(72.0, 195.83333333333331)	(73.0, 138.0)	(74.0, 107.33333333333333)	(75.0, 78.0)	(76.0, 52.333333333333336)	(77.0, 30.5)	(78.0, 15.0)	(79.0, 10.5)	(80.0, 7.5)	(81.0, 6.0)	(82.0, 3.0)	(83.0, 0.5)	(84.0, 0.0)	(85.0, 0.0)	(86.0, 0.0)	(87.0, 0.5)	(88.0, 0.5)	(89.0, 0.0)	(90.0, 0.0)	(91.0, 0.0)	(92.0, 0.0)	(93.0, 0.0)	(94.0, 0.0)	(95.0, 0.0)	(96.0, 0.0)	(97.0, 0.0)	(98.0, 0.0)	(99.0, 0.0)	(100.0, 0.0)																																																																																																					
SRR908447_2	(0.0, 8217.0)	(1.0, 3726.6666666672436)	(2.0, 1531.3333333332644)	(3.0, 788.6666666666864)	(4.0, 425.6666666666599)	(5.0, 261.66666666666924)	(6.0, 175.66666666666728)	(7.0, 135.66666666666615)	(8.0, 107.99999999999955)	(9.0, 91.66666666666644)	(10.0, 80.33333333333327)	(11.0, 70.00000000000009)	(12.0, 55.666666666666785)	(13.0, 43.6666666666667)	(14.0, 35.99999999999998)	(15.0, 35.99999999999998)	(16.0, 33.999999999999964)	(17.0, 30.333333333333293)	(18.0, 36.333333333333314)	(19.0, 36.999999999999986)	(20.0, 38.666666666666664)	(21.0, 42.33333333333336)	(22.0, 51.66666666666676)	(23.0, 68.33333333333344)	(24.0, 82.66666666666657)	(25.0, 112.66666666666615)	(26.0, 164.66666666666697)	(27.0, 215.33333333333508)	(28.0, 289.33333333333434)	(29.0, 398.99999999999477)	(30.0, 549.3333333333259)	(31.0, 782.3333333333524)	(32.0, 1083.3333333333662)	(33.0, 1545.6666666665944)	(34.0, 2184.333333333209)	(35.0, 2985.333333333573)	(36.0, 4052.666666667392)	(37.0, 5442.333333332854)	(38.0, 7100.999999998012)	(39.0, 8993.666666665144)	(40.0, 11029.00000000218)	(41.0, 12979.000000005726)	(42.0, 14824.66666667575)	(43.0, 16089.000000011383)	(44.0, 16921.333333343297)	(45.0, 17365.00000000835)	(46.0, 17369.666666675)	(47.0, 16899.66666667671)	(48.0, 16175.666666678208)	(49.0, 15305.666666676625)	(50.0, 13895.000000007392)	(51.0, 12363.666666671274)	(52.0, 10721.666666668287)	(53.0, 8960.666666665084)	(54.0, 7427.999999997714)	(55.0, 5951.333333332391)	(56.0, 4559.66666666699)	(57.0, 3542.66666666716)	(58.0, 2715.000000000117)	(59.0, 2129.333333333184)	(60.0, 1642.6666666665724)	(61.0, 1298.3333333333173)	(62.0, 1008.0000000000447)	(63.0, 799.6666666666877)	(64.0, 631.0000000000018)	(65.0, 515.6666666666554)	(66.0, 427.9999999999931)	(67.0, 337.3333333333316)	(68.0, 273.00000000000193)	(69.0, 226.66666666666873)	(70.0, 183.33333333333417)	(71.0, 140.33333333333294)	(72.0, 120.3333333333327)	(73.0, 100.33333333333299)	(74.0, 87.33333333333317)	(75.0, 62.00000000000016)	(76.0, 46.333333333333385)	(77.0, 34.666666666666636)	(78.0, 30.999999999999957)	(79.0, 26.333333333333307)	(80.0, 17.33333333333334)	(81.0, 12.000000000000004)	(82.0, 10.333333333333334)	(83.0, 4.999999999999999)	(84.0, 5.333333333333332)	(85.0, 4.333333333333333)	(86.0, 2.333333333333333)	(87.0, 2.6666666666666665)	(88.0, 1.3333333333333333)	(89.0, 1.0)	(90.0, 0.6666666666666666)	(91.0, 1.0)	(92.0, 1.9999999999999998)	(93.0, 1.3333333333333333)	(94.0, 0.0)	(95.0, 0.6666666666666666)	(96.0, 1.3333333333333333)	(97.0, 0.6666666666666666)	(98.0, 0.6666666666666666)	(99.0, 0.6666666666666666)	(100.0, 2.0)	(0.0, 8217.0)	(1.0, 3726.6666666672436)	(2.0, 1531.3333333332644)	(3.0, 788.6666666666864)	(4.0, 425.6666666666599)	(5.0, 261.66666666666924)	(6.0, 175.66666666666728)	(7.0, 135.66666666666615)	(8.0, 107.99999999999955)	(9.0, 91.66666666666644)	(10.0, 80.33333333333327)	(11.0, 70.00000000000009)	(12.0, 55.666666666666785)	(13.0, 43.6666666666667)	(14.0, 35.99999999999998)	(15.0, 35.99999999999998)	(16.0, 33.999999999999964)	(17.0, 30.333333333333293)	(18.0, 36.333333333333314)	(19.0, 36.999999999999986)	(20.0, 38.666666666666664)	(21.0, 42.33333333333336)	(22.0, 51.66666666666676)	(23.0, 68.33333333333344)	(24.0, 82.66666666666657)	(25.0, 112.66666666666615)	(26.0, 164.66666666666697)	(27.0, 215.33333333333508)	(28.0, 289.33333333333434)	(29.0, 398.99999999999477)	(30.0, 549.3333333333259)	(31.0, 782.3333333333524)	(32.0, 1083.3333333333662)	(33.0, 1545.6666666665944)	(34.0, 2184.333333333209)	(35.0, 2985.333333333573)	(36.0, 4052.666666667392)	(37.0, 5442.333333332854)	(38.0, 7100.999999998012)	(39.0, 8993.666666665144)	(40.0, 11029.00000000218)	(41.0, 12979.000000005726)	(42.0, 14824.66666667575)	(43.0, 16089.000000011383)	(44.0, 16921.333333343297)	(45.0, 17365.00000000835)	(46.0, 17369.666666675)	(47.0, 16899.66666667671)	(48.0, 16175.666666678208)	(49.0, 15305.666666676625)	(50.0, 13895.000000007392)	(51.0, 12363.666666671274)	(52.0, 10721.666666668287)	(53.0, 8960.666666665084)	(54.0, 7427.999999997714)	(55.0, 5951.333333332391)	(56.0, 4559.66666666699)	(57.0, 3542.66666666716)	(58.0, 2715.000000000117)	(59.0, 2129.333333333184)	(60.0, 1642.6666666665724)	(61.0, 1298.3333333333173)	(62.0, 1008.0000000000447)	(63.0, 799.6666666666877)	(64.0, 631.0000000000018)	(65.0, 515.6666666666554)	(66.0, 427.9999999999931)	(67.0, 337.3333333333316)	(68.0, 273.00000000000193)	(69.0, 226.66666666666873)	(70.0, 183.33333333333417)	(71.0, 140.33333333333294)	(72.0, 120.3333333333327)	(73.0, 100.33333333333299)	(74.0, 87.33333333333317)	(75.0, 62.00000000000016)	(76.0, 46.333333333333385)	(77.0, 34.666666666666636)	(78.0, 30.999999999999957)	(79.0, 26.333333333333307)	(80.0, 17.33333333333334)	(81.0, 12.000000000000004)	(82.0, 10.333333333333334)	(83.0, 4.999999999999999)	(84.0, 5.333333333333332)	(85.0, 4.333333333333333)	(86.0, 2.333333333333333)	(87.0, 2.6666666666666665)	(88.0, 1.3333333333333333)	(89.0, 1.0)	(90.0, 0.6666666666666666)	(91.0, 1.0)	(92.0, 1.9999999999999998)	(93.0, 1.3333333333333333)	(94.0, 0.0)	(95.0, 0.6666666666666666)	(96.0, 1.3333333333333333)	(97.0, 0.6666666666666666)	(98.0, 0.6666666666666666)	(99.0, 0.6666666666666666)	(100.0, 2.0)
SRR908447_2_paired	(0.0, 23653.5)	(1.0, 13409.333333333336)	(2.0, 1807.8333333333335)	(3.0, 166.0)	(4.0, 17.0)	(5.0, 7.5)	(6.0, 4.5)	(7.0, 2.0)	(8.0, 1.5)	(9.0, 3.5)	(10.0, 4.0)	(11.0, 3.0)	(12.0, 2.0)	(13.0, 7.0)	(14.0, 13.0)	(15.0, 18.0)	(16.0, 32.83333333333333)	(17.0, 54.5)	(18.0, 82.66666666666667)	(19.0, 132.5)	(20.0, 186.16666666666666)	(21.0, 260.50000000000006)	(22.0, 407.4999999999999)	(23.0, 591.6666666666665)	(24.0, 867.8333333333338)	(25.0, 1220.833333333334)	(26.0, 1676.1666666666645)	(27.0, 2341.499999999997)	(28.0, 3092.0000000000077)	(29.0, 3901.6666666666893)	(30.0, 4885.666666666671)	(31.0, 6115.166666666628)	(32.0, 7596.1666666665815)	(33.0, 9127.166666666617)	(34.0, 10832.166666666724)	(35.0, 12625.666666666857)	(36.0, 14382.666666667004)	(37.0, 16378.166666667159)	(38.0, 18335.333333333518)	(39.0, 19712.666666666606)	(40.0, 20349.49999999982)	(41.0, 20816.33333333313)	(42.0, 21230.16666666648)	(43.0, 20837.16666666653)	(44.0, 20238.999999999935)	(45.0, 20213.999999999913)	(46.0, 20261.833333333292)	(47.0, 20306.66666666668)	(48.0, 20250.333333333314)	(49.0, 19802.166666666675)	(50.0, 19019.166666666715)	(51.0, 18088.166666666748)	(52.0, 16929.000000000095)	(53.0, 15438.500000000131)	(54.0, 13949.000000000095)	(55.0, 12534.666666666717)	(56.0, 11205.500000000022)	(57.0, 9860.0)	(58.0, 8528.833333333325)	(59.0, 7493.166666666653)	(60.0, 6366.999999999994)	(61.0, 5275.166666666666)	(62.0, 4449.833333333334)	(63.0, 3701.8333333333353)	(64.0, 3004.500000000001)	(65.0, 2333.6666666666665)	(66.0, 1783.833333333333)	(67.0, 1392.6666666666667)	(68.0, 1073.1666666666667)	(69.0, 793.5)	(70.0, 550.0)	(71.0, 393.3333333333333)	(72.0, 302.5)	(73.0, 213.83333333333331)	(74.0, 152.83333333333331)	(75.0, 100.0)	(76.0, 60.5)	(77.0, 37.83333333333333)	(78.0, 24.833333333333336)	(79.0, 22.166666666666664)	(80.0, 21.333333333333336)	(81.0, 13.5)	(82.0, 5.5)	(83.0, 2.5)	(84.0, 1.0)	(85.0, 1.5)	(86.0, 1.5)	(87.0, 0.5)	(88.0, 0.0)	(89.0, 0.0)	(90.0, 0.0)	(91.0, 0.3333333333333333)	(92.0, 0.3333333333333333)	(93.0, 0.0)	(94.0, 0.0)	(95.0, 0.0)	(96.0, 0.3333333333333333)	(97.0, 0.3333333333333333)	(98.0, 0.3333333333333333)	(99.0, 0.5)	(100.0, 1.5)																																																																																																					
SRR908448_1	(0.0, 3807.5)	(1.0, 860.0000000000279)	(2.0, 309.99999999999983)	(3.0, 186.0000000000009)	(4.0, 118.99999999999939)	(5.0, 77.99999999999997)	(6.0, 59.33333333333348)	(7.0, 49.66666666666674)	(8.0, 32.66666666666662)	(9.0, 27.999999999999968)	(10.0, 26.333333333333307)	(11.0, 25.666666666666643)	(12.0, 16.333333333333343)	(13.0, 14.333333333333341)	(14.0, 16.00000000000001)	(15.0, 25.999999999999975)	(16.0, 130.33333333333266)	(17.0, 248.66666666666936)	(18.0, 293.6666666666674)	(19.0, 337.99999999999824)	(20.0, 367.99999999999653)	(21.0, 375.66666666666276)	(22.0, 379.99999999999585)	(23.0, 419.33333333332695)	(24.0, 468.9999999999908)	(25.0, 547.3333333333256)	(26.0, 628.0000000000015)	(27.0, 753.3333333333491)	(28.0, 920.6666666667014)	(29.0, 1188.000000000009)	(30.0, 1514.3333333332682)	(31.0, 1995.3333333331589)	(32.0, 2676.3333333334326)	(33.0, 3523.0000000004843)	(34.0, 4565.000000000318)	(35.0, 5754.33333333257)	(36.0, 7149.333333331301)	(37.0, 8503.999999997586)	(38.0, 9833.333333333338)	(39.0, 10944.000000002025)	(40.0, 11703.333333336739)	(41.0, 12131.000000004184)	(42.0, 11905.000000003773)	(43.0, 11207.333333335837)	(44.0, 10784.666666668401)	(45.0, 10092.000000000475)	(46.0, 9174.666666665473)	(47.0, 8186.333333330358)	(48.0, 7338.666666664462)	(49.0, 6510.666666665215)	(50.0, 5492.999999999474)	(51.0, 4560.333333333656)	(52.0, 3776.6666666672663)	(53.0, 3019.3333333335886)	(54.0, 2480.00000000001)	(55.0, 1912.3333333331777)	(56.0, 1489.333333333274)	(57.0, 1141.333333333353)	(58.0, 842.3333333333592)	(59.0, 658.0000000000049)	(60.0, 511.99999999998835)	(61.0, 388.3333333333287)	(62.0, 302.3333333333336)	(63.0, 204.00000000000142)	(64.0, 156.66666666666674)	(65.0, 102.66666666666629)	(66.0, 66.6666666666668)	(67.0, 45.666666666666714)	(68.0, 31.66666666666662)	(69.0, 20.999999999999993)	(70.0, 13.666666666666673)	(71.0, 14.000000000000007)	(72.0, 13.33333333333334)	(73.0, 8.33333333333333)	(74.0, 5.666666666666665)	(75.0, 4.999999999999999)	(76.0, 1.9999999999999998)	(77.0, 3.666666666666667)	(78.0, 1.0)	(79.0, 0.3333333333333333)	(80.0, 0.6666666666666666)	(81.0, 0.6666666666666666)	(82.0, 0.0)	(83.0, 0.3333333333333333)	(84.0, 0.3333333333333333)	(85.0, 0.6666666666666666)	(86.0, 1.6666666666666665)	(87.0, 0.3333333333333333)	(88.0, 0.0)	(89.0, 0.3333333333333333)	(90.0, 0.0)	(91.0, 0.0)	(92.0, 0.0)	(93.0, 0.3333333333333333)	(94.0, 0.0)	(95.0, 0.0)	(96.0, 0.0)	(97.0, 0.0)	(98.0, 0.0)	(99.0, 0.0)	(100.0, 0.0)	(0.0, 3807.5)	(1.0, 860.0000000000279)	(2.0, 309.99999999999983)	(3.0, 186.0000000000009)	(4.0, 118.99999999999939)	(5.0, 77.99999999999997)	(6.0, 59.33333333333348)	(7.0, 49.66666666666674)	(8.0, 32.66666666666662)	(9.0, 27.999999999999968)	(10.0, 26.333333333333307)	(11.0, 25.666666666666643)	(12.0, 16.333333333333343)	(13.0, 14.333333333333341)	(14.0, 16.00000000000001)	(15.0, 25.999999999999975)	(16.0, 130.33333333333266)	(17.0, 248.66666666666936)	(18.0, 293.6666666666674)	(19.0, 337.99999999999824)	(20.0, 367.99999999999653)	(21.0, 375.66666666666276)	(22.0, 379.99999999999585)	(23.0, 419.33333333332695)	(24.0, 468.9999999999908)	(25.0, 547.3333333333256)	(26.0, 628.0000000000015)	(27.0, 753.3333333333491)	(28.0, 920.6666666667014)	(29.0, 1188.000000000009)	(30.0, 1514.3333333332682)	(31.0, 1995.3333333331589)	(32.0, 2676.3333333334326)	(33.0, 3523.0000000004843)	(34.0, 4565.000000000318)	(35.0, 5754.33333333257)	(36.0, 7149.333333331301)	(37.0, 8503.999999997586)	(38.0, 9833.333333333338)	(39.0, 10944.000000002025)	(40.0, 11703.333333336739)	(41.0, 12131.000000004184)	(42.0, 11905.000000003773)	(43.0, 11207.333333335837)	(44.0, 10784.666666668401)	(45.0, 10092.000000000475)	(46.0, 9174.666666665473)	(47.0, 8186.333333330358)	(48.0, 7338.666666664462)	(49.0, 6510.666666665215)	(50.0, 5492.999999999474)	(51.0, 4560.333333333656)	(52.0, 3776.6666666672663)	(53.0, 3019.3333333335886)	(54.0, 2480.00000000001)	(55.0, 1912.3333333331777)	(56.0, 1489.333333333274)	(57.0, 1141.333333333353)	(58.0, 842.3333333333592)	(59.0, 658.0000000000049)	(60.0, 511.99999999998835)	(61.0, 388.3333333333287)	(62.0, 302.3333333333336)	(63.0, 204.00000000000142)	(64.0, 156.66666666666674)	(65.0, 102.66666666666629)	(66.0, 66.6666666666668)	(67.0, 45.666666666666714)	(68.0, 31.66666666666662)	(69.0, 20.999999999999993)	(70.0, 13.666666666666673)	(71.0, 14.000000000000007)	(72.0, 13.33333333333334)	(73.0, 8.33333333333333)	(74.0, 5.666666666666665)	(75.0, 4.999999999999999)	(76.0, 1.9999999999999998)	(77.0, 3.666666666666667)	(78.0, 1.0)	(79.0, 0.3333333333333333)	(80.0, 0.6666666666666666)	(81.0, 0.6666666666666666)	(82.0, 0.0)	(83.0, 0.3333333333333333)	(84.0, 0.3333333333333333)	(85.0, 0.6666666666666666)	(86.0, 1.6666666666666665)	(87.0, 0.3333333333333333)	(88.0, 0.0)	(89.0, 0.3333333333333333)	(90.0, 0.0)	(91.0, 0.0)	(92.0, 0.0)	(93.0, 0.3333333333333333)	(94.0, 0.0)	(95.0, 0.0)	(96.0, 0.0)	(97.0, 0.0)	(98.0, 0.0)	(99.0, 0.0)	(100.0, 0.0)
SRR908448_1_paired	(0.0, 8438.5)	(1.0, 4579.333333333337)	(2.0, 573.5)	(3.0, 103.33333333333334)	(4.0, 40.0)	(5.0, 24.0)	(6.0, 13.5)	(7.0, 7.0)	(8.0, 6.0)	(9.0, 4.5)	(10.0, 3.5)	(11.0, 7.0)	(12.0, 9.5)	(13.0, 10.5)	(14.0, 15.5)	(15.0, 25.5)	(16.0, 39.0)	(17.0, 58.0)	(18.0, 84.5)	(19.0, 110.83333333333333)	(20.0, 168.83333333333334)	(21.0, 257.3333333333334)	(22.0, 382.1666666666664)	(23.0, 557.1666666666663)	(24.0, 816.5000000000013)	(25.0, 1121.3333333333344)	(26.0, 1429.3333333333294)	(27.0, 1888.4999999999882)	(28.0, 2514.0000000000036)	(29.0, 3175.8333333333626)	(30.0, 3858.333333333397)	(31.0, 4639.833333333353)	(32.0, 5513.999999999958)	(33.0, 6486.166666666528)	(34.0, 7504.999999999758)	(35.0, 8450.499999999729)	(36.0, 9345.499999999882)	(37.0, 10113.000000000036)	(38.0, 10722.666666666824)	(39.0, 11170.500000000215)	(40.0, 11543.000000000275)	(41.0, 11549.333333333609)	(42.0, 11177.833333333572)	(43.0, 10673.166666666804)	(44.0, 10301.000000000033)	(45.0, 10106.000000000013)	(46.0, 9769.999999999998)	(47.0, 9540.333333333303)	(48.0, 9405.333333333272)	(49.0, 9002.499999999862)	(50.0, 8399.999999999814)	(51.0, 7749.999999999837)	(52.0, 7173.99999999987)	(53.0, 6483.333333333254)	(54.0, 5818.1666666666115)	(55.0, 5144.499999999997)	(56.0, 4471.500000000011)	(57.0, 3942.666666666698)	(58.0, 3518.5000000000186)	(59.0, 3053.666666666672)	(60.0, 2576.500000000001)	(61.0, 2082.666666666661)	(62.0, 1659.3333333333308)	(63.0, 1309.9999999999998)	(64.0, 1005.1666666666681)	(65.0, 773.0000000000005)	(66.0, 597.1666666666664)	(67.0, 441.1666666666666)	(68.0, 318.5)	(69.0, 228.83333333333334)	(70.0, 173.5)	(71.0, 129.50000000000003)	(72.0, 88.5)	(73.0, 48.5)	(74.0, 29.333333333333332)	(75.0, 23.833333333333332)	(76.0, 14.0)	(77.0, 5.0)	(78.0, 4.5)	(79.0, 2.0)	(80.0, 0.5)	(81.0, 2.0)	(82.0, 2.5)	(83.0, 1.0)	(84.0, 0.0)	(85.0, 0.0)	(86.0, 0.0)	(87.0, 0.0)	(88.0, 0.5)	(89.0, 0.5)	(90.0, 0.0)	(91.0, 0.0)	(92.0, 0.0)	(93.0, 0.0)	(94.0, 0.0)	(95.0, 0.0)	(96.0, 0.0)	(97.0, 0.0)	(98.0, 0.0)	(99.0, 0.0)	(100.0, 0.0)																																																																																																					
SRR908448_2	(0.0, 3318.5)	(1.0, 1443.6666666666176)	(2.0, 526.6666666666566)	(3.0, 245.33333333333593)	(4.0, 111.99999999999949)	(5.0, 55.33333333333345)	(6.0, 36.66666666666665)	(7.0, 30.666666666666625)	(8.0, 28.999999999999964)	(9.0, 17.66666666666667)	(10.0, 16.666666666666675)	(11.0, 11.000000000000002)	(12.0, 9.666666666666666)	(13.0, 7.666666666666663)	(14.0, 11.000000000000002)	(15.0, 12.000000000000004)	(16.0, 15.000000000000009)	(17.0, 18.000000000000004)	(18.0, 24.333333333333314)	(19.0, 33.33333333333329)	(20.0, 51.000000000000085)	(21.0, 79.33333333333329)	(22.0, 104.99999999999959)	(23.0, 148.66666666666652)	(24.0, 208.33333333333488)	(25.0, 255.3333333333362)	(26.0, 334.3333333333318)	(27.0, 442.33333333332564)	(28.0, 552.6666666666596)	(29.0, 725.0000000000125)	(30.0, 943.0000000000373)	(31.0, 1207.0000000000048)	(32.0, 1523.6666666665994)	(33.0, 1864.666666666522)	(34.0, 2486.0000000000127)	(35.0, 3166.3333333336554)	(36.0, 3926.0000000006676)	(37.0, 4989.333333333266)	(38.0, 6207.999999998824)	(39.0, 7527.9999999976235)	(40.0, 9021.33333333186)	(41.0, 10325.000000000899)	(42.0, 11332.666666669398)	(43.0, 11829.666666670302)	(44.0, 12270.000000004437)	(45.0, 12243.000000004387)	(46.0, 11808.000000003596)	(47.0, 11143.33333333572)	(48.0, 10290.666666667503)	(49.0, 9300.666666665702)	(50.0, 8226.333333330414)	(51.0, 7126.999999997988)	(52.0, 5883.666666665786)	(53.0, 4825.000000000082)	(54.0, 3871.333333333976)	(55.0, 3045.000000000267)	(56.0, 2366.9999999999586)	(57.0, 1837.666666666528)	(58.0, 1398.9999999999611)	(59.0, 1060.6666666667047)	(60.0, 775.0000000000182)	(61.0, 594.6666666666644)	(62.0, 469.3333333333241)	(63.0, 365.66666666666333)	(64.0, 287.33333333333445)	(65.0, 227.33333333333542)	(66.0, 177.00000000000065)	(67.0, 132.33333333333272)	(68.0, 113.66666666666613)	(69.0, 93.99999999999974)	(70.0, 78.99999999999996)	(71.0, 59.66666666666681)	(72.0, 49.00000000000007)	(73.0, 43.00000000000003)	(74.0, 30.999999999999957)	(75.0, 30.333333333333293)	(76.0, 24.99999999999998)	(77.0, 24.99999999999998)	(78.0, 18.333333333333336)	(79.0, 12.000000000000004)	(80.0, 9.333333333333332)	(81.0, 6.666666666666664)	(82.0, 5.999999999999998)	(83.0, 1.9999999999999998)	(84.0, 1.0)	(85.0, 2.6666666666666665)	(86.0, 1.0)	(87.0, 0.0)	(88.0, 1.3333333333333333)	(89.0, 1.6666666666666665)	(90.0, 1.3333333333333333)	(91.0, 0.3333333333333333)	(92.0, 0.0)	(93.0, 0.6666666666666666)	(94.0, 1.3333333333333333)	(95.0, 1.0)	(96.0, 0.6666666666666666)	(97.0, 0.3333333333333333)	(98.0, 0.3333333333333333)	(99.0, 0.3333333333333333)	(100.0, 0.0)	(0.0, 3318.5)	(1.0, 1443.6666666666176)	(2.0, 526.6666666666566)	(3.0, 245.33333333333593)	(4.0, 111.99999999999949)	(5.0, 55.33333333333345)	(6.0, 36.66666666666665)	(7.0, 30.666666666666625)	(8.0, 28.999999999999964)	(9.0, 17.66666666666667)	(10.0, 16.666666666666675)	(11.0, 11.000000000000002)	(12.0, 9.666666666666666)	(13.0, 7.666666666666663)	(14.0, 11.000000000000002)	(15.0, 12.000000000000004)	(16.0, 15.000000000000009)	(17.0, 18.000000000000004)	(18.0, 24.333333333333314)	(19.0, 33.33333333333329)	(20.0, 51.000000000000085)	(21.0, 79.33333333333329)	(22.0, 104.99999999999959)	(23.0, 148.66666666666652)	(24.0, 208.33333333333488)	(25.0, 255.3333333333362)	(26.0, 334.3333333333318)	(27.0, 442.33333333332564)	(28.0, 552.6666666666596)	(29.0, 725.0000000000125)	(30.0, 943.0000000000373)	(31.0, 1207.0000000000048)	(32.0, 1523.6666666665994)	(33.0, 1864.666666666522)	(34.0, 2486.0000000000127)	(35.0, 3166.3333333336554)	(36.0, 3926.0000000006676)	(37.0, 4989.333333333266)	(38.0, 6207.999999998824)	(39.0, 7527.9999999976235)	(40.0, 9021.33333333186)	(41.0, 10325.000000000899)	(42.0, 11332.666666669398)	(43.0, 11829.666666670302)	(44.0, 12270.000000004437)	(45.0, 12243.000000004387)	(46.0, 11808.000000003596)	(47.0, 11143.33333333572)	(48.0, 10290.666666667503)	(49.0, 9300.666666665702)	(50.0, 8226.333333330414)	(51.0, 7126.999999997988)	(52.0, 5883.666666665786)	(53.0, 4825.000000000082)	(54.0, 3871.333333333976)	(55.0, 3045.000000000267)	(56.0, 2366.9999999999586)	(57.0, 1837.666666666528)	(58.0, 1398.9999999999611)	(59.0, 1060.6666666667047)	(60.0, 775.0000000000182)	(61.0, 594.6666666666644)	(62.0, 469.3333333333241)	(63.0, 365.66666666666333)	(64.0, 287.33333333333445)	(65.0, 227.33333333333542)	(66.0, 177.00000000000065)	(67.0, 132.33333333333272)	(68.0, 113.66666666666613)	(69.0, 93.99999999999974)	(70.0, 78.99999999999996)	(71.0, 59.66666666666681)	(72.0, 49.00000000000007)	(73.0, 43.00000000000003)	(74.0, 30.999999999999957)	(75.0, 30.333333333333293)	(76.0, 24.99999999999998)	(77.0, 24.99999999999998)	(78.0, 18.333333333333336)	(79.0, 12.000000000000004)	(80.0, 9.333333333333332)	(81.0, 6.666666666666664)	(82.0, 5.999999999999998)	(83.0, 1.9999999999999998)	(84.0, 1.0)	(85.0, 2.6666666666666665)	(86.0, 1.0)	(87.0, 0.0)	(88.0, 1.3333333333333333)	(89.0, 1.6666666666666665)	(90.0, 1.3333333333333333)	(91.0, 0.3333333333333333)	(92.0, 0.0)	(93.0, 0.6666666666666666)	(94.0, 1.3333333333333333)	(95.0, 1.0)	(96.0, 0.6666666666666666)	(97.0, 0.3333333333333333)	(98.0, 0.3333333333333333)	(99.0, 0.3333333333333333)	(100.0, 0.0)
SRR908448_2_paired	(0.0, 8778.5)	(1.0, 4924.500000000001)	(2.0, 605.3333333333333)	(3.0, 47.0)	(4.0, 4.0)	(5.0, 1.5)	(6.0, 1.0)	(7.0, 1.0)	(8.0, 1.5)	(9.0, 1.0)	(10.0, 2.5)	(11.0, 6.833333333333334)	(12.0, 9.333333333333332)	(13.0, 11.0)	(14.0, 18.5)	(15.0, 25.0)	(16.0, 30.5)	(17.0, 48.5)	(18.0, 72.66666666666667)	(19.0, 106.5)	(20.0, 158.33333333333334)	(21.0, 238.8333333333334)	(22.0, 339.99999999999994)	(23.0, 460.99999999999966)	(24.0, 683.8333333333335)	(25.0, 982.833333333336)	(26.0, 1395.8333333333305)	(27.0, 1870.499999999989)	(28.0, 2367.5)	(29.0, 2953.0000000000177)	(30.0, 3605.666666666706)	(31.0, 4381.333333333375)	(32.0, 5330.833333333299)	(33.0, 6288.833333333239)	(34.0, 7341.833333333174)	(35.0, 8480.999999999833)	(36.0, 9408.499999999933)	(37.0, 10203.33333333337)	(38.0, 10866.000000000102)	(39.0, 11387.833333333509)	(40.0, 11716.333333333532)	(41.0, 11720.500000000193)	(42.0, 11549.166666666813)	(43.0, 10991.666666666755)	(44.0, 10397.833333333372)	(45.0, 10330.666666666699)	(46.0, 10347.833333333367)	(47.0, 10098.000000000011)	(48.0, 9793.5)	(49.0, 9482.33333333332)	(50.0, 9034.666666666613)	(51.0, 8456.833333333265)	(52.0, 7832.999999999941)	(53.0, 7258.333333333287)	(54.0, 6512.833333333307)	(55.0, 5651.666666666652)	(56.0, 5030.333333333331)	(57.0, 4553.666666666671)	(58.0, 4051.5000000000064)	(59.0, 3511.000000000004)	(60.0, 2990.5000000000014)	(61.0, 2478.666666666666)	(62.0, 2047.4999999999989)	(63.0, 1691.4999999999993)	(64.0, 1319.3333333333335)	(65.0, 1008.0000000000002)	(66.0, 757.0)	(67.0, 576.8333333333333)	(68.0, 447.3333333333333)	(69.0, 316.3333333333333)	(70.0, 227.83333333333331)	(71.0, 166.5)	(72.0, 112.5)	(73.0, 71.0)	(74.0, 46.5)	(75.0, 33.0)	(76.0, 21.5)	(77.0, 12.5)	(78.0, 10.0)	(79.0, 6.5)	(80.0, 3.5)	(81.0, 2.5)	(82.0, 1.5)	(83.0, 1.0)	(84.0, 0.0)	(85.0, 0.0)	(86.0, 0.0)	(87.0, 0.0)	(88.0, 0.0)	(89.0, 0.0)	(90.0, 0.0)	(91.0, 0.0)	(92.0, 0.0)	(93.0, 0.5)	(94.0, 0.5)	(95.0, 0.0)	(96.0, 0.0)	(97.0, 0.0)	(98.0, 0.3333333333333333)	(99.0, 0.3333333333333333)	(100.0, 0.0)																																																																																																					
SRR908449_1	(0.0, 43659.0)	(1.0, 12136.000000004193)	(2.0, 5895.333333332442)	(3.0, 3916.3333333339965)	(4.0, 2825.3333333335004)	(5.0, 2078.666666666494)	(6.0, 1526.6666666665988)	(7.0, 1199.3333333333399)	(8.0, 950.6666666667048)	(9.0, 769.6666666666843)	(10.0, 608.3333333333326)	(11.0, 473.3333333333239)	(12.0, 399.9999999999947)	(13.0, 354.99999999999727)	(14.0, 312.99999999999966)	(15.0, 416.3333333333271)	(16.0, 936.6666666667032)	(17.0, 1346.6666666666397)	(18.0, 1657.9999999999022)	(19.0, 1794.999999999871)	(20.0, 1848.9999999998588)	(21.0, 1868.666666666521)	(22.0, 1888.9999999998497)	(23.0, 1926.3333333331746)	(24.0, 2021.6666666664862)	(25.0, 2184.333333333209)	(26.0, 2309.3333333332657)	(27.0, 2585.0000000000578)	(28.0, 3041.3333333335986)	(29.0, 3601.3333333338533)	(30.0, 4342.333333333854)	(31.0, 5517.6666666661185)	(32.0, 6962.666666664804)	(33.0, 8737.333333331344)	(34.0, 10987.000000002103)	(35.0, 13380.666666673123)	(36.0, 15932.333333344432)	(37.0, 17893.00000000643)	(38.0, 19738.33333333305)	(39.0, 21322.99999999395)	(40.0, 22123.999999991036)	(41.0, 22275.999999990483)	(42.0, 21438.333333326864)	(43.0, 20510.666666663572)	(44.0, 19134.666666668578)	(45.0, 17467.000000007978)	(46.0, 15599.333333343826)	(47.0, 13838.333333340623)	(48.0, 12207.333333337656)	(49.0, 10650.00000000149)	(50.0, 8986.333333331797)	(51.0, 7646.333333330849)	(52.0, 6446.666666665274)	(53.0, 5432.999999999529)	(54.0, 4417.000000000453)	(55.0, 3550.33333333383)	(56.0, 2730.333333333457)	(57.0, 2188.9999999998777)	(58.0, 1842.9999999998602)	(59.0, 1478.6666666666097)	(60.0, 1155.0000000000166)	(61.0, 842.3333333333592)	(62.0, 661.666666666672)	(63.0, 514.3333333333219)	(64.0, 392.9999999999951)	(65.0, 308.33333333333326)	(66.0, 208.66666666666822)	(67.0, 118.66666666666606)	(68.0, 84.99999999999987)	(69.0, 69.0000000000001)	(70.0, 48.666666666666735)	(71.0, 28.666666666666632)	(72.0, 18.333333333333336)	(73.0, 17.33333333333334)	(74.0, 13.000000000000005)	(75.0, 6.666666666666664)	(76.0, 5.333333333333332)	(77.0, 3.0)	(78.0, 3.3333333333333335)	(79.0, 4.333333333333333)	(80.0, 1.6666666666666665)	(81.0, 1.0)	(82.0, 1.0)	(83.0, 0.3333333333333333)	(84.0, 1.3333333333333333)	(85.0, 0.0)	(86.0, 0.3333333333333333)	(87.0, 0.3333333333333333)	(88.0, 0.6666666666666666)	(89.0, 1.0)	(90.0, 1.0)	(91.0, 0.0)	(92.0, 0.0)	(93.0, 0.0)	(94.0, 0.0)	(95.0, 0.3333333333333333)	(96.0, 1.0)	(97.0, 0.3333333333333333)	(98.0, 0.0)	(99.0, 0.0)	(100.0, 0.0)	(0.0, 43659.0)	(1.0, 12136.000000004193)	(2.0, 5895.333333332442)	(3.0, 3916.3333333339965)	(4.0, 2825.3333333335004)	(5.0, 2078.666666666494)	(6.0, 1526.6666666665988)	(7.0, 1199.3333333333399)	(8.0, 950.6666666667048)	(9.0, 769.6666666666843)	(10.0, 608.3333333333326)	(11.0, 473.3333333333239)	(12.0, 399.9999999999947)	(13.0, 354.99999999999727)	(14.0, 312.99999999999966)	(15.0, 416.3333333333271)	(16.0, 936.6666666667032)	(17.0, 1346.6666666666397)	(18.0, 1657.9999999999022)	(19.0, 1794.999999999871)	(20.0, 1848.9999999998588)	(21.0, 1868.666666666521)	(22.0, 1888.9999999998497)	(23.0, 1926.3333333331746)	(24.0, 2021.6666666664862)	(25.0, 2184.333333333209)	(26.0, 2309.3333333332657)	(27.0, 2585.0000000000578)	(28.0, 3041.3333333335986)	(29.0, 3601.3333333338533)	(30.0, 4342.333333333854)	(31.0, 5517.6666666661185)	(32.0, 6962.666666664804)	(33.0, 8737.333333331344)	(34.0, 10987.000000002103)	(35.0, 13380.666666673123)	(36.0, 15932.333333344432)	(37.0, 17893.00000000643)	(38.0, 19738.33333333305)	(39.0, 21322.99999999395)	(40.0, 22123.999999991036)	(41.0, 22275.999999990483)	(42.0, 21438.333333326864)	(43.0, 20510.666666663572)	(44.0, 19134.666666668578)	(45.0, 17467.000000007978)	(46.0, 15599.333333343826)	(47.0, 13838.333333340623)	(48.0, 12207.333333337656)	(49.0, 10650.00000000149)	(50.0, 8986.333333331797)	(51.0, 7646.333333330849)	(52.0, 6446.666666665274)	(53.0, 5432.999999999529)	(54.0, 4417.000000000453)	(55.0, 3550.33333333383)	(56.0, 2730.333333333457)	(57.0, 2188.9999999998777)	(58.0, 1842.9999999998602)	(59.0, 1478.6666666666097)	(60.0, 1155.0000000000166)	(61.0, 842.3333333333592)	(62.0, 661.666666666672)	(63.0, 514.3333333333219)	(64.0, 392.9999999999951)	(65.0, 308.33333333333326)	(66.0, 208.66666666666822)	(67.0, 118.66666666666606)	(68.0, 84.99999999999987)	(69.0, 69.0000000000001)	(70.0, 48.666666666666735)	(71.0, 28.666666666666632)	(72.0, 18.333333333333336)	(73.0, 17.33333333333334)	(74.0, 13.000000000000005)	(75.0, 6.666666666666664)	(76.0, 5.333333333333332)	(77.0, 3.0)	(78.0, 3.3333333333333335)	(79.0, 4.333333333333333)	(80.0, 1.6666666666666665)	(81.0, 1.0)	(82.0, 1.0)	(83.0, 0.3333333333333333)	(84.0, 1.3333333333333333)	(85.0, 0.0)	(86.0, 0.3333333333333333)	(87.0, 0.3333333333333333)	(88.0, 0.6666666666666666)	(89.0, 1.0)	(90.0, 1.0)	(91.0, 0.0)	(92.0, 0.0)	(93.0, 0.0)	(94.0, 0.0)	(95.0, 0.3333333333333333)	(96.0, 1.0)	(97.0, 0.3333333333333333)	(98.0, 0.0)	(99.0, 0.0)	(100.0, 0.0)
SRR908449_1_paired	(0.0, 118933.0)	(1.0, 64855.83333333474)	(2.0, 7563.83333333332)	(3.0, 1269.1666666666665)	(4.0, 556.1666666666666)	(5.0, 363.8333333333333)	(6.0, 263.8333333333333)	(7.0, 180.5)	(8.0, 100.0)	(9.0, 52.5)	(10.0, 46.0)	(11.0, 32.5)	(12.0, 19.5)	(13.0, 15.5)	(14.0, 14.0)	(15.0, 21.0)	(16.0, 40.33333333333333)	(17.0, 49.5)	(18.0, 80.5)	(19.0, 138.16666666666666)	(20.0, 215.6666666666667)	(21.0, 284.6666666666667)	(22.0, 364.6666666666667)	(23.0, 487.4999999999997)	(24.0, 695.0000000000003)	(25.0, 959.3333333333353)	(26.0, 1167.1666666666665)	(27.0, 1478.999999999998)	(28.0, 1938.499999999994)	(29.0, 2633.6666666666683)	(30.0, 3341.833333333346)	(31.0, 3897.666666666695)	(32.0, 4520.33333333335)	(33.0, 5213.166666666657)	(34.0, 6079.999999999954)	(35.0, 7151.833333333231)	(36.0, 8222.999999999842)	(37.0, 9029.166666666591)	(38.0, 9505.3333333333)	(39.0, 9742.499999999975)	(40.0, 10059.500000000013)	(41.0, 10459.833333333394)	(42.0, 10463.833333333385)	(43.0, 10037.000000000005)	(44.0, 9918.833333333338)	(45.0, 10037.333333333354)	(46.0, 10608.833333333376)	(47.0, 10893.833333333405)	(48.0, 10866.66666666673)	(49.0, 10841.666666666713)	(50.0, 10587.000000000044)	(51.0, 10314.333333333361)	(52.0, 9994.166666666679)	(53.0, 9471.833333333307)	(54.0, 8843.66666666661)	(55.0, 8105.666666666591)	(56.0, 7480.999999999942)	(57.0, 7015.999999999945)	(58.0, 6243.333333333298)	(59.0, 5432.333333333326)	(60.0, 5027.499999999996)	(61.0, 4395.166666666677)	(62.0, 3634.5000000000127)	(63.0, 3146.333333333343)	(64.0, 2588.3333333333358)	(65.0, 2036.9999999999932)	(66.0, 1529.3333333333314)	(67.0, 1167.1666666666665)	(68.0, 949.0000000000006)	(69.0, 783.1666666666667)	(70.0, 614.6666666666667)	(71.0, 400.1666666666666)	(72.0, 270.50000000000006)	(73.0, 173.33333333333334)	(74.0, 105.0)	(75.0, 77.33333333333334)	(76.0, 45.33333333333333)	(77.0, 37.5)	(78.0, 34.5)	(79.0, 11.5)	(80.0, 6.0)	(81.0, 7.0)	(82.0, 4.0)	(83.0, 1.5)	(84.0, 0.0)	(85.0, 0.0)	(86.0, 0.5)	(87.0, 2.0)	(88.0, 2.5)	(89.0, 2.0)	(90.0, 1.0)	(91.0, 0.0)	(92.0, 0.0)	(93.0, 0.0)	(94.0, 0.0)	(95.0, 0.0)	(96.0, 0.0)	(97.0, 0.0)	(98.0, 0.0)	(99.0, 0.0)	(100.0, 0.0)																																																																																																					
SRR908449_2	(0.0, 36641.0)	(1.0, 20370.33333333075)	(2.0, 9263.999999998969)	(3.0, 4712.000000000185)	(4.0, 2563.0000000000477)	(5.0, 1559.9999999999245)	(6.0, 1079.3333333333671)	(7.0, 787.0000000000196)	(8.0, 636.3333333333358)	(9.0, 522.3333333333228)	(10.0, 431.6666666666596)	(11.0, 364.9999999999967)	(12.0, 295.333333333334)	(13.0, 279.6666666666682)	(14.0, 262.6666666666692)	(15.0, 241.33333333333582)	(16.0, 225.00000000000202)	(17.0, 219.66666666666853)	(18.0, 252.33333333333613)	(19.0, 285.00000000000125)	(20.0, 351.6666666666641)	(21.0, 424.66666666666)	(22.0, 539.9999999999915)	(23.0, 673.6666666666733)	(24.0, 801.6666666666879)	(25.0, 952.666666666705)	(26.0, 1127.000000000023)	(27.0, 1304.9999999999825)	(28.0, 1470.6666666666115)	(29.0, 1742.999999999883)	(30.0, 2044.666666666481)	(31.0, 2359.3333333332885)	(32.0, 2827.000000000168)	(33.0, 3384.3333333337546)	(34.0, 4250.000000000605)	(35.0, 5349.666666666271)	(36.0, 6755.33333333166)	(37.0, 8500.333333330913)	(38.0, 10941.000000002019)	(39.0, 13661.000000006967)	(40.0, 16800.000000010405)	(41.0, 19995.333333332113)	(42.0, 22774.666666655336)	(43.0, 24895.99999998095)	(44.0, 26030.66666664349)	(45.0, 26025.333333310176)	(46.0, 25120.999999980133)	(47.0, 23412.666666653015)	(48.0, 20952.666666661964)	(49.0, 18464.00000000435)	(50.0, 15874.333333344326)	(51.0, 13375.666666673114)	(52.0, 11196.333333335817)	(53.0, 9034.666666665218)	(54.0, 7309.999999997822)	(55.0, 5902.333333332435)	(56.0, 4630.000000000259)	(57.0, 3602.0000000005202)	(58.0, 2792.000000000152)	(59.0, 2197.333333333215)	(60.0, 1731.9999999998854)	(61.0, 1302.6666666666497)	(62.0, 1001.0000000000439)	(63.0, 788.333333333353)	(64.0, 618.6666666666671)	(65.0, 478.3333333333236)	(66.0, 411.99999999999403)	(67.0, 315.9999999999995)	(68.0, 233.66666666666893)	(69.0, 177.333333333334)	(70.0, 137.33333333333286)	(71.0, 96.33333333333304)	(72.0, 75.00000000000001)	(73.0, 67.33333333333346)	(74.0, 42.00000000000002)	(75.0, 37.99999999999999)	(76.0, 25.666666666666643)	(77.0, 20.66666666666666)	(78.0, 19.999999999999996)	(79.0, 13.33333333333334)	(80.0, 9.333333333333332)	(81.0, 7.33333333333333)	(82.0, 4.999999999999999)	(83.0, 4.666666666666666)	(84.0, 4.666666666666666)	(85.0, 4.0)	(86.0, 3.666666666666667)	(87.0, 1.9999999999999998)	(88.0, 4.0)	(89.0, 3.0)	(90.0, 2.6666666666666665)	(91.0, 1.9999999999999998)	(92.0, 1.0)	(93.0, 0.6666666666666666)	(94.0, 1.3333333333333333)	(95.0, 1.6666666666666665)	(96.0, 1.3333333333333333)	(97.0, 0.3333333333333333)	(98.0, 1.3333333333333333)	(99.0, 0.3333333333333333)	(100.0, 0.5)	(0.0, 36641.0)	(1.0, 20370.33333333075)	(2.0, 9263.999999998969)	(3.0, 4712.000000000185)	(4.0, 2563.0000000000477)	(5.0, 1559.9999999999245)	(6.0, 1079.3333333333671)	(7.0, 787.0000000000196)	(8.0, 636.3333333333358)	(9.0, 522.3333333333228)	(10.0, 431.6666666666596)	(11.0, 364.9999999999967)	(12.0, 295.333333333334)	(13.0, 279.6666666666682)	(14.0, 262.6666666666692)	(15.0, 241.33333333333582)	(16.0, 225.00000000000202)	(17.0, 219.66666666666853)	(18.0, 252.33333333333613)	(19.0, 285.00000000000125)	(20.0, 351.6666666666641)	(21.0, 424.66666666666)	(22.0, 539.9999999999915)	(23.0, 673.6666666666733)	(24.0, 801.6666666666879)	(25.0, 952.666666666705)	(26.0, 1127.000000000023)	(27.0, 1304.9999999999825)	(28.0, 1470.6666666666115)	(29.0, 1742.999999999883)	(30.0, 2044.666666666481)	(31.0, 2359.3333333332885)	(32.0, 2827.000000000168)	(33.0, 3384.3333333337546)	(34.0, 4250.000000000605)	(35.0, 5349.666666666271)	(36.0, 6755.33333333166)	(37.0, 8500.333333330913)	(38.0, 10941.000000002019)	(39.0, 13661.000000006967)	(40.0, 16800.000000010405)	(41.0, 19995.333333332113)	(42.0, 22774.666666655336)	(43.0, 24895.99999998095)	(44.0, 26030.66666664349)	(45.0, 26025.333333310176)	(46.0, 25120.999999980133)	(47.0, 23412.666666653015)	(48.0, 20952.666666661964)	(49.0, 18464.00000000435)	(50.0, 15874.333333344326)	(51.0, 13375.666666673114)	(52.0, 11196.333333335817)	(53.0, 9034.666666665218)	(54.0, 7309.999999997822)	(55.0, 5902.333333332435)	(56.0, 4630.000000000259)	(57.0, 3602.0000000005202)	(58.0, 2792.000000000152)	(59.0, 2197.333333333215)	(60.0, 1731.9999999998854)	(61.0, 1302.6666666666497)	(62.0, 1001.0000000000439)	(63.0, 788.333333333353)	(64.0, 618.6666666666671)	(65.0, 478.3333333333236)	(66.0, 411.99999999999403)	(67.0, 315.9999999999995)	(68.0, 233.66666666666893)	(69.0, 177.333333333334)	(70.0, 137.33333333333286)	(71.0, 96.33333333333304)	(72.0, 75.00000000000001)	(73.0, 67.33333333333346)	(74.0, 42.00000000000002)	(75.0, 37.99999999999999)	(76.0, 25.666666666666643)	(77.0, 20.66666666666666)	(78.0, 19.999999999999996)	(79.0, 13.33333333333334)	(80.0, 9.333333333333332)	(81.0, 7.33333333333333)	(82.0, 4.999999999999999)	(83.0, 4.666666666666666)	(84.0, 4.666666666666666)	(85.0, 4.0)	(86.0, 3.666666666666667)	(87.0, 1.9999999999999998)	(88.0, 4.0)	(89.0, 3.0)	(90.0, 2.6666666666666665)	(91.0, 1.9999999999999998)	(92.0, 1.0)	(93.0, 0.6666666666666666)	(94.0, 1.3333333333333333)	(95.0, 1.6666666666666665)	(96.0, 1.3333333333333333)	(97.0, 0.3333333333333333)	(98.0, 1.3333333333333333)	(99.0, 0.3333333333333333)	(100.0, 0.5)
SRR908449_2_paired	(0.0, 117224.5)	(1.0, 67986.16666666688)	(2.0, 10573.333333333332)	(3.0, 1119.5)	(4.0, 126.0)	(5.0, 30.5)	(6.0, 9.0)	(7.0, 6.5)	(8.0, 3.5)	(9.0, 2.0)	(10.0, 1.0)	(11.0, 2.0)	(12.0, 5.5)	(13.0, 10.0)	(14.0, 14.5)	(15.0, 19.5)	(16.0, 22.0)	(17.0, 40.5)	(18.0, 70.33333333333333)	(19.0, 110.33333333333331)	(20.0, 151.16666666666669)	(21.0, 235.6666666666667)	(22.0, 330.1666666666667)	(23.0, 438.9999999999998)	(24.0, 629.8333333333336)	(25.0, 862.1666666666677)	(26.0, 1125.0000000000011)	(27.0, 1436.1666666666652)	(28.0, 1796.8333333333296)	(29.0, 2382.6666666666633)	(30.0, 3094.1666666666765)	(31.0, 3564.3333333333503)	(32.0, 4166.333333333362)	(33.0, 5025.833333333335)	(34.0, 5860.833333333302)	(35.0, 6831.333333333257)	(36.0, 7854.666666666546)	(37.0, 8917.499999999942)	(38.0, 9711.500000000002)	(39.0, 9837.333333333338)	(40.0, 9831.66666666667)	(41.0, 10202.666666666677)	(42.0, 10502.166666666688)	(43.0, 10456.666666666699)	(44.0, 10216.166666666693)	(45.0, 10250.500000000033)	(46.0, 10745.66666666669)	(47.0, 10922.833333333352)	(48.0, 11169.833333333381)	(49.0, 11416.666666666702)	(50.0, 11211.333333333352)	(51.0, 11001.33333333335)	(52.0, 10730.833333333358)	(53.0, 10011.166666666666)	(54.0, 9232.166666666657)	(55.0, 8479.166666666653)	(56.0, 7884.666666666655)	(57.0, 7615.499999999987)	(58.0, 6841.999999999993)	(59.0, 6058.499999999996)	(60.0, 5657.166666666664)	(61.0, 4979.833333333331)	(62.0, 4272.5)	(63.0, 3550.1666666666674)	(64.0, 2884.9999999999995)	(65.0, 2367.3333333333335)	(66.0, 1832.833333333333)	(67.0, 1482.1666666666663)	(68.0, 1203.4999999999998)	(69.0, 962.1666666666667)	(70.0, 730.8333333333334)	(71.0, 510.5)	(72.0, 364.0)	(73.0, 255.0)	(74.0, 165.0)	(75.0, 99.5)	(76.0, 75.5)	(77.0, 57.5)	(78.0, 38.5)	(79.0, 26.5)	(80.0, 17.5)	(81.0, 11.0)	(82.0, 9.5)	(83.0, 10.0)	(84.0, 9.0)	(85.0, 6.5)	(86.0, 1.5)	(87.0, 1.0)	(88.0, 3.0)	(89.0, 3.0)	(90.0, 1.0)	(91.0, 0.0)	(92.0, 0.0)	(93.0, 0.0)	(94.0, 0.3333333333333333)	(95.0, 0.0)	(96.0, 0.0)	(97.0, 0.0)	(98.0, 0.0)	(99.0, 0.0)	(100.0, 0.0)																																																																																																					
SRR908450_1	(0.0, 8815.0)	(1.0, 1817.9999999998658)	(2.0, 621.6666666666674)	(3.0, 345.9999999999978)	(4.0, 235.33333333333564)	(5.0, 153.66666666666666)	(6.0, 105.66666666666625)	(7.0, 81.99999999999991)	(8.0, 66.6666666666668)	(9.0, 53.66666666666677)	(10.0, 43.6666666666667)	(11.0, 30.333333333333293)	(12.0, 29.333333333333297)	(13.0, 22.666666666666654)	(14.0, 25.33333333333331)	(15.0, 84.66666666666654)	(16.0, 210.66666666666828)	(17.0, 288.6666666666677)	(18.0, 348.333333333331)	(19.0, 362.9999999999968)	(20.0, 368.9999999999965)	(21.0, 371.666666666663)	(22.0, 407.66666666666094)	(23.0, 404.6666666666611)	(24.0, 440.9999999999924)	(25.0, 467.99999999999085)	(26.0, 518.6666666666557)	(27.0, 625.6666666666679)	(28.0, 723.666666666679)	(29.0, 861.3333333333613)	(30.0, 1084.333333333366)	(31.0, 1338.3333333333082)	(32.0, 1688.9999999998952)	(33.0, 2150.9999999998604)	(34.0, 2723.0000000001205)	(35.0, 3307.3333333337196)	(36.0, 3841.666666667296)	(37.0, 4334.6666666671945)	(38.0, 4802.000000000103)	(39.0, 5166.333333333105)	(40.0, 5322.666666666296)	(41.0, 5242.333333333036)	(42.0, 5153.66666666645)	(43.0, 4892.333333333354)	(44.0, 4595.666666666957)	(45.0, 4217.666666667301)	(46.0, 3788.3333333339383)	(47.0, 3376.6666666670844)	(48.0, 2910.6666666668725)	(49.0, 2498.000000000018)	(50.0, 2164.6666666665333)	(51.0, 1809.6666666665344)	(52.0, 1494.3333333332728)	(53.0, 1267.6666666666576)	(54.0, 1105.6666666666945)	(55.0, 933.0000000000362)	(56.0, 741.0000000000143)	(57.0, 638.333333333336)	(58.0, 519.9999999999892)	(59.0, 423.99999999999335)	(60.0, 337.6666666666649)	(61.0, 276.3333333333351)	(62.0, 228.0000000000021)	(63.0, 148.99999999999986)	(64.0, 127.99999999999926)	(65.0, 100.99999999999964)	(66.0, 73.33333333333337)	(67.0, 52.33333333333343)	(68.0, 32.66666666666662)	(69.0, 25.33333333333331)	(70.0, 18.333333333333336)	(71.0, 14.666666666666675)	(72.0, 8.33333333333333)	(73.0, 6.333333333333331)	(74.0, 5.666666666666665)	(75.0, 4.333333333333333)	(76.0, 1.6666666666666665)	(77.0, 0.6666666666666666)	(78.0, 0.6666666666666666)	(79.0, 0.3333333333333333)	(80.0, 0.0)	(81.0, 0.0)	(82.0, 0.0)	(83.0, 0.0)	(84.0, 0.0)	(85.0, 0.0)	(86.0, 0.0)	(87.0, 0.0)	(88.0, 0.0)	(89.0, 0.0)	(90.0, 0.0)	(91.0, 0.0)	(92.0, 0.0)	(93.0, 0.0)	(94.0, 0.0)	(95.0, 0.0)	(96.0, 0.0)	(97.0, 0.0)	(98.0, 0.0)	(99.0, 0.0)	(100.0, 0.0)	(0.0, 8815.0)	(1.0, 1817.9999999998658)	(2.0, 621.6666666666674)	(3.0, 345.9999999999978)	(4.0, 235.33333333333564)	(5.0, 153.66666666666666)	(6.0, 105.66666666666625)	(7.0, 81.99999999999991)	(8.0, 66.6666666666668)	(9.0, 53.66666666666677)	(10.0, 43.6666666666667)	(11.0, 30.333333333333293)	(12.0, 29.333333333333297)	(13.0, 22.666666666666654)	(14.0, 25.33333333333331)	(15.0, 84.66666666666654)	(16.0, 210.66666666666828)	(17.0, 288.6666666666677)	(18.0, 348.333333333331)	(19.0, 362.9999999999968)	(20.0, 368.9999999999965)	(21.0, 371.666666666663)	(22.0, 407.66666666666094)	(23.0, 404.6666666666611)	(24.0, 440.9999999999924)	(25.0, 467.99999999999085)	(26.0, 518.6666666666557)	(27.0, 625.6666666666679)	(28.0, 723.666666666679)	(29.0, 861.3333333333613)	(30.0, 1084.333333333366)	(31.0, 1338.3333333333082)	(32.0, 1688.9999999998952)	(33.0, 2150.9999999998604)	(34.0, 2723.0000000001205)	(35.0, 3307.3333333337196)	(36.0, 3841.666666667296)	(37.0, 4334.6666666671945)	(38.0, 4802.000000000103)	(39.0, 5166.333333333105)	(40.0, 5322.666666666296)	(41.0, 5242.333333333036)	(42.0, 5153.66666666645)	(43.0, 4892.333333333354)	(44.0, 4595.666666666957)	(45.0, 4217.666666667301)	(46.0, 3788.3333333339383)	(47.0, 3376.6666666670844)	(48.0, 2910.6666666668725)	(49.0, 2498.000000000018)	(50.0, 2164.6666666665333)	(51.0, 1809.6666666665344)	(52.0, 1494.3333333332728)	(53.0, 1267.6666666666576)	(54.0, 1105.6666666666945)	(55.0, 933.0000000000362)	(56.0, 741.0000000000143)	(57.0, 638.333333333336)	(58.0, 519.9999999999892)	(59.0, 423.99999999999335)	(60.0, 337.6666666666649)	(61.0, 276.3333333333351)	(62.0, 228.0000000000021)	(63.0, 148.99999999999986)	(64.0, 127.99999999999926)	(65.0, 100.99999999999964)	(66.0, 73.33333333333337)	(67.0, 52.33333333333343)	(68.0, 32.66666666666662)	(69.0, 25.33333333333331)	(70.0, 18.333333333333336)	(71.0, 14.666666666666675)	(72.0, 8.33333333333333)	(73.0, 6.333333333333331)	(74.0, 5.666666666666665)	(75.0, 4.333333333333333)	(76.0, 1.6666666666666665)	(77.0, 0.6666666666666666)	(78.0, 0.6666666666666666)	(79.0, 0.3333333333333333)	(80.0, 0.0)	(81.0, 0.0)	(82.0, 0.0)	(83.0, 0.0)	(84.0, 0.0)	(85.0, 0.0)	(86.0, 0.0)	(87.0, 0.0)	(88.0, 0.0)	(89.0, 0.0)	(90.0, 0.0)	(91.0, 0.0)	(92.0, 0.0)	(93.0, 0.0)	(94.0, 0.0)	(95.0, 0.0)	(96.0, 0.0)	(97.0, 0.0)	(98.0, 0.0)	(99.0, 0.0)	(100.0, 0.0)
SRR908450_1_paired	(0.0, 18765.5)	(1.0, 10071.833333333328)	(2.0, 1186.666666666667)	(3.0, 243.16666666666666)	(4.0, 92.33333333333333)	(5.0, 39.0)	(6.0, 14.0)	(7.0, 6.5)	(8.0, 7.5)	(9.0, 5.5)	(10.0, 3.0)	(11.0, 2.5)	(12.0, 2.5)	(13.0, 2.5)	(14.0, 3.0)	(15.0, 8.833333333333332)	(16.0, 14.833333333333334)	(17.0, 22.5)	(18.0, 26.833333333333336)	(19.0, 32.833333333333336)	(20.0, 50.166666666666664)	(21.0, 76.66666666666666)	(22.0, 99.83333333333333)	(23.0, 133.33333333333331)	(24.0, 195.33333333333343)	(25.0, 277.1666666666668)	(26.0, 364.16666666666663)	(27.0, 423.6666666666664)	(28.0, 550.1666666666662)	(29.0, 738.6666666666674)	(30.0, 925.1666666666691)	(31.0, 1105.6666666666695)	(32.0, 1276.833333333333)	(33.0, 1490.6666666666626)	(34.0, 1785.6666666666576)	(35.0, 2018.9999999999845)	(36.0, 2185.99999999999)	(37.0, 2348.1666666666624)	(38.0, 2519.000000000002)	(39.0, 2698.0000000000045)	(40.0, 2713.500000000006)	(41.0, 2763.6666666666724)	(42.0, 2908.6666666666765)	(43.0, 2876.500000000005)	(44.0, 2907.833333333345)	(45.0, 2913.000000000012)	(46.0, 2891.0000000000086)	(47.0, 2860.333333333341)	(48.0, 2840.666666666672)	(49.0, 2913.000000000008)	(50.0, 2948.500000000009)	(51.0, 2939.3333333333408)	(52.0, 2836.1666666666697)	(53.0, 2608.3333333333353)	(54.0, 2377.666666666665)	(55.0, 2233.666666666663)	(56.0, 2105.4999999999955)	(57.0, 1984.3333333333276)	(58.0, 1737.499999999996)	(59.0, 1474.4999999999977)	(60.0, 1333.9999999999998)	(61.0, 1238.8333333333337)	(62.0, 1111.8333333333342)	(63.0, 926.6666666666682)	(64.0, 752.5000000000008)	(65.0, 636.0000000000001)	(66.0, 531.1666666666663)	(67.0, 405.16666666666634)	(68.0, 311.6666666666667)	(69.0, 240.00000000000009)	(70.0, 183.00000000000006)	(71.0, 137.83333333333331)	(72.0, 98.0)	(73.0, 70.16666666666667)	(74.0, 50.33333333333333)	(75.0, 35.83333333333333)	(76.0, 23.0)	(77.0, 13.0)	(78.0, 9.0)	(79.0, 5.0)	(80.0, 2.5)	(81.0, 1.5)	(82.0, 1.0)	(83.0, 0.5)	(84.0, 0.0)	(85.0, 0.0)	(86.0, 0.5)	(87.0, 1.0)	(88.0, 0.5)	(89.0, 0.0)	(90.0, 0.0)	(91.0, 0.0)	(92.0, 0.0)	(93.0, 0.0)	(94.0, 0.0)	(95.0, 0.0)	(96.0, 0.0)	(97.0, 0.0)	(98.0, 0.0)	(99.0, 0.0)	(100.0, 0.0)																																																																																																					
SRR908450_2	(0.0, 7554.0)	(1.0, 3155.666666666984)	(2.0, 1150.6666666666843)	(3.0, 496.33333333332257)	(4.0, 215.33333333333508)	(5.0, 121.99999999999935)	(6.0, 77.33333333333331)	(7.0, 54.00000000000011)	(8.0, 40.33333333333334)	(9.0, 37.66666666666666)	(10.0, 24.99999999999998)	(11.0, 23.66666666666665)	(12.0, 20.66666666666666)	(13.0, 15.333333333333343)	(14.0, 14.666666666666675)	(15.0, 19.0)	(16.0, 14.666666666666675)	(17.0, 18.333333333333336)	(18.0, 32.99999999999996)	(19.0, 43.6666666666667)	(20.0, 57.333333333333464)	(21.0, 69.66666666666676)	(22.0, 112.66666666666615)	(23.0, 135.9999999999995)	(24.0, 152.99999999999997)	(25.0, 188.66666666666765)	(26.0, 247.00000000000264)	(27.0, 287.66666666666777)	(28.0, 313.6666666666663)	(29.0, 396.9999999999949)	(30.0, 489.6666666666563)	(31.0, 585.33333333333)	(32.0, 729.6666666666797)	(33.0, 873.3333333333627)	(34.0, 1062.333333333371)	(35.0, 1324.3333333333114)	(36.0, 1655.6666666665694)	(37.0, 2110.3333333331752)	(38.0, 2740.666666666795)	(39.0, 3408.000000000432)	(40.0, 4105.33333333407)	(41.0, 4806.666666666765)	(42.0, 5476.666666666156)	(43.0, 5891.666666665778)	(44.0, 6046.333333332304)	(45.0, 6036.3333333323135)	(46.0, 5954.666666665721)	(47.0, 5549.666666666089)	(48.0, 5001.999999999921)	(49.0, 4416.000000000454)	(50.0, 3786.000000000604)	(51.0, 3160.3333333336527)	(52.0, 2686.333333333437)	(53.0, 2203.666666666551)	(54.0, 1817.9999999998658)	(55.0, 1459.666666666614)	(56.0, 1211.6666666666704)	(57.0, 1004.0000000000442)	(58.0, 770.333333333351)	(59.0, 635.3333333333356)	(60.0, 481.66666666665674)	(61.0, 396.9999999999949)	(62.0, 307.0)	(63.0, 255.3333333333362)	(64.0, 209.66666666666825)	(65.0, 159.66666666666683)	(66.0, 123.66666666666599)	(67.0, 103.9999999999996)	(68.0, 85.99999999999986)	(69.0, 59.00000000000014)	(70.0, 51.000000000000085)	(71.0, 37.66666666666666)	(72.0, 29.66666666666663)	(73.0, 27.666666666666636)	(74.0, 16.666666666666675)	(75.0, 11.66666666666667)	(76.0, 10.333333333333334)	(77.0, 8.666666666666664)	(78.0, 6.666666666666664)	(79.0, 4.0)	(80.0, 1.9999999999999998)	(81.0, 2.333333333333333)	(82.0, 1.9999999999999998)	(83.0, 2.333333333333333)	(84.0, 2.6666666666666665)	(85.0, 0.6666666666666666)	(86.0, 1.0)	(87.0, 1.0)	(88.0, 0.6666666666666666)	(89.0, 0.3333333333333333)	(90.0, 0.6666666666666666)	(91.0, 0.6666666666666666)	(92.0, 1.0)	(93.0, 0.6666666666666666)	(94.0, 0.0)	(95.0, 0.0)	(96.0, 0.0)	(97.0, 0.6666666666666666)	(98.0, 0.3333333333333333)	(99.0, 0.3333333333333333)	(100.0, 1.5)	(0.0, 7554.0)	(1.0, 3155.666666666984)	(2.0, 1150.6666666666843)	(3.0, 496.33333333332257)	(4.0, 215.33333333333508)	(5.0, 121.99999999999935)	(6.0, 77.33333333333331)	(7.0, 54.00000000000011)	(8.0, 40.33333333333334)	(9.0, 37.66666666666666)	(10.0, 24.99999999999998)	(11.0, 23.66666666666665)	(12.0, 20.66666666666666)	(13.0, 15.333333333333343)	(14.0, 14.666666666666675)	(15.0, 19.0)	(16.0, 14.666666666666675)	(17.0, 18.333333333333336)	(18.0, 32.99999999999996)	(19.0, 43.6666666666667)	(20.0, 57.333333333333464)	(21.0, 69.66666666666676)	(22.0, 112.66666666666615)	(23.0, 135.9999999999995)	(24.0, 152.99999999999997)	(25.0, 188.66666666666765)	(26.0, 247.00000000000264)	(27.0, 287.66666666666777)	(28.0, 313.6666666666663)	(29.0, 396.9999999999949)	(30.0, 489.6666666666563)	(31.0, 585.33333333333)	(32.0, 729.6666666666797)	(33.0, 873.3333333333627)	(34.0, 1062.333333333371)	(35.0, 1324.3333333333114)	(36.0, 1655.6666666665694)	(37.0, 2110.3333333331752)	(38.0, 2740.666666666795)	(39.0, 3408.000000000432)	(40.0, 4105.33333333407)	(41.0, 4806.666666666765)	(42.0, 5476.666666666156)	(43.0, 5891.666666665778)	(44.0, 6046.333333332304)	(45.0, 6036.3333333323135)	(46.0, 5954.666666665721)	(47.0, 5549.666666666089)	(48.0, 5001.999999999921)	(49.0, 4416.000000000454)	(50.0, 3786.000000000604)	(51.0, 3160.3333333336527)	(52.0, 2686.333333333437)	(53.0, 2203.666666666551)	(54.0, 1817.9999999998658)	(55.0, 1459.666666666614)	(56.0, 1211.6666666666704)	(57.0, 1004.0000000000442)	(58.0, 770.333333333351)	(59.0, 635.3333333333356)	(60.0, 481.66666666665674)	(61.0, 396.9999999999949)	(62.0, 307.0)	(63.0, 255.3333333333362)	(64.0, 209.66666666666825)	(65.0, 159.66666666666683)	(66.0, 123.66666666666599)	(67.0, 103.9999999999996)	(68.0, 85.99999999999986)	(69.0, 59.00000000000014)	(70.0, 51.000000000000085)	(71.0, 37.66666666666666)	(72.0, 29.66666666666663)	(73.0, 27.666666666666636)	(74.0, 16.666666666666675)	(75.0, 11.66666666666667)	(76.0, 10.333333333333334)	(77.0, 8.666666666666664)	(78.0, 6.666666666666664)	(79.0, 4.0)	(80.0, 1.9999999999999998)	(81.0, 2.333333333333333)	(82.0, 1.9999999999999998)	(83.0, 2.333333333333333)	(84.0, 2.6666666666666665)	(85.0, 0.6666666666666666)	(86.0, 1.0)	(87.0, 1.0)	(88.0, 0.6666666666666666)	(89.0, 0.3333333333333333)	(90.0, 0.6666666666666666)	(91.0, 0.6666666666666666)	(92.0, 1.0)	(93.0, 0.6666666666666666)	(94.0, 0.0)	(95.0, 0.0)	(96.0, 0.0)	(97.0, 0.6666666666666666)	(98.0, 0.3333333333333333)	(99.0, 0.3333333333333333)	(100.0, 1.5)
SRR908450_2_paired	(0.0, 19716.5)	(1.0, 10947.166666666666)	(2.0, 1240.5)	(3.0, 100.5)	(4.0, 7.5)	(5.0, 3.5)	(6.0, 1.5)	(7.0, 1.0)	(8.0, 1.5)	(9.0, 2.0)	(10.0, 1.5)	(11.0, 0.0)	(12.0, 1.0)	(13.0, 1.5)	(14.0, 4.5)	(15.0, 7.5)	(16.0, 10.0)	(17.0, 16.833333333333336)	(18.0, 24.333333333333332)	(19.0, 29.666666666666664)	(20.0, 45.166666666666664)	(21.0, 63.833333333333336)	(22.0, 80.83333333333333)	(23.0, 117.8333333333333)	(24.0, 164.83333333333331)	(25.0, 235.66666666666677)	(26.0, 307.6666666666666)	(27.0, 401.83333333333314)	(28.0, 521.9999999999995)	(29.0, 653.5000000000005)	(30.0, 869.5000000000016)	(31.0, 1088.500000000002)	(32.0, 1232.1666666666665)	(33.0, 1431.1666666666645)	(34.0, 1703.833333333328)	(35.0, 1906.9999999999911)	(36.0, 2079.999999999991)	(37.0, 2386.166666666664)	(38.0, 2569.6666666666665)	(39.0, 2650.5000000000045)	(40.0, 2683.500000000003)	(41.0, 2755.500000000003)	(42.0, 2912.166666666673)	(43.0, 2970.166666666674)	(44.0, 3054.000000000009)	(45.0, 3035.5000000000077)	(46.0, 2997.500000000005)	(47.0, 3013.6666666666733)	(48.0, 2938.0000000000045)	(49.0, 2977.666666666669)	(50.0, 3092.5000000000023)	(51.0, 3112.833333333337)	(52.0, 2959.8333333333358)	(53.0, 2817.0000000000014)	(54.0, 2640.500000000002)	(55.0, 2372.6666666666665)	(56.0, 2221.6666666666656)	(57.0, 2051.499999999999)	(58.0, 1855.8333333333323)	(59.0, 1652.6666666666663)	(60.0, 1476.0)	(61.0, 1394.166666666667)	(62.0, 1244.8333333333335)	(63.0, 1062.3333333333333)	(64.0, 903.5000000000005)	(65.0, 744.3333333333334)	(66.0, 614.0)	(67.0, 500.83333333333337)	(68.0, 408.66666666666663)	(69.0, 313.5)	(70.0, 231.5)	(71.0, 172.5)	(72.0, 125.5)	(73.0, 91.0)	(74.0, 67.5)	(75.0, 41.5)	(76.0, 22.0)	(77.0, 17.5)	(78.0, 12.5)	(79.0, 5.5)	(80.0, 1.5)	(81.0, 3.5)	(82.0, 3.5)	(83.0, 1.0)	(84.0, 0.5)	(85.0, 0.5)	(86.0, 1.0)	(87.0, 2.0)	(88.0, 1.0)	(89.0, 0.0)	(90.0, 0.0)	(91.0, 0.0)	(92.0, 0.3333333333333333)	(93.0, 0.3333333333333333)	(94.0, 0.0)	(95.0, 0.0)	(96.0, 0.0)	(97.0, 0.0)	(98.0, 0.0)	(99.0, 0.0)	(100.0, 0.5)																																																																																																					
SRR908451_1	(0.0, 1575.5)	(1.0, 411.99999999999403)	(2.0, 233.3333333333356)	(3.0, 175.0000000000006)	(4.0, 143.99999999999972)	(5.0, 115.33333333333277)	(6.0, 97.66666666666636)	(7.0, 78.99999999999996)	(8.0, 74.33333333333336)	(9.0, 61.66666666666683)	(10.0, 61.000000000000156)	(11.0, 53.0000000000001)	(12.0, 47.66666666666673)	(13.0, 43.00000000000003)	(14.0, 46.00000000000005)	(15.0, 45.00000000000004)	(16.0, 64.3333333333335)	(17.0, 231.66666666666887)	(18.0, 508.3333333333219)	(19.0, 848.6666666666932)	(20.0, 1114.3333333333592)	(21.0, 1211.3333333333371)	(22.0, 1286.9999999999866)	(23.0, 1344.6666666666401)	(24.0, 1469.3333333332785)	(25.0, 1531.6666666665976)	(26.0, 1644.666666666572)	(27.0, 1714.666666666556)	(28.0, 1912.3333333331777)	(29.0, 2094.6666666665014)	(30.0, 2407.9999999999773)	(31.0, 2825.3333333335004)	(32.0, 3442.6666666671144)	(33.0, 4248.33333333394)	(34.0, 5322.999999999629)	(35.0, 6594.999999998472)	(36.0, 8047.6666666638175)	(37.0, 9817.999999999976)	(38.0, 11638.000000003287)	(39.0, 13385.000000006465)	(40.0, 14913.000000009244)	(41.0, 15913.333333344397)	(42.0, 16661.333333344242)	(43.0, 16695.33333334412)	(44.0, 16331.000000011823)	(45.0, 15387.666666676774)	(46.0, 14452.666666675073)	(47.0, 13091.333333339264)	(48.0, 11316.333333336035)	(49.0, 9958.000000000231)	(50.0, 8720.333333331313)	(51.0, 7406.3333333310675)	(52.0, 6248.333333332121)	(53.0, 5338.333333332948)	(54.0, 4462.333333333745)	(55.0, 3623.6666666671968)	(56.0, 3004.0000000002483)	(57.0, 2447.666666666662)	(58.0, 1975.6666666664967)	(59.0, 1648.3333333332378)	(60.0, 1399.3333333332944)	(61.0, 1066.6666666667033)	(62.0, 836.0000000000251)	(63.0, 658.6666666666716)	(64.0, 547.666666666659)	(65.0, 411.6666666666607)	(66.0, 293.6666666666674)	(67.0, 226.3333333333354)	(68.0, 156.3333333333334)	(69.0, 105.99999999999957)	(70.0, 76.33333333333333)	(71.0, 40.33333333333334)	(72.0, 34.666666666666636)	(73.0, 22.666666666666654)	(74.0, 12.333333333333337)	(75.0, 10.0)	(76.0, 7.666666666666663)	(77.0, 3.666666666666667)	(78.0, 3.0)	(79.0, 2.333333333333333)	(80.0, 3.0)	(81.0, 1.3333333333333333)	(82.0, 1.0)	(83.0, 1.0)	(84.0, 1.6666666666666665)	(85.0, 1.0)	(86.0, 0.3333333333333333)	(87.0, 1.0)	(88.0, 1.0)	(89.0, 0.6666666666666666)	(90.0, 0.0)	(91.0, 0.3333333333333333)	(92.0, 1.0)	(93.0, 1.0)	(94.0, 0.3333333333333333)	(95.0, 0.0)	(96.0, 0.0)	(97.0, 0.0)	(98.0, 0.0)	(99.0, 0.3333333333333333)	(100.0, 0.0)	(0.0, 1575.5)	(1.0, 411.99999999999403)	(2.0, 233.3333333333356)	(3.0, 175.0000000000006)	(4.0, 143.99999999999972)	(5.0, 115.33333333333277)	(6.0, 97.66666666666636)	(7.0, 78.99999999999996)	(8.0, 74.33333333333336)	(9.0, 61.66666666666683)	(10.0, 61.000000000000156)	(11.0, 53.0000000000001)	(12.0, 47.66666666666673)	(13.0, 43.00000000000003)	(14.0, 46.00000000000005)	(15.0, 45.00000000000004)	(16.0, 64.3333333333335)	(17.0, 231.66666666666887)	(18.0, 508.3333333333219)	(19.0, 848.6666666666932)	(20.0, 1114.3333333333592)	(21.0, 1211.3333333333371)	(22.0, 1286.9999999999866)	(23.0, 1344.6666666666401)	(24.0, 1469.3333333332785)	(25.0, 1531.6666666665976)	(26.0, 1644.666666666572)	(27.0, 1714.666666666556)	(28.0, 1912.3333333331777)	(29.0, 2094.6666666665014)	(30.0, 2407.9999999999773)	(31.0, 2825.3333333335004)	(32.0, 3442.6666666671144)	(33.0, 4248.33333333394)	(34.0, 5322.999999999629)	(35.0, 6594.999999998472)	(36.0, 8047.6666666638175)	(37.0, 9817.999999999976)	(38.0, 11638.000000003287)	(39.0, 13385.000000006465)	(40.0, 14913.000000009244)	(41.0, 15913.333333344397)	(42.0, 16661.333333344242)	(43.0, 16695.33333334412)	(44.0, 16331.000000011823)	(45.0, 15387.666666676774)	(46.0, 14452.666666675073)	(47.0, 13091.333333339264)	(48.0, 11316.333333336035)	(49.0, 9958.000000000231)	(50.0, 8720.333333331313)	(51.0, 7406.3333333310675)	(52.0, 6248.333333332121)	(53.0, 5338.333333332948)	(54.0, 4462.333333333745)	(55.0, 3623.6666666671968)	(56.0, 3004.0000000002483)	(57.0, 2447.666666666662)	(58.0, 1975.6666666664967)	(59.0, 1648.3333333332378)	(60.0, 1399.3333333332944)	(61.0, 1066.6666666667033)	(62.0, 836.0000000000251)	(63.0, 658.6666666666716)	(64.0, 547.666666666659)	(65.0, 411.6666666666607)	(66.0, 293.6666666666674)	(67.0, 226.3333333333354)	(68.0, 156.3333333333334)	(69.0, 105.99999999999957)	(70.0, 76.33333333333333)	(71.0, 40.33333333333334)	(72.0, 34.666666666666636)	(73.0, 22.666666666666654)	(74.0, 12.333333333333337)	(75.0, 10.0)	(76.0, 7.666666666666663)	(77.0, 3.666666666666667)	(78.0, 3.0)	(79.0, 2.333333333333333)	(80.0, 3.0)	(81.0, 1.3333333333333333)	(82.0, 1.0)	(83.0, 1.0)	(84.0, 1.6666666666666665)	(85.0, 1.0)	(86.0, 0.3333333333333333)	(87.0, 1.0)	(88.0, 1.0)	(89.0, 0.6666666666666666)	(90.0, 0.0)	(91.0, 0.3333333333333333)	(92.0, 1.0)	(93.0, 1.0)	(94.0, 0.3333333333333333)	(95.0, 0.0)	(96.0, 0.0)	(97.0, 0.0)	(98.0, 0.0)	(99.0, 0.3333333333333333)	(100.0, 0.0)
SRR908451_1_paired	(0.0, 5050.5)	(1.0, 2668.833333333333)	(2.0, 260.3333333333333)	(3.0, 94.0)	(4.0, 68.5)	(5.0, 47.0)	(6.0, 36.0)	(7.0, 34.0)	(8.0, 21.5)	(9.0, 12.0)	(10.0, 4.5)	(11.0, 1.0)	(12.0, 2.0)	(13.0, 4.0)	(14.0, 10.0)	(15.0, 16.5)	(16.0, 13.5)	(17.0, 13.5)	(18.0, 33.0)	(19.0, 52.83333333333334)	(20.0, 65.66666666666667)	(21.0, 129.83333333333331)	(22.0, 217.3333333333334)	(23.0, 268.66666666666686)	(24.0, 306.6666666666667)	(25.0, 395.9999999999998)	(26.0, 523.166666666666)	(27.0, 677.166666666667)	(28.0, 927.8333333333346)	(29.0, 1176.5000000000002)	(30.0, 1298.8333333333335)	(31.0, 1569.9999999999961)	(32.0, 1877.8333333333244)	(33.0, 2160.3333333333235)	(34.0, 2439.4999999999977)	(35.0, 2698.666666666673)	(36.0, 3090.666666666686)	(37.0, 3439.5000000000296)	(38.0, 3655.0000000000377)	(39.0, 3777.666666666714)	(40.0, 4015.50000000006)	(41.0, 4352.166666666694)	(42.0, 4524.333333333354)	(43.0, 4508.333333333357)	(44.0, 4469.666666666682)	(45.0, 4501.500000000016)	(46.0, 4691.833333333347)	(47.0, 4678.0000000000155)	(48.0, 4743.000000000014)	(49.0, 5003.666666666665)	(50.0, 5237.666666666656)	(51.0, 5481.9999999999845)	(52.0, 5064.499999999994)	(53.0, 4396.666666666691)	(54.0, 4143.333333333373)	(55.0, 3998.833333333369)	(56.0, 3633.3333333333603)	(57.0, 3373.1666666666893)	(58.0, 3240.8333333333476)	(59.0, 3022.666666666682)	(60.0, 2733.6666666666797)	(61.0, 2481.6666666666692)	(62.0, 2173.499999999994)	(63.0, 1922.9999999999932)	(64.0, 1744.499999999996)	(65.0, 1496.4999999999984)	(66.0, 1238.666666666666)	(67.0, 1004.6666666666686)	(68.0, 834.0000000000008)	(69.0, 683.8333333333337)	(70.0, 497.33333333333314)	(71.0, 338.6666666666667)	(72.0, 235.00000000000006)	(73.0, 175.66666666666669)	(74.0, 141.83333333333334)	(75.0, 117.33333333333334)	(76.0, 73.0)	(77.0, 30.5)	(78.0, 21.5)	(79.0, 29.5)	(80.0, 26.5)	(81.0, 14.5)	(82.0, 7.5)	(83.0, 5.5)	(84.0, 6.5)	(85.0, 2.5)	(86.0, 0.0)	(87.0, 0.0)	(88.0, 0.0)	(89.0, 0.0)	(90.0, 0.0)	(91.0, 0.0)	(92.0, 0.0)	(93.0, 0.0)	(94.0, 0.0)	(95.0, 0.0)	(96.0, 0.0)	(97.0, 0.0)	(98.0, 0.0)	(99.0, 0.0)	(100.0, 0.0)																																																																																																					
SRR908451_2	(0.0, 1504.5)	(1.0, 846.3333333333596)	(2.0, 407.33333333332763)	(3.0, 207.0000000000015)	(4.0, 112.33333333333282)	(5.0, 70.33333333333341)	(6.0, 56.00000000000012)	(7.0, 45.33333333333338)	(8.0, 30.999999999999957)	(9.0, 29.66666666666663)	(10.0, 25.999999999999975)	(11.0, 19.666666666666664)	(12.0, 21.99999999999999)	(13.0, 17.66666666666667)	(14.0, 22.666666666666654)	(15.0, 19.999999999999996)	(16.0, 21.333333333333325)	(17.0, 31.999999999999954)	(18.0, 44.66666666666671)	(19.0, 68.66666666666677)	(20.0, 113.66666666666613)	(21.0, 150.33333333333323)	(22.0, 199.33333333333462)	(23.0, 283.666666666668)	(24.0, 383.9999999999956)	(25.0, 483.99999999998994)	(26.0, 601.9999999999985)	(27.0, 741.0000000000143)	(28.0, 893.0000000000316)	(29.0, 1095.3333333333635)	(30.0, 1245.999999999996)	(31.0, 1439.3333333332853)	(32.0, 1710.9999999998902)	(33.0, 1975.6666666664967)	(34.0, 2383.9999999999663)	(35.0, 2878.000000000191)	(36.0, 3530.6666666671545)	(37.0, 4292.666666667233)	(38.0, 5338.333333332948)	(39.0, 6584.666666665148)	(40.0, 8334.333333330611)	(41.0, 10314.333333334213)	(42.0, 12521.333333338227)	(43.0, 15041.33333334281)	(44.0, 17280.00000000866)	(45.0, 19150.000000001855)	(46.0, 20512.999999996897)	(47.0, 20797.99999999586)	(48.0, 20003.666666665416)	(49.0, 18419.000000004515)	(50.0, 16318.333333345134)	(51.0, 13850.666666673978)	(52.0, 11364.666666669456)	(53.0, 9036.999999998556)	(54.0, 7099.66666666468)	(55.0, 5437.666666666191)	(56.0, 4118.333333334058)	(57.0, 3184.00000000033)	(58.0, 2453.333333333331)	(59.0, 1914.3333333331773)	(60.0, 1413.9999999999577)	(61.0, 1092.6666666666974)	(62.0, 847.0000000000264)	(63.0, 645.0000000000034)	(64.0, 515.9999999999887)	(65.0, 426.66666666665986)	(66.0, 334.3333333333318)	(67.0, 263.66666666666913)	(68.0, 210.66666666666828)	(69.0, 169.00000000000043)	(70.0, 128.3333333333326)	(71.0, 95.33333333333306)	(72.0, 73.33333333333337)	(73.0, 61.66666666666683)	(74.0, 46.66666666666672)	(75.0, 33.66666666666663)	(76.0, 26.333333333333307)	(77.0, 19.0)	(78.0, 17.66666666666667)	(79.0, 13.33333333333334)	(80.0, 10.666666666666668)	(81.0, 6.333333333333331)	(82.0, 4.333333333333333)	(83.0, 7.33333333333333)	(84.0, 4.0)	(85.0, 4.666666666666666)	(86.0, 3.3333333333333335)	(87.0, 1.6666666666666665)	(88.0, 3.3333333333333335)	(89.0, 3.0)	(90.0, 1.3333333333333333)	(91.0, 1.0)	(92.0, 1.9999999999999998)	(93.0, 1.0)	(94.0, 1.3333333333333333)	(95.0, 1.3333333333333333)	(96.0, 0.6666666666666666)	(97.0, 0.3333333333333333)	(98.0, 1.6666666666666665)	(99.0, 1.3333333333333333)	(100.0, 1.0)	(0.0, 1504.5)	(1.0, 846.3333333333596)	(2.0, 407.33333333332763)	(3.0, 207.0000000000015)	(4.0, 112.33333333333282)	(5.0, 70.33333333333341)	(6.0, 56.00000000000012)	(7.0, 45.33333333333338)	(8.0, 30.999999999999957)	(9.0, 29.66666666666663)	(10.0, 25.999999999999975)	(11.0, 19.666666666666664)	(12.0, 21.99999999999999)	(13.0, 17.66666666666667)	(14.0, 22.666666666666654)	(15.0, 19.999999999999996)	(16.0, 21.333333333333325)	(17.0, 31.999999999999954)	(18.0, 44.66666666666671)	(19.0, 68.66666666666677)	(20.0, 113.66666666666613)	(21.0, 150.33333333333323)	(22.0, 199.33333333333462)	(23.0, 283.666666666668)	(24.0, 383.9999999999956)	(25.0, 483.99999999998994)	(26.0, 601.9999999999985)	(27.0, 741.0000000000143)	(28.0, 893.0000000000316)	(29.0, 1095.3333333333635)	(30.0, 1245.999999999996)	(31.0, 1439.3333333332853)	(32.0, 1710.9999999998902)	(33.0, 1975.6666666664967)	(34.0, 2383.9999999999663)	(35.0, 2878.000000000191)	(36.0, 3530.6666666671545)	(37.0, 4292.666666667233)	(38.0, 5338.333333332948)	(39.0, 6584.666666665148)	(40.0, 8334.333333330611)	(41.0, 10314.333333334213)	(42.0, 12521.333333338227)	(43.0, 15041.33333334281)	(44.0, 17280.00000000866)	(45.0, 19150.000000001855)	(46.0, 20512.999999996897)	(47.0, 20797.99999999586)	(48.0, 20003.666666665416)	(49.0, 18419.000000004515)	(50.0, 16318.333333345134)	(51.0, 13850.666666673978)	(52.0, 11364.666666669456)	(53.0, 9036.999999998556)	(54.0, 7099.66666666468)	(55.0, 5437.666666666191)	(56.0, 4118.333333334058)	(57.0, 3184.00000000033)	(58.0, 2453.333333333331)	(59.0, 1914.3333333331773)	(60.0, 1413.9999999999577)	(61.0, 1092.6666666666974)	(62.0, 847.0000000000264)	(63.0, 645.0000000000034)	(64.0, 515.9999999999887)	(65.0, 426.66666666665986)	(66.0, 334.3333333333318)	(67.0, 263.66666666666913)	(68.0, 210.66666666666828)	(69.0, 169.00000000000043)	(70.0, 128.3333333333326)	(71.0, 95.33333333333306)	(72.0, 73.33333333333337)	(73.0, 61.66666666666683)	(74.0, 46.66666666666672)	(75.0, 33.66666666666663)	(76.0, 26.333333333333307)	(77.0, 19.0)	(78.0, 17.66666666666667)	(79.0, 13.33333333333334)	(80.0, 10.666666666666668)	(81.0, 6.333333333333331)	(82.0, 4.333333333333333)	(83.0, 7.33333333333333)	(84.0, 4.0)	(85.0, 4.666666666666666)	(86.0, 3.3333333333333335)	(87.0, 1.6666666666666665)	(88.0, 3.3333333333333335)	(89.0, 3.0)	(90.0, 1.3333333333333333)	(91.0, 1.0)	(92.0, 1.9999999999999998)	(93.0, 1.0)	(94.0, 1.3333333333333333)	(95.0, 1.3333333333333333)	(96.0, 0.6666666666666666)	(97.0, 0.3333333333333333)	(98.0, 1.6666666666666665)	(99.0, 1.3333333333333333)	(100.0, 1.0)
SRR908451_2_paired	(0.0, 5013.0)	(1.0, 2886.1666666666665)	(2.0, 429.5)	(3.0, 43.0)	(4.0, 6.0)	(5.0, 3.0)	(6.0, 2.5)	(7.0, 2.0)	(8.0, 1.5)	(9.0, 2.0)	(10.0, 3.5)	(11.0, 4.0)	(12.0, 5.5)	(13.0, 4.5)	(14.0, 5.0)	(15.0, 4.5)	(16.0, 4.5)	(17.0, 7.0)	(18.0, 6.0)	(19.0, 20.166666666666664)	(20.0, 47.0)	(21.0, 75.33333333333333)	(22.0, 122.66666666666666)	(23.0, 194.33333333333334)	(24.0, 288.83333333333337)	(25.0, 381.1666666666664)	(26.0, 450.66666666666634)	(27.0, 558.9999999999999)	(28.0, 780.6666666666673)	(29.0, 1107.6666666666674)	(30.0, 1252.666666666667)	(31.0, 1393.4999999999982)	(32.0, 1811.9999999999927)	(33.0, 2152.166666666659)	(34.0, 2411.1666666666642)	(35.0, 2734.8333333333408)	(36.0, 3115.6666666666824)	(37.0, 3523.3333333333544)	(38.0, 3899.0000000000305)	(39.0, 4063.833333333363)	(40.0, 4156.500000000027)	(41.0, 4350.166666666687)	(42.0, 4514.500000000013)	(43.0, 4513.666666666679)	(44.0, 4369.833333333346)	(45.0, 4427.66666666668)	(46.0, 4677.833333333341)	(47.0, 4714.8333333333385)	(48.0, 4847.333333333338)	(49.0, 5186.3333333333285)	(50.0, 5360.999999999999)	(51.0, 5321.166666666666)	(52.0, 5154.666666666668)	(53.0, 4842.499999999999)	(54.0, 4517.166666666668)	(55.0, 4327.166666666673)	(56.0, 4010.666666666671)	(57.0, 3747.6666666666724)	(58.0, 3594.166666666671)	(59.0, 3250.833333333337)	(60.0, 2933.833333333334)	(61.0, 2768.8333333333344)	(62.0, 2461.3333333333335)	(63.0, 2230.333333333333)	(64.0, 2018.8333333333333)	(65.0, 1668.1666666666665)	(66.0, 1366.8333333333333)	(67.0, 1231.5)	(68.0, 1060.3333333333335)	(69.0, 801.5)	(70.0, 643.1666666666666)	(71.0, 516.3333333333333)	(72.0, 355.5)	(73.0, 256.5)	(74.0, 202.0)	(75.0, 156.0)	(76.0, 114.0)	(77.0, 78.0)	(78.0, 47.5)	(79.0, 41.0)	(80.0, 34.5)	(81.0, 21.0)	(82.0, 9.0)	(83.0, 6.333333333333333)	(84.0, 5.333333333333334)	(85.0, 2.5)	(86.0, 1.0)	(87.0, 0.5)	(88.0, 0.0)	(89.0, 0.0)	(90.0, 0.0)	(91.0, 0.0)	(92.0, 0.0)	(93.0, 0.0)	(94.0, 0.0)	(95.0, 0.0)	(96.0, 0.0)	(97.0, 0.0)	(98.0, 0.0)	(99.0, 0.0)	(100.0, 0.0)																																																																																																					
SRR908452_1	(0.0, 1699.0)	(1.0, 454.9999999999916)	(2.0, 214.0000000000017)	(3.0, 122.99999999999933)	(4.0, 81.99999999999991)	(5.0, 57.333333333333464)	(6.0, 45.00000000000004)	(7.0, 37.66666666666666)	(8.0, 25.666666666666643)	(9.0, 23.66666666666665)	(10.0, 18.000000000000004)	(11.0, 13.000000000000005)	(12.0, 17.000000000000007)	(13.0, 19.666666666666664)	(14.0, 19.999999999999996)	(15.0, 17.000000000000007)	(16.0, 21.333333333333325)	(17.0, 45.666666666666714)	(18.0, 107.66666666666622)	(19.0, 184.00000000000085)	(20.0, 253.0000000000028)	(21.0, 299.33333333333377)	(22.0, 309.3333333333332)	(23.0, 343.33333333333127)	(24.0, 374.99999999999613)	(25.0, 405.33333333332774)	(26.0, 457.9999999999914)	(27.0, 525.9999999999899)	(28.0, 629.333333333335)	(29.0, 803.6666666666881)	(30.0, 999.6666666667104)	(31.0, 1271.3333333333235)	(32.0, 1678.6666666665642)	(33.0, 2229.666666666563)	(34.0, 2925.333333333546)	(35.0, 3837.666666667294)	(36.0, 4952.999999999965)	(37.0, 6155.333333332205)	(38.0, 7310.999999997821)	(39.0, 8444.666666664145)	(40.0, 9345.666666665784)	(41.0, 10006.333333333652)	(42.0, 10496.666666667878)	(43.0, 10500.666666667885)	(44.0, 10193.000000000658)	(45.0, 9679.333333333057)	(46.0, 8972.333333331771)	(47.0, 8216.66666666373)	(48.0, 7491.999999997656)	(49.0, 6675.333333331732)	(50.0, 5940.333333332401)	(51.0, 5077.333333333186)	(52.0, 4366.000000000499)	(53.0, 3732.6666666672463)	(54.0, 3165.6666666669885)	(55.0, 2692.0000000001064)	(56.0, 2306.3333333332644)	(57.0, 1850.3333333331918)	(58.0, 1476.3333333332769)	(59.0, 1222.3333333333346)	(60.0, 1011.6666666667118)	(61.0, 791.00000000002)	(62.0, 630.0000000000017)	(63.0, 476.666666666657)	(64.0, 344.99999999999784)	(65.0, 249.0000000000027)	(66.0, 188.00000000000097)	(67.0, 130.666666666666)	(68.0, 75.00000000000001)	(69.0, 38.666666666666664)	(70.0, 32.66666666666662)	(71.0, 19.666666666666664)	(72.0, 8.999999999999998)	(73.0, 6.999999999999997)	(74.0, 6.333333333333331)	(75.0, 3.666666666666667)	(76.0, 1.6666666666666665)	(77.0, 0.0)	(78.0, 0.6666666666666666)	(79.0, 0.0)	(80.0, 0.0)	(81.0, 0.0)	(82.0, 0.0)	(83.0, 0.0)	(84.0, 0.0)	(85.0, 0.3333333333333333)	(86.0, 0.0)	(87.0, 0.0)	(88.0, 0.0)	(89.0, 0.0)	(90.0, 0.0)	(91.0, 0.0)	(92.0, 0.0)	(93.0, 0.0)	(94.0, 0.0)	(95.0, 0.0)	(96.0, 0.0)	(97.0, 0.0)	(98.0, 0.0)	(99.0, 0.0)	(100.0, 0.0)	(0.0, 1699.0)	(1.0, 454.9999999999916)	(2.0, 214.0000000000017)	(3.0, 122.99999999999933)	(4.0, 81.99999999999991)	(5.0, 57.333333333333464)	(6.0, 45.00000000000004)	(7.0, 37.66666666666666)	(8.0, 25.666666666666643)	(9.0, 23.66666666666665)	(10.0, 18.000000000000004)	(11.0, 13.000000000000005)	(12.0, 17.000000000000007)	(13.0, 19.666666666666664)	(14.0, 19.999999999999996)	(15.0, 17.000000000000007)	(16.0, 21.333333333333325)	(17.0, 45.666666666666714)	(18.0, 107.66666666666622)	(19.0, 184.00000000000085)	(20.0, 253.0000000000028)	(21.0, 299.33333333333377)	(22.0, 309.3333333333332)	(23.0, 343.33333333333127)	(24.0, 374.99999999999613)	(25.0, 405.33333333332774)	(26.0, 457.9999999999914)	(27.0, 525.9999999999899)	(28.0, 629.333333333335)	(29.0, 803.6666666666881)	(30.0, 999.6666666667104)	(31.0, 1271.3333333333235)	(32.0, 1678.6666666665642)	(33.0, 2229.666666666563)	(34.0, 2925.333333333546)	(35.0, 3837.666666667294)	(36.0, 4952.999999999965)	(37.0, 6155.333333332205)	(38.0, 7310.999999997821)	(39.0, 8444.666666664145)	(40.0, 9345.666666665784)	(41.0, 10006.333333333652)	(42.0, 10496.666666667878)	(43.0, 10500.666666667885)	(44.0, 10193.000000000658)	(45.0, 9679.333333333057)	(46.0, 8972.333333331771)	(47.0, 8216.66666666373)	(48.0, 7491.999999997656)	(49.0, 6675.333333331732)	(50.0, 5940.333333332401)	(51.0, 5077.333333333186)	(52.0, 4366.000000000499)	(53.0, 3732.6666666672463)	(54.0, 3165.6666666669885)	(55.0, 2692.0000000001064)	(56.0, 2306.3333333332644)	(57.0, 1850.3333333331918)	(58.0, 1476.3333333332769)	(59.0, 1222.3333333333346)	(60.0, 1011.6666666667118)	(61.0, 791.00000000002)	(62.0, 630.0000000000017)	(63.0, 476.666666666657)	(64.0, 344.99999999999784)	(65.0, 249.0000000000027)	(66.0, 188.00000000000097)	(67.0, 130.666666666666)	(68.0, 75.00000000000001)	(69.0, 38.666666666666664)	(70.0, 32.66666666666662)	(71.0, 19.666666666666664)	(72.0, 8.999999999999998)	(73.0, 6.999999999999997)	(74.0, 6.333333333333331)	(75.0, 3.666666666666667)	(76.0, 1.6666666666666665)	(77.0, 0.0)	(78.0, 0.6666666666666666)	(79.0, 0.0)	(80.0, 0.0)	(81.0, 0.0)	(82.0, 0.0)	(83.0, 0.0)	(84.0, 0.0)	(85.0, 0.3333333333333333)	(86.0, 0.0)	(87.0, 0.0)	(88.0, 0.0)	(89.0, 0.0)	(90.0, 0.0)	(91.0, 0.0)	(92.0, 0.0)	(93.0, 0.0)	(94.0, 0.0)	(95.0, 0.0)	(96.0, 0.0)	(97.0, 0.0)	(98.0, 0.0)	(99.0, 0.0)	(100.0, 0.0)
SRR908452_1_paired	(0.0, 3583.0)	(1.0, 2029.9999999999961)	(2.0, 423.1666666666665)	(3.0, 240.16666666666669)	(4.0, 204.5)	(5.0, 143.0)	(6.0, 82.0)	(7.0, 47.5)	(8.0, 24.0)	(9.0, 11.5)	(10.0, 9.5)	(11.0, 5.0)	(12.0, 4.0)	(13.0, 11.5)	(14.0, 20.833333333333336)	(15.0, 47.333333333333336)	(16.0, 64.0)	(17.0, 72.0)	(18.0, 102.33333333333334)	(19.0, 149.33333333333331)	(20.0, 213.33333333333334)	(21.0, 317.0)	(22.0, 447.1666666666665)	(23.0, 587.1666666666667)	(24.0, 750.5000000000006)	(25.0, 1065.3333333333353)	(26.0, 1506.1666666666645)	(27.0, 1898.333333333329)	(28.0, 2470.499999999998)	(29.0, 3242.833333333344)	(30.0, 3919.0000000000255)	(31.0, 4509.666666666687)	(32.0, 5271.66666666666)	(33.0, 6187.499999999947)	(34.0, 6937.833333333248)	(35.0, 7547.166666666566)	(36.0, 8157.166666666539)	(37.0, 8486.499999999905)	(38.0, 8605.833333333227)	(39.0, 8956.333333333256)	(40.0, 9342.166666666633)	(41.0, 9399.499999999978)	(42.0, 9248.999999999965)	(43.0, 9216.666666666635)	(44.0, 9318.333333333316)	(45.0, 9255.333333333314)	(46.0, 8957.333333333285)	(47.0, 8666.83333333327)	(48.0, 8307.666666666582)	(49.0, 7967.333333333252)	(50.0, 7768.666666666584)	(51.0, 7182.333333333269)	(52.0, 6666.333333333276)	(53.0, 6377.6666666666215)	(54.0, 5976.16666666664)	(55.0, 5564.999999999979)	(56.0, 5270.83333333332)	(57.0, 4847.166666666665)	(58.0, 4381.833333333351)	(59.0, 4000.5000000000255)	(60.0, 3552.1666666666865)	(61.0, 3121.666666666679)	(62.0, 2823.666666666675)	(63.0, 2506.1666666666665)	(64.0, 2180.4999999999973)	(65.0, 1804.9999999999957)	(66.0, 1427.166666666666)	(67.0, 1152.833333333334)	(68.0, 905.8333333333339)	(69.0, 684.8333333333334)	(70.0, 475.4999999999999)	(71.0, 315.33333333333326)	(72.0, 224.66666666666666)	(73.0, 152.83333333333334)	(74.0, 113.83333333333333)	(75.0, 90.33333333333334)	(76.0, 51.33333333333333)	(77.0, 19.0)	(78.0, 11.5)	(79.0, 9.5)	(80.0, 9.0)	(81.0, 6.5)	(82.0, 3.0)	(83.0, 2.5)	(84.0, 1.5)	(85.0, 0.5)	(86.0, 0.0)	(87.0, 0.0)	(88.0, 0.0)	(89.0, 0.0)	(90.0, 0.0)	(91.0, 0.0)	(92.0, 0.0)	(93.0, 0.0)	(94.0, 0.0)	(95.0, 0.0)	(96.0, 0.0)	(97.0, 0.0)	(98.0, 0.0)	(99.0, 0.0)	(100.0, 0.0)																																																																																																					
SRR908452_2	(0.0, 1624.0)	(1.0, 757.0000000000161)	(2.0, 288.6666666666677)	(3.0, 128.66666666666595)	(4.0, 61.33333333333349)	(5.0, 30.666666666666625)	(6.0, 23.66666666666665)	(7.0, 19.0)	(8.0, 13.000000000000005)	(9.0, 13.000000000000005)	(10.0, 14.666666666666675)	(11.0, 11.000000000000002)	(12.0, 10.666666666666668)	(13.0, 13.33333333333334)	(14.0, 15.000000000000009)	(15.0, 13.666666666666673)	(16.0, 11.000000000000002)	(17.0, 11.333333333333336)	(18.0, 17.66666666666667)	(19.0, 26.99999999999997)	(20.0, 33.999999999999964)	(21.0, 57.00000000000013)	(22.0, 76.66666666666666)	(23.0, 92.99999999999976)	(24.0, 125.33333333333263)	(25.0, 186.6666666666676)	(26.0, 252.66666666666947)	(27.0, 292.6666666666675)	(28.0, 350.9999999999975)	(29.0, 492.3333333333228)	(30.0, 656.333333333338)	(31.0, 811.666666666689)	(32.0, 1057.6666666667054)	(33.0, 1328.6666666666438)	(34.0, 1756.3333333332132)	(35.0, 2279.333333333252)	(36.0, 3038.3333333335972)	(37.0, 3917.6666666673304)	(38.0, 4783.666666666786)	(39.0, 5797.333333332531)	(40.0, 6850.333333331573)	(41.0, 7888.666666663962)	(42.0, 8960.33333333175)	(43.0, 9659.666666666355)	(44.0, 10333.000000000913)	(45.0, 10670.33333333486)	(46.0, 10741.33333333499)	(47.0, 10560.33333333466)	(48.0, 9997.333333333636)	(49.0, 9238.66666666559)	(50.0, 8206.666666663712)	(51.0, 7121.999999997993)	(52.0, 6177.333333332185)	(53.0, 5247.666666666364)	(54.0, 4351.000000000513)	(55.0, 3608.66666666719)	(56.0, 3011.6666666669184)	(57.0, 2466.6666666666706)	(58.0, 1951.6666666665021)	(59.0, 1515.6666666666013)	(60.0, 1231.3333333333326)	(61.0, 1002.6666666667107)	(62.0, 776.666666666685)	(63.0, 604.3333333333321)	(64.0, 473.9999999999905)	(65.0, 356.66666666666384)	(66.0, 275.66666666666845)	(67.0, 223.00000000000196)	(68.0, 177.333333333334)	(69.0, 114.33333333333279)	(70.0, 84.99999999999987)	(71.0, 64.3333333333335)	(72.0, 40.66666666666668)	(73.0, 28.999999999999964)	(74.0, 29.333333333333297)	(75.0, 17.000000000000007)	(76.0, 14.000000000000007)	(77.0, 10.333333333333334)	(78.0, 8.33333333333333)	(79.0, 6.333333333333331)	(80.0, 3.3333333333333335)	(81.0, 2.333333333333333)	(82.0, 3.666666666666667)	(83.0, 4.333333333333333)	(84.0, 2.333333333333333)	(85.0, 0.6666666666666666)	(86.0, 0.3333333333333333)	(87.0, 0.6666666666666666)	(88.0, 0.6666666666666666)	(89.0, 0.0)	(90.0, 1.0)	(91.0, 1.6666666666666665)	(92.0, 0.3333333333333333)	(93.0, 0.3333333333333333)	(94.0, 0.3333333333333333)	(95.0, 0.0)	(96.0, 0.0)	(97.0, 0.6666666666666666)	(98.0, 0.3333333333333333)	(99.0, 0.0)	(100.0, 0.0)	(0.0, 1624.0)	(1.0, 757.0000000000161)	(2.0, 288.6666666666677)	(3.0, 128.66666666666595)	(4.0, 61.33333333333349)	(5.0, 30.666666666666625)	(6.0, 23.66666666666665)	(7.0, 19.0)	(8.0, 13.000000000000005)	(9.0, 13.000000000000005)	(10.0, 14.666666666666675)	(11.0, 11.000000000000002)	(12.0, 10.666666666666668)	(13.0, 13.33333333333334)	(14.0, 15.000000000000009)	(15.0, 13.666666666666673)	(16.0, 11.000000000000002)	(17.0, 11.333333333333336)	(18.0, 17.66666666666667)	(19.0, 26.99999999999997)	(20.0, 33.999999999999964)	(21.0, 57.00000000000013)	(22.0, 76.66666666666666)	(23.0, 92.99999999999976)	(24.0, 125.33333333333263)	(25.0, 186.6666666666676)	(26.0, 252.66666666666947)	(27.0, 292.6666666666675)	(28.0, 350.9999999999975)	(29.0, 492.3333333333228)	(30.0, 656.333333333338)	(31.0, 811.666666666689)	(32.0, 1057.6666666667054)	(33.0, 1328.6666666666438)	(34.0, 1756.3333333332132)	(35.0, 2279.333333333252)	(36.0, 3038.3333333335972)	(37.0, 3917.6666666673304)	(38.0, 4783.666666666786)	(39.0, 5797.333333332531)	(40.0, 6850.333333331573)	(41.0, 7888.666666663962)	(42.0, 8960.33333333175)	(43.0, 9659.666666666355)	(44.0, 10333.000000000913)	(45.0, 10670.33333333486)	(46.0, 10741.33333333499)	(47.0, 10560.33333333466)	(48.0, 9997.333333333636)	(49.0, 9238.66666666559)	(50.0, 8206.666666663712)	(51.0, 7121.999999997993)	(52.0, 6177.333333332185)	(53.0, 5247.666666666364)	(54.0, 4351.000000000513)	(55.0, 3608.66666666719)	(56.0, 3011.6666666669184)	(57.0, 2466.6666666666706)	(58.0, 1951.6666666665021)	(59.0, 1515.6666666666013)	(60.0, 1231.3333333333326)	(61.0, 1002.6666666667107)	(62.0, 776.666666666685)	(63.0, 604.3333333333321)	(64.0, 473.9999999999905)	(65.0, 356.66666666666384)	(66.0, 275.66666666666845)	(67.0, 223.00000000000196)	(68.0, 177.333333333334)	(69.0, 114.33333333333279)	(70.0, 84.99999999999987)	(71.0, 64.3333333333335)	(72.0, 40.66666666666668)	(73.0, 28.999999999999964)	(74.0, 29.333333333333297)	(75.0, 17.000000000000007)	(76.0, 14.000000000000007)	(77.0, 10.333333333333334)	(78.0, 8.33333333333333)	(79.0, 6.333333333333331)	(80.0, 3.3333333333333335)	(81.0, 2.333333333333333)	(82.0, 3.666666666666667)	(83.0, 4.333333333333333)	(84.0, 2.333333333333333)	(85.0, 0.6666666666666666)	(86.0, 0.3333333333333333)	(87.0, 0.6666666666666666)	(88.0, 0.6666666666666666)	(89.0, 0.0)	(90.0, 1.0)	(91.0, 1.6666666666666665)	(92.0, 0.3333333333333333)	(93.0, 0.3333333333333333)	(94.0, 0.3333333333333333)	(95.0, 0.0)	(96.0, 0.0)	(97.0, 0.6666666666666666)	(98.0, 0.3333333333333333)	(99.0, 0.0)	(100.0, 0.0)
SRR908452_2_paired	(0.0, 4330.0)	(1.0, 2491.0)	(2.0, 397.49999999999994)	(3.0, 57.0)	(4.0, 14.5)	(5.0, 9.0)	(6.0, 4.0)	(7.0, 3.5)	(8.0, 3.5)	(9.0, 1.5)	(10.0, 2.0)	(11.0, 3.0)	(12.0, 7.5)	(13.0, 16.5)	(14.0, 21.833333333333332)	(15.0, 38.83333333333333)	(16.0, 55.0)	(17.0, 53.0)	(18.0, 76.0)	(19.0, 117.66666666666666)	(20.0, 156.5)	(21.0, 249.66666666666674)	(22.0, 413.49999999999994)	(23.0, 566.1666666666664)	(24.0, 684.0000000000001)	(25.0, 972.0000000000014)	(26.0, 1383.4999999999982)	(27.0, 1764.1666666666633)	(28.0, 2246.9999999999986)	(29.0, 2890.3333333333358)	(30.0, 3535.166666666681)	(31.0, 4193.833333333356)	(32.0, 4903.000000000003)	(33.0, 5623.833333333312)	(34.0, 6395.999999999949)	(35.0, 7168.166666666602)	(36.0, 7992.166666666571)	(37.0, 8742.333333333278)	(38.0, 9086.499999999955)	(39.0, 9283.833333333308)	(40.0, 9548.666666666653)	(41.0, 9532.166666666652)	(42.0, 9389.49999999999)	(43.0, 9371.499999999989)	(44.0, 9552.666666666659)	(45.0, 9599.999999999993)	(46.0, 9139.666666666652)	(47.0, 8805.666666666653)	(48.0, 8566.166666666633)	(49.0, 8251.499999999965)	(50.0, 8018.666666666636)	(51.0, 7578.333333333311)	(52.0, 7161.666666666652)	(53.0, 6739.333333333326)	(54.0, 6240.166666666658)	(55.0, 5933.999999999992)	(56.0, 5612.166666666665)	(57.0, 5185.833333333334)	(58.0, 4792.833333333334)	(59.0, 4370.500000000001)	(60.0, 3980.5000000000027)	(61.0, 3577.333333333335)	(62.0, 3102.0000000000023)	(63.0, 2711.833333333334)	(64.0, 2396.4999999999995)	(65.0, 2074.9999999999995)	(66.0, 1666.6666666666665)	(67.0, 1293.3333333333335)	(68.0, 1010.1666666666666)	(69.0, 787.0000000000001)	(70.0, 582.6666666666667)	(71.0, 418.83333333333337)	(72.0, 334.0)	(73.0, 247.0)	(74.0, 159.5)	(75.0, 97.5)	(76.0, 56.5)	(77.0, 38.5)	(78.0, 39.5)	(79.0, 34.0)	(80.0, 19.5)	(81.0, 12.5)	(82.0, 11.0)	(83.0, 9.5)	(84.0, 3.5)	(85.0, 1.0)	(86.0, 1.0)	(87.0, 1.0)	(88.0, 0.5)	(89.0, 0.0)	(90.0, 0.0)	(91.0, 0.0)	(92.0, 0.0)	(93.0, 0.0)	(94.0, 0.0)	(95.0, 0.0)	(96.0, 0.0)	(97.0, 0.0)	(98.0, 0.0)	(99.0, 0.5)	(100.0, 1.0)																																																																																																					
SRR908453_1	(0.0, 1203.5)	(1.0, 346.3333333333311)	(2.0, 109.99999999999952)	(3.0, 50.333333333333414)	(4.0, 31.66666666666662)	(5.0, 19.999999999999996)	(6.0, 16.333333333333343)	(7.0, 13.666666666666673)	(8.0, 10.0)	(9.0, 8.666666666666664)	(10.0, 5.333333333333332)	(11.0, 4.999999999999999)	(12.0, 4.666666666666666)	(13.0, 2.6666666666666665)	(14.0, 5.666666666666665)	(15.0, 8.33333333333333)	(16.0, 20.33333333333333)	(17.0, 80.33333333333327)	(18.0, 190.6666666666677)	(19.0, 309.99999999999983)	(20.0, 374.6666666666628)	(21.0, 373.6666666666629)	(22.0, 386.3333333333288)	(23.0, 410.9999999999941)	(24.0, 428.33333333332644)	(25.0, 450.9999999999918)	(26.0, 499.6666666666557)	(27.0, 530.6666666666571)	(28.0, 622.6666666666675)	(29.0, 743.0000000000146)	(30.0, 903.3333333333661)	(31.0, 1145.0000000000189)	(32.0, 1433.66666666662)	(33.0, 1797.9999999998704)	(34.0, 2335.9999999999445)	(35.0, 2934.6666666668834)	(36.0, 3712.0000000005703)	(37.0, 4538.333333333676)	(38.0, 5230.999999999713)	(39.0, 5843.999999999155)	(40.0, 6350.666666665361)	(41.0, 6707.999999998369)	(42.0, 6838.99999999825)	(43.0, 6636.333333331768)	(44.0, 6342.333333332035)	(45.0, 5863.999999999137)	(46.0, 5441.999999999521)	(47.0, 4872.000000000039)	(48.0, 4321.00000000054)	(49.0, 3720.666666667241)	(50.0, 3181.6666666669958)	(51.0, 2739.3333333334613)	(52.0, 2236.9999999998995)	(53.0, 1923.9999999998417)	(54.0, 1652.9999999999034)	(55.0, 1403.6666666666267)	(56.0, 1143.3333333333526)	(57.0, 903.6666666666995)	(58.0, 722.3333333333455)	(59.0, 530.3333333333237)	(60.0, 380.6666666666625)	(61.0, 305.66666666666674)	(62.0, 232.33333333333556)	(63.0, 157.33333333333343)	(64.0, 103.9999999999996)	(65.0, 67.00000000000013)	(66.0, 66.00000000000014)	(67.0, 42.33333333333336)	(68.0, 21.333333333333325)	(69.0, 17.000000000000007)	(70.0, 11.66666666666667)	(71.0, 5.666666666666665)	(72.0, 5.666666666666665)	(73.0, 5.333333333333332)	(74.0, 6.666666666666664)	(75.0, 4.666666666666666)	(76.0, 2.333333333333333)	(77.0, 0.6666666666666666)	(78.0, 0.0)	(79.0, 0.0)	(80.0, 0.0)	(81.0, 0.0)	(82.0, 0.0)	(83.0, 0.0)	(84.0, 0.0)	(85.0, 0.0)	(86.0, 0.0)	(87.0, 0.0)	(88.0, 0.0)	(89.0, 0.0)	(90.0, 0.0)	(91.0, 0.0)	(92.0, 0.0)	(93.0, 0.0)	(94.0, 0.0)	(95.0, 0.0)	(96.0, 0.0)	(97.0, 0.0)	(98.0, 0.0)	(99.0, 0.3333333333333333)	(100.0, 0.0)	(0.0, 1203.5)	(1.0, 346.3333333333311)	(2.0, 109.99999999999952)	(3.0, 50.333333333333414)	(4.0, 31.66666666666662)	(5.0, 19.999999999999996)	(6.0, 16.333333333333343)	(7.0, 13.666666666666673)	(8.0, 10.0)	(9.0, 8.666666666666664)	(10.0, 5.333333333333332)	(11.0, 4.999999999999999)	(12.0, 4.666666666666666)	(13.0, 2.6666666666666665)	(14.0, 5.666666666666665)	(15.0, 8.33333333333333)	(16.0, 20.33333333333333)	(17.0, 80.33333333333327)	(18.0, 190.6666666666677)	(19.0, 309.99999999999983)	(20.0, 374.6666666666628)	(21.0, 373.6666666666629)	(22.0, 386.3333333333288)	(23.0, 410.9999999999941)	(24.0, 428.33333333332644)	(25.0, 450.9999999999918)	(26.0, 499.6666666666557)	(27.0, 530.6666666666571)	(28.0, 622.6666666666675)	(29.0, 743.0000000000146)	(30.0, 903.3333333333661)	(31.0, 1145.0000000000189)	(32.0, 1433.66666666662)	(33.0, 1797.9999999998704)	(34.0, 2335.9999999999445)	(35.0, 2934.6666666668834)	(36.0, 3712.0000000005703)	(37.0, 4538.333333333676)	(38.0, 5230.999999999713)	(39.0, 5843.999999999155)	(40.0, 6350.666666665361)	(41.0, 6707.999999998369)	(42.0, 6838.99999999825)	(43.0, 6636.333333331768)	(44.0, 6342.333333332035)	(45.0, 5863.999999999137)	(46.0, 5441.999999999521)	(47.0, 4872.000000000039)	(48.0, 4321.00000000054)	(49.0, 3720.666666667241)	(50.0, 3181.6666666669958)	(51.0, 2739.3333333334613)	(52.0, 2236.9999999998995)	(53.0, 1923.9999999998417)	(54.0, 1652.9999999999034)	(55.0, 1403.6666666666267)	(56.0, 1143.3333333333526)	(57.0, 903.6666666666995)	(58.0, 722.3333333333455)	(59.0, 530.3333333333237)	(60.0, 380.6666666666625)	(61.0, 305.66666666666674)	(62.0, 232.33333333333556)	(63.0, 157.33333333333343)	(64.0, 103.9999999999996)	(65.0, 67.00000000000013)	(66.0, 66.00000000000014)	(67.0, 42.33333333333336)	(68.0, 21.333333333333325)	(69.0, 17.000000000000007)	(70.0, 11.66666666666667)	(71.0, 5.666666666666665)	(72.0, 5.666666666666665)	(73.0, 5.333333333333332)	(74.0, 6.666666666666664)	(75.0, 4.666666666666666)	(76.0, 2.333333333333333)	(77.0, 0.6666666666666666)	(78.0, 0.0)	(79.0, 0.0)	(80.0, 0.0)	(81.0, 0.0)	(82.0, 0.0)	(83.0, 0.0)	(84.0, 0.0)	(85.0, 0.0)	(86.0, 0.0)	(87.0, 0.0)	(88.0, 0.0)	(89.0, 0.0)	(90.0, 0.0)	(91.0, 0.0)	(92.0, 0.0)	(93.0, 0.0)	(94.0, 0.0)	(95.0, 0.0)	(96.0, 0.0)	(97.0, 0.0)	(98.0, 0.0)	(99.0, 0.3333333333333333)	(100.0, 0.0)
SRR908453_1_paired	(0.0, 2296.0)	(1.0, 1326.4999999999995)	(2.0, 298.6666666666667)	(3.0, 124.66666666666666)	(4.0, 47.0)	(5.0, 17.5)	(6.0, 7.5)	(7.0, 2.5)	(8.0, 5.5)	(9.0, 4.0)	(10.0, 0.0)	(11.0, 0.8333333333333333)	(12.0, 1.3333333333333333)	(13.0, 1.0)	(14.0, 4.0)	(15.0, 6.5)	(16.0, 12.0)	(17.0, 26.5)	(18.0, 37.0)	(19.0, 61.50000000000001)	(20.0, 105.33333333333333)	(21.0, 140.16666666666666)	(22.0, 198.16666666666669)	(23.0, 258.50000000000017)	(24.0, 320.66666666666674)	(25.0, 447.16666666666634)	(26.0, 627.6666666666666)	(27.0, 777.6666666666672)	(28.0, 960.3333333333348)	(29.0, 1233.8333333333328)	(30.0, 1526.666666666664)	(31.0, 1824.6666666666622)	(32.0, 2102.8333333333267)	(33.0, 2396.6666666666665)	(34.0, 2825.3333333333408)	(35.0, 3150.6666666666833)	(36.0, 3384.166666666689)	(37.0, 3568.333333333364)	(38.0, 3634.3333333333617)	(39.0, 3813.833333333367)	(40.0, 4004.5000000000377)	(41.0, 4169.333333333365)	(42.0, 4193.833333333361)	(43.0, 4059.333333333367)	(44.0, 3938.1666666666956)	(45.0, 3769.5000000000227)	(46.0, 3649.666666666689)	(47.0, 3613.1666666666874)	(48.0, 3566.000000000025)	(49.0, 3510.833333333354)	(50.0, 3421.5000000000177)	(51.0, 3147.6666666666792)	(52.0, 2838.1666666666747)	(53.0, 2668.6666666666697)	(54.0, 2547.0000000000005)	(55.0, 2373.6666666666633)	(56.0, 2184.166666666663)	(57.0, 1993.333333333328)	(58.0, 1845.6666666666601)	(59.0, 1609.83333333333)	(60.0, 1390.499999999999)	(61.0, 1219.3333333333333)	(62.0, 1022.5000000000011)	(63.0, 800.3333333333335)	(64.0, 633.9999999999999)	(65.0, 504.49999999999983)	(66.0, 376.49999999999994)	(67.0, 261.5)	(68.0, 194.50000000000003)	(69.0, 165.66666666666669)	(70.0, 139.83333333333334)	(71.0, 97.0)	(72.0, 51.16666666666667)	(73.0, 28.5)	(74.0, 29.5)	(75.0, 26.0)	(76.0, 14.0)	(77.0, 4.5)	(78.0, 5.0)	(79.0, 3.5)	(80.0, 2.0)	(81.0, 2.5)	(82.0, 0.5)	(83.0, 0.0)	(84.0, 0.0)	(85.0, 0.0)	(86.0, 0.0)	(87.0, 0.0)	(88.0, 0.0)	(89.0, 0.0)	(90.0, 0.0)	(91.0, 0.0)	(92.0, 0.0)	(93.0, 0.0)	(94.0, 0.0)	(95.0, 0.0)	(96.0, 0.0)	(97.0, 0.0)	(98.0, 0.0)	(99.0, 0.0)	(100.0, 0.0)																																																																																																					
SRR908453_2	(0.0, 1186.5)	(1.0, 459.9999999999913)	(2.0, 128.9999999999993)	(3.0, 52.666666666666764)	(4.0, 24.666666666666647)	(5.0, 12.333333333333337)	(6.0, 11.000000000000002)	(7.0, 7.33333333333333)	(8.0, 7.33333333333333)	(9.0, 5.666666666666665)	(10.0, 4.999999999999999)	(11.0, 3.0)	(12.0, 4.0)	(13.0, 3.3333333333333335)	(14.0, 1.9999999999999998)	(15.0, 3.0)	(16.0, 4.333333333333333)	(17.0, 4.666666666666666)	(18.0, 12.333333333333337)	(19.0, 19.666666666666664)	(20.0, 28.666666666666632)	(21.0, 52.00000000000009)	(22.0, 73.33333333333337)	(23.0, 92.99999999999976)	(24.0, 118.99999999999939)	(25.0, 170.00000000000045)	(26.0, 202.3333333333347)	(27.0, 266.66666666666896)	(28.0, 313.6666666666663)	(29.0, 373.9999999999962)	(30.0, 476.666666666657)	(31.0, 618.0000000000003)	(32.0, 766.6666666666839)	(33.0, 916.666666666701)	(34.0, 1155.0000000000166)	(35.0, 1414.333333333291)	(36.0, 1836.6666666665283)	(37.0, 2275.9999999999172)	(38.0, 2793.6666666668193)	(39.0, 3482.6666666671326)	(40.0, 4200.00000000065)	(41.0, 4960.333333333292)	(42.0, 5873.333333332462)	(43.0, 6503.999999998555)	(44.0, 7159.999999997958)	(45.0, 7533.999999997618)	(46.0, 7593.9999999975635)	(47.0, 7449.999999997694)	(48.0, 7005.333333331432)	(49.0, 6260.33333333211)	(50.0, 5407.333333332886)	(51.0, 4661.333333333564)	(52.0, 3908.6666666673264)	(53.0, 3150.6666666669817)	(54.0, 2469.3333333333385)	(55.0, 1977.6666666664962)	(56.0, 1564.9999999999234)	(57.0, 1237.3333333333312)	(58.0, 971.0000000000405)	(59.0, 743.3333333333479)	(60.0, 549.9999999999926)	(61.0, 420.9999999999935)	(62.0, 305.3333333333334)	(63.0, 199.33333333333462)	(64.0, 141.33333333333297)	(65.0, 115.6666666666661)	(66.0, 100.66666666666632)	(67.0, 62.666666666666835)	(68.0, 43.6666666666667)	(69.0, 39.0)	(70.0, 27.666666666666636)	(71.0, 24.666666666666647)	(72.0, 18.333333333333336)	(73.0, 13.000000000000005)	(74.0, 10.666666666666668)	(75.0, 9.666666666666666)	(76.0, 4.333333333333333)	(77.0, 5.999999999999998)	(78.0, 3.3333333333333335)	(79.0, 2.6666666666666665)	(80.0, 4.0)	(81.0, 2.333333333333333)	(82.0, 2.6666666666666665)	(83.0, 0.6666666666666666)	(84.0, 0.6666666666666666)	(85.0, 1.6666666666666665)	(86.0, 0.3333333333333333)	(87.0, 0.0)	(88.0, 0.0)	(89.0, 0.3333333333333333)	(90.0, 0.6666666666666666)	(91.0, 1.3333333333333333)	(92.0, 1.0)	(93.0, 1.0)	(94.0, 0.6666666666666666)	(95.0, 0.6666666666666666)	(96.0, 0.0)	(97.0, 0.0)	(98.0, 0.0)	(99.0, 0.0)	(100.0, 0.0)	(0.0, 1186.5)	(1.0, 459.9999999999913)	(2.0, 128.9999999999993)	(3.0, 52.666666666666764)	(4.0, 24.666666666666647)	(5.0, 12.333333333333337)	(6.0, 11.000000000000002)	(7.0, 7.33333333333333)	(8.0, 7.33333333333333)	(9.0, 5.666666666666665)	(10.0, 4.999999999999999)	(11.0, 3.0)	(12.0, 4.0)	(13.0, 3.3333333333333335)	(14.0, 1.9999999999999998)	(15.0, 3.0)	(16.0, 4.333333333333333)	(17.0, 4.666666666666666)	(18.0, 12.333333333333337)	(19.0, 19.666666666666664)	(20.0, 28.666666666666632)	(21.0, 52.00000000000009)	(22.0, 73.33333333333337)	(23.0, 92.99999999999976)	(24.0, 118.99999999999939)	(25.0, 170.00000000000045)	(26.0, 202.3333333333347)	(27.0, 266.66666666666896)	(28.0, 313.6666666666663)	(29.0, 373.9999999999962)	(30.0, 476.666666666657)	(31.0, 618.0000000000003)	(32.0, 766.6666666666839)	(33.0, 916.666666666701)	(34.0, 1155.0000000000166)	(35.0, 1414.333333333291)	(36.0, 1836.6666666665283)	(37.0, 2275.9999999999172)	(38.0, 2793.6666666668193)	(39.0, 3482.6666666671326)	(40.0, 4200.00000000065)	(41.0, 4960.333333333292)	(42.0, 5873.333333332462)	(43.0, 6503.999999998555)	(44.0, 7159.999999997958)	(45.0, 7533.999999997618)	(46.0, 7593.9999999975635)	(47.0, 7449.999999997694)	(48.0, 7005.333333331432)	(49.0, 6260.33333333211)	(50.0, 5407.333333332886)	(51.0, 4661.333333333564)	(52.0, 3908.6666666673264)	(53.0, 3150.6666666669817)	(54.0, 2469.3333333333385)	(55.0, 1977.6666666664962)	(56.0, 1564.9999999999234)	(57.0, 1237.3333333333312)	(58.0, 971.0000000000405)	(59.0, 743.3333333333479)	(60.0, 549.9999999999926)	(61.0, 420.9999999999935)	(62.0, 305.3333333333334)	(63.0, 199.33333333333462)	(64.0, 141.33333333333297)	(65.0, 115.6666666666661)	(66.0, 100.66666666666632)	(67.0, 62.666666666666835)	(68.0, 43.6666666666667)	(69.0, 39.0)	(70.0, 27.666666666666636)	(71.0, 24.666666666666647)	(72.0, 18.333333333333336)	(73.0, 13.000000000000005)	(74.0, 10.666666666666668)	(75.0, 9.666666666666666)	(76.0, 4.333333333333333)	(77.0, 5.999999999999998)	(78.0, 3.3333333333333335)	(79.0, 2.6666666666666665)	(80.0, 4.0)	(81.0, 2.333333333333333)	(82.0, 2.6666666666666665)	(83.0, 0.6666666666666666)	(84.0, 0.6666666666666666)	(85.0, 1.6666666666666665)	(86.0, 0.3333333333333333)	(87.0, 0.0)	(88.0, 0.0)	(89.0, 0.3333333333333333)	(90.0, 0.6666666666666666)	(91.0, 1.3333333333333333)	(92.0, 1.0)	(93.0, 1.0)	(94.0, 0.6666666666666666)	(95.0, 0.6666666666666666)	(96.0, 0.0)	(97.0, 0.0)	(98.0, 0.0)	(99.0, 0.0)	(100.0, 0.0)
SRR908453_2_paired	(0.0, 2699.0)	(1.0, 1568.6666666666667)	(2.0, 251.0)	(3.0, 18.833333333333332)	(4.0, 3.333333333333333)	(5.0, 0.5)	(6.0, 0.0)	(7.0, 0.0)	(8.0, 0.5)	(9.0, 1.0)	(10.0, 0.5)	(11.0, 0.5)	(12.0, 0.8333333333333333)	(13.0, 3.3333333333333335)	(14.0, 4.0)	(15.0, 3.0)	(16.0, 12.0)	(17.0, 25.5)	(18.0, 33.0)	(19.0, 33.0)	(20.0, 65.83333333333334)	(21.0, 122.33333333333331)	(22.0, 155.16666666666666)	(23.0, 206.1666666666667)	(24.0, 286.50000000000006)	(25.0, 389.99999999999983)	(26.0, 510.1666666666661)	(27.0, 668.4999999999999)	(28.0, 903.6666666666678)	(29.0, 1174.666666666667)	(30.0, 1389.1666666666654)	(31.0, 1627.499999999997)	(32.0, 1976.1666666666592)	(33.0, 2327.666666666665)	(34.0, 2653.000000000005)	(35.0, 3024.166666666676)	(36.0, 3362.8333333333508)	(37.0, 3589.0000000000255)	(38.0, 3708.833333333356)	(39.0, 3871.0000000000227)	(40.0, 4083.5000000000246)	(41.0, 4193.666666666686)	(42.0, 4256.66666666668)	(43.0, 4140.333333333347)	(44.0, 4066.5000000000205)	(45.0, 3965.333333333348)	(46.0, 3750.0000000000127)	(47.0, 3631.8333333333435)	(48.0, 3599.0000000000073)	(49.0, 3540.3333333333417)	(50.0, 3478.6666666666715)	(51.0, 3405.1666666666706)	(52.0, 3113.1666666666706)	(53.0, 2916.0000000000027)	(54.0, 2867.0000000000014)	(55.0, 2633.1666666666665)	(56.0, 2397.1666666666665)	(57.0, 2229.333333333333)	(58.0, 2030.8333333333321)	(59.0, 1793.8333333333328)	(60.0, 1577.1666666666663)	(61.0, 1356.1666666666665)	(62.0, 1132.3333333333335)	(63.0, 949.5000000000001)	(64.0, 774.6666666666666)	(65.0, 605.3333333333334)	(66.0, 446.1666666666667)	(67.0, 340.0)	(68.0, 253.5)	(69.0, 195.0)	(70.0, 153.33333333333334)	(71.0, 109.83333333333333)	(72.0, 79.0)	(73.0, 49.0)	(74.0, 39.5)	(75.0, 34.0)	(76.0, 23.5)	(77.0, 16.0)	(78.0, 12.5)	(79.0, 11.0)	(80.0, 6.0)	(81.0, 2.0)	(82.0, 1.0)	(83.0, 0.5)	(84.0, 0.0)	(85.0, 0.0)	(86.0, 0.0)	(87.0, 0.0)	(88.0, 0.0)	(89.0, 0.0)	(90.0, 0.0)	(91.0, 0.0)	(92.0, 0.0)	(93.0, 0.0)	(94.0, 0.0)	(95.0, 0.0)	(96.0, 0.0)	(97.0, 0.0)	(98.0, 0.0)	(99.0, 0.0)	(100.0, 0.0)																																																																																																					
