Sample	0	1	2	3	4	5	6	7	8	9	10	11	12	13	14	15	16	17	18	19	20	21	22	23	24	25	26	27	28	29	30	31	32	33	34	35	36	37	38	39	40	41	42	43	44	45	46	47	48	49	50	51	52	53	54	55	56	57
SRR908430_1	(1, 32.71936760541647)	(2, 33.093444042699005)	(3, 33.17484545311742)	(4, 33.21266651931367)	(5, 33.138627198305166)	(6, 34.46249101633255)	(7, 34.437131009326336)	(8, 34.29283072059786)	(9, 34.455138657781006)	(10, 35.8632833862275)	(15, 37.24835485938215)	(20, 37.39205739538285)	(25, 37.76092115085471)	(30, 37.54907841820727)	(35, 37.2627181623691)	(40, 36.85853973178975)	(45, 36.843743822642594)	(50, 37.087334731796695)	(55, 37.154478766572)	(60, 37.24354281091134)	(65, 37.01416868581977)	(70, 36.96907894645386)	(75, 31.673165489927868)	(80, 28.063091271281042)	(85, 27.723169590789603)	(90, 27.57310446354473)	(95, 27.439743605783462)	(100, 27.310562846748713)	(105, 27.25813214783676)	(110, 27.048977634317122)	(115, 26.757410813207834)	(120, 26.444359090915405)	(125, 26.148501517318845)	(130, 25.853853072379515)	(135, 25.55169629713037)	(140, 25.20721000999498)	(145, 24.861526271232385)	(150, 24.483840519572233)	(155, 24.09707726718574)	(160, 23.705752466425064)	(165, 23.29447440158696)	(170, 22.905170561095193)	(175, 22.490590955028146)	(180, 22.070764748158435)	(185, 21.65419115020136)	(190, 21.164611648393507)	(195, 20.59580377585107)	(200, 20.002105479724367)	(205, 19.397134123201006)	(210, 18.827795501841216)	(215, 18.3127603525907)	(220, 17.95280088856638)	(225, 17.76038456352235)	(230, 17.476370834671325)	(235, 17.238439392738833)	(240, 17.030219875695234)	(245, 16.87470880406361)	(250, 16.767597214750314)
SRR908430_1_paired	(1, 33.1109572342803)	(2, 33.42450479125046)	(3, 33.566010903057595)	(4, 33.53700944705922)	(5, 33.43050824501405)	(6, 35.42608945924898)	(7, 35.45144414722514)	(8, 35.53088409575729)	(9, 35.61733992482985)	(10, 36.427853587512274)	(15, 37.57265635052314)	(20, 37.744170927437104)	(25, 37.98587478413977)	(30, 37.653594961568416)	(35, 38.033341685572076)	(40, 38.01503741577219)	(45, 37.7848427183151)	(50, 37.596095208976564)	(55, 37.40949589327102)	(60, 37.31965349808378)	(65, 37.891944881123216)	(70, 37.60959395371341)	(75, 37.62532913964212)	(80, 37.85905929675843)	(85, 37.87315159221183)	(90, 37.84647069836749)	(95, 37.84299640791596)	(100, 37.86124785799355)	(105, 37.8595872224285)	(110, 37.87161573979132)	(115, 37.855460827566674)	(120, 37.83692033725189)	(125, 37.794698274630335)	(130, 37.77293447507144)	(135, 37.722468661995045)	(140, 37.63202664366899)	(145, 37.57862595327263)	(150, 37.498493326122095)	(155, 37.3959063369697)	(160, 37.33764597415517)	(165, 37.277643303859904)	(170, 37.25742459440856)	(175, 37.24822344226969)	(180, 37.28259428046461)	(185, 37.236763346662244)	(190, 37.02488744735725)	(195, 36.217057029019095)	(200, 35.262901199501094)	(205, 33.803717312880785)	(210, 31.39999541310518)	(215, 29.466370127175033)	(220, 27.987894041284232)	(225, 26.795974707914148)	(230, 26.377772720870343)	(235, 26.488539280689658)	(240, 26.6746375052336)	(245, 26.981862204129538)	(250, 28.435180451196466)
SRR908430_2	(1, 31.90761940110737)	(2, 32.074093535790794)	(3, 32.1478756841141)	(4, 32.14501759200179)	(5, 32.36526305985451)	(6, 33.728759273855545)	(7, 33.76638294263937)	(8, 33.89508049505047)	(9, 34.030788435847924)	(10, 35.51597570621705)	(15, 36.560810775118476)	(20, 36.74746392979324)	(25, 37.40568393337976)	(30, 37.39399189002462)	(35, 37.41571422415171)	(40, 36.95263296175356)	(45, 36.03049790021977)	(50, 35.77871889079336)	(55, 36.63686382775825)	(60, 36.68797391017862)	(65, 35.546550619230125)	(70, 29.517239327681096)	(75, 26.794504567247877)	(80, 26.707026096771994)	(85, 26.34017329268615)	(90, 26.032413767218408)	(95, 25.953213476960805)	(100, 25.834287096464777)	(105, 25.64898764320001)	(110, 25.3670346321249)	(115, 25.06662023657107)	(120, 24.72448436876617)	(125, 24.410261051127318)	(130, 24.077717029419166)	(135, 23.72419633535874)	(140, 23.312868226106225)	(145, 22.92164685046868)	(150, 22.503095942093058)	(155, 22.067917220978064)	(160, 21.574788458089888)	(165, 21.105624853168298)	(170, 20.573810645837067)	(175, 19.99135204716408)	(180, 19.298473506347996)	(185, 18.553192903145987)	(190, 17.7494412402118)	(195, 17.248402679600368)	(200, 16.829737781169676)	(205, 16.579616631983107)	(210, 16.374024724720968)	(215, 16.213754429278204)	(220, 16.095652391497453)	(225, 16.185917223758306)	(230, 16.42060717775915)	(235, 16.48642948394478)	(240, 16.258978176464943)	(245, 15.783403326007388)	(250, 15.658732541797512)
SRR908430_2_paired	(1, 31.980936579419634)	(2, 32.14321606338672)	(3, 32.314563369789724)	(4, 32.43650492669217)	(5, 32.67308773236718)	(6, 34.520184200724614)	(7, 34.708346595334035)	(8, 34.94132665154234)	(9, 35.13203873632885)	(10, 36.19184031422476)	(15, 37.25643111096062)	(20, 37.49183015609657)	(25, 37.99625774557275)	(30, 38.01559882165713)	(35, 37.93390647749975)	(40, 37.643495073307825)	(45, 36.739553719567944)	(50, 36.686624968076366)	(55, 37.39471346936509)	(60, 37.01398041864941)	(65, 36.858698756002305)	(70, 37.04017533208849)	(75, 37.02768956529278)	(80, 37.00191487524819)	(85, 36.89908369518942)	(90, 36.83494835292554)	(95, 36.87298971999526)	(100, 36.81902227946954)	(105, 36.86613101873812)	(110, 36.8443498721022)	(115, 36.80374510321549)	(120, 36.69352667772592)	(125, 36.640885363789074)	(130, 36.55245801804472)	(135, 36.431679046927925)	(140, 36.240240970584395)	(145, 36.021517291785514)	(150, 35.76961772115966)	(155, 35.50295241098018)	(160, 35.119749151710174)	(165, 34.83525067609369)	(170, 34.420833607487694)	(175, 33.9319512328171)	(180, 33.02459907779094)	(185, 31.711065203201592)	(190, 29.61143915330399)	(195, 28.03862479792182)	(200, 27.19738993051981)	(205, 27.047772164541065)	(210, 26.825676747370682)	(215, 26.657387585230783)	(220, 26.35838949283944)	(225, 25.89919389619876)	(230, 26.37216986120602)	(235, 25.65569484332401)	(240, 26.16958249281741)	(245, 28.643333333333334)	(250, 32.45)
SRR908431_1	(1, 32.7245397228701)	(2, 33.17130647514838)	(3, 33.22613264948928)	(4, 33.31944471758001)	(5, 33.27983787546854)	(6, 34.216958572108446)	(7, 34.16119434098069)	(8, 34.0947889667216)	(9, 34.304355179371406)	(10, 35.827064019917486)	(15, 37.377350943366544)	(20, 37.53393798992326)	(25, 37.84404107784102)	(30, 37.65427553304045)	(35, 37.22027539931328)	(40, 37.2694012562488)	(45, 37.13278242982274)	(50, 36.96287851672966)	(55, 36.91921777470118)	(60, 36.997739617461626)	(65, 36.73814960924133)	(70, 36.76157782331494)	(75, 31.711816368992608)	(80, 28.272585929541513)	(85, 27.856997667640776)	(90, 27.666047850729008)	(95, 27.51113908019304)	(100, 27.358300327631575)	(105, 27.29070478153306)	(110, 27.061068873427235)	(115, 26.742071355246235)	(120, 26.42416253357929)	(125, 26.103034426880733)	(130, 25.800371682877806)	(135, 25.491726221145413)	(140, 25.162787660915086)	(145, 24.858278695294768)	(150, 24.527435702795295)	(155, 24.183306522346204)	(160, 23.824808750476894)	(165, 23.460505646039906)	(170, 23.152834426094103)	(175, 22.803922925950545)	(180, 22.470660258250767)	(185, 22.12659676144252)	(190, 21.733610751664706)	(195, 21.219558778992248)	(200, 20.709043890044804)	(205, 20.15658350671979)	(210, 19.50561890115595)	(215, 18.90523817202821)	(220, 18.397520934202298)	(225, 18.032760404170716)	(230, 17.66801167359557)	(235, 17.3237538790713)	(240, 17.06545787790709)	(245, 16.855589599172465)	(250, 16.813614802811415)
SRR908431_1_paired	(1, 33.048978747701454)	(2, 33.524559060888485)	(3, 33.71630182130445)	(4, 33.75289426003606)	(5, 33.69313425320223)	(6, 34.95950508715376)	(7, 34.88851872333347)	(8, 34.834814744878)	(9, 34.950364845362216)	(10, 36.080648134410566)	(15, 37.73113931562833)	(20, 37.82264783767866)	(25, 37.948214887848835)	(30, 37.744997594673215)	(35, 37.98257464380932)	(40, 37.9440363631459)	(45, 37.74579337568507)	(50, 37.22627875962104)	(55, 36.934143919599975)	(60, 36.87633185254195)	(65, 37.36325884920022)	(70, 37.26897274776286)	(75, 37.25939729591529)	(80, 37.329282357909804)	(85, 37.298510538430506)	(90, 37.25947803054947)	(95, 37.238212298851906)	(100, 37.228350857942765)	(105, 37.19838946073678)	(110, 37.1730705085383)	(115, 37.12275997064135)	(120, 37.077659220953294)	(125, 37.00089563829914)	(130, 36.95037180880176)	(135, 36.88558728621543)	(140, 36.803298601694884)	(145, 36.7478062647386)	(150, 36.682006785772245)	(155, 36.618071117557434)	(160, 36.59488128663896)	(165, 36.60295135937729)	(170, 36.65951737349954)	(175, 36.730928650111196)	(180, 36.84222924711905)	(185, 36.8485054292514)	(190, 36.75029965472717)	(195, 36.28266118314013)	(200, 35.604663481716436)	(205, 34.45342243691831)	(210, 32.35737080757638)	(215, 30.634811439682494)	(220, 29.0055149897941)	(225, 26.938106936923806)	(230, 26.568136121553273)	(235, 26.360975797981524)	(240, 26.70582317403082)	(245, 26.473163881060316)	(250, 28.984)
SRR908431_2	(1, 32.235009773883085)	(2, 32.429917128484284)	(3, 32.48148468627212)	(4, 32.37275662834465)	(5, 32.567587286479004)	(6, 33.627127343667034)	(7, 33.59421865966041)	(8, 33.69944227902568)	(9, 33.75918489354924)	(10, 35.31484410951469)	(15, 36.494111284606824)	(20, 36.70696875897251)	(25, 37.21172511986281)	(30, 37.14282494719744)	(35, 37.21612435053825)	(40, 36.821737351965986)	(45, 36.09601217703904)	(50, 35.6808919602437)	(55, 36.41098844046584)	(60, 36.53237102210825)	(65, 35.34643164771543)	(70, 29.55373944440293)	(75, 27.17632675054769)	(80, 27.0983284103379)	(85, 26.78651164803008)	(90, 26.489885112625814)	(95, 26.33040562598083)	(100, 26.162561504666684)	(105, 25.954599624777284)	(110, 25.65099961061794)	(115, 25.33452166970175)	(120, 24.95861104665112)	(125, 24.61212158159914)	(130, 24.24219131638669)	(135, 23.861332394621023)	(140, 23.460674378266976)	(145, 23.047958890693767)	(150, 22.5946355737879)	(155, 22.084375159784305)	(160, 21.59329672879736)	(165, 21.14700313472226)	(170, 20.622278160386077)	(175, 20.043960054906805)	(180, 19.367762311749505)	(185, 18.559780766099372)	(190, 17.596211587852853)	(195, 16.94833607998458)	(200, 16.406540438703793)	(205, 16.12566893085125)	(210, 16.020642362408505)	(215, 15.990735853435018)	(220, 16.12974642968114)	(225, 16.37081522444533)	(230, 16.603386050682598)	(235, 16.541560832097666)	(240, 16.308422452005708)	(245, 15.948387210962483)	(250, 15.858628745835775)
SRR908431_2_paired	(1, 32.79403658794279)	(2, 33.04977452871331)	(3, 33.28448496783157)	(4, 33.247622772824755)	(5, 33.37756437059117)	(6, 34.52671711109013)	(7, 34.549803752309785)	(8, 34.62911209722016)	(9, 34.7247047292771)	(10, 35.94076781627799)	(15, 37.517544498545554)	(20, 37.66085251974841)	(25, 37.88824896705827)	(30, 37.888683274661346)	(35, 37.85955319368951)	(40, 37.67873556241936)	(45, 37.12391614176592)	(50, 36.679110427643124)	(55, 37.07236738105955)	(60, 36.8649593898316)	(65, 36.80933898156088)	(70, 36.91850340667917)	(75, 36.878867662770496)	(80, 36.816239380963864)	(85, 36.716366371038056)	(90, 36.60291860080219)	(95, 36.55389382306321)	(100, 36.44188201803614)	(105, 36.38487282089398)	(110, 36.26630338683189)	(115, 36.18626771560747)	(120, 36.003333853400655)	(125, 35.82951586003583)	(130, 35.63015989824106)	(135, 35.37332422863366)	(140, 35.085692271329734)	(145, 34.76997218301769)	(150, 34.37975786300145)	(155, 33.87280798493203)	(160, 33.42689975443237)	(165, 33.0776556207196)	(170, 32.58827260772104)	(175, 32.03238850240378)	(180, 31.294821457842215)	(185, 30.28475030682251)	(190, 28.854188097470256)	(195, 27.848692911020258)	(200, 27.131442415222807)	(205, 27.009985260050673)	(210, 26.7276234255519)	(215, 26.952493250453983)	(220, 26.71923835530338)	(225, 26.46978816722658)	(230, 26.568318422318423)	(235, 26.954004212004214)	(240, 31.029807692307692)	(245, 33.913333333333334)	(250, 31.5)
SRR908432_1	(1, 32.59865431453994)	(2, 32.950379984088016)	(3, 32.98759987699937)	(4, 33.01308834080936)	(5, 32.91889035860541)	(6, 34.447124372184284)	(7, 34.30623984146585)	(8, 34.030049737159366)	(9, 34.132477047203935)	(10, 35.475391088311525)	(15, 37.17323272011988)	(20, 37.28761207944279)	(25, 37.63719060704715)	(30, 37.60618615071482)	(35, 37.01057756605183)	(40, 36.509883002972515)	(45, 36.63233061788292)	(50, 36.87348067377012)	(55, 37.02740424742651)	(60, 37.235971826998636)	(65, 36.81999053090391)	(70, 37.02921069715)	(75, 30.280783104008748)	(80, 23.827939202545917)	(85, 23.320241413140568)	(90, 23.096829317102458)	(95, 22.877210228576168)	(100, 22.678128828516627)	(105, 22.648184032370644)	(110, 22.431245576614266)	(115, 22.079092333448852)	(120, 21.74156005798601)	(125, 21.463266740532127)	(130, 21.202700156679374)	(135, 20.945438482601755)	(140, 20.681239963490288)	(145, 20.43713740439386)	(150, 20.202350190602168)	(155, 19.96678690140914)	(160, 19.735710206611774)	(165, 19.49132991990316)	(170, 19.254409230904393)	(175, 19.01008605163098)	(180, 18.787647710577566)	(185, 18.58885184769398)	(190, 18.36889450743617)	(195, 18.117733078871716)	(200, 17.853108450436117)	(205, 17.611052485149628)	(210, 17.504620821273257)	(215, 17.319125133616758)	(220, 17.190195580763092)	(225, 17.157970880089028)	(230, 16.960232236903117)	(235, 16.775760578298197)	(240, 16.58812214157763)	(245, 16.471548782928295)	(250, 16.394680710865543)
SRR908432_1_paired	(1, 32.93119857625545)	(2, 33.2955043718243)	(3, 33.48078460705166)	(4, 33.504307343117276)	(5, 33.41763173505971)	(6, 35.332336024348095)	(7, 35.286244873745844)	(8, 35.2979159681205)	(9, 35.35935364060767)	(10, 36.29270588842176)	(15, 37.60101880271337)	(20, 37.76783162673132)	(25, 37.964042712336536)	(30, 37.683100771194965)	(35, 38.00228005468004)	(40, 37.978197621933916)	(45, 37.745221944236675)	(50, 37.45264196661774)	(55, 37.164402304108286)	(60, 37.09967878477003)	(65, 37.68734475428486)	(70, 37.45529254120423)	(75, 37.47089744446872)	(80, 37.64361653478554)	(85, 37.641168068867984)	(90, 37.565404440597874)	(95, 37.569012000758114)	(100, 37.55305559094904)	(105, 37.53575176002542)	(110, 37.52639432020901)	(115, 37.50033661140456)	(120, 37.440700754261876)	(125, 37.36132025870656)	(130, 37.31338020714946)	(135, 37.24821610334247)	(140, 37.13916952405947)	(145, 37.08852286301344)	(150, 37.00064580605069)	(155, 36.923262970211695)	(160, 36.858375232367266)	(165, 36.827865959336194)	(170, 36.84489518894477)	(175, 36.878418787402055)	(180, 36.979180340295116)	(185, 36.96593258850714)	(190, 36.79626517232713)	(195, 36.04939738887703)	(200, 35.06355996987877)	(205, 33.71445456481207)	(210, 31.47093970099761)	(215, 29.558943027580902)	(220, 27.98203431739457)	(225, 26.57640270619718)	(230, 26.544990913455678)	(235, 26.33007593678351)	(240, 26.568837616362487)	(245, 26.814525950190905)	(250, 28.467502389530182)
SRR908432_2	(1, 31.743890236580974)	(2, 31.818256807743182)	(3, 31.995092177257575)	(4, 31.733908637865646)	(5, 31.97423820145746)	(6, 33.58570752207422)	(7, 33.5484241764571)	(8, 33.51488698096907)	(9, 33.55367854859257)	(10, 34.95361704827774)	(15, 36.14107537693347)	(20, 36.21746608940974)	(25, 36.97916945289124)	(30, 36.98792885487391)	(35, 37.026986923861635)	(40, 36.68801866485745)	(45, 35.58776143735021)	(50, 35.19505459373185)	(55, 36.02772492763951)	(60, 36.67024995485096)	(65, 35.672749015262816)	(70, 27.560127295889732)	(75, 22.561538386446504)	(80, 22.62185604045354)	(85, 22.221488014760077)	(90, 21.84154297456523)	(95, 21.723132904132726)	(100, 21.674299213674548)	(105, 21.49587410983175)	(110, 21.205437408786736)	(115, 20.913476378510033)	(120, 20.629890129199474)	(125, 20.362133865685266)	(130, 20.094674365594965)	(135, 19.827566295875084)	(140, 19.561170848850775)	(145, 19.30837038808651)	(150, 19.056828731385174)	(155, 18.787642341502462)	(160, 18.485693367239854)	(165, 18.192331984556585)	(170, 17.901960688608284)	(175, 17.600902492715143)	(180, 17.280413614022073)	(185, 16.96931622388067)	(190, 16.59472073487995)	(195, 16.33491265491002)	(200, 16.042612884804054)	(205, 15.84815035362681)	(210, 15.719058752324566)	(215, 15.63959985747546)	(220, 15.579787384625897)	(225, 15.671921689599126)	(230, 15.86701825973633)	(235, 15.936887986450406)	(240, 15.748283604308927)	(245, 15.370645314017679)	(250, 15.290108211268224)
SRR908432_2_paired	(1, 32.17852260710325)	(2, 32.23651698434397)	(3, 32.46453534858528)	(4, 32.59375564210364)	(5, 32.655773645250314)	(6, 34.33984163421114)	(7, 34.48266745763586)	(8, 34.648448582703566)	(9, 34.8269196048593)	(10, 35.99857625544866)	(15, 37.30376312192102)	(20, 37.49540378117665)	(25, 37.89663150292745)	(30, 37.931435867014)	(35, 37.85926336694952)	(40, 37.61869954347322)	(45, 36.84645740372959)	(50, 36.65312912244523)	(55, 37.2420908289802)	(60, 36.9360740489323)	(65, 36.80918005667403)	(70, 36.962777268325276)	(75, 36.98730763640471)	(80, 36.93952473260164)	(85, 36.80974921460712)	(90, 36.72455216783128)	(95, 36.7053526658416)	(100, 36.637758247535594)	(105, 36.63704293937709)	(110, 36.561283487817704)	(115, 36.523616811096154)	(120, 36.37536854966671)	(125, 36.24922853934315)	(130, 36.09267414039059)	(135, 35.935588920287394)	(140, 35.73485699634104)	(145, 35.47136341702655)	(150, 35.16611244175634)	(155, 34.83703383831754)	(160, 34.423151559630426)	(165, 34.11238307150772)	(170, 33.68117187438541)	(175, 33.25159671826917)	(180, 32.53209530858299)	(185, 31.318414764531735)	(190, 29.507789536505534)	(195, 28.092573308703003)	(200, 27.176489557373497)	(205, 26.931585730740874)	(210, 26.824830993985564)	(215, 26.660119355511974)	(220, 25.88391209773659)	(225, 26.358721666043387)	(230, 25.12976667763902)	(235, 25.582727272727276)	(240, 28.21333333333333)	(245, 30.5)	(250, 31.0)
SRR908433_1	(1, 32.479181459950844)	(2, 32.83837930630877)	(3, 32.864831649174825)	(4, 32.90200538410519)	(5, 32.808115173032654)	(6, 34.2290624634232)	(7, 34.13711521204791)	(8, 33.935086418789744)	(9, 34.09998049237252)	(10, 35.353230853263625)	(15, 37.07733681869611)	(20, 37.2575631071749)	(25, 37.636129686707505)	(30, 37.47957395341579)	(35, 37.359281339003545)	(40, 36.87186375872966)	(45, 36.1081768171355)	(50, 36.23254262416605)	(55, 36.52586711404159)	(60, 36.80959385119582)	(65, 36.27594631500917)	(70, 37.00260621903164)	(75, 30.418310639460024)	(80, 22.72155748897819)	(85, 21.96142873863681)	(90, 21.818966876048535)	(95, 21.638073426709845)	(100, 21.50630876672779)	(105, 21.46366275213608)	(110, 21.279838476844446)	(115, 20.92156685263938)	(120, 20.589817798759317)	(125, 20.33338067184269)	(130, 20.072027622800515)	(135, 19.84730521633959)	(140, 19.621760368304006)	(145, 19.42362295657602)	(150, 19.202007725020486)	(155, 19.015345480082715)	(160, 18.823962389294213)	(165, 18.6623229682806)	(170, 18.517927509656275)	(175, 18.32942374468417)	(180, 18.165070422535212)	(185, 18.018668799500603)	(190, 17.84153564043541)	(195, 17.68944715383715)	(200, 17.492047130428)	(205, 17.31827552573056)	(210, 17.27686083258554)	(215, 17.1585657992275)	(220, 17.0682884007647)	(225, 17.053883188326637)	(230, 16.863407592368617)	(235, 16.680966017712926)	(240, 16.51472825874917)	(245, 16.39697553743514)	(250, 16.309687487807732)
SRR908433_1_paired	(1, 32.6717719568567)	(2, 33.02625577812019)	(3, 33.23993836671803)	(4, 33.32354391371341)	(5, 33.24902927580894)	(6, 35.24249614791988)	(7, 35.18659476117103)	(8, 35.203882896764256)	(9, 35.27140215716487)	(10, 36.20504776579353)	(15, 37.60743913713405)	(20, 37.74695839753467)	(25, 37.924782742681046)	(30, 37.63625269645608)	(35, 37.957892141756545)	(40, 37.939297380585515)	(45, 37.71263482280431)	(50, 37.402417753954445)	(55, 37.02436343864849)	(60, 36.96793342599837)	(65, 37.5193449093929)	(70, 37.30007687510908)	(75, 37.32723491991143)	(80, 37.485956089016135)	(85, 37.49202871009923)	(90, 37.45650105610989)	(95, 37.43801227543932)	(100, 37.461710613073805)	(105, 37.441562907705155)	(110, 37.4256839337498)	(115, 37.3862678866429)	(120, 37.358926251912635)	(125, 37.27090601961399)	(130, 37.24838619613303)	(135, 37.163758064753644)	(140, 37.07977806681526)	(145, 37.0142678704333)	(150, 36.949461142676334)	(155, 36.84727960406617)	(160, 36.76741125632522)	(165, 36.743635500472706)	(170, 36.75956426123842)	(175, 36.779261822642916)	(180, 36.82704449217447)	(185, 36.81512935530376)	(190, 36.69070605247407)	(195, 36.05790506991151)	(200, 35.30701565701469)	(205, 33.95819850760334)	(210, 31.443131785113337)	(215, 29.732988691707373)	(220, 28.014106367117773)	(225, 26.79625113911361)	(230, 26.665549576083965)	(235, 26.44244137026562)	(240, 26.489537450951225)	(245, 26.292122754114803)	(250, 29.488979520999653)
SRR908433_2	(1, 31.687214700948072)	(2, 31.76330615270571)	(3, 31.899442081854005)	(4, 31.693808279037103)	(5, 31.932589442472008)	(6, 33.380269985564354)	(7, 33.47401974171901)	(8, 33.47178026608404)	(9, 33.54679099527915)	(10, 34.886128516249855)	(15, 36.10015137918926)	(20, 36.070132261714335)	(25, 36.89859857204167)	(30, 36.9477304826187)	(35, 36.975327533065425)	(40, 36.64669345714175)	(45, 35.553782528968824)	(50, 35.02672388904062)	(55, 35.800269205259255)	(60, 36.646153486013034)	(65, 35.810385080566505)	(70, 27.500367523701765)	(75, 21.316077406265848)	(80, 21.43285708712106)	(85, 21.057084780149037)	(90, 20.694936600210685)	(95, 20.596163239826772)	(100, 20.599552104873005)	(105, 20.42047832702587)	(110, 20.135372010456088)	(115, 19.868436658733565)	(120, 19.61106238539269)	(125, 19.37057625531583)	(130, 19.143391205961528)	(135, 18.911553197300144)	(140, 18.685007217822168)	(145, 18.482516483945222)	(150, 18.2669611017908)	(155, 18.071094377901762)	(160, 17.859998439389802)	(165, 17.675192540283252)	(170, 17.452038547071908)	(175, 17.21567008700402)	(180, 16.954721236003277)	(185, 16.706279895439117)	(190, 16.405381764269833)	(195, 16.169473684210526)	(200, 15.901832936678241)	(205, 15.724056806211228)	(210, 15.601746322812222)	(215, 15.533887089852133)	(220, 15.470517732433382)	(225, 15.538280987866255)	(230, 15.704691194256956)	(235, 15.765099293823885)	(240, 15.584227693027973)	(245, 15.24558074207015)	(250, 15.165758261480239)
SRR908433_2_paired	(1, 32.321294298921416)	(2, 32.19383667180277)	(3, 32.42249614791988)	(4, 32.569522342064715)	(5, 32.72887519260401)	(6, 34.243328197226504)	(7, 34.45725731895224)	(8, 34.62261941448382)	(9, 34.780061633281974)	(10, 35.96053004622497)	(15, 37.2824530046225)	(20, 37.44893066255778)	(25, 37.8257935285054)	(30, 37.86293990755008)	(35, 37.762385208012326)	(40, 37.53993220338983)	(45, 36.78438828967642)	(50, 36.56320234222123)	(55, 37.14721796120099)	(60, 36.88614870293227)	(65, 36.806288013078166)	(70, 36.965160633954255)	(75, 36.95980766082624)	(80, 36.905117870024064)	(85, 36.771068859996674)	(90, 36.709969159883016)	(95, 36.69136526865618)	(100, 36.62835597852846)	(105, 36.60291323526879)	(110, 36.5128000353452)	(115, 36.49180010940813)	(120, 36.33709500011869)	(125, 36.19979256034584)	(130, 36.016949949745836)	(135, 35.8413280542249)	(140, 35.62581654363087)	(145, 35.39995760562652)	(150, 35.09137593990819)	(155, 34.755481912135146)	(160, 34.3484320094624)	(165, 34.16871473709703)	(170, 33.77307824304041)	(175, 33.405651166211186)	(180, 32.635548767982)	(185, 31.33760591628957)	(190, 29.563577008512016)	(195, 28.118025895035192)	(200, 27.26808523229867)	(205, 27.22505736208393)	(210, 26.855382461233553)	(215, 26.896165698554363)	(220, 26.299884907071117)	(225, 25.9894798459821)	(230, 25.746665959437696)	(235, 24.336111111111112)	(240, 19.625714285714288)		
SRR908434_1	(1, 32.48773627362736)	(2, 32.811425517551754)	(3, 32.885677317731776)	(4, 32.907583258325836)	(5, 32.785592934293426)	(6, 34.47484810981098)	(7, 34.44209045904591)	(8, 34.29054905490549)	(9, 34.43498537353735)	(10, 35.266922817281724)	(15, 37.043119936993705)	(20, 37.235906840684066)	(25, 37.56503600360036)	(30, 37.574432943294326)	(35, 37.57917079207921)	(40, 37.2670803330333)	(45, 36.24884450945095)	(50, 36.74013838883888)	(55, 37.022465121512155)	(60, 37.22274189918992)	(65, 36.973764626462646)	(70, 37.376453645364535)	(75, 32.06275427542754)	(80, 22.815986723672363)	(85, 21.849194419441947)	(90, 21.72604410441044)	(95, 21.525779702970297)	(100, 21.41424504950495)	(105, 21.38974122412241)	(110, 21.23251800180018)	(115, 20.863456345634564)	(120, 20.50391764176418)	(125, 20.23920904590459)	(130, 19.985838208820883)	(135, 19.75820882088209)	(140, 19.532764401440144)	(145, 19.31878825382538)	(150, 19.104016651665166)	(155, 18.90646264626463)	(160, 18.71942619261926)	(165, 18.538593609360937)	(170, 18.40325495049505)	(175, 18.214943744374438)	(180, 18.057924167416743)	(185, 17.91253825382538)	(190, 17.765033753375338)	(195, 17.64485598559856)	(200, 17.477946669666967)	(205, 17.302513501350134)	(210, 17.327414491449144)	(215, 17.215138388838884)	(220, 17.12793429342934)	(225, 17.098376462646264)	(230, 16.904884113411338)	(235, 16.70975810081008)	(240, 16.51746287128713)	(245, 16.392330108010803)	(250, 16.293356210621063)
SRR908434_1_paired	(1, 32.191058394160585)	(2, 32.64060218978102)	(3, 32.91345802919708)	(4, 33.1036496350365)	(5, 33.05396897810219)	(6, 35.19498175182482)	(7, 35.128649635036496)	(8, 35.12413321167883)	(9, 35.14844890510949)	(10, 36.11829379562043)	(15, 37.67532846715329)	(20, 37.77275547445255)	(25, 37.92113138686131)	(30, 37.662937956204374)	(35, 37.947910583941606)	(40, 37.91535583941605)	(45, 37.7189598540146)	(50, 37.336183072404964)	(55, 36.772093385197735)	(60, 36.697164248806686)	(65, 37.18548641709793)	(70, 37.003124478805645)	(75, 37.00680202241471)	(80, 37.13943518706208)	(85, 37.12071912940356)	(90, 37.0725874025873)	(95, 37.049564117325836)	(100, 37.03436284241091)	(105, 36.9911913211573)	(110, 36.9794578539877)	(115, 36.937825552258744)	(120, 36.86814861413901)	(125, 36.78960953803115)	(130, 36.728620399940795)	(135, 36.67511446820613)	(140, 36.60171665320074)	(145, 36.52639149146374)	(150, 36.440863096194626)	(155, 36.36211498024583)	(160, 36.31369925528595)	(165, 36.297578794258435)	(170, 36.27528854264666)	(175, 36.25674036863225)	(180, 36.304142288190306)	(185, 36.27261173893818)	(190, 36.150975500606805)	(195, 35.72012374797753)	(200, 35.197634271546505)	(205, 34.146807969222216)	(210, 32.15947787340325)	(215, 30.65646885764996)	(220, 29.07703886727769)	(225, 27.348145873855486)	(230, 26.42787269930806)	(235, 25.577233933006546)	(240, 26.310776343154163)	(245, 25.74516747711953)	(250, 27.96439393939394)
SRR908434_2	(1, 32.17017889288929)	(2, 32.23906390639064)	(3, 32.4473897389739)	(4, 32.09947119711971)	(5, 32.33624549954995)	(6, 34.122350360036)	(7, 34.23879387938794)	(8, 34.26230873087309)	(9, 34.30940594059406)	(10, 35.252132088208825)	(15, 36.67692506750675)	(20, 36.55681480648065)	(25, 37.38699594959496)	(30, 37.458369711971194)	(35, 37.427352610261025)	(40, 37.31487961296129)	(45, 36.34823919891989)	(50, 35.83103172817282)	(55, 36.27732110711071)	(60, 37.27147614761476)	(65, 36.870050630063005)	(70, 29.915175517551756)	(75, 21.086110486048607)	(80, 21.307039828982898)	(85, 20.94565819081908)	(90, 20.53080108010801)	(95, 20.392117461746174)	(100, 20.45436318631863)	(105, 20.306782178217823)	(110, 19.99221759675968)	(115, 19.72861723672367)	(120, 19.457019576957695)	(125, 19.210879837983796)	(130, 18.975104635463545)	(135, 18.747100585058504)	(140, 18.5320904590459)	(145, 18.32038928892889)	(150, 18.119620837083705)	(155, 17.906002475247526)	(160, 17.71503487848785)	(165, 17.531362511251125)	(170, 17.31985711071107)	(175, 17.10946219621962)	(180, 16.865112511251123)	(185, 16.67005063006301)	(190, 16.380397164716474)	(195, 16.177062331233124)	(200, 15.868725247524754)	(205, 15.669769351935193)	(210, 15.557952295229523)	(215, 15.51863298829883)	(220, 15.497572007200722)	(225, 15.644965121512152)	(230, 15.848403465346536)	(235, 15.930865211521155)	(240, 15.742429117911792)	(245, 15.3695600810081)	(250, 15.276021039603961)
SRR908434_2_paired	(1, 32.69534671532847)	(2, 32.746532846715326)	(3, 32.95533759124088)	(4, 32.769890510948905)	(5, 32.885766423357666)	(6, 34.36190693430657)	(7, 34.45497262773723)	(8, 34.5952098540146)	(9, 34.737317518248176)	(10, 35.95193430656934)	(15, 37.44556569343066)	(20, 37.60326642335766)	(25, 37.88447992700729)	(30, 37.91475364963504)	(35, 37.840155109489054)	(40, 37.6397901459854)	(45, 36.9996806569343)	(50, 36.66042961171688)	(55, 37.0944585167398)	(60, 36.81861024304395)	(65, 36.70991711750254)	(70, 36.8670239817074)	(75, 36.85899961191969)	(80, 36.81796363121102)	(85, 36.72323487054315)	(90, 36.61077725672716)	(95, 36.60630115921018)	(100, 36.525673729953404)	(105, 36.50312011559958)	(110, 36.429479414703394)	(115, 36.38468052785288)	(120, 36.207212895898905)	(125, 36.05229471603737)	(130, 35.857731419932385)	(135, 35.60344096519206)	(140, 35.36630676251637)	(145, 35.10076183235355)	(150, 34.76580528368978)	(155, 34.30083458199901)	(160, 33.842199479489594)	(165, 33.55056940270755)	(170, 33.0855349272516)	(175, 32.537709784393165)	(180, 31.7109519723957)	(185, 30.59770906999549)	(190, 28.809422019017962)	(195, 27.930677558517107)	(200, 27.167725203821448)	(205, 26.816622187980396)	(210, 26.870907642210135)	(215, 28.14071076400333)	(220, 26.47313021729649)	(225, 25.71878296839277)	(230, 25.75)	(235, 23.483333333333334)	(240, 23.875)		
SRR908435_1	(1, 32.71438437171757)	(2, 33.069775616372645)	(3, 33.20135391079241)	(4, 33.2407389028112)	(5, 33.136300854361544)	(6, 34.692189994127816)	(7, 34.636255365605535)	(8, 34.555996658644105)	(9, 34.69010991737588)	(10, 35.850189812172786)	(15, 37.29696796764509)	(20, 37.456909742037396)	(25, 37.74738605066621)	(30, 37.535537470328926)	(35, 37.58757660720046)	(40, 37.434552431994305)	(45, 37.11288489690593)	(50, 37.0515710162188)	(55, 37.002386919087904)	(60, 36.99474811635197)	(65, 37.022200167067794)	(70, 36.882471114639934)	(75, 33.27931667617795)	(80, 30.188536006418055)	(85, 29.888892472851484)	(90, 29.749464473281556)	(95, 29.620191218188886)	(100, 29.523459792075034)	(105, 29.468236442283036)	(110, 29.287713900536765)	(115, 29.038409051435377)	(120, 28.769209074593288)	(125, 28.49588202697897)	(130, 28.24174296371651)	(135, 27.959888842021684)	(140, 27.6384065702305)	(145, 27.340029278217504)	(150, 27.003605190680595)	(155, 26.643553416205577)	(160, 26.263915010462416)	(165, 25.87302103234664)	(170, 25.52376498027442)	(175, 25.123695506537977)	(180, 24.709094442928155)	(185, 24.271029451901846)	(190, 23.756629365886738)	(195, 23.07152734701304)	(200, 22.363851326204006)	(205, 21.544050484248487)	(210, 20.56144455747711)	(215, 19.721340016045126)	(220, 19.07948539810932)	(225, 18.63509250758835)	(230, 18.268472983814274)	(235, 17.96207147524171)	(240, 17.69344631086189)	(245, 17.49690676459155)	(250, 17.311496662779447)
SRR908435_1_paired	(1, 32.967878573949875)	(2, 33.34434639369338)	(3, 33.534588382947014)	(4, 33.5539083029376)	(5, 33.45370827940542)	(6, 35.322477154175004)	(7, 35.29011256226223)	(8, 35.29816056790995)	(9, 35.38607679334824)	(10, 36.29766796093658)	(15, 37.623823979291686)	(20, 37.768366474487195)	(25, 37.97390594971957)	(30, 37.70057026316822)	(35, 38.02726438404518)	(40, 38.007574224418555)	(45, 37.79495313174099)	(50, 37.4925313491155)	(55, 37.241831628926434)	(60, 37.17672090314065)	(65, 37.71250569633326)	(70, 37.487114431466004)	(75, 37.50658690841022)	(80, 37.67300056454049)	(85, 37.67832136355552)	(90, 37.651153538641985)	(95, 37.643581267816174)	(100, 37.6517562978352)	(105, 37.63816069637102)	(110, 37.63448281809393)	(115, 37.61664555155569)	(120, 37.58640907392779)	(125, 37.536703145005745)	(130, 37.51744679618191)	(135, 37.47979954461449)	(140, 37.40085674572835)	(145, 37.36747602281547)	(150, 37.29658588127994)	(155, 37.22434241025386)	(160, 37.18451559805992)	(165, 37.14885093784778)	(170, 37.16093106030981)	(175, 37.15899300475001)	(180, 37.185999855555075)	(185, 37.12504469107756)	(190, 36.933109655349256)	(195, 36.25794834068086)	(200, 35.38157137846808)	(205, 33.949204130306114)	(210, 31.599223105998902)	(215, 29.70474268241761)	(220, 28.154121951644584)	(225, 26.873536076477137)	(230, 26.46768815116123)	(235, 26.422121384965067)	(240, 26.637705958019286)	(245, 26.7971056719054)	(250, 28.54674064971248)
SRR908435_2	(1, 31.72956107485795)	(2, 31.698115938433038)	(3, 31.882614197454284)	(4, 31.72602122257235)	(5, 32.091721873475095)	(6, 33.50377143140709)	(7, 33.486216906930004)	(8, 33.76961599219248)	(9, 33.757334028070694)	(10, 35.05887568336517)	(15, 36.23627438817623)	(20, 36.36879140510632)	(25, 36.953034927093924)	(30, 36.91577632765137)	(35, 36.9157465531929)	(40, 36.61585489913902)	(45, 35.6950954850342)	(50, 35.38670156894855)	(55, 36.11439016119561)	(60, 36.34657386960441)	(65, 35.64397687517059)	(70, 31.479760811850234)	(75, 28.878799758496058)	(80, 28.810960308992712)	(85, 28.522561595910975)	(90, 28.244268830277313)	(95, 28.141088752698312)	(100, 27.993563754559215)	(105, 27.829249270112236)	(110, 27.56253049814323)	(115, 27.28276803215641)	(120, 26.95192500144737)	(125, 26.665330124308365)	(130, 26.334315890463074)	(135, 25.97832171302385)	(140, 25.59176818929939)	(145, 25.20293278415999)	(150, 24.765568319976182)	(155, 24.28317743096047)	(160, 23.775276447576278)	(165, 23.275331861151773)	(170, 22.699755187785858)	(175, 22.03513303393461)	(180, 21.14921635279425)	(185, 20.08195006161659)	(190, 18.85792207362562)	(195, 18.050683571942535)	(200, 17.46180350511542)	(205, 17.163039145142214)	(210, 16.960481022918064)	(215, 16.796340222812198)	(220, 16.69909270608474)	(225, 16.780279383668706)	(230, 16.968257946058607)	(235, 16.943679957654105)	(240, 16.688854427710098)	(245, 16.234998221803174)	(250, 16.115562116964)
SRR908435_2_paired	(1, 32.2581558614739)	(2, 32.25691649998039)	(3, 32.65120602423814)	(4, 32.510491430364354)	(5, 32.87255755579088)	(6, 34.402251245244535)	(7, 34.56804329921167)	(8, 34.76232497940934)	(9, 34.940855786955325)	(10, 36.092374789190885)	(15, 37.34791544103227)	(20, 37.5440090991097)	(25, 37.961830803623954)	(30, 37.99622386947484)	(35, 37.93365180217281)	(40, 37.701811193473745)	(45, 36.91338745734792)	(50, 36.71410706989546)	(55, 37.33716143759183)	(60, 37.06234172334479)	(65, 36.95252283178969)	(70, 37.08383026455924)	(75, 37.05722206469601)	(80, 37.0090148391835)	(85, 36.908119413943645)	(90, 36.813451679888026)	(95, 36.82413827115868)	(100, 36.735070203152716)	(105, 36.76531292287375)	(110, 36.685203064991825)	(115, 36.64560964466902)	(120, 36.523832258570295)	(125, 36.41567180556253)	(130, 36.3243844887802)	(135, 36.156996926630725)	(140, 35.95387337229451)	(145, 35.737779499759384)	(150, 35.49993483058209)	(155, 35.20254107430389)	(160, 34.898385534545426)	(165, 34.601933674418824)	(170, 34.29206452234921)	(175, 33.84065669163317)	(180, 32.97090967609362)	(185, 31.698383830878175)	(190, 29.697998493145025)	(195, 28.098260265643482)	(200, 27.298757448905196)	(205, 27.05474098071316)	(210, 26.859935134852897)	(215, 26.698123397157143)	(220, 26.438383534462655)	(225, 25.938782234117802)	(230, 26.205511973010687)	(235, 26.028005226480836)	(240, 28.090476190476192)	(245, 30.009444444444444)	(250, 34.83333333333333)
SRR908436_1	(1, 32.46931267596412)	(2, 32.82883192562038)	(3, 32.91270952006809)	(4, 32.94812741439141)	(5, 32.8370981470569)	(6, 34.43675112944412)	(7, 34.35864761343547)	(8, 34.16416224710273)	(9, 34.31677633732731)	(10, 35.36804573430236)	(15, 37.124692267399986)	(20, 37.27177617363976)	(25, 37.6055449158646)	(30, 37.61470650821711)	(35, 37.57802085379427)	(40, 37.00143226609049)	(45, 35.95772605251098)	(50, 36.637201270215414)	(55, 36.901271033850584)	(60, 37.10690024880508)	(65, 36.81751129444117)	(70, 37.20823757611471)	(75, 31.79500507431415)	(80, 23.945707293917373)	(85, 23.090411183133636)	(90, 22.977778596215547)	(95, 22.780740522490667)	(100, 22.662357591828716)	(105, 22.653353957965034)	(110, 22.491988312708703)	(115, 22.130580927126303)	(120, 21.811033359523343)	(125, 21.55970257971584)	(130, 21.31817013684279)	(135, 21.100345380737245)	(140, 20.8858803116611)	(145, 20.67517350880639)	(150, 20.4618116938388)	(155, 20.249909153407977)	(160, 20.0618141491521)	(165, 19.870359457866822)	(170, 19.722812315851503)	(175, 19.530008839127873)	(180, 19.36067242846854)	(185, 19.200858541216526)	(190, 19.011379558698355)	(195, 18.81015435736267)	(200, 18.55470519871669)	(205, 18.315164833366072)	(210, 18.128858115628887)	(215, 17.866371210633144)	(220, 17.631752111569437)	(225, 17.495340633798204)	(230, 17.231730013749754)	(235, 16.994633503568387)	(240, 16.77135222287697)	(245, 16.615699273227264)	(250, 16.538957637661234)
SRR908436_1_paired	(1, 32.31184739382855)	(2, 32.84920145460732)	(3, 33.13189290347277)	(4, 33.309593177806605)	(5, 33.273015332922185)	(6, 35.12500265827361)	(7, 35.012759713331775)	(8, 34.96082768007145)	(9, 35.01920336856432)	(10, 36.0810539523212)	(15, 37.70810879782234)	(20, 37.81164111179636)	(25, 37.93747315143653)	(30, 37.71748293388342)	(35, 37.9744720668609)	(40, 37.955251685345466)	(45, 37.774038236607616)	(50, 37.30923621401593)	(55, 36.81754155096352)	(60, 36.77270730174198)	(65, 37.21582597838327)	(70, 37.059449069253596)	(75, 37.057637229206115)	(80, 37.16700255959315)	(85, 37.15474810133911)	(90, 37.10622899996711)	(95, 37.10040269608986)	(100, 37.09245532874915)	(105, 37.07162354567147)	(110, 37.059816243517716)	(115, 37.02349711972413)	(120, 36.9824709367346)	(125, 36.91711221169468)	(130, 36.882045072496766)	(135, 36.823961317032364)	(140, 36.75661963202911)	(145, 36.70398182226955)	(150, 36.65258728775326)	(155, 36.58037694311734)	(160, 36.5275667170899)	(165, 36.48826678808132)	(170, 36.48879366432192)	(175, 36.49268336879507)	(180, 36.52252713616755)	(185, 36.47324604599495)	(190, 36.352007625245115)	(195, 35.8189970075013)	(200, 35.1511354774816)	(205, 34.032430739735744)	(210, 32.01994426745028)	(215, 30.209935550390362)	(220, 28.658223721082596)	(225, 26.93554736199416)	(230, 26.482638222704516)	(235, 26.665270099783147)	(240, 26.498362820845955)	(245, 26.491515740040562)	(250, 27.95196894346899)
SRR908436_2	(1, 32.14000605643947)	(2, 32.204998199436915)	(3, 32.3611233876776)	(4, 32.07201024684083)	(5, 32.34849898513717)	(6, 34.02522425194788)	(7, 34.013180940221304)	(8, 34.04710109343286)	(9, 34.0727018267531)	(10, 35.18416159235252)	(15, 36.559520886531786)	(20, 36.51607657303738)	(25, 37.26167828848294)	(30, 37.30048533359523)	(35, 37.30489835002946)	(40, 37.11924720094284)	(45, 36.1628200091665)	(50, 35.6566858181104)	(55, 36.23670529692922)	(60, 37.06543982845544)	(65, 36.48938404373731)	(70, 29.492638970732663)	(75, 22.414238361814963)	(80, 22.565532311923)	(85, 22.22653211549794)	(90, 21.861039907025468)	(95, 21.747074084986576)	(100, 21.76341173967132)	(105, 21.59563036076737)	(110, 21.324522032344657)	(115, 21.05641818896091)	(120, 20.797058534669027)	(125, 20.53900101486283)	(130, 20.30337360047142)	(135, 20.055785536567797)	(140, 19.799890329339355)	(145, 19.557261179859886)	(150, 19.311442578406336)	(155, 19.04735153538925)	(160, 18.80604088915079)	(165, 18.562944411706933)	(170, 18.289037844562298)	(175, 17.992912328946506)	(180, 17.654951548484256)	(185, 17.276627054278794)	(190, 16.789476527204872)	(195, 16.433636973744516)	(200, 16.065397269691616)	(205, 15.855051397891703)	(210, 15.735431807765337)	(215, 15.695061546520003)	(220, 15.715384174687358)	(225, 15.882681856871603)	(230, 16.088487035945786)	(235, 16.115705820729392)	(240, 15.901299679172393)	(245, 15.543292084069927)	(250, 15.453351093432856)
SRR908436_2_paired	(1, 32.818237883588885)	(2, 32.812474746400696)	(3, 33.05376092550454)	(4, 32.92010292835421)	(5, 33.16445143865768)	(6, 34.458435233821746)	(7, 34.505497309827106)	(8, 34.60159921740425)	(9, 34.719966824745335)	(10, 35.94238989430704)	(15, 37.49385619803074)	(20, 37.62907938668311)	(25, 37.872777151606655)	(30, 37.88361865470089)	(35, 37.82647215192565)	(40, 37.639555111328505)	(45, 37.0300916572741)	(50, 36.607242861222076)	(55, 37.07193736074883)	(60, 36.84210494632883)	(65, 36.75095381771195)	(70, 36.898619343293426)	(75, 36.88173423944062)	(80, 36.81541900691117)	(85, 36.712282079354125)	(90, 36.606879248189216)	(95, 36.57831296842387)	(100, 36.47492844692392)	(105, 36.41653912704231)	(110, 36.317969157671016)	(115, 36.23500892684916)	(120, 36.102802292011496)	(125, 35.909380222135745)	(130, 35.71564686647234)	(135, 35.44298838455937)	(140, 35.17565163662307)	(145, 34.8675053052085)	(150, 34.48899917413957)	(155, 34.00375035477795)	(160, 33.60716838753985)	(165, 33.284779768943984)	(170, 32.78157613258702)	(175, 32.23276539436917)	(180, 31.50448681211747)	(185, 30.346944861785026)	(190, 28.894525474873138)	(195, 27.80557159914695)	(200, 27.067374994907)	(205, 27.206666630816148)	(210, 26.916089652077744)	(215, 26.91894643540831)	(220, 26.10081153041865)	(225, 26.86203502369694)	(230, 25.194210526315793)	(235, 24.193333333333335)	(240, 21.777777777777775)		
SRR908437_1	(1, 32.447042035431814)	(2, 32.7497153613772)	(3, 32.83311827304055)	(4, 32.869719004751566)	(5, 32.736219695474624)	(6, 34.458761556328085)	(7, 34.42717046437843)	(8, 34.29423284198382)	(9, 34.477949994686746)	(10, 35.29338879358766)	(15, 37.059982086742664)	(20, 37.22604709061376)	(25, 37.53958981676863)	(30, 37.640814901401185)	(35, 37.32770330788032)	(40, 36.52183747514156)	(45, 35.53912528653621)	(50, 36.64188666069558)	(55, 37.01138554491218)	(60, 37.19659648110759)	(65, 36.971141438829264)	(70, 37.38460370713342)	(75, 32.39189956431315)	(80, 22.962139267985364)	(85, 21.81280646091722)	(90, 21.70800176096428)	(95, 21.52138205334507)	(100, 21.41249070180499)	(105, 21.395649203770894)	(110, 21.2492098431831)	(115, 20.878784934646973)	(120, 20.572498595782797)	(125, 20.353908278050188)	(130, 20.12656171724379)	(135, 19.912449713843305)	(140, 19.7264736690298)	(145, 19.57757199459566)	(150, 19.398026505548554)	(155, 19.244124299788986)	(160, 19.138259985122886)	(165, 18.975528668802088)	(170, 18.84431557694351)	(175, 18.7259848496349)	(180, 18.565670304980795)	(185, 18.447998421204442)	(190, 18.290219057884112)	(195, 18.146812806460918)	(200, 17.95559941098781)	(205, 17.768011173014738)	(210, 17.708135351357917)	(215, 17.514905955399023)	(220, 17.384497442047575)	(225, 17.293088215201976)	(230, 17.06933341429721)	(235, 16.873793511757473)	(240, 16.672290619829063)	(245, 16.54452658904255)	(250, 16.463710473183248)
SRR908437_1_paired	(1, 31.876148845550325)	(2, 32.292535305985204)	(3, 32.66263169692894)	(4, 32.90091907644026)	(5, 32.908989015915715)	(6, 35.26451468280654)	(7, 35.2090338489128)	(8, 35.223604572965705)	(9, 35.19255772248375)	(10, 36.139923783904955)	(15, 37.68681909885676)	(20, 37.82223716655459)	(25, 37.98989015915714)	(30, 37.73510423671822)	(35, 37.99309571844878)	(40, 37.97552118359112)	(45, 37.81367406411118)	(50, 37.389045381258896)	(55, 36.70428648418552)	(60, 36.647000474053115)	(65, 37.14156602536653)	(70, 36.982222972720635)	(75, 36.973102839812306)	(80, 37.120970355066014)	(85, 37.12686612515875)	(90, 37.08723033941883)	(95, 37.055134772393316)	(100, 37.0689546997645)	(105, 37.0336841547536)	(110, 37.0359072204901)	(115, 36.99821659020872)	(120, 36.94267755199786)	(125, 36.92740837245405)	(130, 36.89511052551926)	(135, 36.83461576106531)	(140, 36.74164267693406)	(145, 36.72056306186205)	(150, 36.63503234506699)	(155, 36.532202301203384)	(160, 36.52367256781708)	(165, 36.489425501418424)	(170, 36.43380136483902)	(175, 36.40937709768973)	(180, 36.43392130171922)	(185, 36.423903440069026)	(190, 36.35274725783502)	(195, 35.9494804130157)	(200, 35.36546575578056)	(205, 34.13682366707619)	(210, 32.256889929599744)	(215, 30.146764475998793)	(220, 28.51673310850935)	(225, 26.996775258906855)	(230, 26.019577561658036)	(235, 26.13800081401563)	(240, 26.49848831052241)	(245, 27.07394315577158)	(250, 27.808333333333334)
SRR908437_2	(1, 32.066597847372975)	(2, 32.148361240568974)	(3, 32.27968970594932)	(4, 32.02797807903086)	(5, 32.29244151625097)	(6, 34.07783158501966)	(7, 34.14767810787424)	(8, 34.1581072670138)	(9, 34.22998800722603)	(10, 35.12720234390417)	(15, 36.54841589118455)	(20, 36.40952135169189)	(25, 37.23557147845096)	(30, 37.312225039090364)	(35, 37.29302445615046)	(40, 37.183744478010716)	(45, 36.19174775704765)	(50, 35.63606333399116)	(55, 36.10080913272509)	(60, 37.13227574271705)	(65, 36.82996371806355)	(70, 30.079853657796058)	(75, 21.32290923443596)	(80, 21.520328510922532)	(85, 21.150419747089096)	(90, 20.760678882091295)	(95, 20.614470268547052)	(100, 20.729039211816676)	(105, 20.57016683618478)	(110, 20.292225949933965)	(115, 20.04159519074583)	(120, 19.798451565891945)	(125, 19.5942131070393)	(130, 19.355171314499113)	(135, 19.15763970063607)	(140, 18.985390068768687)	(145, 18.78577565922305)	(150, 18.611695231733794)	(155, 18.412961304328025)	(160, 18.23587812912726)	(165, 18.041986853490805)	(170, 17.84157393772866)	(175, 17.611731665477514)	(180, 17.333909188893777)	(185, 17.099403397446604)	(190, 16.710151351843702)	(195, 16.419006269640064)	(200, 16.076489608792677)	(205, 15.872831053694231)	(210, 15.719809330074536)	(215, 15.654605073398812)	(220, 15.637551045193025)	(225, 15.76706996796867)	(230, 15.994055227483187)	(235, 16.054723483065903)	(240, 15.831454465410715)	(245, 15.488722238246321)	(250, 15.390531780851031)
SRR908437_2_paired	(1, 32.35014570724053)	(2, 32.71665545841739)	(3, 32.909997758350144)	(4, 32.8123739071957)	(5, 33.09358888141672)	(6, 34.417395202869315)	(7, 34.521407756108495)	(8, 34.683366958081145)	(9, 34.82223716655459)	(10, 35.96812373907196)	(15, 37.41905402376149)	(20, 37.578861241874016)	(25, 37.88507061197041)	(30, 37.919323021744006)	(35, 37.827370544720914)	(40, 37.63541806769783)	(45, 36.95272360457297)	(50, 36.62093186559045)	(55, 37.12306107056094)	(60, 36.88458866532227)	(65, 36.83897555822111)	(70, 36.98341896848356)	(75, 36.95089763233311)	(80, 36.94033016536949)	(85, 36.849736110181944)	(90, 36.78664693021537)	(95, 36.739118196743625)	(100, 36.64108000232922)	(105, 36.691949273215826)	(110, 36.6074939514174)	(115, 36.56023495994066)	(120, 36.42434896086123)	(125, 36.353277408278686)	(130, 36.19775283416078)	(135, 36.048728160001)	(140, 35.809912020803566)	(145, 35.57847529549459)	(150, 35.315044397408975)	(155, 34.90374784855517)	(160, 34.54054920703087)	(165, 34.13321988956992)	(170, 33.767579750640934)	(175, 33.335159478401344)	(180, 32.471460776389925)	(185, 31.348924877682332)	(190, 29.56912999750397)	(195, 28.068320664234175)	(200, 27.26263345138464)	(205, 26.889140318117068)	(210, 27.030539634629736)	(215, 27.35752192585892)	(220, 26.510677830223)	(225, 26.62501253132832)	(230, 25.27581818181818)	(235, 20.85238095238095)	(240, 24.8)	(245, 24.0)	
SRR908438_1	(1, 32.604217479674794)	(2, 32.90527547909408)	(3, 32.951524390243904)	(4, 32.9614837398374)	(5, 32.836440185830426)	(6, 34.425771268873405)	(7, 34.37805966898955)	(8, 34.21122241579559)	(9, 34.37621043844367)	(10, 35.42003847270615)	(15, 37.053380879790936)	(20, 37.12713559814169)	(25, 37.441830720092916)	(30, 37.457100029036006)	(35, 37.59174869337979)	(40, 36.57523119918699)	(45, 35.35770143728223)	(50, 36.65586091753774)	(55, 36.98334748838559)	(60, 37.04578070557491)	(65, 36.889204776422766)	(70, 37.106227134146344)	(75, 32.14033718060395)	(80, 24.64119301684088)	(85, 23.542062282229967)	(90, 23.18503339140534)	(95, 22.57447517421603)	(100, 22.416968641114984)	(105, 22.344132912311267)	(110, 22.153363095238095)	(115, 21.84516296457607)	(120, 21.5159193524971)	(125, 21.272272067363534)	(130, 21.0227899970964)	(135, 20.762711236933796)	(140, 20.47913617886179)	(145, 20.22790069686411)	(150, 19.995507404181186)	(155, 19.76396268873403)	(160, 19.5387656068525)	(165, 19.316221689895468)	(170, 19.122666957026716)	(175, 18.90088487224158)	(180, 18.683058217189313)	(185, 18.496350537166087)	(190, 18.27833369628339)	(195, 18.048573606271777)	(200, 17.78930894308943)	(205, 17.55038545296167)	(210, 17.470477279326367)	(215, 17.30318924216028)	(220, 17.20260707026713)	(225, 17.194326727642277)	(230, 16.992395107433218)	(235, 16.81124056329849)	(240, 16.625018873403018)	(245, 16.50175994483159)	(250, 16.39485155342625)
SRR908438_1_paired	(1, 32.992310715082255)	(2, 33.29464617606763)	(3, 33.44832566882972)	(4, 33.45488917446393)	(5, 33.34482831865926)	(6, 35.36876705927334)	(7, 35.340378304321504)	(8, 35.39462812111686)	(9, 35.49005384623554)	(10, 36.34631944518198)	(15, 37.553868538717246)	(20, 37.71603173423112)	(25, 37.94121945261637)	(30, 37.605095744341895)	(35, 38.00088150642013)	(40, 37.99824760771902)	(45, 37.766046071986146)	(50, 37.583309834156026)	(55, 37.363691050675115)	(60, 37.27671579074326)	(65, 37.87402029571875)	(70, 37.563632238295135)	(75, 37.580056101874135)	(80, 37.83060503236225)	(85, 37.8400877193183)	(90, 37.81737407770038)	(95, 37.82495153547412)	(100, 37.83962956956084)	(105, 37.82348372260889)	(110, 37.83767306763675)	(115, 37.83082254422996)	(120, 37.80993700489819)	(125, 37.75845447710712)	(130, 37.747939009599826)	(135, 37.6996848279833)	(140, 37.61538308176191)	(145, 37.563704586282896)	(150, 37.4645339994874)	(155, 37.36787535548772)	(160, 37.28340998685111)	(165, 37.199236571092015)	(170, 37.137285492913016)	(175, 37.08320570477914)	(180, 37.0447244362356)	(185, 36.95391686198248)	(190, 36.71231740312938)	(195, 35.88602730973084)	(200, 34.88071508070411)	(205, 33.49131563339257)	(210, 31.24859681414775)	(215, 29.271972194992504)	(220, 27.92226510744278)	(225, 26.773419061929967)	(230, 26.368252286948604)	(235, 26.41046574746798)	(240, 26.551029144860422)	(245, 26.996052777061134)	(250, 28.072033898305087)
SRR908438_2	(1, 31.947158101045297)	(2, 32.179072299651565)	(3, 32.31213342044135)	(4, 32.013630589430896)	(5, 32.286904761904765)	(6, 34.03394490418118)	(7, 34.192432491289196)	(8, 34.19315113240418)	(9, 34.201627831010455)	(10, 35.352537746806036)	(15, 36.63151567944251)	(20, 36.60400479094077)	(25, 37.360390534262486)	(30, 37.43079449767712)	(35, 37.41274136178862)	(40, 37.22881932346109)	(45, 36.147788545296166)	(50, 35.85762122531939)	(55, 36.43110481997677)	(60, 37.02192545005808)	(65, 36.45703324622532)	(70, 29.831754500580722)	(75, 23.040498693379796)	(80, 22.90973286875726)	(85, 22.200762195121953)	(90, 21.49043517711963)	(95, 21.4022481126597)	(100, 21.44183289779326)	(105, 21.261614401858303)	(110, 20.976879718350755)	(115, 20.715845673635307)	(120, 20.45565113240418)	(125, 20.20597379500581)	(130, 19.959620354239256)	(135, 19.696211527293848)	(140, 19.439547401277583)	(145, 19.201678281068524)	(150, 18.952977642276426)	(155, 18.7091006097561)	(160, 18.45346980255517)	(165, 18.20598069105691)	(170, 17.93216463414634)	(175, 17.640619918699187)	(180, 17.31320303426249)	(185, 17.020930603948894)	(190, 16.674707099303134)	(195, 16.446283391405338)	(200, 16.137979457026717)	(205, 15.944904181184668)	(210, 15.800435540069685)	(215, 15.712875290360046)	(220, 15.642814314750291)	(225, 15.732101843786296)	(230, 15.936058362369337)	(235, 16.039829776422764)	(240, 15.837635743321721)	(245, 15.424149970963995)	(250, 15.329380807200929)
SRR908438_2_paired	(1, 32.13051605297535)	(2, 32.335514088171884)	(3, 32.71937296218019)	(4, 32.61507907006383)	(5, 32.769321452467686)	(6, 34.49085038818144)	(7, 34.66625954522765)	(8, 34.89623713584757)	(9, 35.05581103900931)	(10, 36.158541584799856)	(15, 37.27816519217902)	(20, 37.520458383338465)	(25, 37.99424365687097)	(30, 38.03793663774334)	(35, 37.97515851184723)	(40, 37.706358528840134)	(45, 36.876344828318665)	(50, 36.81693330466702)	(55, 37.483922097550696)	(60, 37.1309911316138)	(65, 36.988370818640625)	(70, 37.17349759934463)	(75, 37.195807885171924)	(80, 37.13951356262554)	(85, 37.0225760742813)	(90, 36.94181799671792)	(95, 36.971248122879445)	(100, 36.92677236127115)	(105, 36.93486339058753)	(110, 36.898834762693)	(115, 36.864212649222154)	(120, 36.759026874934065)	(125, 36.69955205899197)	(130, 36.59749878827874)	(135, 36.480495695386324)	(140, 36.30465421610499)	(145, 36.131141160871415)	(150, 35.88413962729866)	(155, 35.65464432876917)	(160, 35.31170104053338)	(165, 35.04425017000011)	(170, 34.68455971612086)	(175, 34.150131505769636)	(180, 33.16439175624436)	(185, 31.69258473797193)	(190, 29.663010168560117)	(195, 28.004523952937397)	(200, 27.21592344965337)	(205, 26.918643991141472)	(210, 26.827288054835485)	(215, 26.570230873180368)	(220, 26.185877004654834)	(225, 25.862176602756563)	(230, 26.59242042187713)	(235, 26.562044244397185)	(240, 25.666410256410256)	(245, 34.45)	(250, 30.25)
SRR908439_1	(1, 32.466855646992464)	(2, 32.75903272927122)	(3, 32.83655323026192)	(4, 32.86493498980374)	(5, 32.73096336577817)	(6, 34.37607566926515)	(7, 34.38622275573811)	(8, 34.26977134344764)	(9, 34.50833779269051)	(10, 35.29678087441968)	(15, 36.98968051718901)	(20, 37.165450154028605)	(25, 37.49010543366646)	(30, 37.57257683351894)	(35, 37.580249049072215)	(40, 36.95976165338501)	(45, 35.5577657897401)	(50, 36.50855994099185)	(55, 36.91656017239634)	(60, 37.05847591223985)	(65, 36.88579147563745)	(70, 37.31830380515743)	(75, 32.71035043316026)	(80, 23.394994142574085)	(85, 21.949290022128054)	(90, 21.762989745888955)	(95, 21.406273375468235)	(100, 21.286926514614642)	(105, 21.250336838147028)	(110, 21.10862646978002)	(115, 20.755660587478125)	(120, 20.40199528513371)	(125, 20.170216507817134)	(130, 19.94932184024413)	(135, 19.733672533734435)	(140, 19.531807413621046)	(145, 19.345418046656928)	(150, 19.15594058689961)	(155, 18.988822585077305)	(160, 18.83797231823901)	(165, 18.6949174898399)	(170, 18.567603372720306)	(175, 18.401796855791623)	(180, 18.24284916766701)	(185, 18.110128863370118)	(190, 17.964666849861878)	(195, 17.813033857368065)	(200, 17.627575893438237)	(205, 17.460099793182245)	(210, 17.438139507976224)	(215, 17.303249208162793)	(220, 17.206848415602447)	(225, 17.174682614292117)	(230, 16.96103727058415)	(235, 16.767629984235572)	(240, 16.5797972318239)	(245, 16.44373544682759)	(250, 16.372357288517996)
SRR908439_1_paired	(1, 32.0745798816568)	(2, 32.42101775147929)	(3, 32.72731360946746)	(4, 32.902674556213015)	(5, 32.82913609467455)	(6, 35.256)	(7, 35.26932544378698)	(8, 35.343100591715974)	(9, 35.35680473372781)	(10, 36.20307692307692)	(15, 37.637368047337276)	(20, 37.77109112426035)	(25, 37.95671952662722)	(30, 37.690906508875734)	(35, 37.996979881656806)	(40, 37.96718106508875)	(45, 37.75716923076923)	(50, 37.4472143093713)	(55, 36.79221826486305)	(60, 36.71625152815652)	(65, 37.22977904762911)	(70, 37.01810245328901)	(75, 37.01528350839763)	(80, 37.181840608975094)	(85, 37.18946245972997)	(90, 37.15832036726057)	(95, 37.13303560798066)	(100, 37.13731908946538)	(105, 37.10027403658101)	(110, 37.111498882782584)	(115, 37.07023183587397)	(120, 37.02826358378191)	(125, 36.9803096930543)	(130, 36.94708359727305)	(135, 36.897180211482784)	(140, 36.79140251627412)	(145, 36.72322779662194)	(150, 36.623113226372276)	(155, 36.52333384643855)	(160, 36.443119092612164)	(165, 36.360863386131655)	(170, 36.317607225455724)	(175, 36.24967191709469)	(180, 36.23555357202464)	(185, 36.1870005744238)	(190, 36.052202058537446)	(195, 35.61849415368149)	(200, 35.09141154487456)	(205, 33.93709257023814)	(210, 31.94993879154481)	(215, 30.213318645776745)	(220, 28.46005613531715)	(225, 26.89575984239836)	(230, 26.404858897607095)	(235, 26.410099065414244)	(240, 26.689854850887848)	(245, 27.00236037936697)	(250, 27.964608294930876)
SRR908439_2	(1, 32.07679446943291)	(2, 32.306486556845954)	(3, 32.353244724700986)	(4, 32.18689382873176)	(5, 32.388771097580374)	(6, 34.17963929826591)	(7, 34.400824378462026)	(8, 34.41505575401704)	(9, 34.47602215697901)	(10, 35.36478139507976)	(15, 36.74913093154766)	(20, 36.61212328073702)	(25, 37.43331588157876)	(30, 37.51497042361483)	(35, 37.48899295662612)	(40, 37.39326439408183)	(45, 36.42349160435619)	(50, 35.91716298106822)	(55, 36.33737326988994)	(60, 37.25928929898905)	(65, 36.957657029634234)	(70, 30.5611379315332)	(75, 21.391016299553097)	(80, 21.507835066456472)	(85, 21.037962483548586)	(90, 20.506471515554722)	(95, 20.35092200222727)	(100, 20.45705335319555)	(105, 20.31314984886395)	(110, 20.018754176127736)	(115, 19.753232575965754)	(120, 19.504346643911894)	(125, 19.277652980055827)	(130, 19.072073239518097)	(135, 18.850955266621348)	(140, 18.646811390885553)	(145, 18.461366732713365)	(150, 18.284050156921165)	(155, 18.109953574476087)	(160, 17.919295373356665)	(165, 17.740743676149428)	(170, 17.52674370507499)	(175, 17.309121675368438)	(180, 17.06258565581476)	(185, 16.83263497389468)	(190, 16.524164702139046)	(195, 16.296506081599006)	(200, 15.985424410280142)	(205, 15.787509364650072)	(210, 15.660578800457023)	(215, 15.59907785314493)	(220, 15.570463532100138)	(225, 15.688546924489827)	(230, 15.910124813791708)	(235, 15.992627453249066)	(240, 15.797519343968299)	(245, 15.427336968312051)	(250, 15.3277237030502)
SRR908439_2_paired	(1, 32.58565680473373)	(2, 32.72054437869822)	(3, 32.88414201183432)	(4, 32.86248520710059)	(5, 32.94681656804734)	(6, 34.46508875739645)	(7, 34.64459171597633)	(8, 34.76759763313609)	(9, 34.93652071005917)	(10, 36.073259171597634)	(15, 37.37904852071006)	(20, 37.55041893491125)	(25, 37.92283076923077)	(30, 37.92723786982249)	(35, 37.862466272189344)	(40, 37.62416094674556)	(45, 36.90161893491124)	(50, 36.64313840622817)	(55, 37.21256558427403)	(60, 36.90343330181543)	(65, 36.81352877777432)	(70, 36.94398052506965)	(75, 36.94946512235706)	(80, 36.89876004900911)	(85, 36.812465377519445)	(90, 36.74777382804179)	(95, 36.756760374537656)	(100, 36.69452297497378)	(105, 36.68707215610347)	(110, 36.5999794597346)	(115, 36.57571760860588)	(120, 36.47871900699836)	(125, 36.352172675414025)	(130, 36.228424019877366)	(135, 36.05797689843037)	(140, 35.806427576897114)	(145, 35.57593185100194)	(150, 35.28225823921251)	(155, 34.89982587260652)	(160, 34.476515981423844)	(165, 34.17704867657589)	(170, 33.75541401227214)	(175, 33.221889149245825)	(180, 32.33726615644587)	(185, 30.995420842094525)	(190, 29.18834855728418)	(195, 27.88692810776655)	(200, 27.114504179040257)	(205, 26.97691328209304)	(210, 26.92467720431842)	(215, 26.377148002096828)	(220, 25.911675566941504)	(225, 26.517452703433776)	(230, 26.239155844155846)	(235, 28.740388404165493)	(240, 29.336666666666666)	(245, 28.939999999999998)	(250, 32.66666666666667)
SRR908440_1	(1, 32.75161651777913)	(2, 33.143949751739875)	(3, 33.18171304624937)	(4, 33.2560060445943)	(5, 33.192306506162815)	(6, 34.33342413931351)	(7, 34.312216659642054)	(8, 34.32033779824624)	(9, 34.52608016283397)	(10, 35.85973560039886)	(15, 37.294570145049704)	(20, 37.46683594272027)	(25, 37.783310546172274)	(30, 37.58123811383986)	(35, 37.13956433689361)	(40, 37.11507139406026)	(45, 36.97878840835963)	(50, 36.883235502739595)	(55, 36.903280323200754)	(60, 36.9484677775836)	(65, 36.733431335259105)	(70, 36.80094164088119)	(75, 32.22213781263814)	(80, 28.62164951632966)	(85, 28.14699569271256)	(90, 27.975053712593933)	(95, 27.83254828993493)	(100, 27.692071095942516)	(105, 27.625811856862363)	(110, 27.43351151865292)	(115, 27.161152173689565)	(120, 26.857621020385086)	(125, 26.57068166164664)	(130, 26.292943861344405)	(135, 26.003507509483228)	(140, 25.68557418505916)	(145, 25.37378311419966)	(150, 25.033965891217864)	(155, 24.68566156439858)	(160, 24.34428796118301)	(165, 23.96659642053106)	(170, 23.602706703537322)	(175, 23.18416377972183)	(180, 22.789024126977598)	(185, 22.380470203645263)	(190, 21.86424540230476)	(195, 21.22794288475179)	(200, 20.593231699168353)	(205, 19.93797608890077)	(210, 19.236855577371834)	(215, 18.64558939934414)	(220, 18.19628997604778)	(225, 17.90311276046753)	(230, 17.594504353547087)	(235, 17.32426678454311)	(240, 17.09497620197991)	(245, 16.907440607749006)	(250, 16.82249658192584)
SRR908440_1_paired	(1, 33.1645330029596)	(2, 33.54509372060477)	(3, 33.67821827609149)	(4, 33.69461077844311)	(5, 33.60270264069562)	(6, 35.22693693073623)	(7, 35.19539082754032)	(8, 35.18560579989446)	(9, 35.25992841902402)	(10, 36.25391286392731)	(15, 37.658962534700706)	(20, 37.79205497051873)	(25, 37.96871544267786)	(30, 37.696076811893455)	(35, 38.01147131025306)	(40, 37.98616330557276)	(45, 37.780647899603096)	(50, 37.431077050646174)	(55, 37.19712329493218)	(60, 37.109778411953194)	(65, 37.64815013604066)	(70, 37.462804180865305)	(75, 37.474632181804964)	(80, 37.62169664087524)	(85, 37.62039889119758)	(90, 37.581840965210866)	(95, 37.56602893994112)	(100, 37.572603955613374)	(105, 37.553649968688234)	(110, 37.5433678906468)	(115, 37.506240121986266)	(120, 37.469410969737766)	(125, 37.389716993775636)	(130, 37.336266624838515)	(135, 37.28029290689115)	(140, 37.16018958458032)	(145, 37.10484183327727)	(150, 37.035479115509425)	(155, 36.95449532272822)	(160, 36.923408120399515)	(165, 36.89034682934774)	(170, 36.946893851969506)	(175, 37.017778885498885)	(180, 37.09723185335712)	(185, 37.08539841435531)	(190, 36.942204855461036)	(195, 36.277473907705215)	(200, 35.368268270533726)	(205, 33.933347052052525)	(210, 31.603397233450202)	(215, 29.65113678698093)	(220, 28.19183377669911)	(225, 26.74362826411894)	(230, 26.399995768154206)	(235, 26.72505422353431)	(240, 26.479879974012533)	(245, 26.634451855281192)	(250, 29.04189789123196)
SRR908440_2	(1, 31.78906113469782)	(2, 32.016931032001395)	(3, 31.986846839437895)	(4, 31.83237044727942)	(5, 32.089692321926044)	(6, 33.37468774736063)	(7, 33.410312818035095)	(8, 33.564013076061144)	(9, 33.6596574729895)	(10, 35.094752099674125)	(15, 36.189744749529694)	(20, 36.35804660916764)	(25, 36.9394152780205)	(30, 36.91678402911274)	(35, 36.9579910975873)	(40, 36.53467828983213)	(45, 35.66882305169773)	(50, 35.27817778097598)	(55, 36.072764373901336)	(60, 36.23138563072463)	(65, 35.24885224667702)	(70, 30.089515507262764)	(75, 27.367576097124708)	(80, 27.292103991693818)	(85, 26.965776082732816)	(90, 26.679490527051616)	(95, 26.549937806470183)	(100, 26.39762944992136)	(105, 26.20447485017013)	(110, 25.910932697348805)	(115, 25.616186765628054)	(120, 25.261887188132857)	(125, 24.921579612858128)	(130, 24.587414291147958)	(135, 24.19813727808218)	(140, 23.78304532417735)	(145, 23.3840507005767)	(150, 22.92745664442777)	(155, 22.460600141862926)	(160, 21.944487391675317)	(165, 21.424889747833507)	(170, 20.853771189489805)	(175, 20.23955919693247)	(180, 19.470806048706272)	(185, 18.60219681939205)	(190, 17.67388282944581)	(195, 17.105411351090186)	(200, 16.651455122999273)	(205, 16.406976983254008)	(210, 16.26421661852236)	(215, 16.167261531502824)	(220, 16.111721167387977)	(225, 16.17505371259393)	(230, 16.31392518272562)	(235, 16.28539839838811)	(240, 16.067847487073)	(245, 15.700802861930365)	(250, 15.60750485726328)
SRR908440_2_paired	(1, 32.52967627962466)	(2, 32.661814302429626)	(3, 32.74023217931952)	(4, 32.732489044898706)	(5, 32.85730837176222)	(6, 34.37456122238282)	(7, 34.488712230710995)	(8, 34.66151604836305)	(9, 34.796166288113426)	(10, 35.97441438961158)	(15, 37.31975359625576)	(20, 37.50238144400854)	(25, 37.86391125794388)	(30, 37.90058733108496)	(35, 37.844226489549634)	(40, 37.62305733360865)	(45, 36.872978181567895)	(50, 36.630371364808326)	(55, 37.20058958771368)	(60, 36.919322487141464)	(65, 36.82998289718627)	(70, 36.96224551723064)	(75, 36.93743654207687)	(80, 36.8748333813805)	(85, 36.74760703333617)	(90, 36.664435083585815)	(95, 36.64944319816153)	(100, 36.55500325998745)	(105, 36.50099857584787)	(110, 36.402649744119074)	(115, 36.33279720904611)	(120, 36.13877385398266)	(125, 35.988712579481906)	(130, 35.79604798231261)	(135, 35.55452737876015)	(140, 35.28214551541103)	(145, 34.96498252029558)	(150, 34.599251914557456)	(155, 34.15990422276223)	(160, 33.727445285237)	(165, 33.39938154268556)	(170, 32.98931025182802)	(175, 32.59610643115444)	(180, 31.911565253755526)	(185, 30.86036359450561)	(190, 29.33312855504812)	(195, 28.02725334644249)	(200, 27.176757195298507)	(205, 27.03725392589778)	(210, 26.831729912229395)	(215, 26.682490079846623)	(220, 26.12680583865727)	(225, 26.393296180255447)	(230, 26.360351891927337)	(235, 27.535294117647062)	(240, 31.689999999999998)	(245, 36.733333333333334)	(250, 37.0)
SRR908441_1	(1, 32.64629817645858)	(2, 32.92119989502509)	(3, 33.00344084425276)	(4, 32.99888928063027)	(5, 32.8583395408143)	(6, 34.691084820256975)	(7, 34.70480843404474)	(8, 34.64327086972773)	(9, 34.84279742228278)	(10, 35.566581926819765)	(15, 37.09961270620545)	(20, 37.310848202569765)	(25, 37.64051501326766)	(30, 37.627543719663976)	(35, 37.66245529950985)	(40, 37.24837222618382)	(45, 36.632335453154944)	(50, 36.859276362354294)	(55, 37.04582897042411)	(60, 37.17750727004265)	(65, 37.139861040789114)	(70, 37.44297821240453)	(75, 33.66978657752636)	(80, 26.166580866467143)	(85, 25.11440939684492)	(90, 25.018747564502576)	(95, 24.848893919672985)	(100, 24.759289881850208)	(105, 24.738123122844502)	(110, 24.602232572441967)	(115, 24.30680613838132)	(120, 24.015332698889015)	(125, 23.785067584225136)	(130, 23.56523050740524)	(135, 23.350024520654348)	(140, 23.132042530743597)	(145, 22.927493618002664)	(150, 22.706391010330485)	(155, 22.49660713670331)	(160, 22.289468312687383)	(165, 22.078501085535994)	(170, 21.888245726116217)	(175, 21.6451376205157)	(180, 21.40575506384648)	(185, 21.17469680542264)	(190, 20.8784438264945)	(195, 20.503425204051602)	(200, 20.035112516667414)	(205, 19.53213478142156)	(210, 18.998212775658544)	(215, 18.499185384099484)	(220, 18.167113163482515)	(225, 17.9750504330215)	(230, 17.712861812195648)	(235, 17.494850132411536)	(240, 17.294521423099248)	(245, 17.149535698096404)	(250, 16.958862294656086)
SRR908441_1_paired	(1, 32.95798946239567)	(2, 33.20195831584837)	(3, 33.37101692544412)	(4, 33.364908845059915)	(5, 33.26249825150371)	(6, 35.608625915046396)	(7, 35.65224040658367)	(8, 35.728642700610806)	(9, 35.849181703734786)	(10, 36.54385042197044)	(15, 37.56243017671469)	(20, 37.760236862964526)	(25, 38.03622884319485)	(30, 37.70277801091062)	(35, 38.101386674126914)	(40, 38.10836200867254)	(45, 37.865786357066256)	(50, 37.75331090248832)	(55, 37.48688257564986)	(60, 37.384638365244356)	(65, 37.99922602981722)	(70, 37.70768125905439)	(75, 37.69817228376241)	(80, 37.96755194559071)	(85, 37.99094039575766)	(90, 37.9520632489231)	(95, 37.986760968386385)	(100, 38.02096607869155)	(105, 38.05351020729653)	(110, 38.0410191445675)	(115, 38.080577883820474)	(120, 38.089539545931274)	(125, 38.06588982225303)	(130, 38.081578910444875)	(135, 38.06155247394493)	(140, 38.02889436544435)	(145, 38.00622882943348)	(150, 37.9501346902576)	(155, 37.90541821934537)	(160, 37.86577550989536)	(165, 37.823307753310814)	(170, 37.78055994107931)	(175, 37.707510467166145)	(180, 37.676459482545894)	(185, 37.50741937828168)	(190, 37.21108687900171)	(195, 36.370090981132314)	(200, 35.41225208786598)	(205, 33.850784998831784)	(210, 31.38947880773558)	(215, 29.361596137371333)	(220, 27.999558978273512)	(225, 26.83567142101244)	(230, 26.46518926588139)	(235, 26.392991707297654)	(240, 26.45624880847323)	(245, 26.51766536201406)	(250, 28.60908796348473)
SRR908441_2	(1, 31.97118756842588)	(2, 31.906665111482823)	(3, 32.15026256981759)	(4, 31.916314320327224)	(5, 32.22092977019508)	(6, 34.13188665890842)	(7, 34.27695350088672)	(8, 34.386713251491784)	(9, 34.48636519074418)	(10, 35.31475454162281)	(15, 36.575031876850645)	(20, 36.50676637515806)	(25, 37.30624998343199)	(30, 37.3916640378758)	(35, 37.35780061659504)	(40, 37.20714624648427)	(45, 36.19718741467475)	(50, 35.757619826473295)	(55, 36.29490845180565)	(60, 37.022862793021815)	(65, 36.74387129439896)	(70, 31.54215405333044)	(75, 24.20546028581805)	(80, 24.36808974824578)	(85, 24.014457907977295)	(90, 23.640055880583088)	(95, 23.504170101767347)	(100, 23.571350862729396)	(105, 23.455722060371176)	(110, 23.20071997942916)	(115, 22.945568918943998)	(120, 22.686049205663345)	(125, 22.468005185124312)	(130, 22.24099694353357)	(135, 22.0244941455281)	(140, 21.794995665808663)	(145, 21.556740794151093)	(150, 21.324081933446966)	(155, 21.090901379253673)	(160, 20.813982339827113)	(165, 20.53671391421217)	(170, 20.213469129158902)	(175, 19.821351790537943)	(180, 19.322736876148163)	(185, 18.732883390371466)	(190, 18.031559805213224)	(195, 17.5510949466245)	(200, 17.120503243353575)	(205, 16.882152939960186)	(210, 16.67117988086938)	(215, 16.480557639443)	(220, 16.3016300270655)	(225, 16.307231869958354)	(230, 16.4921849361005)	(235, 16.57162337335281)	(240, 16.32903165947836)	(245, 15.884730657180047)	(250, 15.769540310630301)
SRR908441_2_paired	(1, 32.06136056324894)	(2, 31.946472700144543)	(3, 32.43418659952441)	(4, 32.15011889774794)	(5, 32.508649228330306)	(6, 34.65421737305917)	(7, 34.759108500023316)	(8, 35.085373245675385)	(9, 35.290082529025035)	(10, 36.216641954585725)	(15, 37.11626987457453)	(20, 37.384270061080805)	(25, 37.93297337622978)	(30, 38.02037208001119)	(35, 37.946504406210664)	(40, 37.66687741875321)	(45, 36.70543013008812)	(50, 36.66599477499502)	(55, 37.503339585771165)	(60, 37.15290111075304)	(65, 36.96722728525693)	(70, 37.14498450727585)	(75, 37.107418942386225)	(80, 37.11857093058284)	(85, 36.97940101370859)	(90, 36.90150556090233)	(95, 36.9232491036165)	(100, 36.91480313600033)	(105, 37.02825756864062)	(110, 37.028312987742275)	(115, 36.996310320302555)	(120, 36.91111242314209)	(125, 36.93811052254751)	(130, 36.94713231052318)	(135, 36.92328104995042)	(140, 36.828201237267365)	(145, 36.71499088519431)	(150, 36.65000515336574)	(155, 36.60162624352648)	(160, 36.35377940586179)	(165, 36.11091802318262)	(170, 35.90660033535015)	(175, 35.415430819785385)	(180, 34.37873194159678)	(185, 32.476059579196615)	(190, 30.09825131422209)	(195, 28.35497525979551)	(200, 27.138034908058348)	(205, 26.814387551485872)	(210, 26.642012985193457)	(215, 26.585310074996208)	(220, 26.249070129876195)	(225, 26.120627777285115)	(230, 25.687781090904167)	(235, 26.067805707918815)	(240, 25.40093371855342)	(245, 27.398683669271907)	(250, 30.083333333333336)
SRR908442_1	(1, 32.65232763700648)	(2, 32.99334386885948)	(3, 32.97594685809182)	(4, 33.08047624149569)	(5, 33.01167836288638)	(6, 34.31524883484224)	(7, 34.27299512508705)	(8, 34.1428322708523)	(9, 34.30264638131462)	(10, 35.80543204585632)	(15, 37.16170514812236)	(20, 37.19990357315048)	(25, 37.60102319601435)	(30, 37.41131944072428)	(35, 37.450685702041035)	(40, 36.435613649756256)	(45, 36.49084748486634)	(50, 36.822569239835005)	(55, 36.890448384850274)	(60, 36.87222906733808)	(65, 36.586068998767885)	(70, 36.518883591364435)	(75, 31.252458884662776)	(80, 27.728925376332562)	(85, 27.09507151658006)	(90, 26.507791825145983)	(95, 26.010304280280707)	(100, 25.866467563079233)	(105, 25.787293084052074)	(110, 25.549166979161086)	(115, 25.277918251459795)	(120, 24.99070016606846)	(125, 24.72095944715273)	(130, 24.454872234424386)	(135, 24.16074355815075)	(140, 23.84336261852467)	(145, 23.571923715647934)	(150, 23.262714951518724)	(155, 22.949183050302672)	(160, 22.6388359136444)	(165, 22.29228049499116)	(170, 21.93962607810575)	(175, 21.539307333797613)	(180, 21.172132640488563)	(185, 20.755091873359405)	(190, 20.324152247281297)	(195, 19.768819306798093)	(200, 19.221741576043282)	(205, 18.658343601007125)	(210, 18.249204478491457)	(215, 17.865112230138745)	(220, 17.627578078962877)	(225, 17.527436117212194)	(230, 17.265039910001608)	(235, 17.077237906465957)	(240, 16.856524883484223)	(245, 16.72032999410725)	(250, 16.560661863181014)
SRR908442_1_paired	(1, 33.202359767891686)	(2, 33.458104448742745)	(3, 33.579651837524175)	(4, 33.548781431334625)	(5, 33.43160541586074)	(6, 35.44862669245648)	(7, 35.447775628626694)	(8, 35.51206963249516)	(9, 35.59655705996131)	(10, 36.41165957446808)	(15, 37.55466924564797)	(20, 37.72813926499033)	(25, 37.9609748549323)	(30, 37.6060580270793)	(35, 38.02633655705996)	(40, 38.00530754352031)	(45, 37.757825918762094)	(50, 37.6108211395953)	(55, 37.44169031307483)	(60, 37.37426245495381)	(65, 37.975425922574004)	(70, 37.67232996824635)	(75, 37.7026540429856)	(80, 37.96419844296766)	(85, 37.994531889206186)	(90, 37.9640255976427)	(95, 37.96422301596384)	(100, 37.984789405551126)	(105, 37.987479351302994)	(110, 37.97927846355056)	(115, 37.987838898204394)	(120, 37.97268119532073)	(125, 37.912232575538575)	(130, 37.89230427293948)	(135, 37.85528708410084)	(140, 37.7480375436581)	(145, 37.707924105977625)	(150, 37.61006084901436)	(155, 37.50269853256598)	(160, 37.45559774300017)	(165, 37.41268566085802)	(170, 37.38740552280767)	(175, 37.3289247549107)	(180, 37.33069444540178)	(185, 37.20172151226386)	(190, 36.85452042428831)	(195, 35.98147974829054)	(200, 34.85344587885136)	(205, 33.460380664441615)	(210, 31.18068410017065)	(215, 29.26405960767649)	(220, 27.9065051292489)	(225, 26.759273282000088)	(230, 26.618328467707396)	(235, 26.59450837355313)	(240, 27.464470863891933)	(245, 27.466308219892557)	(250, 30.894318181818182)
SRR908442_2	(1, 31.86306048106284)	(2, 32.09740451063374)	(3, 32.117721112123)	(4, 31.906814164032784)	(5, 32.182126212031925)	(6, 33.53909305190979)	(7, 33.69423313869395)	(8, 33.811485509187335)	(9, 33.79663309583758)	(10, 35.35792842984947)	(15, 36.36753361547115)	(20, 36.573541543901)	(25, 37.20452402635667)	(30, 37.19465098837521)	(35, 37.26629881609257)	(40, 36.844348315208656)	(45, 35.9055847217014)	(50, 35.76377564686345)	(55, 36.62393260834628)	(60, 36.64751968714844)	(65, 35.46265334547597)	(70, 29.44941608185568)	(75, 26.73257352547276)	(80, 26.28317083623507)	(85, 25.503157979321795)	(90, 24.96974339743933)	(95, 24.899633042267105)	(100, 24.782637810039105)	(105, 24.594184925269193)	(110, 24.322724594203677)	(115, 24.037558257888254)	(120, 23.726897733969036)	(125, 23.42654149033053)	(130, 23.141594792950126)	(135, 22.814675630792305)	(140, 22.45932126212032)	(145, 22.154872234424385)	(150, 21.797918787164512)	(155, 21.44758665023839)	(160, 21.00916322922805)	(165, 20.565615792575134)	(170, 20.093512615846144)	(175, 19.54918572882627)	(180, 18.89458938233246)	(185, 18.184279745004552)	(190, 17.476656666845233)	(195, 17.05119194300102)	(200, 16.672049606257033)	(205, 16.444284030642308)	(210, 16.240373386189532)	(215, 16.10373654041892)	(220, 15.944728665559543)	(225, 15.9831306583811)	(230, 16.149094659023945)	(235, 16.223597792896555)	(240, 15.992674237960037)	(245, 15.563566722022822)	(250, 15.474895537579687)
SRR908442_2_paired	(1, 32.386189555125725)	(2, 32.35411992263056)	(3, 32.66321083172147)	(4, 32.60514506769826)	(5, 32.75640232108317)	(6, 34.34611218568666)	(7, 34.59733075435203)	(8, 34.83504835589942)	(9, 35.03930367504836)	(10, 36.1756750483559)	(15, 37.26599613152805)	(20, 37.524301740812376)	(25, 38.03040618955512)	(30, 38.09498646034816)	(35, 38.034081237911025)	(40, 37.793570599613155)	(45, 36.890731141199225)	(50, 36.89483250144557)	(55, 37.66123406260446)	(60, 37.35405938906372)	(65, 37.24356986098023)	(70, 37.393156105286955)	(75, 37.35620843087911)	(80, 37.298343822677786)	(85, 37.17988799767177)	(90, 37.114588587535465)	(95, 37.13623790510341)	(100, 37.061608917118285)	(105, 37.08743015565209)	(110, 37.068072801888476)	(115, 37.01200705183588)	(120, 36.91061807665876)	(125, 36.87133729207562)	(130, 36.75452784352392)	(135, 36.6404027477456)	(140, 36.45250897324089)	(145, 36.365900279137)	(150, 36.133472692397454)	(155, 35.85031350619864)	(160, 35.63715260078279)	(165, 35.32413699412929)	(170, 35.06216301219172)	(175, 34.57164785291757)	(180, 33.68364789784083)	(185, 32.00806611950331)	(190, 30.039143179299906)	(195, 28.323876853521824)	(200, 27.243236690515367)	(205, 27.07885626111575)	(210, 26.781170897253627)	(215, 26.518438469912155)	(220, 26.38794639484778)	(225, 26.897455760613656)	(230, 25.45137085137085)	(235, 24.944285714285716)	(240, 26.8)		
SRR908443_1	(1, 32.9088509730007)	(2, 33.21884216619889)	(3, 33.30648767733634)	(4, 33.297606799619196)	(5, 33.17633905912629)	(6, 35.068967409346186)	(7, 35.09967873006467)	(8, 35.17644057054907)	(9, 35.31010367882883)	(10, 36.19937062917877)	(15, 37.30292983914555)	(20, 37.50117890428022)	(25, 37.78213179474939)	(30, 37.50136436839318)	(35, 37.639980136683754)	(40, 37.45882833869698)	(45, 37.202219533541296)	(50, 37.19043268558072)	(55, 37.12428729378777)	(60, 37.078720736588835)	(65, 37.37226049477216)	(70, 37.14115026159768)	(75, 35.29941864133819)	(80, 33.729942303102135)	(85, 33.46414753725058)	(90, 33.353379370135336)	(95, 33.23346529818294)	(100, 33.14747634372316)	(105, 33.04569001703746)	(110, 32.89243191189906)	(115, 32.637106540353535)	(120, 32.3615688727568)	(125, 32.01473287406274)	(130, 31.659018192493097)	(135, 31.231857028019895)	(140, 30.722272977933613)	(145, 30.207848753467164)	(150, 29.62104962811153)	(155, 28.981566074333795)	(160, 28.338646496072602)	(165, 27.64657398948122)	(170, 26.928455297936022)	(175, 26.173602640394414)	(180, 25.410319596368634)	(185, 24.631076761840486)	(190, 23.76085225698302)	(195, 22.75020453179914)	(200, 21.76923874663572)	(205, 20.772239643777212)	(210, 19.819479218965625)	(215, 19.068373704700527)	(220, 18.568411840072873)	(225, 18.301717737886534)	(230, 17.962023204962538)	(235, 17.67058610500671)	(240, 17.424829145301256)	(245, 17.21512575070441)	(250, 17.01858619280037)
SRR908443_1_paired	(1, 33.1580128431858)	(2, 33.43612204956495)	(3, 33.562042648180025)	(4, 33.51570421372822)	(5, 33.3910412098061)	(6, 35.62061512100419)	(7, 35.6606813019249)	(8, 35.75612487915301)	(9, 35.83136048165877)	(10, 36.548488135380076)	(15, 37.547096921251)	(20, 37.74845669551274)	(25, 38.02955661927107)	(30, 37.71284711578517)	(35, 38.099886816477635)	(40, 38.081169877463125)	(45, 37.8474498337617)	(50, 37.695980964997354)	(55, 37.53477202449053)	(60, 37.46545767384747)	(65, 38.083028112173295)	(70, 37.80919245390307)	(75, 37.834142984183075)	(80, 38.078038097954035)	(85, 38.100795324949125)	(90, 38.08420845685084)	(95, 38.078455569044664)	(100, 38.10718386736313)	(105, 38.103203281554464)	(110, 38.12173230759659)	(115, 38.10686868329692)	(120, 38.091485319541654)	(125, 38.04700116325383)	(130, 38.03691804822482)	(135, 37.997619929447794)	(140, 37.92413903993171)	(145, 37.874613178489376)	(150, 37.800465094197854)	(155, 37.71065343687937)	(160, 37.67390103772238)	(165, 37.6434839043814)	(170, 37.656605280720456)	(175, 37.65311275535502)	(180, 37.67365450287176)	(185, 37.611487030277075)	(190, 37.421273854103795)	(195, 36.67212917007216)	(200, 35.80261791614397)	(205, 34.33828337414024)	(210, 31.920571809126198)	(215, 29.854074921619382)	(220, 28.219705326320547)	(225, 27.07996388948204)	(230, 26.694315133731827)	(235, 26.539762678918954)	(240, 26.799569303629873)	(245, 26.725564377226856)	(250, 28.49036099779024)
SRR908443_2	(1, 31.962045702088666)	(2, 31.989077919619415)	(3, 32.111816203966626)	(4, 31.985988680104583)	(5, 32.22001640644076)	(6, 33.908466875725324)	(7, 34.1393367737475)	(8, 34.414325730950836)	(9, 34.59453045479861)	(10, 35.764752490459294)	(15, 36.735746561643495)	(20, 36.959402015413275)	(25, 37.57699037836325)	(30, 37.606109890230485)	(35, 37.5686335190718)	(40, 37.24407132137693)	(45, 36.31882488182149)	(50, 36.18314855510836)	(55, 36.917023465599975)	(60, 36.7643705880255)	(65, 36.272036346576456)	(70, 34.2037981733431)	(75, 32.53154618358203)	(80, 32.3818486601864)	(85, 32.06275326414096)	(90, 31.80084117303308)	(95, 31.704595175189514)	(100, 31.534887829877828)	(105, 31.373321151962596)	(110, 31.078111668052163)	(115, 30.761917852567006)	(120, 30.348133698774454)	(125, 29.934868625014058)	(130, 29.475043828242672)	(135, 28.955821680096353)	(140, 28.354906431160163)	(145, 27.748172108501997)	(150, 27.06499145383562)	(155, 26.37387589817032)	(160, 25.52897218312661)	(165, 24.711092454957736)	(170, 23.81584620745094)	(175, 22.819559330683063)	(180, 21.614743299560207)	(185, 20.306477251838864)	(190, 18.98103053298984)	(195, 18.192045894137305)	(200, 17.62423873291796)	(205, 17.29968092490624)	(210, 16.998147005001492)	(215, 16.763402114181144)	(220, 16.53349739774096)	(225, 16.55730978268325)	(230, 16.804996008131887)	(235, 16.881326013536686)	(240, 16.604979546820086)	(245, 16.032885860007518)	(250, 15.883348285691554)
SRR908443_2_paired	(1, 32.276670832449085)	(2, 32.25350358021489)	(3, 32.470988862427)	(4, 32.33177705990081)	(5, 32.567473885260206)	(6, 34.435214223395974)	(7, 34.7013762801921)	(8, 35.011503061457084)	(9, 35.243132353981466)	(10, 36.308605091686516)	(15, 37.26680028610279)	(20, 37.5684178672766)	(25, 38.13592319240413)	(30, 38.181973952069924)	(35, 38.12533581708285)	(40, 37.871391292728745)	(45, 36.97245946222107)	(50, 36.983005971018216)	(55, 37.74701977229918)	(60, 37.431875088573754)	(65, 37.29125815169695)	(70, 37.463005353519534)	(75, 37.42490000687313)	(80, 37.37693681767335)	(85, 37.26435844126699)	(90, 37.20787518194812)	(95, 37.243051043131125)	(100, 37.20910827421578)	(105, 37.24963520332883)	(110, 37.228729856552526)	(115, 37.203719761256444)	(120, 37.11498251188575)	(125, 37.07003586080361)	(130, 37.01373230822354)	(135, 36.90463229666068)	(140, 36.736272052012836)	(145, 36.61272741881055)	(150, 36.41791907869026)	(155, 36.194342073973715)	(160, 35.90242262267528)	(165, 35.677659210735705)	(170, 35.37728773809683)	(175, 34.96473916556407)	(180, 34.08554215948197)	(185, 32.63893175755326)	(190, 30.42655679687282)	(195, 28.569231948706197)	(200, 27.582108004669095)	(205, 27.352595605408148)	(210, 27.015663365451424)	(215, 26.796029084090208)	(220, 26.48879844030415)	(225, 26.145324513561615)	(230, 25.616488641265498)	(235, 26.190409790239205)	(240, 28.083823085565378)	(245, 29.550489510489513)	(250, 33.36904761904762)
SRR908444_1	(1, 33.001640631183115)	(2, 33.26644748803751)	(3, 33.392147216167594)	(4, 33.3359657585085)	(5, 33.189947444187524)	(6, 35.446260237902216)	(7, 35.52237097943757)	(8, 35.64990812893179)	(9, 35.74403372812581)	(10, 36.42351984907049)	(15, 37.33802692175238)	(20, 37.52436626075127)	(25, 37.78881803967033)	(30, 37.42539277822816)	(35, 37.81292098660329)	(40, 37.782323108087006)	(45, 37.52232734335395)	(50, 37.43609131920009)	(55, 37.272145419387684)	(60, 37.15749973796959)	(65, 37.7362853286503)	(70, 37.290203057520486)	(75, 37.01301938169381)	(80, 37.14213641409788)	(85, 37.145259816514546)	(90, 37.082050810369125)	(95, 37.034418602661376)	(100, 36.99375319516666)	(105, 36.88830959373523)	(110, 36.768248759901006)	(115, 36.590917277536185)	(120, 36.36942607854923)	(125, 36.03711163350823)	(130, 35.676123575677586)	(135, 35.18388416758823)	(140, 34.566182035195496)	(145, 33.89930417558818)	(150, 33.1655334832076)	(155, 32.369160839609584)	(160, 31.54649788343604)	(165, 30.66020068320417)	(170, 29.739353116450594)	(175, 28.78260930945898)	(180, 27.844724846685477)	(185, 26.83172471620503)	(190, 25.69838610661322)	(195, 24.31993463143552)	(200, 23.00427163034248)	(205, 21.66229649863209)	(210, 20.352741693636194)	(215, 19.3611685914315)	(220, 18.72428882809308)	(225, 18.37811864308892)	(230, 17.99587596229329)	(235, 17.676144538109916)	(240, 17.41069469072926)	(245, 17.20259891380376)	(250, 17.025236201692824)
SRR908444_1_paired	(1, 33.15963011372659)	(2, 33.412892271233645)	(3, 33.53860718517523)	(4, 33.480170528810326)	(5, 33.34460256770458)	(6, 35.68961802035108)	(7, 35.7672770360236)	(8, 35.8931873984584)	(9, 35.96969571112713)	(10, 36.62385009100571)	(15, 37.52479728326595)	(20, 37.735821555525696)	(25, 38.04143752366758)	(30, 37.69444364364854)	(35, 38.11469503927293)	(40, 38.109427702380806)	(45, 37.87140612975337)	(50, 37.79389240482119)	(55, 37.65686767269475)	(60, 37.577351046857075)	(65, 38.19993216900065)	(70, 37.871066492500944)	(75, 37.90229938349661)	(80, 38.182952606609604)	(85, 38.21728540942826)	(90, 38.20264582516217)	(95, 38.209679666116116)	(100, 38.24716283174869)	(105, 38.26813643346036)	(110, 38.29925102639483)	(115, 38.31524174198087)	(120, 38.32020067757823)	(125, 38.30916811972797)	(130, 38.33120284770149)	(135, 38.31686889922528)	(140, 38.26929659670917)	(145, 38.253278640019616)	(150, 38.19673840578219)	(155, 38.12790386757159)	(160, 38.08858666748246)	(165, 38.044687800863095)	(170, 38.007263007650586)	(175, 37.945686460538134)	(180, 37.91476303418807)	(185, 37.791938438207566)	(190, 37.49700946595061)	(195, 36.67223719255405)	(200, 35.73850002144871)	(205, 34.31215383917979)	(210, 31.828721784537443)	(215, 29.72690187948149)	(220, 28.099058085008448)	(225, 27.048534251476372)	(230, 26.669805548315907)	(235, 26.531698570832845)	(240, 26.712325469236504)	(245, 26.82210321551363)	(250, 28.881192444557655)
SRR908444_2	(1, 31.886392172884452)	(2, 31.82326530524938)	(3, 32.03678906873325)	(4, 31.78468587367354)	(5, 32.03629495425698)	(6, 34.234558922616536)	(7, 34.47530817984056)	(8, 34.750091443263464)	(9, 34.98168781804609)	(10, 35.98614896588899)	(15, 36.816577433727694)	(20, 37.08286877303461)	(25, 37.681415092523466)	(30, 37.71874747327824)	(35, 37.63907782409952)	(40, 37.32258017595609)	(45, 36.32949906203811)	(50, 36.36102869928108)	(55, 37.086360515333595)	(60, 36.67059847744293)	(65, 36.358320267463526)	(70, 36.192294380998625)	(75, 35.921307029045806)	(80, 35.76644470730669)	(85, 35.502232926847526)	(90, 35.305127881532314)	(95, 35.21915752412284)	(100, 35.01756908511817)	(105, 34.88893547207184)	(110, 34.62544710943031)	(115, 34.329044305598046)	(120, 33.88247177023463)	(125, 33.43519079021953)	(130, 32.903371315264295)	(135, 32.25706316323104)	(140, 31.490387441364014)	(145, 30.74985743406994)	(150, 29.899017974216207)	(155, 29.054571200612617)	(160, 28.00972870762327)	(165, 26.985365655407556)	(170, 25.86603294524313)	(175, 24.627942494486668)	(180, 23.103432919147043)	(185, 21.408312673929366)	(190, 19.746757988718787)	(195, 18.740344340036323)	(200, 18.087521149596903)	(205, 17.684086733133263)	(210, 17.308716307702838)	(215, 16.976368493892018)	(220, 16.64826835335816)	(225, 16.637633127487952)	(230, 16.928643880360127)	(235, 17.040310329559382)	(240, 16.732327706987974)	(245, 16.04887198584822)	(250, 15.839697285365013)
SRR908444_2_paired	(1, 32.1964990288653)	(2, 32.155107924214846)	(3, 32.4152669704262)	(4, 32.16582583096149)	(5, 32.40998253179092)	(6, 34.66289776822252)	(7, 34.91560534063008)	(8, 35.18851251481133)	(9, 35.44376580384301)	(10, 36.42202753380648)	(15, 37.248358843433536)	(20, 37.55363228809107)	(25, 38.162708427494714)	(30, 38.211780657928486)	(35, 38.148405995382525)	(40, 37.880673320059124)	(45, 36.935392057461854)	(50, 37.03063509317472)	(55, 37.815904505520464)	(60, 37.480476453737865)	(65, 37.31561745444151)	(70, 37.50633835326305)	(75, 37.49112799678585)	(80, 37.45206210245723)	(85, 37.352250681728115)	(90, 37.31982992464283)	(95, 37.37635447585809)	(100, 37.36066974234228)	(105, 37.43613061906092)	(110, 37.44719635059361)	(115, 37.46561498715623)	(120, 37.4083744656606)	(125, 37.4087049983035)	(130, 37.41642494218995)	(135, 37.388263158052624)	(140, 37.31469002695421)	(145, 37.25589607427325)	(150, 37.14844779588275)	(155, 37.05304705069495)	(160, 36.811834183671934)	(165, 36.60828444139439)	(170, 36.32722355413088)	(175, 35.842126256887)	(180, 34.80454842694402)	(185, 33.1132444649965)	(190, 30.590531120203604)	(195, 28.550224299433477)	(200, 27.54575028357642)	(205, 27.24742299586586)	(210, 27.07682880764626)	(215, 26.873051276219893)	(220, 26.59342963208)	(225, 26.28534362316683)	(230, 26.084295557378425)	(235, 26.67287957822405)	(240, 28.86137122090215)	(245, 30.61573607932876)	(250, 34.4375)
SRR908445_1	(1, 32.782165511678215)	(2, 33.07713122868771)	(3, 33.143489898434346)	(4, 33.12448208851245)	(5, 32.99147875187915)	(6, 34.7220034466322)	(7, 34.71219154475122)	(8, 34.74491255087449)	(9, 34.968525648076856)	(10, 35.64808858578081)	(15, 37.08846551534485)	(20, 37.27739229274374)	(25, 37.53613903860961)	(30, 37.450647893521065)	(35, 37.32340263264034)	(40, 36.50356029773035)	(45, 35.84667326660067)	(50, 36.64539287940455)	(55, 36.93793128735379)	(60, 37.012622007113265)	(65, 37.13618303816962)	(70, 37.19962160378396)	(75, 34.461454185458145)	(80, 28.82613427199061)	(85, 28.093057602757305)	(90, 27.930153631797015)	(95, 27.69785502144979)	(100, 27.513534997983356)	(105, 27.35340886591134)	(110, 27.120109998900013)	(115, 26.72442195578044)	(120, 26.31678656546768)	(125, 25.91607963920361)	(130, 25.476246837531626)	(135, 25.0520265464012)	(140, 24.57180508194918)	(145, 24.15415099182341)	(150, 23.677166428335717)	(155, 23.169533238000955)	(160, 22.640252264144024)	(165, 22.128591647416858)	(170, 21.659993400066)	(175, 21.148829978366884)	(180, 20.66519708136252)	(185, 20.232528874711253)	(190, 19.75927254060793)	(195, 19.231794082059174)	(200, 18.729536171304954)	(205, 18.241356653100134)	(210, 17.875234847651523)	(215, 17.572224544421225)	(220, 17.395089649103507)	(225, 17.34758332416676)	(230, 17.13549517838155)	(235, 16.939556337769954)	(240, 16.755927107395593)	(245, 16.650152165145016)	(250, 16.582117845488213)
SRR908445_1_paired	(1, 33.19015219337511)	(2, 33.46809310653536)	(3, 33.57541629364369)	(4, 33.542291853178156)	(5, 33.44377797672337)	(6, 35.46914950760967)	(7, 35.41470008952552)	(8, 35.448307967770816)	(9, 35.57751119068935)	(10, 36.392236347358995)	(15, 37.5255684870188)	(20, 37.71326768128917)	(25, 37.95681647269471)	(30, 37.61803401969562)	(35, 38.03744315129812)	(40, 38.02391405550582)	(45, 37.77698836168308)	(50, 37.64309438334002)	(55, 37.507043412387546)	(60, 37.44073185808499)	(65, 38.035614173060765)	(70, 37.73060291403086)	(75, 37.753300263103874)	(80, 38.00994698182738)	(85, 38.015383077159015)	(90, 38.00172253045186)	(95, 38.00120053751307)	(100, 38.009462479248505)	(105, 37.98558178335715)	(110, 38.00233607884771)	(115, 37.97078519062153)	(120, 37.961572491075934)	(125, 37.87695095148005)	(130, 37.83219451228617)	(135, 37.7770244830905)	(140, 37.668455146020236)	(145, 37.61003146715512)	(150, 37.52466756322001)	(155, 37.42578635096321)	(160, 37.302403379745655)	(165, 37.284971699884885)	(170, 37.2612698744273)	(175, 37.24583724943969)	(180, 37.298910329726176)	(185, 37.22910396811879)	(190, 36.983099416611545)	(195, 36.055641990132386)	(200, 34.92634302878277)	(205, 33.47516248693381)	(210, 31.168266020326406)	(215, 29.284091802535688)	(220, 28.06894066637624)	(225, 26.75249964393866)	(230, 26.723885699165617)	(235, 26.900826209169782)	(240, 26.844190926822115)	(245, 26.47701477206768)	(250, 28.92)
SRR908445_2	(1, 31.793253400799326)	(2, 31.782055512778207)	(3, 31.9960327063396)	(4, 31.777127562057714)	(5, 32.168818978476885)	(6, 33.90265097349027)	(7, 34.17786822131779)	(8, 34.29995966707)	(9, 34.513342866571335)	(10, 35.399919334139994)	(15, 36.612520808125254)	(20, 36.58733692663073)	(25, 37.29721262787372)	(30, 37.42955157115095)	(35, 37.358694679719875)	(40, 37.13809848568181)	(45, 36.16730246030873)	(50, 35.776831298353684)	(55, 36.318106552267814)	(60, 36.70921570784292)	(65, 36.529984966817)	(70, 33.00825725076082)	(75, 27.582027646390202)	(80, 27.421033256334102)	(85, 27.010295897041033)	(90, 26.588061452718808)	(95, 26.359268140651928)	(100, 26.224642686906463)	(105, 25.97980713526198)	(110, 25.595613243867557)	(115, 25.207462325376746)	(120, 24.730248964177026)	(125, 24.28059252740806)	(130, 23.83076009239908)	(135, 23.39588457448759)	(140, 22.91090969090309)	(145, 22.42140138598614)	(150, 21.872760605727276)	(155, 21.34077805888608)	(160, 20.787832655006785)	(165, 20.254933450665494)	(170, 19.702639240274266)	(175, 19.112616873831264)	(180, 18.443198768012316)	(185, 17.80681553184468)	(190, 17.181068455982107)	(195, 16.82186338136619)	(200, 16.48323690096432)	(205, 16.243914494188395)	(210, 16.054223591097422)	(215, 15.936995563377701)	(220, 15.776715432845668)	(225, 15.82117845488212)	(230, 15.996592967403657)	(235, 16.086931397352693)	(240, 15.886224471088621)	(245, 15.444172624940418)	(250, 15.31910680893191)
SRR908445_2_paired	(1, 31.992802148612355)	(2, 31.917833482542523)	(3, 32.33783348254252)	(4, 32.070331244404656)	(5, 32.59555953446732)	(6, 34.34508504923903)	(7, 34.62628469113697)	(8, 34.89888988361683)	(9, 35.10343777976723)	(10, 36.206997314234556)	(15, 37.256250671441364)	(20, 37.52335899731424)	(25, 38.066266786034014)	(30, 38.129013428827214)	(35, 38.0584709042077)	(40, 37.773547000895256)	(45, 36.87984601611459)	(50, 36.90118844725829)	(55, 37.653363858052316)	(60, 37.34358196780793)	(65, 37.188032769314006)	(70, 37.34602375326665)	(75, 37.335570957004855)	(80, 37.252073370788544)	(85, 37.134148542365594)	(90, 37.05196154885973)	(95, 37.07044196708044)	(100, 37.00556082117374)	(105, 37.00417854236427)	(110, 36.950440488319195)	(115, 36.94687149293931)	(120, 36.7883749228519)	(125, 36.68586002858751)	(130, 36.57886282033856)	(135, 36.42348159902371)	(140, 36.22746083229807)	(145, 36.03979357085338)	(150, 35.77363417336975)	(155, 35.569190627354224)	(160, 35.24726975473247)	(165, 35.025421433490905)	(170, 34.65804666233582)	(175, 34.34150778388534)	(180, 33.383854498178366)	(185, 32.208488076469365)	(190, 30.170271337771)	(195, 28.299701642299834)	(200, 27.347682181406206)	(205, 27.10360399624974)	(210, 27.188066698558185)	(215, 27.05447159872142)	(220, 26.06769125379578)	(225, 26.022665753103247)	(230, 23.77095238095238)	(235, 34.0)	(240, 27.333333333333332)		
SRR908446_1	(1, 32.865797571748615)	(2, 33.208562918175446)	(3, 33.30254310944117)	(4, 33.31570897968101)	(5, 33.20581509154057)	(6, 34.84412932866596)	(7, 34.856591804600214)	(8, 34.81587301369873)	(9, 34.94965970646472)	(10, 36.10674840743174)	(15, 37.3232818035934)	(20, 37.48699446530732)	(25, 37.79850951637019)	(30, 37.5513279906415)	(35, 37.55796893695683)	(40, 37.3888326736586)	(45, 37.24177764932061)	(50, 37.18184352319044)	(55, 37.09911681893179)	(60, 37.06906688273041)	(65, 37.223812123175506)	(70, 36.99557032812967)	(75, 34.0370919611003)	(80, 32.24484477724591)	(85, 32.00870756946789)	(90, 31.864858023249678)	(95, 31.745866856430172)	(100, 31.64349538341839)	(105, 31.562248752279867)	(110, 31.39942577820272)	(115, 31.159415449881273)	(120, 30.908819276976402)	(125, 30.616819137256407)	(130, 30.347858825269874)	(135, 30.03326377012499)	(140, 29.65492776681554)	(145, 29.27004547064065)	(150, 28.819298619306153)	(155, 28.333664643238002)	(160, 27.823770618117162)	(165, 27.279223841710937)	(170, 26.702977748220455)	(175, 26.084953457487792)	(180, 25.467841593136733)	(185, 24.789519630317322)	(190, 24.01312943345595)	(195, 23.034998900732365)	(200, 22.087217058442)	(205, 21.07692037946308)	(210, 20.027369229957884)	(215, 19.200387517524927)	(220, 18.64054482580546)	(225, 18.313447159471885)	(230, 17.968458347345283)	(235, 17.674724035880647)	(240, 17.430959622975173)	(245, 17.237864256542355)	(250, 17.053643918104903)
SRR908446_1_paired	(1, 33.17486704866463)	(2, 33.46963094487045)	(3, 33.59665936057616)	(4, 33.56206599762823)	(5, 33.44089004225392)	(6, 35.52946067177009)	(7, 35.54486199727268)	(8, 35.616192854773566)	(9, 35.6849156330825)	(10, 36.477375400805194)	(15, 37.58157716163804)	(20, 37.770716668943045)	(25, 38.02764065308211)	(30, 37.710556975582044)	(35, 38.08519009927178)	(40, 38.062874870734234)	(45, 37.82665292167741)	(50, 37.63645982162387)	(55, 37.47199287079238)	(60, 37.39959509699485)	(65, 37.99943909749517)	(70, 37.733975844586595)	(75, 37.750555910060676)	(80, 37.97954100936389)	(85, 38.00059647164502)	(90, 37.97855378270253)	(95, 37.97307744547407)	(100, 37.994262038608575)	(105, 37.987904324518574)	(110, 37.99865517425805)	(115, 37.982393832473775)	(120, 37.959478047594615)	(125, 37.9151369602571)	(130, 37.90480915383383)	(135, 37.862027924447275)	(140, 37.783391650795245)	(145, 37.7381358427098)	(150, 37.66094909320525)	(155, 37.58077947460097)	(160, 37.5397496616533)	(165, 37.51891084637734)	(170, 37.52750804496172)	(175, 37.54310904951687)	(180, 37.58170796028484)	(185, 37.53396198197278)	(190, 37.34463779233854)	(195, 36.60600370503724)	(200, 35.67881812027681)	(205, 34.24300299150168)	(210, 31.791671729788494)	(215, 29.771696350022165)	(220, 28.214451017381897)	(225, 26.991109206032696)	(230, 26.623112533278874)	(235, 26.52724380565213)	(240, 26.80721777824335)	(245, 26.79492560943468)	(250, 28.67199610050011)
SRR908446_2	(1, 31.905427368545055)	(2, 32.089210534066)	(3, 32.16948515235301)	(4, 32.06305001907452)	(5, 32.307251810367084)	(6, 33.82060774089885)	(7, 33.906440338533336)	(8, 34.097826600632985)	(9, 34.22817577049757)	(10, 35.517995456360445)	(15, 36.49805535788524)	(20, 36.728690337334754)	(25, 37.30411139793283)	(30, 37.28659338672372)	(35, 37.28116252517871)	(40, 36.90883626254484)	(45, 36.01740733105352)	(50, 35.83769809932859)	(55, 36.62158386316207)	(60, 36.495558068384724)	(65, 35.70367648519276)	(70, 32.44084823737058)	(75, 31.04438849556492)	(80, 30.902904874652666)	(85, 30.59456804261186)	(90, 30.328914848194906)	(95, 30.21213591468313)	(100, 30.02959447640273)	(105, 29.865940579276373)	(110, 29.59594428459594)	(115, 29.31759739134544)	(120, 28.95342050308788)	(125, 28.620230770863998)	(130, 28.249702238875994)	(135, 27.842374472882334)	(140, 27.346263551641265)	(145, 26.864385988823773)	(150, 26.30832998302128)	(155, 25.726372629126274)	(160, 25.016900092667235)	(165, 24.327450527819693)	(170, 23.55051925841556)	(175, 22.661064625293566)	(180, 21.547667600644626)	(185, 20.276895586012387)	(190, 18.966863758618636)	(195, 18.1446589633461)	(200, 17.59799871649374)	(205, 17.28108581615999)	(210, 17.020826087641424)	(215, 16.799356466125094)	(220, 16.57880927055887)	(225, 16.58258828557398)	(230, 16.77850161260165)	(235, 16.82600024793451)	(240, 16.570687977162628)	(245, 16.051018620429392)	(250, 15.913157856886997)
SRR908446_2_paired	(1, 32.26778447683406)	(2, 32.47668446577736)	(3, 32.64557114332729)	(4, 32.58826819639292)	(5, 32.81249905150902)	(6, 34.58582705161309)	(7, 34.765365011848004)	(8, 34.98217162158353)	(9, 35.190145883332356)	(10, 36.24164579986515)	(15, 37.27366447050356)	(20, 37.5316431766101)	(25, 38.042825397444815)	(30, 38.07655221903529)	(35, 38.01760052378381)	(40, 37.77329873238246)	(45, 36.91337708315719)	(50, 36.860553945835555)	(55, 37.57462016861962)	(60, 37.25114129399143)	(65, 37.124465430550686)	(70, 37.294015366026024)	(75, 37.26662455616154)	(80, 37.221714579093344)	(85, 37.108187111532594)	(90, 37.04789676321492)	(95, 37.073421270183644)	(100, 37.028926156967024)	(105, 37.062613231168164)	(110, 37.02705091985976)	(115, 37.0090470856119)	(120, 36.90778294031189)	(125, 36.85376207682051)	(130, 36.78376158781924)	(135, 36.67840377932009)	(140, 36.503224400510646)	(145, 36.357357091158384)	(150, 36.154645904944935)	(155, 35.905104838750184)	(160, 35.626334818132456)	(165, 35.38663364962023)	(170, 35.04996537289486)	(175, 34.6248614404383)	(180, 33.75415817613074)	(185, 32.302759341479636)	(190, 30.139372601697296)	(195, 28.350111862035465)	(200, 27.451415408285364)	(205, 27.26907899959688)	(210, 27.056177113552074)	(215, 26.95699300385105)	(220, 26.378240158567657)	(225, 26.126022512621955)	(230, 25.924083239265165)	(235, 26.67196166256118)	(240, 26.472487874698402)	(245, 29.13977004977005)	(250, 31.75438596491228)
SRR908447_1	(1, 32.98436551491285)	(2, 33.26893693548698)	(3, 33.38586231086681)	(4, 33.34047384543255)	(5, 33.19085547941731)	(6, 35.42497389004253)	(7, 35.478087753948856)	(8, 35.59194816145663)	(9, 35.67595837101856)	(10, 36.36659954760235)	(15, 37.34343699759106)	(20, 37.53044377305942)	(25, 37.78295234079924)	(30, 37.44260795177224)	(35, 37.81583076898854)	(40, 37.77350867095505)	(45, 37.49376877336557)	(50, 37.39284141065496)	(55, 37.23695420567124)	(60, 37.12423581358978)	(65, 37.705757836048704)	(70, 37.30521306949885)	(75, 37.008550770528025)	(80, 36.91919890976713)	(85, 36.8669083186237)	(90, 36.80329204140506)	(95, 36.74568114187547)	(100, 36.714949590725325)	(105, 36.624244035820944)	(110, 36.52808626694961)	(115, 36.37250240981349)	(120, 36.17376513459093)	(125, 35.89511337057246)	(130, 35.6121475593094)	(135, 35.232873879721)	(140, 34.739783178014804)	(145, 34.22715750471029)	(150, 33.62835270222753)	(155, 32.950925525829184)	(160, 32.24148063139738)	(165, 31.467782324302295)	(170, 30.654910159003954)	(175, 29.782484898210527)	(180, 28.90147807725748)	(185, 27.960075644526704)	(190, 26.897066063003287)	(195, 25.54784656267002)	(200, 24.229120343724254)	(205, 22.831601008360437)	(210, 21.280049893198463)	(215, 20.100879428852334)	(220, 19.301639722823342)	(225, 18.800250515638858)	(230, 18.36757082052619)	(235, 18.012124816967884)	(240, 17.733304409740022)	(245, 17.51609755414864)	(250, 17.301180327524705)
SRR908447_1_paired	(1, 33.15162825867925)	(2, 33.42085956935057)	(3, 33.54552548119755)	(4, 33.49319355091715)	(5, 33.363262671217036)	(6, 35.67275751183009)	(7, 35.72582750292107)	(8, 35.834189711794295)	(9, 35.90409834911684)	(10, 36.58145154640834)	(15, 37.541508982421284)	(20, 37.748849369229504)	(25, 38.03791420395014)	(30, 37.70854400913828)	(35, 38.111809576288735)	(40, 38.09876983161354)	(45, 37.86407172261785)	(50, 37.74634367083388)	(55, 37.60003780968456)	(60, 37.522250795506906)	(65, 38.144084753187734)	(70, 37.834673322476064)	(75, 37.862591404439655)	(80, 38.12297127226775)	(85, 38.14942082481855)	(90, 38.13342874471364)	(95, 38.13640167441668)	(100, 38.16713325257827)	(105, 38.17171673646787)	(110, 38.18827384408904)	(115, 38.19225072136778)	(120, 38.18150431962303)	(125, 38.15624262111934)	(130, 38.160658572729616)	(135, 38.13977926091047)	(140, 38.07645545453156)	(145, 38.04550088289985)	(150, 37.983339777860465)	(155, 37.906435572461)	(160, 37.854620267395546)	(165, 37.81579468403485)	(170, 37.78211718259883)	(175, 37.75361286057953)	(180, 37.741800913840834)	(185, 37.63717300861414)	(190, 37.381593888721106)	(195, 36.617437725314645)	(200, 35.68965369766409)	(205, 34.20028990988119)	(210, 31.804816582457438)	(215, 29.746182774598232)	(220, 28.186307023785012)	(225, 26.927166686758493)	(230, 26.56069052559223)	(235, 26.403598070699054)	(240, 26.638572248071476)	(245, 26.770281108141432)	(250, 28.66854670558799)
SRR908447_2	(1, 31.928216423119515)	(2, 32.01214441036981)	(3, 32.25560817394742)	(4, 32.09402383747273)	(5, 32.215317491834625)	(6, 34.23715363851223)	(7, 34.459216858722826)	(8, 34.67823260517021)	(9, 34.893992697958964)	(10, 35.87545978891609)	(15, 36.75751240769671)	(20, 36.98610442933342)	(25, 37.56529798590325)	(30, 37.6005027806886)	(35, 37.519113188633725)	(40, 37.240507958944825)	(45, 36.29870036265287)	(50, 36.26712384604484)	(55, 36.97372944660886)	(60, 36.62434690118103)	(65, 36.369279645079516)	(70, 36.15572730882875)	(75, 35.72169881792307)	(80, 35.582676283761444)	(85, 35.322279972219356)	(90, 35.11783681845139)	(95, 35.025474921320246)	(100, 34.8269517739901)	(105, 34.70728857057386)	(110, 34.46982983480313)	(115, 34.20096007669417)	(120, 33.81313597645992)	(125, 33.44329861918998)	(130, 32.989317047484256)	(135, 32.486627678129395)	(140, 31.844589684423774)	(145, 31.193026498326685)	(150, 30.429653564162265)	(155, 29.645986064192886)	(160, 28.686991555593654)	(165, 27.736751448949565)	(170, 26.661757703093485)	(175, 25.44537901861548)	(180, 23.890797923799163)	(185, 22.117742350263548)	(190, 20.30755448102851)	(195, 19.19525314850224)	(200, 18.508087001702176)	(205, 18.122135470880185)	(210, 17.74674863239804)	(215, 17.390109530615568)	(220, 17.028552135068516)	(225, 16.952004212581414)	(230, 17.145476810684002)	(235, 17.18339389210683)	(240, 16.878305030780886)	(245, 16.259816206892328)	(250, 16.072066106738557)
SRR908447_2_paired	(1, 32.29904534750196)	(2, 32.38757845666859)	(3, 32.671158715251316)	(4, 32.51413275843692)	(5, 32.62837330995135)	(6, 34.69543025727553)	(7, 34.92923666010389)	(8, 35.14679768083998)	(9, 35.384716711345824)	(10, 36.35828327457673)	(15, 37.24251632481916)	(20, 37.51858927820871)	(25, 38.10157647375862)	(30, 38.143985005500255)	(35, 38.08438146683051)	(40, 37.83475079889553)	(45, 36.92839482834556)	(50, 36.95680209015576)	(55, 37.73204696535852)	(60, 37.42037016782255)	(65, 37.278707547648644)	(70, 37.457583700459836)	(75, 37.4267115200922)	(80, 37.39345747465187)	(85, 37.28286512657803)	(90, 37.2260821439942)	(95, 37.26848738738655)	(100, 37.225005624400566)	(105, 37.2855880941464)	(110, 37.27654930474147)	(115, 37.26237323407385)	(120, 37.18828615071315)	(125, 37.16522911275836)	(130, 37.12948981116109)	(135, 37.064596712702915)	(140, 36.93851681690357)	(145, 36.84258026305299)	(150, 36.678651844033816)	(155, 36.50422189856173)	(160, 36.223296362201026)	(165, 36.00258205533978)	(170, 35.700543751621)	(175, 35.23474629431058)	(180, 34.27829490779996)	(185, 32.707056455150955)	(190, 30.387824416141616)	(195, 28.464328305568706)	(200, 27.464956723071566)	(205, 27.234461187056773)	(210, 27.062077375183918)	(215, 26.874147479476466)	(220, 26.38104252030925)	(225, 26.18211233053314)	(230, 25.9639362366014)	(235, 26.429168027318298)	(240, 26.990666421922107)	(245, 29.029619047619043)	(250, 33.061688311688314)
SRR908448_1	(1, 32.92241242303532)	(2, 33.22785647272336)	(3, 33.31671511404359)	(4, 33.31448756004655)	(5, 33.19508400108686)	(6, 35.10757112023665)	(7, 35.139782217505655)	(8, 35.171777993099454)	(9, 35.30654116489026)	(10, 36.27882823995037)	(15, 37.33391777788031)	(20, 37.513181787887646)	(25, 37.83930953516152)	(30, 37.55590109557719)	(35, 37.614820795972456)	(40, 37.50814121000528)	(45, 37.35816556186141)	(50, 37.37985409393152)	(55, 37.31373701020727)	(60, 37.28873918905755)	(65, 37.54505349718288)	(70, 37.27115817427726)	(75, 34.91052769190544)	(80, 33.532121892575)	(85, 33.35790153647395)	(90, 33.26422174031181)	(95, 33.18034318173662)	(100, 33.13428792609339)	(105, 33.06646877579375)	(110, 32.938642550639045)	(115, 32.76287341648852)	(120, 32.54843404748355)	(125, 32.29015979944324)	(130, 32.02261595328545)	(135, 31.706619603500513)	(140, 31.320820580650782)	(145, 30.92363616788939)	(150, 30.48699046945252)	(155, 30.00083872919198)	(160, 29.510958335255843)	(165, 28.97603572289126)	(170, 28.419693730550556)	(175, 27.821760305961845)	(180, 27.211466391875195)	(185, 26.56218182377459)	(190, 25.797704260805812)	(195, 24.771661104190056)	(200, 23.706994878420154)	(205, 22.529404738102194)	(210, 21.170585521155353)	(215, 20.068621992545765)	(220, 19.310475912169267)	(225, 18.842960775568166)	(230, 18.443448838031962)	(235, 18.139721722368332)	(240, 17.885379145583084)	(245, 17.67211020368405)	(250, 17.442418113679594)
SRR908448_1_paired	(1, 33.18388059040264)	(2, 33.43592772810172)	(3, 33.56867233244483)	(4, 33.51809750946963)	(5, 33.38685549312206)	(6, 35.73677759482548)	(7, 35.77670508664801)	(8, 35.878187000214126)	(9, 35.95249311467663)	(10, 36.618074619922766)	(15, 37.554582708793276)	(20, 37.76831717528224)	(25, 38.07113111280116)	(30, 37.74430677899774)	(35, 38.14722851889864)	(40, 38.1414108821336)	(45, 37.91330916394084)	(50, 37.800260682798175)	(55, 37.65470487713093)	(60, 37.57743656560822)	(65, 38.21009578303277)	(70, 37.90319353732956)	(75, 37.927524712147616)	(80, 38.187852116058245)	(85, 38.2196090142829)	(90, 38.20729016215451)	(95, 38.20783632596541)	(100, 38.2447824855838)	(105, 38.2581749226648)	(110, 38.28072986733852)	(115, 38.29493343009252)	(120, 38.29576264875205)	(125, 38.28487180257937)	(130, 38.29775004123522)	(135, 38.28638893459106)	(140, 38.24178305147848)	(145, 38.228140820111534)	(150, 38.1908621162248)	(155, 38.121458747235145)	(160, 38.10345031300794)	(165, 38.0688161448789)	(170, 38.03130458033134)	(175, 38.00587027294424)	(180, 37.99907703341056)	(185, 37.909693667995)	(190, 37.682338840971866)	(195, 36.91691948767067)	(200, 35.99014518034794)	(205, 34.597467065137245)	(210, 32.088597279813904)	(215, 29.988490760768194)	(220, 28.368805429435838)	(225, 27.038156932122654)	(230, 26.583230140801412)	(235, 26.467408044092736)	(240, 26.546314945164504)	(245, 26.57237990796001)	(250, 28.737488359039126)
SRR908448_2	(1, 31.705401498023654)	(2, 32.007769523780226)	(3, 32.05523513639603)	(4, 32.04277723947359)	(5, 32.24792240216962)	(6, 33.92715462659633)	(7, 34.24841969270521)	(8, 34.49494506733929)	(9, 34.662083391008785)	(10, 35.840108276042386)	(15, 36.72178235080002)	(20, 36.97653557678012)	(25, 37.62553304931379)	(30, 37.64811157764141)	(35, 37.607303506154615)	(40, 37.24238555909298)	(45, 36.31647518417693)	(50, 36.23940540457404)	(55, 37.052745607694156)	(60, 36.867929374490544)	(65, 36.23557934347396)	(70, 33.70009689475384)	(75, 32.43517125763238)	(80, 32.3122923043008)	(85, 32.02789799904643)	(90, 31.811575590724765)	(95, 31.757360156262013)	(100, 31.616298312800875)	(105, 31.493186094321146)	(110, 31.26317384149249)	(115, 31.020464787216042)	(120, 30.6841097730407)	(125, 30.381466443142262)	(130, 30.023217315964054)	(135, 29.616130156825953)	(140, 29.131171401180165)	(145, 28.669394587223223)	(150, 28.13601460086026)	(155, 27.5962267439774)	(160, 26.91950660576139)	(165, 26.24165500340926)	(170, 25.45516592585757)	(175, 24.546964220714973)	(180, 23.35667830429054)	(185, 21.890841651414714)	(190, 20.30323187581066)	(195, 19.252468252869676)	(200, 18.60605105174385)	(205, 18.220614487047378)	(210, 17.871999466822516)	(215, 17.523101452395967)	(220, 17.118628913599615)	(225, 16.972228117934755)	(230, 17.07645252413397)	(235, 17.123725885254053)	(240, 16.826395361355914)	(245, 16.247125199300715)	(250, 16.08575826553264)
SRR908448_2_paired	(1, 31.86737722711599)	(2, 32.20099975633708)	(3, 32.305062281718634)	(4, 32.30413193239462)	(5, 32.535342198725566)	(6, 34.51510340906574)	(7, 34.922109087150105)	(8, 35.212640198474524)	(9, 35.423253564493145)	(10, 36.381856711436654)	(15, 37.22996094009584)	(20, 37.52915611409331)	(25, 38.14628266375255)	(30, 38.19350896753376)	(35, 38.12786986923423)	(40, 37.860296235038724)	(45, 36.917474323097025)	(50, 36.97087481187264)	(55, 37.782639895448916)	(60, 37.48390012676466)	(65, 37.340021736852314)	(70, 37.52240367659686)	(75, 37.49327211315567)	(80, 37.45841187753681)	(85, 37.34406588635935)	(90, 37.2938945092992)	(95, 37.334333204055135)	(100, 37.30983285457425)	(105, 37.3764246347558)	(110, 37.374290543018745)	(115, 37.378339358749386)	(120, 37.31576611814579)	(125, 37.31946709028631)	(130, 37.29165257986896)	(135, 37.25165067824589)	(140, 37.15381030283475)	(145, 37.10088760050738)	(150, 37.001120910632096)	(155, 36.89362387031065)	(160, 36.68160267289714)	(165, 36.49381242082322)	(170, 36.24377827467915)	(175, 35.81521173623968)	(180, 34.86988161109679)	(185, 33.28836360867473)	(190, 30.791395639905524)	(195, 28.67874157212982)	(200, 27.577542680189925)	(205, 27.268786924700755)	(210, 27.030803433278727)	(215, 26.861582490719098)	(220, 26.259807254651214)	(225, 26.027534554155437)	(230, 25.698266139964268)	(235, 26.224796332809518)	(240, 26.509884190410503)	(245, 27.373708145927036)	(250, 30.349206349206348)
SRR908449_1	(1, 32.780680010523525)	(2, 33.15385657148503)	(3, 33.21471095278957)	(4, 33.26240537987365)	(5, 33.173869026540814)	(6, 34.42331981630458)	(7, 34.43026334339432)	(8, 34.35433967667918)	(9, 34.54972198139734)	(10, 35.82073977703008)	(15, 37.29287963775991)	(20, 37.419471403880166)	(25, 37.70790674027212)	(30, 37.50729175801669)	(35, 37.26719646906939)	(40, 37.09143698263508)	(45, 36.90589883430891)	(50, 36.89834698542137)	(55, 36.89215120570934)	(60, 36.946934357859725)	(65, 36.85541300942788)	(70, 36.87470191676871)	(75, 32.82297325049204)	(80, 28.927260254052054)	(85, 28.365175131183264)	(90, 28.175109647783906)	(95, 27.985453116483633)	(100, 27.815646525072736)	(105, 27.707032444199246)	(110, 27.49238654187929)	(115, 27.154283062789244)	(120, 26.817943050867022)	(125, 26.487921593092665)	(130, 26.181116270498944)	(135, 25.868212188859495)	(140, 25.535020353248473)	(145, 25.195581896432103)	(150, 24.815675165040588)	(155, 24.43582193932545)	(160, 24.037158915189064)	(165, 23.631045059106015)	(170, 23.228139767483423)	(175, 22.799556635536426)	(180, 22.37436500861974)	(185, 21.908442907112146)	(190, 21.377174389652314)	(195, 20.738763530442178)	(200, 20.12436073482609)	(205, 19.485193247628043)	(210, 18.84452626939997)	(215, 18.294353819050908)	(220, 17.888829191453745)	(225, 17.653121589984448)	(230, 17.365046806366067)	(235, 17.10600939790573)	(240, 16.893460429666124)	(245, 16.73209907652755)	(250, 16.655528901390817)
SRR908449_1_paired	(1, 33.14987610944956)	(2, 33.506146132775825)	(3, 33.65734583853577)	(4, 33.65349845620759)	(5, 33.556120967507766)	(6, 35.16854922229643)	(7, 35.145271349342316)	(8, 35.15884365593271)	(9, 35.24878771160603)	(10, 36.24447331997638)	(15, 37.652536368651816)	(20, 37.78628105732842)	(25, 37.968358063048676)	(30, 37.68642866130453)	(35, 37.9948866111095)	(40, 37.97233756303416)	(45, 37.7478444980013)	(50, 37.38152349713542)	(55, 37.145664901626425)	(60, 37.08797323893864)	(65, 37.64417942125585)	(70, 37.46355777294776)	(75, 37.46314690184987)	(80, 37.59634645040409)	(85, 37.605759062432824)	(90, 37.56312622101824)	(95, 37.5385927521486)	(100, 37.52506197187323)	(105, 37.48124684900749)	(110, 37.45200925239271)	(115, 37.378896904216774)	(120, 37.31979338090825)	(125, 37.22173739100847)	(130, 37.154043391798204)	(135, 37.075771143498706)	(140, 36.9623358561314)	(145, 36.884585213724435)	(150, 36.78278582200413)	(155, 36.69448770929105)	(160, 36.664500525239745)	(165, 36.688478407898714)	(170, 36.775625692530255)	(175, 36.92086733228587)	(180, 37.08036079997854)	(185, 37.121346629738085)	(190, 37.017762910339755)	(195, 36.396752233344046)	(200, 35.5832998706458)	(205, 34.252389934315026)	(210, 31.921348642169033)	(215, 30.018990857191987)	(220, 28.379734964197315)	(225, 27.14100512147683)	(230, 26.650575472161496)	(235, 26.482379911203203)	(240, 26.895028652913084)	(245, 26.83260991016785)	(250, 29.084085110260617)
SRR908449_2	(1, 32.21396720168643)	(2, 32.347125290978745)	(3, 32.42466300859532)	(4, 32.38900846877189)	(5, 32.562702103261515)	(6, 33.859415500439034)	(7, 33.95927352168368)	(8, 34.03840197859995)	(9, 34.151520971005915)	(10, 35.47996856263994)	(15, 36.669755416894695)	(20, 36.79740264353564)	(25, 37.33940959483326)	(30, 37.34793054030742)	(35, 37.34238459924581)	(40, 36.97734223318484)	(45, 36.17795388521145)	(50, 35.80597509654889)	(55, 36.446422501690094)	(60, 36.535035006255285)	(65, 35.68520390436027)	(70, 30.878002839575107)	(75, 27.704357604410994)	(80, 27.563825278434884)	(85, 27.192907278659117)	(90, 26.837205316377286)	(95, 26.678925090943)	(100, 26.50162703879384)	(105, 26.27380897141443)	(110, 25.921682342793776)	(115, 25.579459370653357)	(120, 25.20087496211865)	(125, 24.838385771486355)	(130, 24.467689342934754)	(135, 24.06649023854429)	(140, 23.637997910836454)	(145, 23.206716183468963)	(150, 22.716212552964514)	(155, 22.20777941452357)	(160, 21.67578668330301)	(165, 21.166583151928368)	(170, 20.602905291622584)	(175, 19.970389603469652)	(180, 19.226392507429185)	(185, 18.397947690985852)	(190, 17.527034686553314)	(195, 16.979534411809436)	(200, 16.56638533633646)	(205, 16.344068806967726)	(210, 16.201213313366758)	(215, 16.10271069525187)	(220, 16.03965569874306)	(225, 16.078776784752883)	(230, 16.200768394796405)	(235, 16.205984865220092)	(240, 16.005553489580272)	(245, 15.643586256811707)	(250, 15.564446033086934)
SRR908449_2_paired	(1, 32.706352778342385)	(2, 32.80927388522702)	(3, 33.024807146936126)	(4, 32.90206113224348)	(5, 33.073390632712915)	(6, 34.5264186919868)	(7, 34.64118925249475)	(8, 34.769573255127426)	(9, 34.90952118238044)	(10, 36.06989120861039)	(15, 37.38972676326258)	(20, 37.5724938780646)	(25, 37.92443837896958)	(30, 37.93997938383809)	(35, 37.88373065420018)	(40, 37.662991569635196)	(45, 36.94195098580098)	(50, 36.683258088124276)	(55, 37.227834032751375)	(60, 36.955463123188)	(65, 36.866331469596865)	(70, 37.008429118715455)	(75, 36.97847134462503)	(80, 36.91029897552639)	(85, 36.801688281773366)	(90, 36.70531277439667)	(95, 36.6812173064157)	(100, 36.56946969059667)	(105, 36.54057326680912)	(110, 36.43273507272454)	(115, 36.35399305964287)	(120, 36.18255185129409)	(125, 36.02032518392843)	(130, 35.81303406527779)	(135, 35.576926799873476)	(140, 35.26306653186269)	(145, 34.95362729104339)	(150, 34.58113419937331)	(155, 34.14615725461306)	(160, 33.75224012683786)	(165, 33.44277811133979)	(170, 33.04763053574485)	(175, 32.63299397017164)	(180, 32.04294553951419)	(185, 31.13156266329664)	(190, 29.557094452690865)	(195, 28.127823199273656)	(200, 27.26403410158007)	(205, 27.22231385015026)	(210, 26.910303288067077)	(215, 26.82340224633446)	(220, 26.39037247375439)	(225, 25.98073835814492)	(230, 25.558829618822386)	(235, 26.436456352502052)	(240, 27.78068343279341)	(245, 26.58571428571429)	(250, 28.733333333333334)
SRR908450_1	(1, 32.801385849390776)	(2, 33.17171722073145)	(3, 33.22371568736868)	(4, 33.289315469980544)	(5, 33.21289965693434)	(6, 34.471203350106514)	(7, 34.45557857756341)	(8, 34.3526103560216)	(9, 34.546284749348565)	(10, 35.93258541461449)	(15, 37.30902306352295)	(20, 37.45231193257086)	(25, 37.76614373820257)	(30, 37.5643794005328)	(35, 37.58467995904563)	(40, 37.10963834959701)	(45, 36.982618653649254)	(50, 37.09833125488274)	(55, 37.15166025339305)	(60, 37.19065716240543)	(65, 37.06134130423179)	(70, 36.99393836463948)	(75, 32.53973107922536)	(80, 29.4404138138517)	(85, 29.071984588733663)	(90, 28.896685316110496)	(95, 28.742449401454756)	(100, 28.62865932658201)	(105, 28.5638116681143)	(110, 28.364878228674854)	(115, 28.0989494524051)	(120, 27.825288839933428)	(125, 27.51166665857931)	(130, 27.204153666241275)	(135, 26.888413891490323)	(140, 26.50521974156044)	(145, 26.13647316857771)	(150, 25.722352644322918)	(155, 25.29933667502899)	(160, 24.858022253169842)	(165, 24.386474381681168)	(170, 23.9620104520994)	(175, 23.502873114230674)	(180, 23.054193698655393)	(185, 22.581274535017446)	(190, 22.04988863710253)	(195, 21.39748450866884)	(200, 20.76092157043521)	(205, 20.060923996642128)	(210, 19.364788944260322)	(215, 18.735902524710916)	(220, 18.270180461270456)	(225, 17.982694351305057)	(230, 17.677021394292588)	(235, 17.39139278834256)	(240, 17.137438798930525)	(245, 16.951888316843213)	(250, 16.819645482645342)
SRR908450_1_paired	(1, 33.15650627110468)	(2, 33.49229176716514)	(3, 33.62823605081203)	(4, 33.624316610387524)	(5, 33.52196896607172)	(6, 35.29532481106287)	(7, 35.26599935680978)	(8, 35.28018974111593)	(9, 35.38759245859463)	(10, 36.31540440585304)	(15, 37.60915742080721)	(20, 37.76349091493809)	(25, 37.96535817655571)	(30, 37.676557726322564)	(35, 38.024272391059654)	(40, 38.01731990673742)	(45, 37.80469729860106)	(50, 37.54748256668123)	(55, 37.35032615359959)	(60, 37.27896258576062)	(65, 37.82459155200516)	(70, 37.58593188324243)	(75, 37.59775480952554)	(80, 37.78946425166116)	(85, 37.788692826614316)	(90, 37.76613202351207)	(95, 37.76151464312674)	(100, 37.76923942613796)	(105, 37.736808892148794)	(110, 37.72305107469158)	(115, 37.688882247730035)	(120, 37.66349960743692)	(125, 37.589800445929804)	(130, 37.55178933850552)	(135, 37.490948786774304)	(140, 37.40441756177738)	(145, 37.333456161225286)	(150, 37.23468229746292)	(155, 37.14719624771867)	(160, 37.09685049515748)	(165, 37.07789924433713)	(170, 37.09461754847119)	(175, 37.11922703120864)	(180, 37.16945232523301)	(185, 37.13766863389674)	(190, 36.96006210160189)	(195, 36.26776462670257)	(200, 35.40873710906454)	(205, 33.90513640729023)	(210, 31.67436239773997)	(215, 29.727988897057156)	(220, 28.144462164981654)	(225, 26.84145125236007)	(230, 26.47293671543553)	(235, 26.4716216305326)	(240, 26.520216795185537)	(245, 26.752318424920713)	(250, 29.02954118873827)
SRR908450_2	(1, 32.20025426648486)	(2, 32.445097363683566)	(3, 32.47038814458252)	(4, 32.33082787032409)	(5, 32.54203403483063)	(6, 33.870013538234595)	(7, 33.930067011835035)	(8, 34.078667333064836)	(9, 34.14932818330478)	(10, 35.6045690328654)	(15, 36.72189263549153)	(20, 36.90671719646938)	(25, 37.48644381147402)	(30, 37.47313364032939)	(35, 37.50024601738134)	(40, 37.1256707249021)	(45, 36.329551685485946)	(50, 36.07277553218849)	(55, 36.851824750222)	(60, 36.89099537564962)	(65, 35.89035097509256)	(70, 30.764915107019988)	(75, 28.32264184818738)	(80, 28.201497454908946)	(85, 27.854686703900853)	(90, 27.517474027454956)	(95, 27.436695894372654)	(100, 27.29111086309885)	(105, 27.10646001853622)	(110, 26.815246284264106)	(115, 26.518280498634045)	(120, 26.161236006851606)	(125, 25.81057146877714)	(130, 25.4470984991484)	(135, 25.018820572293688)	(140, 24.554628960176238)	(145, 24.121048315484536)	(150, 23.634661762493753)	(155, 23.082689013649844)	(160, 22.4919998253131)	(165, 21.95346243989072)	(170, 21.36565073295711)	(175, 20.70204044001689)	(180, 19.88840321617989)	(185, 18.96424450342823)	(190, 17.97558459455656)	(195, 17.355036562938235)	(200, 16.895970070311478)	(205, 16.64366104918892)	(210, 16.479176836517325)	(215, 16.333779108417485)	(220, 16.230420752803486)	(225, 16.305104254111207)	(230, 16.472661985704786)	(235, 16.495327610719954)	(240, 16.261000664780692)	(245, 15.824602708617402)	(250, 15.719246614228247)
SRR908450_2_paired	(1, 32.541556118347)	(2, 32.7177299405049)	(3, 32.8283385592539)	(4, 32.72325735648818)	(5, 32.89673781958514)	(6, 34.54025968805274)	(7, 34.64681821836308)	(8, 34.803043093744975)	(9, 34.97371964946133)	(10, 36.14288269818299)	(15, 37.38054751567777)	(20, 37.58745377070269)	(25, 38.006470091654606)	(30, 38.03555233960444)	(35, 37.97893753014954)	(40, 37.75418676636116)	(45, 36.98967277697379)	(50, 36.832902062139446)	(55, 37.46051558039228)	(60, 37.17310778663695)	(65, 37.07413524207591)	(70, 37.223502889276524)	(75, 37.19856747609225)	(80, 37.13166380114316)	(85, 37.00023780407054)	(90, 36.92460766553225)	(95, 36.92450185773341)	(100, 36.83954131116924)	(105, 36.81852758619324)	(110, 36.74500400529909)	(115, 36.67677510335184)	(120, 36.51535780970281)	(125, 36.38320227094753)	(130, 36.237267374569626)	(135, 35.99752472311596)	(140, 35.76548815296376)	(145, 35.52879865598428)	(150, 35.197931275499926)	(155, 34.80456622379109)	(160, 34.386626532329906)	(165, 34.13815738611662)	(170, 33.78502690248296)	(175, 33.31742930595478)	(180, 32.57884915506379)	(185, 31.380835468047884)	(190, 29.780677740440797)	(195, 28.178340705557837)	(200, 27.34772573324984)	(205, 27.071876972661233)	(210, 27.008949600291082)	(215, 26.561125592981)	(220, 26.179185539677)	(225, 26.5148381867187)	(230, 25.790899655899654)	(235, 26.415045948203847)	(240, 26.28051282051282)	(245, 32.3)	(250, 34.0)
SRR908451_1	(1, 32.64051049131346)	(2, 32.91011305401234)	(3, 32.94967666058014)	(4, 32.95257276461385)	(5, 32.82138808147235)	(6, 34.529158823051574)	(7, 34.577673863367465)	(8, 34.61053581456458)	(9, 34.809733028653774)	(10, 35.46223056519942)	(15, 36.960643005732166)	(20, 36.92676565220616)	(25, 37.145113883993375)	(30, 37.12860856328517)	(35, 37.41846125048121)	(40, 36.68861301339624)	(45, 34.95148531286753)	(50, 35.99749063180982)	(55, 36.339175811174016)	(60, 36.183698819307835)	(65, 36.255713624756744)	(70, 36.48462627896546)	(75, 33.44031800635024)	(80, 26.80171364594775)	(85, 25.639027474138146)	(90, 25.099979515361714)	(95, 24.110769975171205)	(100, 23.910681679316518)	(105, 23.71808828879102)	(110, 23.474004640830124)	(115, 23.12802086607638)	(120, 22.77224402148768)	(125, 22.476694838930705)	(130, 22.17411236177284)	(135, 21.856752690374694)	(140, 21.513783689283358)	(145, 21.200158579355016)	(150, 20.920916581608324)	(155, 20.64336491970375)	(160, 20.370868725255086)	(165, 20.09100406514115)	(170, 19.846935604067262)	(175, 19.574550309212082)	(180, 19.30186233616704)	(185, 19.06070693193096)	(190, 18.775801991248112)	(195, 18.468428934198396)	(200, 18.12697120495587)	(205, 17.80489582855064)	(210, 17.62817556041379)	(215, 17.425326782958194)	(220, 17.303014773662404)	(225, 17.292154383536005)	(230, 17.095873758118802)	(235, 16.91919163379118)	(240, 16.73324550838987)	(245, 16.608985692539704)	(250, 16.48921731022572)
SRR908451_1_paired	(1, 33.19709591706897)	(2, 33.450544515549566)	(3, 33.56394596010628)	(4, 33.52154485236331)	(5, 33.41248456270349)	(6, 35.47579057669997)	(7, 35.491456158077916)	(8, 35.5615957486621)	(9, 35.681613712061676)	(10, 36.45199805396505)	(15, 37.535930541521644)	(20, 37.71888776617642)	(25, 37.981136933498)	(30, 37.61950076718686)	(35, 38.04760151191946)	(40, 38.036565996781555)	(45, 37.798808427828305)	(50, 37.711860302857175)	(55, 37.5955174889962)	(60, 37.5279117739402)	(65, 38.10682065670385)	(70, 37.7582190708373)	(75, 37.7988458923468)	(80, 38.063358200759424)	(85, 38.1044165128882)	(90, 38.08867141586447)	(95, 38.09061387323918)	(100, 38.115113320577834)	(105, 38.11825753825201)	(110, 38.13343456862874)	(115, 38.1295842305209)	(120, 38.123952737066375)	(125, 38.09705116700669)	(130, 38.095709754599454)	(135, 38.06243867704303)	(140, 38.00119400287984)	(145, 37.945312381193204)	(150, 37.88033562579288)	(155, 37.78195259379744)	(160, 37.7226759024477)	(165, 37.64695024341029)	(170, 37.632019659894524)	(175, 37.55923922640278)	(180, 37.51579889847933)	(185, 37.351722269921225)	(190, 36.98367744001158)	(195, 36.05621665709963)	(200, 34.99658211029487)	(205, 33.56492296235897)	(210, 31.21018606150301)	(215, 29.21144837674715)	(220, 27.80393008159365)	(225, 26.789075941035087)	(230, 26.517551544952)	(235, 26.554520824937974)	(240, 26.62377851414965)	(245, 26.819964577172016)	(250, 28.63807468042162)
SRR908451_2	(1, 31.776387216172974)	(2, 31.818417808920707)	(3, 32.0132249531149)	(4, 31.83240210638591)	(5, 32.152949611321645)	(6, 33.9045822016748)	(7, 34.20792261044929)	(8, 34.34623453498105)	(9, 34.333964943013854)	(10, 35.306366484306295)	(15, 36.5336135255122)	(20, 36.46533398789994)	(25, 37.179661226464745)	(30, 37.26344834162726)	(35, 37.198220308752944)	(40, 37.06964247242521)	(45, 35.91213043770021)	(50, 35.710027583625006)	(55, 36.18538173829815)	(60, 36.50689060849972)	(65, 36.26840597727618)	(70, 31.98116402191149)	(75, 25.40504522513677)	(80, 24.97845122007212)	(85, 23.940136470073003)	(90, 22.95911760654661)	(95, 22.798947513412138)	(100, 22.757496847837988)	(105, 22.55210762205136)	(110, 22.202955438848058)	(115, 21.88037218468667)	(120, 21.55825866447222)	(125, 21.239522284107807)	(130, 20.919985943299935)	(135, 20.61196232239289)	(140, 20.291501347394743)	(145, 20.007787341199908)	(150, 19.708018676339186)	(155, 19.42336378951681)	(160, 19.10381755957321)	(165, 18.79097051271637)	(170, 18.460848911665295)	(175, 18.099226881496367)	(180, 17.69613582021551)	(185, 17.31066260741191)	(190, 16.904483310317545)	(195, 16.648423212627012)	(200, 16.34538442249213)	(205, 16.150641910863566)	(210, 15.975303296260847)	(215, 15.861512190125698)	(220, 15.736359526592945)	(225, 15.79912516467177)	(230, 16.033096111803744)	(235, 16.152733463069374)	(240, 15.950634494011776)	(245, 15.492637538452845)	(250, 15.387175556881957)
SRR908451_2_paired	(1, 31.851113356536057)	(2, 31.732524980352533)	(3, 32.29183039556903)	(4, 32.260035178324166)	(5, 32.57656524830657)	(6, 34.22057557726133)	(7, 34.416676022603944)	(8, 34.77437221660866)	(9, 34.9525092623779)	(10, 36.12837244115115)	(15, 37.15456307772913)	(20, 37.43065603832192)	(25, 38.00646682384641)	(30, 38.05502338984319)	(35, 37.98742112944875)	(40, 37.7184252086374)	(45, 36.74589723438494)	(50, 36.811348033253964)	(55, 37.61867049969999)	(60, 37.25191192406065)	(65, 37.086870730355976)	(70, 37.257753144704814)	(75, 37.229305802174956)	(80, 37.16775414330942)	(85, 37.02207025151001)	(90, 36.942942052012086)	(95, 37.002929022318085)	(100, 36.95751121333293)	(105, 37.00269323917768)	(110, 36.981527835890866)	(115, 36.95464065904419)	(120, 36.86196999537894)	(125, 36.850030226668906)	(130, 36.818227658938135)	(135, 36.763374067708554)	(140, 36.63486093054347)	(145, 36.53544511200116)	(150, 36.408365737312536)	(155, 36.29752448639594)	(160, 36.05275080659961)	(165, 35.79717797603661)	(170, 35.546084612843835)	(175, 35.02085413680415)	(180, 33.990896732200206)	(185, 32.208917482482015)	(190, 29.9047386684232)	(195, 28.14312616678197)	(200, 27.411274329981172)	(205, 27.180977623255217)	(210, 27.117365321830608)	(215, 26.9699308522994)	(220, 26.27024310030461)	(225, 25.698003439294546)	(230, 25.56898469952417)	(235, 26.079355590062114)	(240, 25.561666666666664)	(245, 26.71666666666666)	(250, 36.75)
SRR908452_1	(1, 32.93648836222225)	(2, 33.208622509263186)	(3, 33.30398173746458)	(4, 33.2765191056864)	(5, 33.132549642664586)	(6, 35.11169742924988)	(7, 35.16744003303775)	(8, 35.27166095006481)	(9, 35.42216626707811)	(10, 36.099437899349574)	(15, 37.25362899062783)	(20, 37.4448837369369)	(25, 37.70941862732727)	(30, 37.42125830245603)	(35, 37.671785415208845)	(40, 37.48989365973409)	(45, 37.11851261285031)	(50, 37.18330102210547)	(55, 37.180214057104834)	(60, 37.15187386002547)	(65, 37.53151893361477)	(70, 37.28183956041435)	(75, 36.27456265127964)	(80, 33.93445849058769)	(85, 33.45228224335517)	(90, 33.364290548679065)	(95, 33.26110837071111)	(100, 33.204795062691424)	(105, 33.08720532733759)	(110, 32.93906771592121)	(115, 32.66515090681747)	(120, 32.350377410436714)	(125, 31.974860335195537)	(130, 31.599514758009935)	(135, 31.177202230048294)	(140, 30.67500487536278)	(145, 30.148038957016507)	(150, 29.549722391107338)	(155, 28.920110584699394)	(160, 28.27108049510743)	(165, 27.59723538251523)	(170, 26.891274247760197)	(175, 26.148820162206185)	(180, 25.41036559485162)	(185, 24.62200968189692)	(190, 23.732858224450233)	(195, 22.704944191435423)	(200, 21.722124969887467)	(205, 20.70556135500671)	(210, 19.732931641678043)	(215, 18.980597203262477)	(220, 18.476856366076653)	(225, 18.22077764904271)	(230, 17.911538549780325)	(235, 17.63308994757551)	(240, 17.383145584068462)	(245, 17.18722138735618)	(250, 17.011216202264464)
SRR908452_1_paired	(1, 33.18937419195575)	(2, 33.443588574201996)	(3, 33.557390493006366)	(4, 33.508374371869806)	(5, 33.38740936306239)	(6, 35.63854428605499)	(7, 35.67074053463764)	(8, 35.72886951209817)	(9, 35.79242938373159)	(10, 36.52662267837642)	(15, 37.53941917047066)	(20, 37.736660209286086)	(25, 38.022288423157875)	(30, 37.671404961444)	(35, 38.09801215884319)	(40, 38.09703560206358)	(45, 37.87064932239345)	(50, 37.80874465017508)	(55, 37.68374566849653)	(60, 37.61240548830616)	(65, 38.19412530491942)	(70, 37.865256318446505)	(75, 37.899391439668)	(80, 38.18076016212566)	(85, 38.21146740155741)	(90, 38.19970298769367)	(95, 38.20460203572236)	(100, 38.23484492179109)	(105, 38.233937552108365)	(110, 38.26158566087057)	(115, 38.26593575511263)	(120, 38.27460232785747)	(125, 38.237321863505464)	(130, 38.2321695800526)	(135, 38.20638971504223)	(140, 38.153208863271274)	(145, 38.13114722912199)	(150, 38.04703241909916)	(155, 37.969003566021186)	(160, 37.90423953127636)	(165, 37.81876887293793)	(170, 37.746800364658625)	(175, 37.68551022585514)	(180, 37.62543064135686)	(185, 37.50108428107249)	(190, 37.19338994363752)	(195, 36.29209449920656)	(200, 35.278814403787166)	(205, 33.82513061765075)	(210, 31.40318134746055)	(215, 29.477279791175345)	(220, 27.96632329738717)	(225, 26.89605926794014)	(230, 26.596077703889158)	(235, 26.52078689443501)	(240, 26.667670009918346)	(245, 26.577807529394867)	(250, 29.076141729973894)
SRR908452_2	(1, 31.924317162424146)	(2, 31.95743808289264)	(3, 32.07122331455841)	(4, 31.877685751322083)	(5, 32.18948814426485)	(6, 33.97143610980464)	(7, 34.24521067302949)	(8, 34.520642859601026)	(9, 34.73701719569133)	(10, 35.73851020384752)	(15, 36.769537586179204)	(20, 36.90974040127104)	(25, 37.5317988367958)	(30, 37.59422126117032)	(35, 37.50164959333738)	(40, 37.260550858637416)	(45, 36.29510169433196)	(50, 36.14901804457802)	(55, 36.806874835098014)	(60, 36.79856836405768)	(65, 36.66667087286201)	(70, 35.389770341734256)	(75, 32.68611439321808)	(80, 32.473331191997524)	(85, 32.17239971091966)	(90, 31.903060007112295)	(95, 31.793778463515075)	(100, 31.6594828674016)	(105, 31.507722574650405)	(110, 31.156621316233235)	(115, 30.79203423078247)	(120, 30.338490128824294)	(125, 29.898646369862227)	(130, 29.449046149610545)	(135, 28.93994069264566)	(140, 28.322353825152284)	(145, 27.747414337008017)	(150, 27.079348536817594)	(155, 26.41976758858821)	(160, 25.6026063115873)	(165, 24.802191045392497)	(170, 23.919696465648766)	(175, 22.905686393722828)	(180, 21.666505684099437)	(185, 20.297161391715324)	(190, 19.00423582990146)	(195, 18.219697612792952)	(200, 17.692812568111684)	(205, 17.401279065765777)	(210, 17.092244158168242)	(215, 16.844371537058493)	(220, 16.520446697945466)	(225, 16.464942126575888)	(230, 16.668599222236242)	(235, 16.760074220228738)	(240, 16.48086448785748)	(245, 15.880910373624861)	(250, 15.711721232491712)
SRR908452_2_paired	(1, 32.22880884340364)	(2, 32.25487127776639)	(3, 32.39827115140814)	(4, 32.17214428270775)	(5, 32.55128596712175)	(6, 34.431827215557966)	(7, 34.69312937494509)	(8, 34.982498127638564)	(9, 35.21380903168579)	(10, 36.310697355263315)	(15, 37.261977464718015)	(20, 37.56108417049158)	(25, 38.14963075777291)	(30, 38.203924636929244)	(35, 38.15229348585582)	(40, 37.89902553524432)	(45, 36.939980669698706)	(50, 37.04244266439092)	(55, 37.87065064346552)	(60, 37.58168531414919)	(65, 37.4260546641688)	(70, 37.575963137041484)	(75, 37.5487362779419)	(80, 37.48456645340552)	(85, 37.36272177571202)	(90, 37.312392550361096)	(95, 37.355335157307444)	(100, 37.34067334126148)	(105, 37.389203096632436)	(110, 37.34769081412122)	(115, 37.34041658893797)	(120, 37.2630778560333)	(125, 37.24496916752448)	(130, 37.20954458311216)	(135, 37.16162123909163)	(140, 37.05563895410133)	(145, 36.99814929588409)	(150, 36.86212297868878)	(155, 36.72786041383478)	(160, 36.46814188785645)	(165, 36.25974223078423)	(170, 35.96712543825304)	(175, 35.45023617991727)	(180, 34.405466913080694)	(185, 32.712910748397526)	(190, 30.280509733017738)	(195, 28.384718579544263)	(200, 27.410628523121044)	(205, 27.117396410846567)	(210, 26.94001840192786)	(215, 26.833550936937865)	(220, 26.22295519981891)	(225, 25.935178730406072)	(230, 25.253551738206784)	(235, 25.468576613948663)	(240, 24.535000000000004)	(245, 30.9)	(250, 37.0)
SRR908453_1	(1, 32.78881410170461)	(2, 33.065283848649806)	(3, 33.1366415488992)	(4, 33.120274775861915)	(5, 32.96237251168736)	(6, 34.85336944571076)	(7, 34.89281596095573)	(8, 34.93389825963369)	(9, 35.12388154425107)	(10, 35.79498627908431)	(15, 37.11723919086821)	(20, 37.279969250846946)	(25, 37.56332984723749)	(30, 37.460045766181295)	(35, 37.64261081762355)	(40, 37.147626326280694)	(45, 35.86217943561002)	(50, 36.811217183770886)	(55, 37.14878210113253)	(60, 37.12970779365888)	(65, 37.37558660266553)	(70, 37.39430604345999)	(75, 35.358388529850814)	(80, 29.83903086535625)	(85, 28.89040250998901)	(90, 28.722210005988934)	(95, 28.431681460227217)	(100, 28.361880882786732)	(105, 28.26228759396816)	(110, 28.154175717107798)	(115, 27.91641951141026)	(120, 27.649292501318463)	(125, 27.39684016697505)	(130, 27.17202899716643)	(135, 26.892890152226187)	(140, 26.566580855076733)	(145, 26.245479248791035)	(150, 25.899716642979094)	(155, 25.50806718332395)	(160, 25.094233639930994)	(165, 24.658788090066416)	(170, 24.20294977340377)	(175, 23.693082334432795)	(180, 23.147743423346117)	(185, 22.59087447373361)	(190, 21.94573310807791)	(195, 21.18279209460728)	(200, 20.439252545296902)	(205, 19.667267347796162)	(210, 18.98110446667203)	(215, 18.408727753792245)	(220, 18.042988924941675)	(225, 17.874676642264)	(230, 17.608493559661405)	(235, 17.351912436423444)	(240, 17.13714569199002)	(245, 16.95396297587443)	(250, 16.797587442904007)
SRR908453_1_paired	(1, 33.15359918239842)	(2, 33.42265566246939)	(3, 33.53137353207736)	(4, 33.49949864054455)	(5, 33.37720549952756)	(6, 35.59289612217744)	(7, 35.59107387338745)	(8, 35.66689484949575)	(9, 35.73901347885613)	(10, 36.516693341560774)	(15, 37.53395553327291)	(20, 37.73064270425577)	(25, 38.00594110954704)	(30, 37.65004145857036)	(35, 38.08235214716829)	(40, 38.07770107406621)	(45, 37.85854142964577)	(50, 37.76950229412394)	(55, 37.63934645718862)	(60, 37.56039626052611)	(65, 38.16680160270426)	(70, 37.834825068083106)	(75, 37.87066982988765)	(80, 38.15979114334088)	(85, 38.19533777753662)	(90, 38.17719753396382)	(95, 38.18847864350977)	(100, 38.21412217273963)	(105, 38.23297737359065)	(110, 38.24706413380211)	(115, 38.24828756798429)	(120, 38.2555430019404)	(125, 38.22993497701418)	(130, 38.22507698052163)	(135, 38.18995489319)	(140, 38.12878959124508)	(145, 38.08957738131024)	(150, 38.033994583603594)	(155, 37.941259153850716)	(160, 37.89151864374496)	(165, 37.78946333350202)	(170, 37.737987475153844)	(175, 37.66390430099444)	(180, 37.58593165354383)	(185, 37.44963798318647)	(190, 37.144921337806394)	(195, 36.25003619714926)	(200, 35.34861384452812)	(205, 33.852823879956006)	(210, 31.44808033112564)	(215, 29.458251230419556)	(220, 27.87610697506283)	(225, 26.797949721162762)	(230, 26.682521863623208)	(235, 26.157334025675617)	(240, 26.623332690664967)	(245, 26.638082596794032)	(250, 29.085554258463524)
SRR908453_2	(1, 31.80573060523987)	(2, 31.949277305516077)	(3, 32.15380386688477)	(4, 31.96175127153111)	(5, 32.067411260983434)	(6, 34.06068041439847)	(7, 34.378116256826935)	(8, 34.56764366737283)	(9, 34.68112055634514)	(10, 35.49371608877924)	(15, 36.64459699838209)	(20, 36.64226667739312)	(25, 37.35468522342298)	(30, 37.466101740366305)	(35, 37.39190689442493)	(40, 37.284679949585694)	(45, 36.27401428405424)	(50, 35.9895685285994)	(55, 36.49392793614188)	(60, 36.92664092318969)	(65, 36.90043263343255)	(70, 34.144650630625804)	(75, 28.249041323643773)	(80, 28.153123631260446)	(85, 27.74031803920517)	(90, 27.288607617566345)	(95, 27.186886916414153)	(100, 27.181720343603907)	(105, 27.059075022570234)	(110, 26.79752129647011)	(115, 26.541743763016996)	(120, 26.256882357673437)	(125, 25.968819107380693)	(130, 25.673561091594934)	(135, 25.36049359541623)	(140, 24.994924602004055)	(145, 24.624015624860334)	(150, 24.177596024063)	(155, 23.74668061105003)	(160, 23.172666326995788)	(165, 22.62133937589946)	(170, 21.97709813806727)	(175, 21.24338044032072)	(180, 20.310123979870035)	(185, 19.288066825775655)	(190, 18.288250963145707)	(195, 17.66174680217747)	(200, 17.21723919086822)	(205, 16.955399426134992)	(210, 16.6881311844681)	(215, 16.458097127993348)	(220, 16.235475941469346)	(225, 16.21448696289543)	(230, 16.398377624627926)	(235, 16.49362580783567)	(240, 16.227499932959695)	(245, 15.715787544805272)	(250, 15.595405057520582)
SRR908453_2_paired	(1, 32.05061802194412)	(2, 32.21924834647795)	(3, 32.60498659827609)	(4, 32.387483368364215)	(5, 32.50502323608245)	(6, 34.469802734337335)	(7, 34.73018183921788)	(8, 34.97746774908887)	(9, 35.16459052430629)	(10, 36.26888678917835)	(15, 37.226402360246055)	(20, 37.53790277483175)	(25, 38.1108717869608)	(30, 38.16414508571318)	(35, 38.0990898397578)	(40, 37.86960604716636)	(45, 36.910150600667194)	(50, 36.9911166784287)	(55, 37.80853765420723)	(60, 37.524631399930385)	(65, 37.387620058461586)	(70, 37.5504831282275)	(75, 37.521830527958755)	(80, 37.47853817756157)	(85, 37.36651457913707)	(90, 37.29160933831297)	(95, 37.348046490104025)	(100, 37.32146759453645)	(105, 37.36885176028249)	(110, 37.35027845389548)	(115, 37.344633887221484)	(120, 37.29113783038643)	(125, 37.235743828451724)	(130, 37.19120814659067)	(135, 37.13948736291802)	(140, 37.031895778513984)	(145, 36.93623861799041)	(150, 36.78300891810378)	(155, 36.676337181383566)	(160, 36.39622762796538)	(165, 36.18331633507334)	(170, 35.913669856898245)	(175, 35.40367700240725)	(180, 34.31778578982515)	(185, 32.55742600684506)	(190, 30.266142488558625)	(195, 28.228525598250155)	(200, 27.28340235218921)	(205, 27.135301146342833)	(210, 26.802068292803835)	(215, 26.675424669436676)	(220, 26.153722215156836)	(225, 25.77111969973196)	(230, 24.68826624356036)	(235, 27.508081918081917)	(240, 28.75)	(245, 24.0)	
