Sample	0	1	2	3	4	5	6	7	8	9	10	11	12	13	14	15	16	17	18	19	20	21	22	23	24	25	26	27	28	29	30	31	32	33	34	35	36	37	38	39	40	41	42	43	44	45	46	47	48	49	50	51	52	53	54	55	56	57	58	59	60	61	62	63	64	65	66	67	68	69	70	71	72	73	74	75	76	77	78	79	80	81	82	83	84	85	86	87	88	89	90	91	92	93	94	95	96	97	98	99	100	101	102	103	104	105	106	107	108	109	110	111	112	113	114	115	116	117	118	119	120	121	122	123	124	125	126	127	128	129	130	131	132	133	134	135	136	137	138	139	140	141	142	143	144	145	146	147	148	149	150	151	152	153	154	155	156	157	158	159	160	161	162	163	164	165	166	167	168	169	170	171	172	173	174	175	176	177	178	179	180	181	182	183	184	185	186	187	188	189	190	191	192	193	194	195	196	197	198	199	200	201
SRR908430_1	(0.0, 4.1682768239138674)	(1.0, 0.942926508201016)	(2.0, 0.328034515015965)	(3.0, 0.18617179299277353)	(4.0, 0.11588526253582544)	(5.0, 0.08106441258468061)	(6.0, 0.056837207459941086)	(7.0, 0.04559873207888281)	(8.0, 0.03730805351908571)	(9.0, 0.028925256308624483)	(10.0, 0.02395084917274644)	(11.0, 0.019989747194176885)	(12.0, 0.013172967045010581)	(13.0, 0.012896611093017351)	(14.0, 0.013080848394346171)	(15.0, 0.023674493220753212)	(16.0, 0.13044000934080133)	(17.0, 0.2701840023987246)	(18.0, 0.3418523126156232)	(19.0, 0.3873589260438312)	(20.0, 0.39592596055561935)	(21.0, 0.4110334192645791)	(22.0, 0.4061511307793665)	(23.0, 0.41895562322171653)	(24.0, 0.4416168112851561)	(25.0, 0.4831623227347954)	(26.0, 0.5139299520567011)	(27.0, 0.5559360567596624)	(28.0, 0.6395797915629774)	(29.0, 0.7549123421948706)	(30.0, 0.9045130308739397)	(31.0, 1.1036735536104836)	(32.0, 1.394584252408463)	(33.0, 1.7568869054712561)	(34.0, 2.2155456671289344)	(35.0, 2.715749940237456)	(36.0, 3.258605148603809)	(37.0, 3.840979258105265)	(38.0, 4.381623618855668)	(39.0, 4.8503233134352755)	(40.0, 5.182687405031257)	(41.0, 5.306494871523772)	(42.0, 5.32114173697936)	(43.0, 5.235379273211107)	(44.0, 5.016321121931938)	(45.0, 4.74392627191827)	(46.0, 4.419392265628145)	(47.0, 4.012043592389385)	(48.0, 3.6049712751026184)	(49.0, 3.262474131931721)	(50.0, 2.8418603729972616)	(51.0, 2.3832016113383325)	(52.0, 1.950796665119662)	(53.0, 1.6343691000877032)	(54.0, 1.3214420437809884)	(55.0, 1.06820787310467)	(56.0, 0.8743902321066641)	(57.0, 0.7129983561425451)	(58.0, 0.5461714797892372)	(59.0, 0.43480003113599136)	(60.0, 0.34820849951146604)	(61.0, 0.26502535796151705)	(62.0, 0.2108595913708381)	(63.0, 0.15899679104676964)	(64.0, 0.11763551689844912)	(65.0, 0.08760483678185331)	(66.0, 0.06779932688900614)	(67.0, 0.051310088420076366)	(68.0, 0.03712381621775689)	(69.0, 0.03067551067124824)	(70.0, 0.022384832111451498)	(71.0, 0.013909916250325862)	(72.0, 0.010685763477071506)	(73.0, 0.008474915861125667)	(74.0, 0.0064483055465086635)	(75.0, 0.005158644437206935)	(76.0, 0.0030399154719255154)	(77.0, 0.0025793222186034667)	(78.0, 0.0019344916639526)	(79.0, 0.0014738984106305523)	(80.0, 0.0011054238079729146)	(81.0, 0.0010133051573085051)	(82.0, 0.0004605932533220477)	(83.0, 0.0004605932533220477)	(84.0, 0.0001842373013288191)	(85.0, 0.0001842373013288191)	(86.0, 0.0001842373013288191)	(87.0, 0.0001842373013288191)	(88.0, 0.0001842373013288191)	(89.0, 9.211865066440955e-05)	(90.0, 9.211865066440955e-05)	(91.0, 0.0)	(92.0, 0.0)	(93.0, 0.0)	(94.0, 0.0)	(95.0, 0.0)	(96.0, 0.0)	(97.0, 0.0)	(98.0, 0.0)	(99.0, 0.0)	(100.0, 0.00013817797599661433)	(0.0, 4.1682768239138674)	(1.0, 0.942926508201016)	(2.0, 0.328034515015965)	(3.0, 0.18617179299277353)	(4.0, 0.11588526253582544)	(5.0, 0.08106441258468061)	(6.0, 0.056837207459941086)	(7.0, 0.04559873207888281)	(8.0, 0.03730805351908571)	(9.0, 0.028925256308624483)	(10.0, 0.02395084917274644)	(11.0, 0.019989747194176885)	(12.0, 0.013172967045010581)	(13.0, 0.012896611093017351)	(14.0, 0.013080848394346171)	(15.0, 0.023674493220753212)	(16.0, 0.13044000934080133)	(17.0, 0.2701840023987246)	(18.0, 0.3418523126156232)	(19.0, 0.3873589260438312)	(20.0, 0.39592596055561935)	(21.0, 0.4110334192645791)	(22.0, 0.4061511307793665)	(23.0, 0.41895562322171653)	(24.0, 0.4416168112851561)	(25.0, 0.4831623227347954)	(26.0, 0.5139299520567011)	(27.0, 0.5559360567596624)	(28.0, 0.6395797915629774)	(29.0, 0.7549123421948706)	(30.0, 0.9045130308739397)	(31.0, 1.1036735536104836)	(32.0, 1.394584252408463)	(33.0, 1.7568869054712561)	(34.0, 2.2155456671289344)	(35.0, 2.715749940237456)	(36.0, 3.258605148603809)	(37.0, 3.840979258105265)	(38.0, 4.381623618855668)	(39.0, 4.8503233134352755)	(40.0, 5.182687405031257)	(41.0, 5.306494871523772)	(42.0, 5.32114173697936)	(43.0, 5.235379273211107)	(44.0, 5.016321121931938)	(45.0, 4.74392627191827)	(46.0, 4.419392265628145)	(47.0, 4.012043592389385)	(48.0, 3.6049712751026184)	(49.0, 3.262474131931721)	(50.0, 2.8418603729972616)	(51.0, 2.3832016113383325)	(52.0, 1.950796665119662)	(53.0, 1.6343691000877032)	(54.0, 1.3214420437809884)	(55.0, 1.06820787310467)	(56.0, 0.8743902321066641)	(57.0, 0.7129983561425451)	(58.0, 0.5461714797892372)	(59.0, 0.43480003113599136)	(60.0, 0.34820849951146604)	(61.0, 0.26502535796151705)	(62.0, 0.2108595913708381)	(63.0, 0.15899679104676964)	(64.0, 0.11763551689844912)	(65.0, 0.08760483678185331)	(66.0, 0.06779932688900614)	(67.0, 0.051310088420076366)	(68.0, 0.03712381621775689)	(69.0, 0.03067551067124824)	(70.0, 0.022384832111451498)	(71.0, 0.013909916250325862)	(72.0, 0.010685763477071506)	(73.0, 0.008474915861125667)	(74.0, 0.0064483055465086635)	(75.0, 0.005158644437206935)	(76.0, 0.0030399154719255154)	(77.0, 0.0025793222186034667)	(78.0, 0.0019344916639526)	(79.0, 0.0014738984106305523)	(80.0, 0.0011054238079729146)	(81.0, 0.0010133051573085051)	(82.0, 0.0004605932533220477)	(83.0, 0.0004605932533220477)	(84.0, 0.0001842373013288191)	(85.0, 0.0001842373013288191)	(86.0, 0.0001842373013288191)	(87.0, 0.0001842373013288191)	(88.0, 0.0001842373013288191)	(89.0, 9.211865066440955e-05)	(90.0, 9.211865066440955e-05)	(91.0, 0.0)	(92.0, 0.0)	(93.0, 0.0)	(94.0, 0.0)	(95.0, 0.0)	(96.0, 0.0)	(97.0, 0.0)	(98.0, 0.0)	(99.0, 0.0)	(100.0, 0.00013817797599661433)
SRR908430_1_paired	(0.0, 9.788732940747463)	(1.0, 5.363788479492754)	(2.0, 0.7849131164542102)	(3.0, 0.20255154952452625)	(4.0, 0.08725854546677114)	(5.0, 0.045103409393612584)	(6.0, 0.02312066972356058)	(7.0, 0.014120677482174583)	(8.0, 0.009465509081457687)	(9.0, 0.006051718920931964)	(10.0, 0.0032586178805018265)	(11.0, 0.0013965505202150686)	(12.0, 0.0012413782401911719)	(13.0, 0.0026379287604062405)	(14.0, 0.0035689624405496195)	(15.0, 0.0049655129607646875)	(16.0, 0.011017231881696652)	(17.0, 0.016706882149239523)	(18.0, 0.013965505202150685)	(19.0, 0.017999984482771996)	(20.0, 0.02798273449764267)	(21.0, 0.04525858167363648)	(22.0, 0.06620683947686251)	(23.0, 0.0934137125743857)	(24.0, 0.12548265044599094)	(25.0, 0.16127572303816964)	(26.0, 0.22422394463453066)	(27.0, 0.3016031882731141)	(28.0, 0.3905169047268064)	(29.0, 0.5071547352114337)	(30.0, 0.6454132367127237)	(31.0, 0.7594648625302903)	(32.0, 0.9197061037016379)	(33.0, 1.1639989965525999)	(34.0, 1.4064298220432643)	(35.0, 1.6106365425546993)	(36.0, 1.8388949664698384)	(37.0, 2.110756801071686)	(38.0, 2.4209461888394266)	(39.0, 2.5917391450523932)	(40.0, 2.7248769613129165)	(41.0, 2.8316354899693756)	(42.0, 2.893652677885603)	(43.0, 2.9969456922881785)	(44.0, 3.0599973620712335)	(45.0, 3.191480007344837)	(46.0, 3.3494971125025144)	(47.0, 3.4501521981446923)	(48.0, 3.598496897847551)	(49.0, 3.719945069012949)	(50.0, 3.661910636284004)	(51.0, 3.5382383291049315)	(52.0, 3.347841941515586)	(53.0, 3.0866352701420143)	(54.0, 2.7778424328944378)	(55.0, 2.629239112724875)	(56.0, 2.404187582596878)	(57.0, 2.063791324317799)	(58.0, 1.823170842094091)	(59.0, 1.5991537938329334)	(60.0, 1.4146022287911868)	(61.0, 1.2256541158154257)	(62.0, 1.0011715507141836)	(63.0, 0.8166717097657675)	(64.0, 0.6607235683417497)	(65.0, 0.5555167624855484)	(66.0, 0.4680513206454126)	(67.0, 0.35798245001512935)	(68.0, 0.25655150297284257)	(69.0, 0.19391362593652936)	(70.0, 0.14110332663506314)	(71.0, 0.10241370481577168)	(72.0, 0.08353441074619762)	(73.0, 0.05632753764867444)	(74.0, 0.03356893657850294)	(75.0, 0.02518963345721253)	(76.0, 0.017586191736041604)	(77.0, 0.008379303121290411)	(78.0, 0.005275857520812481)	(79.0, 0.005431029800836378)	(80.0, 0.00403447928062131)	(81.0, 0.0023275842003584474)	(82.0, 0.0007758614001194826)	(83.0, 0.00015517228002389648)	(84.0, 0.00046551684007168953)	(85.0, 0.00031034456004779297)	(86.0, 0.00015517228002389648)	(87.0, 0.00031034456004779297)	(88.0, 0.00015517228002389648)	(89.0, 0.0)	(90.0, 0.0)	(91.0, 0.0)	(92.0, 0.0)	(93.0, 0.0)	(94.0, 0.0)	(95.0, 0.0)	(96.0, 0.0)	(97.0, 0.0)	(98.0, 0.0)	(99.0, 0.0)	(100.0, 0.0)																																																																																																					
SRR908430_2	(0.0, 3.7521404434461956)	(1.0, 1.5352780495252543)	(2.0, 0.5228592230977694)	(3.0, 0.20890452069935866)	(4.0, 0.0919878999116483)	(5.0, 0.05362894564849151)	(6.0, 0.03789901476359914)	(7.0, 0.02262902337826556)	(8.0, 0.018489567882241428)	(9.0, 0.015729930884891965)	(10.0, 0.013246257587277432)	(11.0, 0.01205041488842599)	(12.0, 0.009658729490723108)	(13.0, 0.008554874691783319)	(14.0, 0.010302644790104652)	(15.0, 0.009198789991164861)	(16.0, 0.0103946326900163)	(17.0, 0.01343023338710073)	(18.0, 0.02152516857932579)	(19.0, 0.032011789169253596)	(20.0, 0.04801768375388078)	(21.0, 0.07184254983099837)	(22.0, 0.09594337960784897)	(23.0, 0.12050414888425777)	(24.0, 0.155643526650508)	(25.0, 0.1894950738179986)	(26.0, 0.2287739070802771)	(27.0, 0.2740319538368134)	(28.0, 0.32204963759068594)	(29.0, 0.37089521244376034)	(30.0, 0.4363905971808393)	(31.0, 0.511360735608816)	(32.0, 0.5993931558242671)	(33.0, 0.7178735709105245)	(34.0, 0.8748049281598687)	(35.0, 1.0891367349541077)	(36.0, 1.3599491122938112)	(37.0, 1.7247731233430783)	(38.0, 2.2438608425440396)	(39.0, 2.8639512758495456)	(40.0, 3.5522967308896645)	(41.0, 4.282220716689925)	(42.0, 5.041212878859482)	(43.0, 5.679332940544268)	(44.0, 6.1495750848909045)	(45.0, 6.410912708538949)	(46.0, 6.3990462694503885)	(47.0, 6.145619605194719)	(48.0, 5.75163542987456)	(49.0, 5.216633803990358)	(50.0, 4.624139740661584)	(51.0, 3.9529040350056235)	(52.0, 3.327294327705363)	(53.0, 2.712631180494608)	(54.0, 2.1492052935350396)	(55.0, 1.6747317057911868)	(56.0, 1.3269254562255595)	(57.0, 1.0196858705207812)	(58.0, 0.7897161207415548)	(59.0, 0.6198144696046624)	(60.0, 0.47640533364239734)	(61.0, 0.38515333693006265)	(62.0, 0.3000645295118069)	(63.0, 0.24551570486419902)	(64.0, 0.18894314641852863)	(65.0, 0.15463165975147977)	(66.0, 0.12482758018010501)	(67.0, 0.10302644790104551)	(68.0, 0.08867633551482913)	(69.0, 0.07285441673002645)	(70.0, 0.05960815914274885)	(71.0, 0.048661599053262346)	(72.0, 0.04406220405767978)	(73.0, 0.033115643968193366)	(74.0, 0.028792212672345933)	(75.0, 0.02649251517455475)	(76.0, 0.025664624075349925)	(77.0, 0.01802962838268319)	(78.0, 0.01067059638975125)	(79.0, 0.008370898891960021)	(80.0, 0.00671511669355035)	(81.0, 0.0057032497945222185)	(82.0, 0.0037715038963775987)	(83.0, 0.003035600697084408)	(84.0, 0.00285162489726111)	(85.0, 0.002391685397702866)	(86.0, 0.0012878305987630819)	(87.0, 0.0009198789991164872)	(88.0, 0.001011866899028136)	(89.0, 0.0011038547989397846)	(90.0, 0.0007359031992931897)	(91.0, 0.00018397579982329742)	(92.0, 0.00045993949955824354)	(93.0, 0.00045993949955824354)	(94.0, 0.00036795159964659484)	(95.0, 0.00027596369973494615)	(96.0, 0.0)	(97.0, 9.198789991164871e-05)	(98.0, 0.00018397579982329742)	(99.0, 0.00018397579982329742)	(100.0, 0.0005519273994698923)	(0.0, 3.7521404434461956)	(1.0, 1.5352780495252543)	(2.0, 0.5228592230977694)	(3.0, 0.20890452069935866)	(4.0, 0.0919878999116483)	(5.0, 0.05362894564849151)	(6.0, 0.03789901476359914)	(7.0, 0.02262902337826556)	(8.0, 0.018489567882241428)	(9.0, 0.015729930884891965)	(10.0, 0.013246257587277432)	(11.0, 0.01205041488842599)	(12.0, 0.009658729490723108)	(13.0, 0.008554874691783319)	(14.0, 0.010302644790104652)	(15.0, 0.009198789991164861)	(16.0, 0.0103946326900163)	(17.0, 0.01343023338710073)	(18.0, 0.02152516857932579)	(19.0, 0.032011789169253596)	(20.0, 0.04801768375388078)	(21.0, 0.07184254983099837)	(22.0, 0.09594337960784897)	(23.0, 0.12050414888425777)	(24.0, 0.155643526650508)	(25.0, 0.1894950738179986)	(26.0, 0.2287739070802771)	(27.0, 0.2740319538368134)	(28.0, 0.32204963759068594)	(29.0, 0.37089521244376034)	(30.0, 0.4363905971808393)	(31.0, 0.511360735608816)	(32.0, 0.5993931558242671)	(33.0, 0.7178735709105245)	(34.0, 0.8748049281598687)	(35.0, 1.0891367349541077)	(36.0, 1.3599491122938112)	(37.0, 1.7247731233430783)	(38.0, 2.2438608425440396)	(39.0, 2.8639512758495456)	(40.0, 3.5522967308896645)	(41.0, 4.282220716689925)	(42.0, 5.041212878859482)	(43.0, 5.679332940544268)	(44.0, 6.1495750848909045)	(45.0, 6.410912708538949)	(46.0, 6.3990462694503885)	(47.0, 6.145619605194719)	(48.0, 5.75163542987456)	(49.0, 5.216633803990358)	(50.0, 4.624139740661584)	(51.0, 3.9529040350056235)	(52.0, 3.327294327705363)	(53.0, 2.712631180494608)	(54.0, 2.1492052935350396)	(55.0, 1.6747317057911868)	(56.0, 1.3269254562255595)	(57.0, 1.0196858705207812)	(58.0, 0.7897161207415548)	(59.0, 0.6198144696046624)	(60.0, 0.47640533364239734)	(61.0, 0.38515333693006265)	(62.0, 0.3000645295118069)	(63.0, 0.24551570486419902)	(64.0, 0.18894314641852863)	(65.0, 0.15463165975147977)	(66.0, 0.12482758018010501)	(67.0, 0.10302644790104551)	(68.0, 0.08867633551482913)	(69.0, 0.07285441673002645)	(70.0, 0.05960815914274885)	(71.0, 0.048661599053262346)	(72.0, 0.04406220405767978)	(73.0, 0.033115643968193366)	(74.0, 0.028792212672345933)	(75.0, 0.02649251517455475)	(76.0, 0.025664624075349925)	(77.0, 0.01802962838268319)	(78.0, 0.01067059638975125)	(79.0, 0.008370898891960021)	(80.0, 0.00671511669355035)	(81.0, 0.0057032497945222185)	(82.0, 0.0037715038963775987)	(83.0, 0.003035600697084408)	(84.0, 0.00285162489726111)	(85.0, 0.002391685397702866)	(86.0, 0.0012878305987630819)	(87.0, 0.0009198789991164872)	(88.0, 0.001011866899028136)	(89.0, 0.0011038547989397846)	(90.0, 0.0007359031992931897)	(91.0, 0.00018397579982329742)	(92.0, 0.00045993949955824354)	(93.0, 0.00045993949955824354)	(94.0, 0.00036795159964659484)	(95.0, 0.00027596369973494615)	(96.0, 0.0)	(97.0, 9.198789991164871e-05)	(98.0, 0.00018397579982329742)	(99.0, 0.00018397579982329742)	(100.0, 0.0005519273994698923)
SRR908430_2_paired	(0.0, 10.124407919608025)	(1.0, 5.646809993155714)	(2.0, 0.6776092924191474)	(3.0, 0.05322237514114803)	(4.0, 0.008598600997734223)	(5.0, 0.002372027861443923)	(6.0, 0.0019272726374231876)	(7.0, 0.0016307691547426974)	(8.0, 0.0017790208960829425)	(9.0, 0.0028167830854646586)	(10.0, 0.003261538309485395)	(11.0, 0.0028167830854646586)	(12.0, 0.002372027861443923)	(13.0, 0.0025202796027841683)	(14.0, 0.004595803981547601)	(15.0, 0.006374824877630544)	(16.0, 0.007857342291032996)	(17.0, 0.011563635824539125)	(18.0, 0.013095570485054995)	(19.0, 0.018086712443509918)	(20.0, 0.02890908956134781)	(21.0, 0.03780419404176252)	(22.0, 0.055495568508365116)	(23.0, 0.07975943684105193)	(24.0, 0.11380792010219488)	(25.0, 0.15882703222251593)	(26.0, 0.19806432643056765)	(27.0, 0.2748093111977016)	(28.0, 0.36321676628360067)	(29.0, 0.44618832418702364)	(30.0, 0.5585137268758154)	(31.0, 0.69950113289039)	(32.0, 0.8494824778796071)	(33.0, 1.0390964550537853)	(34.0, 1.2836129937709642)	(35.0, 1.5142432860492616)	(36.0, 1.7557453726925107)	(37.0, 2.032086618550719)	(38.0, 2.3037332259331476)	(39.0, 2.5066404425808297)	(40.0, 2.619163514258085)	(41.0, 2.7061872864248206)	(42.0, 2.8049229461574283)	(43.0, 2.8931327322548794)	(44.0, 2.971063730952746)	(45.0, 3.075185870620716)	(46.0, 3.241919662381377)	(47.0, 3.3888371380495643)	(48.0, 3.4649396986042267)	(49.0, 3.557498202447656)	(50.0, 3.601331300637257)	(51.0, 3.6252492482401526)	(52.0, 3.591793771944368)	(53.0, 3.3348735042017075)	(54.0, 2.9843569704262487)	(55.0, 2.677327614110597)	(56.0, 2.4019747131946456)	(57.0, 2.1441155177568483)	(58.0, 1.9261854579866895)	(59.0, 1.6939738138007545)	(60.0, 1.4803430545294622)	(61.0, 1.2874181217986906)	(62.0, 1.0761099731417276)	(63.0, 0.9120447127251888)	(64.0, 0.7925043919578376)	(65.0, 0.6636736287331643)	(66.0, 0.5315813271990059)	(67.0, 0.4311654810645464)	(68.0, 0.33386292149823227)	(69.0, 0.23898180704047525)	(70.0, 0.17315803388540638)	(71.0, 0.13342656720622068)	(72.0, 0.1095580368504412)	(73.0, 0.08909929654548737)	(74.0, 0.05692866867465416)	(75.0, 0.02935384478536855)	(76.0, 0.019569229856912364)	(77.0, 0.013490908461962313)	(78.0, 0.009339859704435448)	(79.0, 0.00711608358433177)	(80.0, 0.005188810946908582)	(81.0, 0.0038545452748463753)	(82.0, 0.0025202796027841683)	(83.0, 0.0011860139307219616)	(84.0, 0.0005930069653609808)	(85.0, 0.0002965034826804904)	(86.0, 0.00024708623556707527)	(87.0, 0.0)	(88.0, 0.0)	(89.0, 9.883449422683014e-05)	(90.0, 0.0)	(91.0, 0.0)	(92.0, 0.0)	(93.0, 0.0)	(94.0, 0.0)	(95.0, 0.0)	(96.0, 0.0)	(97.0, 0.0)	(98.0, 0.0)	(99.0, 0.0)	(100.0, 0.0)																																																																																																					
SRR908431_1	(0.0, 16.869179943586605)	(1.0, 3.3912494687078216)	(2.0, 1.171159567754258)	(3.0, 0.6662716863512437)	(4.0, 0.4648317255058587)	(5.0, 0.3411857137337369)	(6.0, 0.24175371260030323)	(7.0, 0.19332569132288038)	(8.0, 0.15223915199443488)	(9.0, 0.12274442626962605)	(10.0, 0.09672724462590802)	(11.0, 0.07637717185507749)	(12.0, 0.06517175203822775)	(13.0, 0.0515191715717212)	(14.0, 0.0435336999781044)	(15.0, 0.0498447984956402)	(16.0, 0.1378137839543537)	(17.0, 0.28103708092374524)	(18.0, 0.328692314627593)	(19.0, 0.3785371131232392)	(20.0, 0.38124186963075485)	(21.0, 0.3902577246558071)	(22.0, 0.421298025527764)	(23.0, 0.43456421220747926)	(24.0, 0.4471864092425481)	(25.0, 0.45916461663297065)	(26.0, 0.5061758606921558)	(27.0, 0.5587254156952997)	(28.0, 0.638708929560379)	(29.0, 0.7586198013935334)	(30.0, 0.9121469326773107)	(31.0, 1.151968676343783)	(32.0, 1.4371272909933908)	(33.0, 1.7718731082805448)	(34.0, 2.1793897554124904)	(35.0, 2.6188482889188744)	(36.0, 3.046199817105915)	(37.0, 3.5222369624291616)	(38.0, 3.9571875684242106)	(39.0, 4.208343529836809)	(40.0, 4.385698277972783)	(41.0, 4.434383895108148)	(42.0, 4.3376566504820655)	(43.0, 4.108653932845347)	(44.0, 3.8352159297279385)	(45.0, 3.52249455828702)	(46.0, 3.141767880371371)	(47.0, 2.769026674050306)	(48.0, 2.4168931363579103)	(49.0, 2.0945119202481566)	(50.0, 1.8105124869593006)	(51.0, 1.5068069705441756)	(52.0, 1.2198451848895568)	(53.0, 1.0187916178308225)	(54.0, 0.8471039785679828)	(55.0, 0.6985999665124915)	(56.0, 0.559369405339946)	(57.0, 0.4675364820133735)	(58.0, 0.37480197318428893)	(59.0, 0.2977808116845566)	(60.0, 0.2485800028335571)	(61.0, 0.21225898687548939)	(62.0, 0.18147628186138515)	(63.0, 0.14322329696938416)	(64.0, 0.10677348308239332)	(65.0, 0.08346105794618938)	(66.0, 0.06323978310428814)	(67.0, 0.050359990211357425)	(68.0, 0.04018495382594255)	(69.0, 0.026017181643719363)	(70.0, 0.021122860344405824)	(71.0, 0.015584549400445735)	(72.0, 0.010819026030061487)	(73.0, 0.009659844669697758)	(74.0, 0.005280715086101448)	(75.0, 0.0033487461521618917)	(76.0, 0.0021895647917981598)	(77.0, 0.0009015855025051249)	(78.0, 0.0012879792892930356)	(79.0, 0.00038639378678791066)	(80.0, 0.00038639378678791066)	(81.0, 0.00025759585785860707)	(82.0, 0.0005151917157172141)	(83.0, 0.00025759585785860707)	(84.0, 0.00012879792892930354)	(85.0, 0.0)	(86.0, 0.0)	(87.0, 0.00012879792892930354)	(88.0, 0.0)	(89.0, 0.0)	(90.0, 0.0)	(91.0, 0.0)	(92.0, 0.0)	(93.0, 0.0)	(94.0, 0.0)	(95.0, 0.0)	(96.0, 0.0)	(97.0, 0.0)	(98.0, 0.00012879792892930354)	(99.0, 0.00012879792892930354)	(100.0, 0.0)	(0.0, 16.869179943586605)	(1.0, 3.3912494687078216)	(2.0, 1.171159567754258)	(3.0, 0.6662716863512437)	(4.0, 0.4648317255058587)	(5.0, 0.3411857137337369)	(6.0, 0.24175371260030323)	(7.0, 0.19332569132288038)	(8.0, 0.15223915199443488)	(9.0, 0.12274442626962605)	(10.0, 0.09672724462590802)	(11.0, 0.07637717185507749)	(12.0, 0.06517175203822775)	(13.0, 0.0515191715717212)	(14.0, 0.0435336999781044)	(15.0, 0.0498447984956402)	(16.0, 0.1378137839543537)	(17.0, 0.28103708092374524)	(18.0, 0.328692314627593)	(19.0, 0.3785371131232392)	(20.0, 0.38124186963075485)	(21.0, 0.3902577246558071)	(22.0, 0.421298025527764)	(23.0, 0.43456421220747926)	(24.0, 0.4471864092425481)	(25.0, 0.45916461663297065)	(26.0, 0.5061758606921558)	(27.0, 0.5587254156952997)	(28.0, 0.638708929560379)	(29.0, 0.7586198013935334)	(30.0, 0.9121469326773107)	(31.0, 1.151968676343783)	(32.0, 1.4371272909933908)	(33.0, 1.7718731082805448)	(34.0, 2.1793897554124904)	(35.0, 2.6188482889188744)	(36.0, 3.046199817105915)	(37.0, 3.5222369624291616)	(38.0, 3.9571875684242106)	(39.0, 4.208343529836809)	(40.0, 4.385698277972783)	(41.0, 4.434383895108148)	(42.0, 4.3376566504820655)	(43.0, 4.108653932845347)	(44.0, 3.8352159297279385)	(45.0, 3.52249455828702)	(46.0, 3.141767880371371)	(47.0, 2.769026674050306)	(48.0, 2.4168931363579103)	(49.0, 2.0945119202481566)	(50.0, 1.8105124869593006)	(51.0, 1.5068069705441756)	(52.0, 1.2198451848895568)	(53.0, 1.0187916178308225)	(54.0, 0.8471039785679828)	(55.0, 0.6985999665124915)	(56.0, 0.559369405339946)	(57.0, 0.4675364820133735)	(58.0, 0.37480197318428893)	(59.0, 0.2977808116845566)	(60.0, 0.2485800028335571)	(61.0, 0.21225898687548939)	(62.0, 0.18147628186138515)	(63.0, 0.14322329696938416)	(64.0, 0.10677348308239332)	(65.0, 0.08346105794618938)	(66.0, 0.06323978310428814)	(67.0, 0.050359990211357425)	(68.0, 0.04018495382594255)	(69.0, 0.026017181643719363)	(70.0, 0.021122860344405824)	(71.0, 0.015584549400445735)	(72.0, 0.010819026030061487)	(73.0, 0.009659844669697758)	(74.0, 0.005280715086101448)	(75.0, 0.0033487461521618917)	(76.0, 0.0021895647917981598)	(77.0, 0.0009015855025051249)	(78.0, 0.0012879792892930356)	(79.0, 0.00038639378678791066)	(80.0, 0.00038639378678791066)	(81.0, 0.00025759585785860707)	(82.0, 0.0005151917157172141)	(83.0, 0.00025759585785860707)	(84.0, 0.00012879792892930354)	(85.0, 0.0)	(86.0, 0.0)	(87.0, 0.00012879792892930354)	(88.0, 0.0)	(89.0, 0.0)	(90.0, 0.0)	(91.0, 0.0)	(92.0, 0.0)	(93.0, 0.0)	(94.0, 0.0)	(95.0, 0.0)	(96.0, 0.0)	(97.0, 0.0)	(98.0, 0.00012879792892930354)	(99.0, 0.00012879792892930354)	(100.0, 0.0)
SRR908431_1_paired	(0.0, 34.24476372076973)	(1.0, 18.151028646786465)	(2.0, 2.1921472249549896)	(3.0, 0.43960801876785577)	(4.0, 0.18671089833374432)	(5.0, 0.09118439220950304)	(6.0, 0.04187038417783303)	(7.0, 0.025680502295737595)	(8.0, 0.01916733142363023)	(9.0, 0.014701157111328043)	(10.0, 0.0076297144501829076)	(11.0, 0.003535721330572567)	(12.0, 0.003907902523264417)	(13.0, 0.005954899083069586)	(14.0, 0.006699261468453285)	(15.0, 0.005768808486723662)	(16.0, 0.006078959480633537)	(17.0, 0.011661677371011274)	(18.0, 0.016748153671133213)	(19.0, 0.01643800267722334)	(20.0, 0.024936139910353886)	(21.0, 0.050368521410963575)	(22.0, 0.06389110474543412)	(23.0, 0.0728234533700385)	(24.0, 0.10048892202679928)	(25.0, 0.1341092897666296)	(26.0, 0.18193457302753208)	(27.0, 0.24402680200828916)	(28.0, 0.30649121218173836)	(29.0, 0.3760890952151147)	(30.0, 0.45511556846334966)	(31.0, 0.5259540554723638)	(32.0, 0.6117418203878338)	(33.0, 0.7175033093110986)	(34.0, 0.7862327695615269)	(35.0, 0.8915600470933229)	(36.0, 1.0445265172896792)	(37.0, 1.156491026091148)	(38.0, 1.2497844450592424)	(39.0, 1.2672769611157564)	(40.0, 1.3136755498046744)	(41.0, 1.4071550593691136)	(42.0, 1.4779315161793476)	(43.0, 1.509628947756936)	(44.0, 1.488290559375938)	(45.0, 1.530471094547679)	(46.0, 1.588717451203949)	(47.0, 1.5736441128999306)	(48.0, 1.6443585395113796)	(49.0, 1.7375899282806844)	(50.0, 1.7851050605476733)	(51.0, 1.859355208489695)	(52.0, 1.8782123889194158)	(53.0, 1.76047907163123)	(54.0, 1.561238073143534)	(55.0, 1.419933280318194)	(56.0, 1.2439536063737302)	(57.0, 1.0633216675206167)	(58.0, 0.971330882726946)	(59.0, 0.8802705509150046)	(60.0, 0.7757496659673752)	(61.0, 0.6668246369062272)	(62.0, 0.5889767374348489)	(63.0, 0.5034370933145074)	(64.0, 0.4068560738109738)	(65.0, 0.3518973176901441)	(66.0, 0.3006603734962324)	(67.0, 0.2274647389335018)	(68.0, 0.1803217878592007)	(69.0, 0.14422021216809144)	(70.0, 0.10538930773057531)	(71.0, 0.0819418925909888)	(72.0, 0.06786103746748051)	(73.0, 0.04714295107430089)	(74.0, 0.02971246521656595)	(75.0, 0.025494411699391668)	(76.0, 0.019725603212668006)	(77.0, 0.012468069955176946)	(78.0, 0.007257533257491059)	(79.0, 0.003721811926918492)	(80.0, 0.0014887247707673966)	(81.0, 0.0016748153671133212)	(82.0, 0.001302634174421472)	(83.0, 0.0007443623853836983)	(84.0, 0.00037218119269184915)	(85.0, 0.0)	(86.0, 0.0)	(87.0, 0.0)	(88.0, 0.0)	(89.0, 0.0)	(90.0, 0.0)	(91.0, 0.0)	(92.0, 0.0)	(93.0, 0.0)	(94.0, 0.0)	(95.0, 0.0)	(96.0, 0.0)	(97.0, 0.0)	(98.0, 0.0)	(99.0, 0.0)	(100.0, 0.0)																																																																																																					
SRR908431_2	(0.0, 14.372943786574432)	(1.0, 5.822156949151304)	(2.0, 2.0798246044763506)	(3.0, 0.9471256216865623)	(4.0, 0.469353930488357)	(5.0, 0.26643488064950827)	(6.0, 0.17422213832801187)	(7.0, 0.12371557406894154)	(8.0, 0.09718687365003587)	(9.0, 0.07767297382266612)	(10.0, 0.06275057983703043)	(11.0, 0.04935868779863944)	(12.0, 0.04208880354922747)	(13.0, 0.040303217944108745)	(14.0, 0.03698713039174541)	(15.0, 0.03316087552363385)	(16.0, 0.032140540892137436)	(17.0, 0.03239562455001154)	(18.0, 0.03545662844450079)	(19.0, 0.04489472378584261)	(20.0, 0.05981711777147813)	(21.0, 0.07346409346774323)	(22.0, 0.09910000108409162)	(23.0, 0.130475291002605)	(24.0, 0.15866203519769223)	(25.0, 0.1927157035238836)	(26.0, 0.23493204890205252)	(27.0, 0.28071956549045995)	(28.0, 0.31821686319795794)	(29.0, 0.3706365548910929)	(30.0, 0.4398917680039044)	(31.0, 0.5134834033005675)	(32.0, 0.5860547039657344)	(33.0, 0.6951029677068904)	(34.0, 0.8356540631955268)	(35.0, 1.02007954783859)	(36.0, 1.2467213778598374)	(37.0, 1.5931249852529967)	(38.0, 2.0567395334387646)	(39.0, 2.5547903754375056)	(40.0, 3.1747712059000683)	(41.0, 3.8068685101132553)	(42.0, 4.430548053616581)	(43.0, 4.9024528206845375)	(44.0, 5.202686286002908)	(45.0, 5.293113442719443)	(46.0, 5.169780494137088)	(47.0, 4.873373283686837)	(48.0, 4.399555389184822)	(49.0, 3.879822436265383)	(50.0, 3.3233574366120058)	(51.0, 2.7841105838661195)	(52.0, 2.258255623159126)	(53.0, 1.7834173940269076)	(54.0, 1.3759212505731313)	(55.0, 1.0820648767020264)	(56.0, 0.8212418365256333)	(57.0, 0.6328625551856224)	(58.0, 0.49409704530213977)	(59.0, 0.396144920678505)	(60.0, 0.2983203378837753)	(61.0, 0.24143668217784298)	(62.0, 0.19705212570774333)	(63.0, 0.16427387567092225)	(64.0, 0.1382553425677648)	(65.0, 0.11249189312248148)	(66.0, 0.08596319270357483)	(67.0, 0.07333655163880617)	(68.0, 0.05905186679785577)	(69.0, 0.05139935706163235)	(70.0, 0.03992059245729759)	(71.0, 0.033033333694696805)	(72.0, 0.027549035050403577)	(73.0, 0.018748648853746892)	(74.0, 0.016197812275005805)	(75.0, 0.013391892038390607)	(76.0, 0.008800386196656686)	(77.0, 0.007652509736223209)	(78.0, 0.0059944659600415185)	(79.0, 0.004974131328545089)	(80.0, 0.002805920236615176)	(81.0, 0.0021682110919299087)	(82.0, 0.0017855856051187489)	(83.0, 0.0014029601183075887)	(84.0, 0.0016580437761816956)	(85.0, 0.0014029601183075887)	(86.0, 0.0015305019472446422)	(87.0, 0.000510167315748214)	(88.0, 0.000255083657874107)	(89.0, 0.00038262548681116055)	(90.0, 0.000255083657874107)	(91.0, 0.0001275418289370535)	(92.0, 0.000255083657874107)	(93.0, 0.00038262548681116055)	(94.0, 0.0007652509736223209)	(95.0, 0.0007652509736223209)	(96.0, 0.0001275418289370535)	(97.0, 0.0001275418289370535)	(98.0, 0.0001275418289370535)	(99.0, 0.0001275418289370535)	(100.0, 0.00019131274340558027)	(0.0, 14.372943786574432)	(1.0, 5.822156949151304)	(2.0, 2.0798246044763506)	(3.0, 0.9471256216865623)	(4.0, 0.469353930488357)	(5.0, 0.26643488064950827)	(6.0, 0.17422213832801187)	(7.0, 0.12371557406894154)	(8.0, 0.09718687365003587)	(9.0, 0.07767297382266612)	(10.0, 0.06275057983703043)	(11.0, 0.04935868779863944)	(12.0, 0.04208880354922747)	(13.0, 0.040303217944108745)	(14.0, 0.03698713039174541)	(15.0, 0.03316087552363385)	(16.0, 0.032140540892137436)	(17.0, 0.03239562455001154)	(18.0, 0.03545662844450079)	(19.0, 0.04489472378584261)	(20.0, 0.05981711777147813)	(21.0, 0.07346409346774323)	(22.0, 0.09910000108409162)	(23.0, 0.130475291002605)	(24.0, 0.15866203519769223)	(25.0, 0.1927157035238836)	(26.0, 0.23493204890205252)	(27.0, 0.28071956549045995)	(28.0, 0.31821686319795794)	(29.0, 0.3706365548910929)	(30.0, 0.4398917680039044)	(31.0, 0.5134834033005675)	(32.0, 0.5860547039657344)	(33.0, 0.6951029677068904)	(34.0, 0.8356540631955268)	(35.0, 1.02007954783859)	(36.0, 1.2467213778598374)	(37.0, 1.5931249852529967)	(38.0, 2.0567395334387646)	(39.0, 2.5547903754375056)	(40.0, 3.1747712059000683)	(41.0, 3.8068685101132553)	(42.0, 4.430548053616581)	(43.0, 4.9024528206845375)	(44.0, 5.202686286002908)	(45.0, 5.293113442719443)	(46.0, 5.169780494137088)	(47.0, 4.873373283686837)	(48.0, 4.399555389184822)	(49.0, 3.879822436265383)	(50.0, 3.3233574366120058)	(51.0, 2.7841105838661195)	(52.0, 2.258255623159126)	(53.0, 1.7834173940269076)	(54.0, 1.3759212505731313)	(55.0, 1.0820648767020264)	(56.0, 0.8212418365256333)	(57.0, 0.6328625551856224)	(58.0, 0.49409704530213977)	(59.0, 0.396144920678505)	(60.0, 0.2983203378837753)	(61.0, 0.24143668217784298)	(62.0, 0.19705212570774333)	(63.0, 0.16427387567092225)	(64.0, 0.1382553425677648)	(65.0, 0.11249189312248148)	(66.0, 0.08596319270357483)	(67.0, 0.07333655163880617)	(68.0, 0.05905186679785577)	(69.0, 0.05139935706163235)	(70.0, 0.03992059245729759)	(71.0, 0.033033333694696805)	(72.0, 0.027549035050403577)	(73.0, 0.018748648853746892)	(74.0, 0.016197812275005805)	(75.0, 0.013391892038390607)	(76.0, 0.008800386196656686)	(77.0, 0.007652509736223209)	(78.0, 0.0059944659600415185)	(79.0, 0.004974131328545089)	(80.0, 0.002805920236615176)	(81.0, 0.0021682110919299087)	(82.0, 0.0017855856051187489)	(83.0, 0.0014029601183075887)	(84.0, 0.0016580437761816956)	(85.0, 0.0014029601183075887)	(86.0, 0.0015305019472446422)	(87.0, 0.000510167315748214)	(88.0, 0.000255083657874107)	(89.0, 0.00038262548681116055)	(90.0, 0.000255083657874107)	(91.0, 0.0001275418289370535)	(92.0, 0.000255083657874107)	(93.0, 0.00038262548681116055)	(94.0, 0.0007652509736223209)	(95.0, 0.0007652509736223209)	(96.0, 0.0001275418289370535)	(97.0, 0.0001275418289370535)	(98.0, 0.0001275418289370535)	(99.0, 0.0001275418289370535)	(100.0, 0.00019131274340558027)
SRR908431_2_paired	(0.0, 34.28505637183266)	(1.0, 19.148828133072353)	(2.0, 2.3795732922390185)	(3.0, 0.1982092090230357)	(4.0, 0.02137376635875452)	(5.0, 0.0068490522033578015)	(6.0, 0.0044282665107916825)	(7.0, 0.002479829246043342)	(8.0, 0.0023026985856116748)	(9.0, 0.0023026985856116748)	(10.0, 0.0030112212273383445)	(11.0, 0.0035426132086333463)	(12.0, 0.0023026985856116748)	(13.0, 0.0022436550321344524)	(14.0, 0.002834090566906677)	(15.0, 0.003365482548201679)	(16.0, 0.003188351887770012)	(17.0, 0.007026182863789471)	(18.0, 0.013698104406715603)	(19.0, 0.01724071761534895)	(20.0, 0.023558377837411753)	(21.0, 0.04180283586187348)	(22.0, 0.05727224687290576)	(23.0, 0.07226930945612027)	(24.0, 0.09665429704221315)	(25.0, 0.11991745711223875)	(26.0, 0.146014707749171)	(27.0, 0.19897677521823948)	(28.0, 0.261917203224959)	(29.0, 0.32710128626381285)	(30.0, 0.4073414754393578)	(31.0, 0.5013388125750954)	(32.0, 0.5890775330422463)	(33.0, 0.6408587294417695)	(34.0, 0.7071055964432122)	(35.0, 0.8054721565362669)	(36.0, 0.9524315611410771)	(37.0, 1.0925419135425285)	(38.0, 1.2022448359032112)	(39.0, 1.2635320444125682)	(40.0, 1.3133648035473446)	(41.0, 1.3756557524658133)	(42.0, 1.4467441908523884)	(43.0, 1.4671142168020304)	(44.0, 1.438360006258623)	(45.0, 1.4902592897650997)	(46.0, 1.5517826724883639)	(47.0, 1.580241665264384)	(48.0, 1.638045304118583)	(49.0, 1.7052959115291384)	(50.0, 1.743556134182378)	(51.0, 1.8155892694245879)	(52.0, 1.8610528056020492)	(53.0, 1.7761481757018058)	(54.0, 1.559399290886923)	(55.0, 1.3485547614197617)	(56.0, 1.2268069541497295)	(57.0, 1.118875338393366)	(58.0, 1.0062792819123016)	(59.0, 0.9178320388034231)	(60.0, 0.8120850345257175)	(61.0, 0.6967139310312245)	(62.0, 0.5948638012830157)	(63.0, 0.50995917138277)	(64.0, 0.46118919621058463)	(65.0, 0.4027360782681343)	(66.0, 0.3242081521434284)	(67.0, 0.2674082536983405)	(68.0, 0.2208819335582891)	(69.0, 0.1728795245813073)	(70.0, 0.13237564689593267)	(71.0, 0.10468422031511537)	(72.0, 0.08626263163022198)	(73.0, 0.06376703775540023)	(74.0, 0.04392840378705349)	(75.0, 0.03454047878417513)	(76.0, 0.024030726265229535)	(77.0, 0.013757147960192829)	(78.0, 0.009506012109832812)	(79.0, 0.007616618398561694)	(80.0, 0.005491050473381686)	(81.0, 0.0044282665107916825)	(82.0, 0.003365482548201679)	(83.0, 0.0019484372647483406)	(84.0, 0.0008856533021583366)	(85.0, 0.0007085226417266693)	(86.0, 0.0007085226417266693)	(87.0, 0.00017713066043166731)	(88.0, 0.00017713066043166731)	(89.0, 0.0)	(90.0, 0.0)	(91.0, 0.0)	(92.0, 0.0)	(93.0, 0.0)	(94.0, 0.00023617421390888973)	(95.0, 0.00023617421390888973)	(96.0, 0.0)	(97.0, 0.0)	(98.0, 0.0)	(99.0, 0.0)	(100.0, 0.0)																																																																																																					
SRR908432_1	(0.0, 3.2234899541006405)	(1.0, 0.9680763373255562)	(2.0, 0.38547982755533017)	(3.0, 0.21932472947112655)	(4.0, 0.15302479277217068)	(5.0, 0.10244880194069148)	(6.0, 0.07375665329590862)	(7.0, 0.057222194754847515)	(8.0, 0.04311927423453112)	(9.0, 0.037283582984745024)	(10.0, 0.02853004611006583)	(11.0, 0.01847968895765623)	(12.0, 0.018641791492372512)	(13.0, 0.017020766145209674)	(14.0, 0.014913433193897992)	(15.0, 0.02301855992971218)	(16.0, 0.12773679735643204)	(17.0, 0.32939235054349)	(18.0, 0.44740299581695725)	(19.0, 0.5219701617864475)	(20.0, 0.5610368726530628)	(21.0, 0.5913500466450008)	(22.0, 0.5913500466450008)	(23.0, 0.5976720454989344)	(24.0, 0.6497069591428494)	(25.0, 0.6822895686208147)	(26.0, 0.7210320744179974)	(27.0, 0.7750122184785073)	(28.0, 0.859143433996239)	(29.0, 0.9959579732967506)	(30.0, 1.2006934746435087)	(31.0, 1.4474135324818032)	(32.0, 1.783776292018243)	(33.0, 2.255818873111913)	(34.0, 2.752014731878003)	(35.0, 3.3028391448434307)	(36.0, 3.9142899057926934)	(37.0, 4.509206208202343)	(38.0, 5.002322118810172)	(39.0, 5.374671641054151)	(40.0, 5.54098884167336)	(41.0, 5.621229596358066)	(42.0, 5.455074498273573)	(43.0, 5.209651260712675)	(44.0, 4.880745217772739)	(45.0, 4.371743258762685)	(46.0, 3.8873808850298146)	(47.0, 3.364600210570278)	(48.0, 2.8620823529502593)	(49.0, 2.4349421739732424)	(50.0, 2.041681424751898)	(51.0, 1.7043460500072283)	(52.0, 1.4148309230038156)	(53.0, 1.1583847130825398)	(54.0, 0.9482998280901742)	(55.0, 0.7884667288599557)	(56.0, 0.6417639349417532)	(57.0, 0.5034904728287954)	(58.0, 0.40606684946430044)	(59.0, 0.3280955302657596)	(60.0, 0.2561220048517218)	(61.0, 0.19095678589577872)	(62.0, 0.1556184333276311)	(63.0, 0.11703803006515734)	(64.0, 0.0983962385727843)	(65.0, 0.06694834683782455)	(66.0, 0.04652342746357301)	(67.0, 0.0333931221515543)	(68.0, 0.025450097950456437)	(69.0, 0.018317586422939947)	(70.0, 0.016048150936911972)	(71.0, 0.010860869825990938)	(72.0, 0.006321998853935029)	(73.0, 0.0035662557637582185)	(74.0, 0.0035662557637582185)	(75.0, 0.0035662557637582185)	(76.0, 0.0008105126735814137)	(77.0, 0.0003242050694325655)	(78.0, 0.001134717743013979)	(79.0, 0.001296820277730262)	(80.0, 0.0003242050694325655)	(81.0, 0.0)	(82.0, 0.00016210253471628274)	(83.0, 0.00016210253471628274)	(84.0, 0.00016210253471628274)	(85.0, 0.0)	(86.0, 0.00016210253471628274)	(87.0, 0.0)	(88.0, 0.0003242050694325655)	(89.0, 0.0)	(90.0, 0.0)	(91.0, 0.0)	(92.0, 0.00016210253471628274)	(93.0, 0.0003242050694325655)	(94.0, 0.00016210253471628274)	(95.0, 0.0)	(96.0, 0.0)	(97.0, 0.0)	(98.0, 0.0)	(99.0, 0.0)	(100.0, 0.0)	(0.0, 3.2234899541006405)	(1.0, 0.9680763373255562)	(2.0, 0.38547982755533017)	(3.0, 0.21932472947112655)	(4.0, 0.15302479277217068)	(5.0, 0.10244880194069148)	(6.0, 0.07375665329590862)	(7.0, 0.057222194754847515)	(8.0, 0.04311927423453112)	(9.0, 0.037283582984745024)	(10.0, 0.02853004611006583)	(11.0, 0.01847968895765623)	(12.0, 0.018641791492372512)	(13.0, 0.017020766145209674)	(14.0, 0.014913433193897992)	(15.0, 0.02301855992971218)	(16.0, 0.12773679735643204)	(17.0, 0.32939235054349)	(18.0, 0.44740299581695725)	(19.0, 0.5219701617864475)	(20.0, 0.5610368726530628)	(21.0, 0.5913500466450008)	(22.0, 0.5913500466450008)	(23.0, 0.5976720454989344)	(24.0, 0.6497069591428494)	(25.0, 0.6822895686208147)	(26.0, 0.7210320744179974)	(27.0, 0.7750122184785073)	(28.0, 0.859143433996239)	(29.0, 0.9959579732967506)	(30.0, 1.2006934746435087)	(31.0, 1.4474135324818032)	(32.0, 1.783776292018243)	(33.0, 2.255818873111913)	(34.0, 2.752014731878003)	(35.0, 3.3028391448434307)	(36.0, 3.9142899057926934)	(37.0, 4.509206208202343)	(38.0, 5.002322118810172)	(39.0, 5.374671641054151)	(40.0, 5.54098884167336)	(41.0, 5.621229596358066)	(42.0, 5.455074498273573)	(43.0, 5.209651260712675)	(44.0, 4.880745217772739)	(45.0, 4.371743258762685)	(46.0, 3.8873808850298146)	(47.0, 3.364600210570278)	(48.0, 2.8620823529502593)	(49.0, 2.4349421739732424)	(50.0, 2.041681424751898)	(51.0, 1.7043460500072283)	(52.0, 1.4148309230038156)	(53.0, 1.1583847130825398)	(54.0, 0.9482998280901742)	(55.0, 0.7884667288599557)	(56.0, 0.6417639349417532)	(57.0, 0.5034904728287954)	(58.0, 0.40606684946430044)	(59.0, 0.3280955302657596)	(60.0, 0.2561220048517218)	(61.0, 0.19095678589577872)	(62.0, 0.1556184333276311)	(63.0, 0.11703803006515734)	(64.0, 0.0983962385727843)	(65.0, 0.06694834683782455)	(66.0, 0.04652342746357301)	(67.0, 0.0333931221515543)	(68.0, 0.025450097950456437)	(69.0, 0.018317586422939947)	(70.0, 0.016048150936911972)	(71.0, 0.010860869825990938)	(72.0, 0.006321998853935029)	(73.0, 0.0035662557637582185)	(74.0, 0.0035662557637582185)	(75.0, 0.0035662557637582185)	(76.0, 0.0008105126735814137)	(77.0, 0.0003242050694325655)	(78.0, 0.001134717743013979)	(79.0, 0.001296820277730262)	(80.0, 0.0003242050694325655)	(81.0, 0.0)	(82.0, 0.00016210253471628274)	(83.0, 0.00016210253471628274)	(84.0, 0.00016210253471628274)	(85.0, 0.0)	(86.0, 0.00016210253471628274)	(87.0, 0.0)	(88.0, 0.0003242050694325655)	(89.0, 0.0)	(90.0, 0.0)	(91.0, 0.0)	(92.0, 0.00016210253471628274)	(93.0, 0.0003242050694325655)	(94.0, 0.00016210253471628274)	(95.0, 0.0)	(96.0, 0.0)	(97.0, 0.0)	(98.0, 0.0)	(99.0, 0.0)	(100.0, 0.0)
SRR908432_1_paired	(0.0, 16.85080712090312)	(1.0, 9.678391748879575)	(2.0, 1.9265587707265335)	(3.0, 0.6980866054751823)	(4.0, 0.27244265444617666)	(5.0, 0.08241962655514588)	(6.0, 0.03262443551141191)	(7.0, 0.014881321461345784)	(8.0, 0.007440660730672892)	(9.0, 0.005723585177440685)	(10.0, 0.005723585177440685)	(11.0, 0.005723585177440685)	(12.0, 0.0045788681419525485)	(13.0, 0.005723585177440685)	(14.0, 0.014308962943601714)	(15.0, 0.018315472567810194)	(16.0, 0.01201952887262544)	(17.0, 0.009157736283905097)	(18.0, 0.012591887390369507)	(19.0, 0.022131196019437322)	(20.0, 0.029953429095272925)	(21.0, 0.037012517480783096)	(22.0, 0.06696594657605603)	(23.0, 0.10035352677779338)	(24.0, 0.1144717035488137)	(25.0, 0.13717525808599507)	(26.0, 0.19422032368782066)	(27.0, 0.26194941495420226)	(28.0, 0.353526777793253)	(29.0, 0.4369003352113056)	(30.0, 0.5355367864358659)	(31.0, 0.631311445071707)	(32.0, 0.7343359782656403)	(33.0, 0.9039448856904676)	(34.0, 1.105796656281544)	(35.0, 1.2960104703451536)	(36.0, 1.4307055081875888)	(37.0, 1.6144325923834313)	(38.0, 1.794916311645391)	(39.0, 1.9242693366555486)	(40.0, 2.1272658242821105)	(41.0, 2.3407555514006426)	(42.0, 2.514370968449682)	(43.0, 2.870568752659086)	(44.0, 3.1794515660683103)	(45.0, 3.0937885745792775)	(46.0, 2.8377535309750934)	(47.0, 2.788339912276519)	(48.0, 2.879154130425247)	(49.0, 2.940778064169027)	(50.0, 2.9377254854077255)	(51.0, 2.9237980948092863)	(52.0, 2.8148591902653295)	(53.0, 2.6076654068419702)	(54.0, 2.3957019691040813)	(55.0, 2.244217748074485)	(56.0, 2.0080244664187683)	(57.0, 1.6960890742482522)	(58.0, 1.4658101639425583)	(59.0, 1.338937359175958)	(60.0, 1.1802032635882715)	(61.0, 1.0239493882441406)	(62.0, 0.8825768343613544)	(63.0, 0.7419674251688945)	(64.0, 0.6053645256006428)	(65.0, 0.467807695169485)	(66.0, 0.3888222197208039)	(67.0, 0.32357334869798005)	(68.0, 0.25431796805094786)	(69.0, 0.20032548121042404)	(70.0, 0.16445768076512904)	(71.0, 0.12744516328434594)	(72.0, 0.07764997224061197)	(73.0, 0.04235453031306108)	(74.0, 0.03605858661787632)	(75.0, 0.03300600785657463)	(76.0, 0.02117726515653054)	(77.0, 0.014308962943601714)	(78.0, 0.012973459735532222)	(79.0, 0.0062959436951847535)	(80.0, 0.0022894340709762743)	(81.0, 0.0022894340709762743)	(82.0, 0.001717075553232206)	(83.0, 0.0005723585177440686)	(84.0, 0.0)	(85.0, 0.0)	(86.0, 0.0)	(87.0, 0.0)	(88.0, 0.0)	(89.0, 0.0)	(90.0, 0.0)	(91.0, 0.0)	(92.0, 0.0)	(93.0, 0.0)	(94.0, 0.0)	(95.0, 0.0)	(96.0, 0.0)	(97.0, 0.0)	(98.0, 0.0)	(99.0, 0.0)	(100.0, 0.0)																																																																																																					
SRR908432_2	(0.0, 2.928388581266169)	(1.0, 1.3809016799296605)	(2.0, 0.5567943145814089)	(3.0, 0.2545299206150901)	(4.0, 0.12880217216123174)	(5.0, 0.07119718059163489)	(6.0, 0.04854353222156915)	(7.0, 0.03478953142545804)	(8.0, 0.022977271918209505)	(9.0, 0.02184458949970621)	(10.0, 0.01634298918126165)	(11.0, 0.012297694829464214)	(12.0, 0.011165012410960936)	(13.0, 0.011974071281320421)	(14.0, 0.011650447733176627)	(15.0, 0.009708706444313861)	(16.0, 0.011326824185032832)	(17.0, 0.01472487144054267)	(18.0, 0.024433577884856592)	(19.0, 0.03414228432917046)	(20.0, 0.055501438506660644)	(21.0, 0.08268581655073995)	(22.0, 0.1213588305539246)	(23.0, 0.15663379730159657)	(24.0, 0.2122970475823262)	(25.0, 0.2674748625408434)	(26.0, 0.31035498266990114)	(27.0, 0.3669891035950718)	(28.0, 0.42653583645353693)	(29.0, 0.488186122374937)	(30.0, 0.5809042689181162)	(31.0, 0.6554994967652441)	(32.0, 0.7328455247715937)	(33.0, 0.8648839324142322)	(34.0, 1.023135847456532)	(35.0, 1.2181190352132574)	(36.0, 1.4990242750021996)	(37.0, 1.8849453561638512)	(38.0, 2.418924210600769)	(39.0, 3.045459399806587)	(40.0, 3.8247449037361374)	(41.0, 4.688657965507156)	(42.0, 5.550305662441579)	(43.0, 6.396743052613216)	(44.0, 6.915187976740518)	(45.0, 7.100786081601323)	(46.0, 6.972954780084291)	(47.0, 6.602729441007115)	(48.0, 5.906291565400402)	(49.0, 5.12231352002063)	(50.0, 4.241086598423473)	(51.0, 3.4469144112786)	(52.0, 2.658082012678816)	(53.0, 2.069734402153931)	(54.0, 1.5647198552754198)	(55.0, 1.1694136912175939)	(56.0, 0.8783143096621966)	(57.0, 0.670709803527999)	(58.0, 0.49223141672673487)	(59.0, 0.3571185853766849)	(60.0, 0.2843032870443227)	(61.0, 0.2156950948378359)	(62.0, 0.16682793906812554)	(63.0, 0.12847854861308797)	(64.0, 0.10453040605044676)	(65.0, 0.0857602402581061)	(66.0, 0.07313892188049773)	(67.0, 0.05841405043995476)	(68.0, 0.043041931903124706)	(69.0, 0.03656946094024889)	(70.0, 0.03333322545881098)	(71.0, 0.027184378044078875)	(72.0, 0.021035530629346717)	(73.0, 0.01537211853683026)	(74.0, 0.009870518218385759)	(75.0, 0.010517765314673348)	(76.0, 0.006957906285091606)	(77.0, 0.005663412092516422)	(78.0, 0.005177976770300727)	(79.0, 0.0038834825777255434)	(80.0, 0.0035598590295817484)	(81.0, 0.00210355306293467)	(82.0, 0.0011326824185032838)	(83.0, 0.0009708706444313862)	(84.0, 0.0006472470962875908)	(85.0, 0.0012944941925751817)	(86.0, 0.0008090588703594885)	(87.0, 0.0006472470962875908)	(88.0, 0.0)	(89.0, 0.0003236235481437954)	(90.0, 0.0003236235481437954)	(91.0, 0.0012944941925751817)	(92.0, 0.0012944941925751817)	(93.0, 0.0003236235481437954)	(94.0, 0.0006472470962875908)	(95.0, 0.0006472470962875908)	(96.0, 0.0001618117740718977)	(97.0, 0.0001618117740718977)	(98.0, 0.0)	(99.0, 0.0003236235481437954)	(100.0, 0.00024271766110784654)	(0.0, 2.928388581266169)	(1.0, 1.3809016799296605)	(2.0, 0.5567943145814089)	(3.0, 0.2545299206150901)	(4.0, 0.12880217216123174)	(5.0, 0.07119718059163489)	(6.0, 0.04854353222156915)	(7.0, 0.03478953142545804)	(8.0, 0.022977271918209505)	(9.0, 0.02184458949970621)	(10.0, 0.01634298918126165)	(11.0, 0.012297694829464214)	(12.0, 0.011165012410960936)	(13.0, 0.011974071281320421)	(14.0, 0.011650447733176627)	(15.0, 0.009708706444313861)	(16.0, 0.011326824185032832)	(17.0, 0.01472487144054267)	(18.0, 0.024433577884856592)	(19.0, 0.03414228432917046)	(20.0, 0.055501438506660644)	(21.0, 0.08268581655073995)	(22.0, 0.1213588305539246)	(23.0, 0.15663379730159657)	(24.0, 0.2122970475823262)	(25.0, 0.2674748625408434)	(26.0, 0.31035498266990114)	(27.0, 0.3669891035950718)	(28.0, 0.42653583645353693)	(29.0, 0.488186122374937)	(30.0, 0.5809042689181162)	(31.0, 0.6554994967652441)	(32.0, 0.7328455247715937)	(33.0, 0.8648839324142322)	(34.0, 1.023135847456532)	(35.0, 1.2181190352132574)	(36.0, 1.4990242750021996)	(37.0, 1.8849453561638512)	(38.0, 2.418924210600769)	(39.0, 3.045459399806587)	(40.0, 3.8247449037361374)	(41.0, 4.688657965507156)	(42.0, 5.550305662441579)	(43.0, 6.396743052613216)	(44.0, 6.915187976740518)	(45.0, 7.100786081601323)	(46.0, 6.972954780084291)	(47.0, 6.602729441007115)	(48.0, 5.906291565400402)	(49.0, 5.12231352002063)	(50.0, 4.241086598423473)	(51.0, 3.4469144112786)	(52.0, 2.658082012678816)	(53.0, 2.069734402153931)	(54.0, 1.5647198552754198)	(55.0, 1.1694136912175939)	(56.0, 0.8783143096621966)	(57.0, 0.670709803527999)	(58.0, 0.49223141672673487)	(59.0, 0.3571185853766849)	(60.0, 0.2843032870443227)	(61.0, 0.2156950948378359)	(62.0, 0.16682793906812554)	(63.0, 0.12847854861308797)	(64.0, 0.10453040605044676)	(65.0, 0.0857602402581061)	(66.0, 0.07313892188049773)	(67.0, 0.05841405043995476)	(68.0, 0.043041931903124706)	(69.0, 0.03656946094024889)	(70.0, 0.03333322545881098)	(71.0, 0.027184378044078875)	(72.0, 0.021035530629346717)	(73.0, 0.01537211853683026)	(74.0, 0.009870518218385759)	(75.0, 0.010517765314673348)	(76.0, 0.006957906285091606)	(77.0, 0.005663412092516422)	(78.0, 0.005177976770300727)	(79.0, 0.0038834825777255434)	(80.0, 0.0035598590295817484)	(81.0, 0.00210355306293467)	(82.0, 0.0011326824185032838)	(83.0, 0.0009708706444313862)	(84.0, 0.0006472470962875908)	(85.0, 0.0012944941925751817)	(86.0, 0.0008090588703594885)	(87.0, 0.0006472470962875908)	(88.0, 0.0)	(89.0, 0.0003236235481437954)	(90.0, 0.0003236235481437954)	(91.0, 0.0012944941925751817)	(92.0, 0.0012944941925751817)	(93.0, 0.0003236235481437954)	(94.0, 0.0006472470962875908)	(95.0, 0.0006472470962875908)	(96.0, 0.0001618117740718977)	(97.0, 0.0001618117740718977)	(98.0, 0.0)	(99.0, 0.0003236235481437954)	(100.0, 0.00024271766110784654)
SRR908432_2_paired	(0.0, 18.48161440339432)	(1.0, 10.25868644029414)	(2.0, 1.166525659397697)	(3.0, 0.0771765694833699)	(4.0, 0.008695951491083933)	(5.0, 0.007608957554698441)	(6.0, 0.0054349696819274585)	(7.0, 0.0038044787773492206)	(8.0, 0.005978466650120203)	(9.0, 0.0054349696819274585)	(10.0, 0.0027174848409637293)	(11.0, 0.004347975745541966)	(12.0, 0.005978466650120203)	(13.0, 0.0054349696819274585)	(14.0, 0.0070654605865056955)	(15.0, 0.007608957554698441)	(16.0, 0.007608957554698441)	(17.0, 0.009239448459276678)	(18.0, 0.011956933300240407)	(19.0, 0.015217915109396882)	(20.0, 0.025544357505059054)	(21.0, 0.04637840795244764)	(22.0, 0.05706718166023831)	(23.0, 0.06721245839983625)	(24.0, 0.09456847246553779)	(25.0, 0.12391730874794606)	(26.0, 0.15471547027886828)	(27.0, 0.19276025805236055)	(28.0, 0.2731978093448871)	(29.0, 0.37827388986215094)	(30.0, 0.4851616269400571)	(31.0, 0.5565408954293708)	(32.0, 0.6478483860857526)	(33.0, 0.8058248381737788)	(34.0, 0.9929689608881489)	(35.0, 1.168156150302278)	(36.0, 1.3386330326587326)	(37.0, 1.5172623695380794)	(38.0, 1.7256028740119624)	(39.0, 1.8638322695889842)	(40.0, 2.0180042428996576)	(41.0, 2.2727231553259926)	(42.0, 2.5366815162116083)	(43.0, 2.8537214143240486)	(44.0, 3.0934035772970496)	(45.0, 3.012966026004519)	(46.0, 2.787233618548466)	(47.0, 2.72944177426397)	(48.0, 2.787958281172721)	(49.0, 2.8274523941947285)	(50.0, 2.8539025799801094)	(51.0, 2.8845195758549673)	(52.0, 2.820930430576416)	(53.0, 2.6462867381304793)	(54.0, 2.463671756817716)	(55.0, 2.267650516956198)	(56.0, 2.039019459003117)	(57.0, 1.80930140711365)	(58.0, 1.58755464409101)	(59.0, 1.422693897072544)	(60.0, 1.2648986106405837)	(61.0, 1.1290243685923975)	(62.0, 0.9906138073593115)	(63.0, 0.8839072359374688)	(64.0, 0.7398805393663913)	(65.0, 0.5655991782325841)	(66.0, 0.47392935626407434)	(67.0, 0.4003760999019894)	(68.0, 0.3154094072078568)	(69.0, 0.22754406401669622)	(70.0, 0.16141859955324553)	(71.0, 0.13551191073605792)	(72.0, 0.11956933300240408)	(73.0, 0.08478552703806834)	(74.0, 0.05108871501011811)	(75.0, 0.032066321123372)	(76.0, 0.021196381759517085)	(77.0, 0.017391902982167865)	(78.0, 0.014674418141204137)	(79.0, 0.013587424204818645)	(80.0, 0.01032644239566217)	(81.0, 0.0070654605865056955)	(82.0, 0.0032609818091564745)	(83.0, 0.0005434969681927458)	(84.0, 0.002173987872770983)	(85.0, 0.0032609818091564745)	(86.0, 0.0016304909045782372)	(87.0, 0.0005434969681927458)	(88.0, 0.0)	(89.0, 0.0)	(90.0, 0.0)	(91.0, 0.0)	(92.0, 0.0)	(93.0, 0.0)	(94.0, 0.0)	(95.0, 0.0)	(96.0, 0.0)	(97.0, 0.0)	(98.0, 0.0)	(99.0, 0.0)	(100.0, 0.0)																																																																																																					
SRR908433_1	(0.0, 2.568042484050559)	(1.0, 0.8817101595229347)	(2.0, 0.2987484232001374)	(3.0, 0.1445724341637526)	(4.0, 0.09006577137310891)	(5.0, 0.0638506621261812)	(6.0, 0.04620088560349713)	(7.0, 0.03893333056474473)	(8.0, 0.025695998172731452)	(9.0, 0.023619553875945075)	(10.0, 0.02232177619045359)	(11.0, 0.01635199883719276)	(12.0, 0.01167999916942341)	(13.0, 0.014794665614602976)	(14.0, 0.013496887929111492)	(15.0, 0.026993775858222952)	(16.0, 0.14223643432986785)	(17.0, 0.3340479762455039)	(18.0, 0.46668085570273815)	(19.0, 0.5707626260791674)	(20.0, 0.6128106230890965)	(21.0, 0.6237119556472261)	(22.0, 0.6169635116826696)	(23.0, 0.6416212877070108)	(24.0, 0.6686150635652368)	(25.0, 0.7158541713171324)	(26.0, 0.7467412802318334)	(27.0, 0.7960568322805155)	(28.0, 0.9196052679392777)	(29.0, 1.007075483941384)	(30.0, 1.2289954681603783)	(31.0, 1.506719892855494)	(32.0, 1.8763269776835778)	(33.0, 2.3121207244718183)	(34.0, 2.76244958133757)	(35.0, 3.3942077586348347)	(36.0, 3.992483271645867)	(37.0, 4.5910183401939975)	(38.0, 5.126221857690201)	(39.0, 5.533204939859962)	(40.0, 5.746559591354568)	(41.0, 5.755644035153001)	(42.0, 5.524380051598627)	(43.0, 5.261450292518291)	(44.0, 4.8461614331613925)	(45.0, 4.448003239252966)	(46.0, 3.8782788353227198)	(47.0, 3.3487855396426736)	(48.0, 2.8522557971736218)	(49.0, 2.3946593852691147)	(50.0, 1.999096746731129)	(51.0, 1.6331234394223622)	(52.0, 1.3582541256353011)	(53.0, 1.126471031006574)	(54.0, 0.8967643806746325)	(55.0, 0.7459626136205383)	(56.0, 0.5829617363227888)	(57.0, 0.46694041123983643)	(58.0, 0.40412797126204125)	(59.0, 0.3083519780727739)	(60.0, 0.240607982890122)	(61.0, 0.18142932043171195)	(62.0, 0.13704532358790175)	(63.0, 0.10304354822802375)	(64.0, 0.0770879945181942)	(65.0, 0.06359110658908292)	(66.0, 0.03945244163894134)	(67.0, 0.02751288693241955)	(68.0, 0.02232177619045359)	(69.0, 0.01609244330009446)	(70.0, 0.01167999916942341)	(71.0, 0.007007999501654041)	(72.0, 0.006488888427457444)	(73.0, 0.0059697773532608476)	(74.0, 0.0036337775193761696)	(75.0, 0.001297777685491489)	(76.0, 0.0002595555370982978)	(77.0, 0.0005191110741965956)	(78.0, 0.0002595555370982978)	(79.0, 0.0005191110741965956)	(80.0, 0.0002595555370982978)	(81.0, 0.0002595555370982978)	(82.0, 0.0)	(83.0, 0.0)	(84.0, 0.0002595555370982978)	(85.0, 0.0002595555370982978)	(86.0, 0.0)	(87.0, 0.0)	(88.0, 0.0002595555370982978)	(89.0, 0.0)	(90.0, 0.0)	(91.0, 0.0)	(92.0, 0.0002595555370982978)	(93.0, 0.0002595555370982978)	(94.0, 0.0)	(95.0, 0.0)	(96.0, 0.0002595555370982978)	(97.0, 0.0002595555370982978)	(98.0, 0.0)	(99.0, 0.0)	(100.0, 0.0)	(0.0, 2.568042484050559)	(1.0, 0.8817101595229347)	(2.0, 0.2987484232001374)	(3.0, 0.1445724341637526)	(4.0, 0.09006577137310891)	(5.0, 0.0638506621261812)	(6.0, 0.04620088560349713)	(7.0, 0.03893333056474473)	(8.0, 0.025695998172731452)	(9.0, 0.023619553875945075)	(10.0, 0.02232177619045359)	(11.0, 0.01635199883719276)	(12.0, 0.01167999916942341)	(13.0, 0.014794665614602976)	(14.0, 0.013496887929111492)	(15.0, 0.026993775858222952)	(16.0, 0.14223643432986785)	(17.0, 0.3340479762455039)	(18.0, 0.46668085570273815)	(19.0, 0.5707626260791674)	(20.0, 0.6128106230890965)	(21.0, 0.6237119556472261)	(22.0, 0.6169635116826696)	(23.0, 0.6416212877070108)	(24.0, 0.6686150635652368)	(25.0, 0.7158541713171324)	(26.0, 0.7467412802318334)	(27.0, 0.7960568322805155)	(28.0, 0.9196052679392777)	(29.0, 1.007075483941384)	(30.0, 1.2289954681603783)	(31.0, 1.506719892855494)	(32.0, 1.8763269776835778)	(33.0, 2.3121207244718183)	(34.0, 2.76244958133757)	(35.0, 3.3942077586348347)	(36.0, 3.992483271645867)	(37.0, 4.5910183401939975)	(38.0, 5.126221857690201)	(39.0, 5.533204939859962)	(40.0, 5.746559591354568)	(41.0, 5.755644035153001)	(42.0, 5.524380051598627)	(43.0, 5.261450292518291)	(44.0, 4.8461614331613925)	(45.0, 4.448003239252966)	(46.0, 3.8782788353227198)	(47.0, 3.3487855396426736)	(48.0, 2.8522557971736218)	(49.0, 2.3946593852691147)	(50.0, 1.999096746731129)	(51.0, 1.6331234394223622)	(52.0, 1.3582541256353011)	(53.0, 1.126471031006574)	(54.0, 0.8967643806746325)	(55.0, 0.7459626136205383)	(56.0, 0.5829617363227888)	(57.0, 0.46694041123983643)	(58.0, 0.40412797126204125)	(59.0, 0.3083519780727739)	(60.0, 0.240607982890122)	(61.0, 0.18142932043171195)	(62.0, 0.13704532358790175)	(63.0, 0.10304354822802375)	(64.0, 0.0770879945181942)	(65.0, 0.06359110658908292)	(66.0, 0.03945244163894134)	(67.0, 0.02751288693241955)	(68.0, 0.02232177619045359)	(69.0, 0.01609244330009446)	(70.0, 0.01167999916942341)	(71.0, 0.007007999501654041)	(72.0, 0.006488888427457444)	(73.0, 0.0059697773532608476)	(74.0, 0.0036337775193761696)	(75.0, 0.001297777685491489)	(76.0, 0.0002595555370982978)	(77.0, 0.0005191110741965956)	(78.0, 0.0002595555370982978)	(79.0, 0.0005191110741965956)	(80.0, 0.0002595555370982978)	(81.0, 0.0002595555370982978)	(82.0, 0.0)	(83.0, 0.0)	(84.0, 0.0002595555370982978)	(85.0, 0.0002595555370982978)	(86.0, 0.0)	(87.0, 0.0)	(88.0, 0.0002595555370982978)	(89.0, 0.0)	(90.0, 0.0)	(91.0, 0.0)	(92.0, 0.0002595555370982978)	(93.0, 0.0002595555370982978)	(94.0, 0.0)	(95.0, 0.0)	(96.0, 0.0002595555370982978)	(97.0, 0.0002595555370982978)	(98.0, 0.0)	(99.0, 0.0)	(100.0, 0.0)
SRR908433_1_paired	(0.0, 17.627011586360315)	(1.0, 10.686036974536448)	(2.0, 3.0742978891895194)	(3.0, 1.5008531860134038)	(4.0, 0.6429534377268475)	(5.0, 0.2644405268070099)	(6.0, 0.09757431203039403)	(7.0, 0.0466659753188841)	(8.0, 0.02828240928417218)	(9.0, 0.022625927427337746)	(10.0, 0.019797686498920528)	(11.0, 0.012727084177877483)	(12.0, 0.008484722785251654)	(13.0, 0.007541975809112582)	(14.0, 0.001414120464208609)	(15.0, 0.004242361392625827)	(16.0, 0.01319845766594702)	(17.0, 0.02026905998699006)	(18.0, 0.019797686498920528)	(19.0, 0.02828240928417218)	(20.0, 0.0504369632234404)	(21.0, 0.05986443298483113)	(22.0, 0.09050370970935097)	(23.0, 0.16780896175275495)	(24.0, 0.20881845521480458)	(25.0, 0.23615811752283766)	(26.0, 0.29460843004346005)	(27.0, 0.3639003327896819)	(28.0, 0.5128543550196557)	(29.0, 0.6608656302734905)	(30.0, 0.7636250506726495)	(31.0, 0.8885390250110753)	(32.0, 1.070960564893986)	(33.0, 1.3047618149764741)	(34.0, 1.416005958160884)	(35.0, 1.516879884607765)	(36.0, 1.7148567495969727)	(37.0, 1.891150434134983)	(38.0, 1.9632705778096238)	(39.0, 2.063673130768434)	(40.0, 2.1654898041914543)	(41.0, 2.2079134181177125)	(42.0, 2.358281560811898)	(43.0, 2.379493367775028)	(44.0, 2.3497968380266436)	(45.0, 2.3003026217793416)	(46.0, 2.279562188304282)	(47.0, 2.3922204519529027)	(48.0, 2.4718825714366544)	(49.0, 2.5077069565299386)	(50.0, 2.4930943783997828)	(51.0, 2.4275734635581174)	(52.0, 2.3936345724171098)	(53.0, 2.2291252250808404)	(54.0, 1.8911504341349812)	(55.0, 1.78980513420003)	(56.0, 1.7209846049418775)	(57.0, 1.5319638362259915)	(58.0, 1.37122547679428)	(59.0, 1.2477256229200617)	(60.0, 1.1072563234753399)	(61.0, 0.9550026868288801)	(62.0, 0.8036917971585601)	(63.0, 0.6764209553797852)	(64.0, 0.5835603782300863)	(65.0, 0.4756158494621621)	(66.0, 0.3573011039567084)	(67.0, 0.2762248640087482)	(68.0, 0.21966004544040396)	(69.0, 0.1876066482516755)	(70.0, 0.15602462455101657)	(71.0, 0.10417354086336753)	(72.0, 0.061749926937109255)	(73.0, 0.051851083687649)	(74.0, 0.0362957585813543)	(75.0, 0.026396915331894037)	(76.0, 0.0207404334750596)	(77.0, 0.005656481856834436)	(78.0, 0.001414120464208609)	(79.0, 0.002828240928417218)	(80.0, 0.004242361392625827)	(81.0, 0.004242361392625827)	(82.0, 0.001414120464208609)	(83.0, 0.0)	(84.0, 0.001414120464208609)	(85.0, 0.002828240928417218)	(86.0, 0.001414120464208609)	(87.0, 0.0)	(88.0, 0.0)	(89.0, 0.0)	(90.0, 0.0)	(91.0, 0.0)	(92.0, 0.0)	(93.0, 0.0)	(94.0, 0.0)	(95.0, 0.0)	(96.0, 0.0)	(97.0, 0.0)	(98.0, 0.0)	(99.0, 0.0)	(100.0, 0.0)																																																																																																					
SRR908433_2	(0.0, 2.4780550445892158)	(1.0, 1.119739650822546)	(2.0, 0.40414187166104437)	(3.0, 0.17372145796577115)	(4.0, 0.07637530566304303)	(5.0, 0.04401288800921148)	(6.0, 0.026148833464296143)	(7.0, 0.021229745980913702)	(8.0, 0.013980564426455382)	(9.0, 0.012427168379071455)	(10.0, 0.013203866402763418)	(11.0, 0.009838174966764899)	(12.0, 0.009579275625534244)	(13.0, 0.009579275625534244)	(14.0, 0.008543678260611622)	(15.0, 0.008284778919380967)	(16.0, 0.010097074307995557)	(17.0, 0.017605155203684542)	(18.0, 0.029255625559064025)	(19.0, 0.04401288800921148)	(20.0, 0.061359143871665245)	(21.0, 0.09268596416057406)	(22.0, 0.13799334887593973)	(23.0, 0.17449815598946314)	(24.0, 0.23818739393220278)	(25.0, 0.28841386613094705)	(26.0, 0.3500319093438395)	(27.0, 0.4005172808838148)	(28.0, 0.4535916458361051)	(29.0, 0.5478310060440743)	(30.0, 0.6273131038018945)	(31.0, 0.7363097264600127)	(32.0, 0.8473775438479585)	(33.0, 0.9848530940414052)	(34.0, 1.1777331032581995)	(35.0, 1.4001276373752818)	(36.0, 1.7133958402643867)	(37.0, 2.1159843158782388)	(38.0, 2.7350126407610165)	(39.0, 3.3698338254586147)	(40.0, 4.234816524509447)	(41.0, 5.24814854608531)	(42.0, 6.110542251723838)	(43.0, 6.744586738398177)	(44.0, 7.2719646964859805)	(45.0, 7.337725129158687)	(46.0, 7.063809626136155)	(47.0, 6.459020765020244)	(48.0, 5.67403796240935)	(49.0, 4.747437220145678)	(50.0, 3.9000596762985147)	(51.0, 3.0469863469440983)	(52.0, 2.3124889158723954)	(53.0, 1.7403213717523873)	(54.0, 1.3051115791436527)	(55.0, 0.9641411467429575)	(56.0, 0.7091252956307909)	(57.0, 0.49889903055147494)	(58.0, 0.3813587296327469)	(59.0, 0.29669864505032756)	(60.0, 0.21229745980913872)	(61.0, 0.15171501396116485)	(62.0, 0.13488655678117178)	(63.0, 0.11003222002302818)	(64.0, 0.07559860763935107)	(65.0, 0.05566335836459091)	(66.0, 0.048414176810132645)	(67.0, 0.03779930381967571)	(68.0, 0.025889934123065485)	(69.0, 0.021229745980913702)	(70.0, 0.016569557838761923)	(71.0, 0.015016161791377998)	(72.0, 0.011909369696610146)	(73.0, 0.010614872990456867)	(74.0, 0.00802587957815031)	(75.0, 0.0041423894596904825)	(76.0, 0.005177986824613102)	(77.0, 0.004401288800921136)	(78.0, 0.003624590777229172)	(79.0, 0.0033656914359985173)	(80.0, 0.0020711947298452413)	(81.0, 0.002588993412306552)	(82.0, 0.0012944967061532758)	(83.0, 0.0012944967061532758)	(84.0, 0.0007766980236919654)	(85.0, 0.0010355973649226206)	(86.0, 0.00025889934123065516)	(87.0, 0.0005177986824613103)	(88.0, 0.00025889934123065516)	(89.0, 0.0005177986824613103)	(90.0, 0.0007766980236919654)	(91.0, 0.00025889934123065516)	(92.0, 0.00025889934123065516)	(93.0, 0.0)	(94.0, 0.00025889934123065516)	(95.0, 0.00025889934123065516)	(96.0, 0.0005177986824613103)	(97.0, 0.0005177986824613103)	(98.0, 0.0)	(99.0, 0.0)	(100.0, 0.0)	(0.0, 2.4780550445892158)	(1.0, 1.119739650822546)	(2.0, 0.40414187166104437)	(3.0, 0.17372145796577115)	(4.0, 0.07637530566304303)	(5.0, 0.04401288800921148)	(6.0, 0.026148833464296143)	(7.0, 0.021229745980913702)	(8.0, 0.013980564426455382)	(9.0, 0.012427168379071455)	(10.0, 0.013203866402763418)	(11.0, 0.009838174966764899)	(12.0, 0.009579275625534244)	(13.0, 0.009579275625534244)	(14.0, 0.008543678260611622)	(15.0, 0.008284778919380967)	(16.0, 0.010097074307995557)	(17.0, 0.017605155203684542)	(18.0, 0.029255625559064025)	(19.0, 0.04401288800921148)	(20.0, 0.061359143871665245)	(21.0, 0.09268596416057406)	(22.0, 0.13799334887593973)	(23.0, 0.17449815598946314)	(24.0, 0.23818739393220278)	(25.0, 0.28841386613094705)	(26.0, 0.3500319093438395)	(27.0, 0.4005172808838148)	(28.0, 0.4535916458361051)	(29.0, 0.5478310060440743)	(30.0, 0.6273131038018945)	(31.0, 0.7363097264600127)	(32.0, 0.8473775438479585)	(33.0, 0.9848530940414052)	(34.0, 1.1777331032581995)	(35.0, 1.4001276373752818)	(36.0, 1.7133958402643867)	(37.0, 2.1159843158782388)	(38.0, 2.7350126407610165)	(39.0, 3.3698338254586147)	(40.0, 4.234816524509447)	(41.0, 5.24814854608531)	(42.0, 6.110542251723838)	(43.0, 6.744586738398177)	(44.0, 7.2719646964859805)	(45.0, 7.337725129158687)	(46.0, 7.063809626136155)	(47.0, 6.459020765020244)	(48.0, 5.67403796240935)	(49.0, 4.747437220145678)	(50.0, 3.9000596762985147)	(51.0, 3.0469863469440983)	(52.0, 2.3124889158723954)	(53.0, 1.7403213717523873)	(54.0, 1.3051115791436527)	(55.0, 0.9641411467429575)	(56.0, 0.7091252956307909)	(57.0, 0.49889903055147494)	(58.0, 0.3813587296327469)	(59.0, 0.29669864505032756)	(60.0, 0.21229745980913872)	(61.0, 0.15171501396116485)	(62.0, 0.13488655678117178)	(63.0, 0.11003222002302818)	(64.0, 0.07559860763935107)	(65.0, 0.05566335836459091)	(66.0, 0.048414176810132645)	(67.0, 0.03779930381967571)	(68.0, 0.025889934123065485)	(69.0, 0.021229745980913702)	(70.0, 0.016569557838761923)	(71.0, 0.015016161791377998)	(72.0, 0.011909369696610146)	(73.0, 0.010614872990456867)	(74.0, 0.00802587957815031)	(75.0, 0.0041423894596904825)	(76.0, 0.005177986824613102)	(77.0, 0.004401288800921136)	(78.0, 0.003624590777229172)	(79.0, 0.0033656914359985173)	(80.0, 0.0020711947298452413)	(81.0, 0.002588993412306552)	(82.0, 0.0012944967061532758)	(83.0, 0.0012944967061532758)	(84.0, 0.0007766980236919654)	(85.0, 0.0010355973649226206)	(86.0, 0.00025889934123065516)	(87.0, 0.0005177986824613103)	(88.0, 0.00025889934123065516)	(89.0, 0.0005177986824613103)	(90.0, 0.0007766980236919654)	(91.0, 0.00025889934123065516)	(92.0, 0.00025889934123065516)	(93.0, 0.0)	(94.0, 0.00025889934123065516)	(95.0, 0.00025889934123065516)	(96.0, 0.0005177986824613103)	(97.0, 0.0005177986824613103)	(98.0, 0.0)	(99.0, 0.0)	(100.0, 0.0)
SRR908433_2_paired	(0.0, 21.60935652021551)	(1.0, 12.060098996889925)	(2.0, 1.4910858995137757)	(3.0, 0.14192474484208678)	(4.0, 0.021025888124753596)	(5.0, 0.010512944062376798)	(6.0, 0.0026282360155941995)	(7.0, 0.0)	(8.0, 0.0013141180077970997)	(9.0, 0.0013141180077970997)	(10.0, 0.0)	(11.0, 0.0021901966796618326)	(12.0, 0.0021901966796618326)	(13.0, 0.0013141180077970997)	(14.0, 0.0026282360155941995)	(15.0, 0.0013141180077970997)	(16.0, 0.0048184326952560325)	(17.0, 0.010074904726444431)	(18.0, 0.016645494765429935)	(19.0, 0.027158438827806726)	(20.0, 0.03767138289018353)	(21.0, 0.048184326952560336)	(22.0, 0.06745805773358446)	(23.0, 0.10600551929563272)	(24.0, 0.1563800429278549)	(25.0, 0.20675456656007707)	(26.0, 0.2842875290201059)	(27.0, 0.3552499014411493)	(28.0, 0.392045205659468)	(29.0, 0.5225809277673136)	(30.0, 0.6934162687809368)	(31.0, 0.8673178851460853)	(32.0, 1.030706557448858)	(33.0, 1.2028560164702768)	(34.0, 1.3163082044767591)	(35.0, 1.4783827587717362)	(36.0, 1.6260020149809449)	(37.0, 1.777125585877613)	(38.0, 1.884883262516975)	(39.0, 1.9295632747820775)	(40.0, 2.0881335143895945)	(41.0, 2.211660607122522)	(42.0, 2.229620219895749)	(43.0, 2.2020237417320097)	(44.0, 2.2826229795435657)	(45.0, 2.3150378904025595)	(46.0, 2.2497700293486362)	(47.0, 2.338253975206974)	(48.0, 2.390818695518859)	(49.0, 2.314161811730694)	(50.0, 2.311095536379167)	(51.0, 2.403959875596829)	(52.0, 2.4131587016514087)	(53.0, 2.176179420911999)	(54.0, 1.9264969994305492)	(55.0, 1.7657365631433695)	(56.0, 1.728941258925051)	(57.0, 1.6303824083402683)	(58.0, 1.4061062683428969)	(59.0, 1.2624293661570802)	(60.0, 1.1656226729160275)	(61.0, 1.0508563669017474)	(62.0, 0.9111218187393226)	(63.0, 0.7696351132331679)	(64.0, 0.6198256603442988)	(65.0, 0.47965307284594144)	(66.0, 0.42796443120592215)	(67.0, 0.3793420649174295)	(68.0, 0.29523851241841514)	(69.0, 0.2352271233956809)	(70.0, 0.18967103245871475)	(71.0, 0.1546278855841254)	(72.0, 0.1011870866003767)	(73.0, 0.06044942835866659)	(74.0, 0.0433658942573043)	(75.0, 0.027596478163739096)	(76.0, 0.013141180077970998)	(77.0, 0.009198826054579699)	(78.0, 0.010512944062376798)	(79.0, 0.005256472031188399)	(80.0, 0.0013141180077970997)	(81.0, 0.0026282360155941995)	(82.0, 0.0039423540233913)	(83.0, 0.0026282360155941995)	(84.0, 0.0)	(85.0, 0.0)	(86.0, 0.0)	(87.0, 0.0013141180077970997)	(88.0, 0.0013141180077970997)	(89.0, 0.0)	(90.0, 0.0)	(91.0, 0.0)	(92.0, 0.0)	(93.0, 0.0)	(94.0, 0.0)	(95.0, 0.0)	(96.0, 0.0)	(97.0, 0.0)	(98.0, 0.0)	(99.0, 0.0)	(100.0, 0.0)																																																																																																					
SRR908434_1	(0.0, 3.1221463425564147)	(1.0, 1.3004741389774006)	(2.0, 0.4313749656860598)	(3.0, 0.15611665424828966)	(4.0, 0.1023348403445727)	(5.0, 0.07208257002373224)	(6.0, 0.06162499509800939)	(7.0, 0.04668560234697673)	(8.0, 0.03846893633390877)	(9.0, 0.029878785502065065)	(10.0, 0.023156058764100443)	(11.0, 0.023156058764100443)	(12.0, 0.016806816844911626)	(13.0, 0.01605984720736)	(14.0, 0.01792727130123907)	(15.0, 0.04257726934044276)	(16.0, 0.18226059156259736)	(17.0, 0.37087042504438145)	(18.0, 0.5452878354126766)	(19.0, 0.6028044975041535)	(20.0, 0.6289484348184634)	(21.0, 0.6674173711523766)	(22.0, 0.6946817629230141)	(23.0, 0.7316567599818239)	(24.0, 0.7447287286389789)	(25.0, 0.7413673652699961)	(26.0, 0.8134499352937363)	(27.0, 0.9071946248064763)	(28.0, 1.0151317374326987)	(29.0, 1.1768506639626344)	(30.0, 1.4155074631603248)	(31.0, 1.7393188010388818)	(32.0, 2.153886949879941)	(33.0, 2.6595853945025265)	(34.0, 3.230643682411005)	(35.0, 3.8622065109611934)	(36.0, 4.43998752560764)	(37.0, 4.953902636242896)	(38.0, 5.349049574507347)	(39.0, 5.4883594119106)	(40.0, 5.60301925127467)	(41.0, 5.5279488027007995)	(42.0, 5.237004128874705)	(43.0, 4.877338248393924)	(44.0, 4.426168587312929)	(45.0, 3.9779868047817484)	(46.0, 3.4181330614365493)	(47.0, 2.9120611319950913)	(48.0, 2.467614197651671)	(49.0, 2.0343718078717075)	(50.0, 1.715789257456011)	(51.0, 1.4405309460182987)	(52.0, 1.1817059666067187)	(53.0, 0.947157500415493)	(54.0, 0.7484635768267374)	(55.0, 0.6072863153294638)	(56.0, 0.48963859741508353)	(57.0, 0.4220378452166651)	(58.0, 0.3316545190729233)	(59.0, 0.23940376883529849)	(60.0, 0.1874893790254589)	(61.0, 0.15312877569808309)	(62.0, 0.10793711262620984)	(63.0, 0.08291362976823068)	(64.0, 0.06760075219842245)	(65.0, 0.043697723796770206)	(66.0, 0.03510757296492644)	(67.0, 0.025396967676755318)	(68.0, 0.02390302840165207)	(69.0, 0.01605984720736)	(70.0, 0.008216666013067898)	(71.0, 0.005975757100413018)	(72.0, 0.004108333006533952)	(73.0, 0.0033613633689823235)	(74.0, 0.003734848187758137)	(75.0, 0.0018674240938790683)	(76.0, 0.0018674240938790683)	(77.0, 0.0007469696375516274)	(78.0, 0.0007469696375516274)	(79.0, 0.0003734848187758137)	(80.0, 0.0007469696375516274)	(81.0, 0.0007469696375516274)	(82.0, 0.0)	(83.0, 0.0)	(84.0, 0.0003734848187758137)	(85.0, 0.0003734848187758137)	(86.0, 0.0)	(87.0, 0.0)	(88.0, 0.0003734848187758137)	(89.0, 0.0003734848187758137)	(90.0, 0.0003734848187758137)	(91.0, 0.0003734848187758137)	(92.0, 0.0)	(93.0, 0.0)	(94.0, 0.0)	(95.0, 0.0)	(96.0, 0.0)	(97.0, 0.0003734848187758137)	(98.0, 0.0003734848187758137)	(99.0, 0.0)	(100.0, 0.0)	(0.0, 3.1221463425564147)	(1.0, 1.3004741389774006)	(2.0, 0.4313749656860598)	(3.0, 0.15611665424828966)	(4.0, 0.1023348403445727)	(5.0, 0.07208257002373224)	(6.0, 0.06162499509800939)	(7.0, 0.04668560234697673)	(8.0, 0.03846893633390877)	(9.0, 0.029878785502065065)	(10.0, 0.023156058764100443)	(11.0, 0.023156058764100443)	(12.0, 0.016806816844911626)	(13.0, 0.01605984720736)	(14.0, 0.01792727130123907)	(15.0, 0.04257726934044276)	(16.0, 0.18226059156259736)	(17.0, 0.37087042504438145)	(18.0, 0.5452878354126766)	(19.0, 0.6028044975041535)	(20.0, 0.6289484348184634)	(21.0, 0.6674173711523766)	(22.0, 0.6946817629230141)	(23.0, 0.7316567599818239)	(24.0, 0.7447287286389789)	(25.0, 0.7413673652699961)	(26.0, 0.8134499352937363)	(27.0, 0.9071946248064763)	(28.0, 1.0151317374326987)	(29.0, 1.1768506639626344)	(30.0, 1.4155074631603248)	(31.0, 1.7393188010388818)	(32.0, 2.153886949879941)	(33.0, 2.6595853945025265)	(34.0, 3.230643682411005)	(35.0, 3.8622065109611934)	(36.0, 4.43998752560764)	(37.0, 4.953902636242896)	(38.0, 5.349049574507347)	(39.0, 5.4883594119106)	(40.0, 5.60301925127467)	(41.0, 5.5279488027007995)	(42.0, 5.237004128874705)	(43.0, 4.877338248393924)	(44.0, 4.426168587312929)	(45.0, 3.9779868047817484)	(46.0, 3.4181330614365493)	(47.0, 2.9120611319950913)	(48.0, 2.467614197651671)	(49.0, 2.0343718078717075)	(50.0, 1.715789257456011)	(51.0, 1.4405309460182987)	(52.0, 1.1817059666067187)	(53.0, 0.947157500415493)	(54.0, 0.7484635768267374)	(55.0, 0.6072863153294638)	(56.0, 0.48963859741508353)	(57.0, 0.4220378452166651)	(58.0, 0.3316545190729233)	(59.0, 0.23940376883529849)	(60.0, 0.1874893790254589)	(61.0, 0.15312877569808309)	(62.0, 0.10793711262620984)	(63.0, 0.08291362976823068)	(64.0, 0.06760075219842245)	(65.0, 0.043697723796770206)	(66.0, 0.03510757296492644)	(67.0, 0.025396967676755318)	(68.0, 0.02390302840165207)	(69.0, 0.01605984720736)	(70.0, 0.008216666013067898)	(71.0, 0.005975757100413018)	(72.0, 0.004108333006533952)	(73.0, 0.0033613633689823235)	(74.0, 0.003734848187758137)	(75.0, 0.0018674240938790683)	(76.0, 0.0018674240938790683)	(77.0, 0.0007469696375516274)	(78.0, 0.0007469696375516274)	(79.0, 0.0003734848187758137)	(80.0, 0.0007469696375516274)	(81.0, 0.0007469696375516274)	(82.0, 0.0)	(83.0, 0.0)	(84.0, 0.0003734848187758137)	(85.0, 0.0003734848187758137)	(86.0, 0.0)	(87.0, 0.0)	(88.0, 0.0003734848187758137)	(89.0, 0.0003734848187758137)	(90.0, 0.0003734848187758137)	(91.0, 0.0003734848187758137)	(92.0, 0.0)	(93.0, 0.0)	(94.0, 0.0)	(95.0, 0.0)	(96.0, 0.0)	(97.0, 0.0003734848187758137)	(98.0, 0.0003734848187758137)	(99.0, 0.0)	(100.0, 0.0)
SRR908434_1_paired	(0.0, 19.669396525093862)	(1.0, 12.689379637956296)	(2.0, 4.626801123063307)	(3.0, 2.4802125308052947)	(4.0, 1.1676837849155293)	(5.0, 0.4283566618385011)	(6.0, 0.12768323574032242)	(7.0, 0.053544582729812634)	(8.0, 0.022653477308766882)	(9.0, 0.010297035140348583)	(10.0, 0.008237628112278865)	(11.0, 0.014415849196488015)	(12.0, 0.01647525622455773)	(13.0, 0.014415849196488015)	(14.0, 0.01853466325262745)	(15.0, 0.0247128843368366)	(16.0, 0.0247128843368366)	(17.0, 0.022653477308766882)	(18.0, 0.03432345046782861)	(19.0, 0.04324754758946405)	(20.0, 0.0494257686736732)	(21.0, 0.06109574183273492)	(22.0, 0.06452808687951779)	(23.0, 0.0789439360760058)	(24.0, 0.1015974133847727)	(25.0, 0.11601326258126067)	(26.0, 0.17093078332978645)	(27.0, 0.28831698392976035)	(28.0, 0.41119493660458667)	(29.0, 0.500435907820941)	(30.0, 0.5416240483823352)	(31.0, 0.5601587116349627)	(32.0, 0.675485505206867)	(33.0, 0.7612941313764386)	(34.0, 0.8525945096208631)	(35.0, 1.0619675574746181)	(36.0, 1.2212283676453421)	(37.0, 1.3701921426757175)	(38.0, 1.554852306192635)	(39.0, 1.6598820646241912)	(40.0, 1.6990107981575155)	(41.0, 1.7477500978218312)	(42.0, 1.847288104178533)	(43.0, 1.9255455712451832)	(44.0, 1.9488855175633073)	(45.0, 2.0401858958077295)	(46.0, 2.237888970502423)	(47.0, 2.4143115059070643)	(48.0, 2.501493070095348)	(49.0, 2.4513808324123176)	(50.0, 2.4760937167491557)	(51.0, 2.404700939776072)	(52.0, 2.359393985158538)	(53.0, 2.271525951960897)	(54.0, 1.912502660067409)	(55.0, 1.723723682494353)	(56.0, 1.638601525334138)	(57.0, 1.5040535995002495)	(58.0, 1.3660733286195785)	(59.0, 1.2699676673096587)	(60.0, 1.2006342973646449)	(61.0, 1.0173470718664404)	(62.0, 0.8175845901436779)	(63.0, 0.7413865301050985)	(64.0, 0.6109574183273493)	(65.0, 0.49357121772737533)	(66.0, 0.3906008663238896)	(67.0, 0.2848846388829775)	(68.0, 0.2656635066209934)	(69.0, 0.2244753660595991)	(70.0, 0.1640660932362208)	(71.0, 0.13180204979646185)	(72.0, 0.1112079795157647)	(73.0, 0.08512215716021496)	(74.0, 0.04873929966431662)	(75.0, 0.0247128843368366)	(76.0, 0.0247128843368366)	(77.0, 0.01647525622455773)	(78.0, 0.004118814056139433)	(79.0, 0.0020594070280697163)	(80.0, 0.0)	(81.0, 0.0)	(82.0, 0.0)	(83.0, 0.0)	(84.0, 0.0)	(85.0, 0.0)	(86.0, 0.0)	(87.0, 0.0)	(88.0, 0.0)	(89.0, 0.0)	(90.0, 0.0)	(91.0, 0.0)	(92.0, 0.0)	(93.0, 0.0)	(94.0, 0.0)	(95.0, 0.0)	(96.0, 0.0)	(97.0, 0.0)	(98.0, 0.0)	(99.0, 0.0)	(100.0, 0.0)																																																																																																					
SRR908434_2	(0.0, 3.5554776799363594)	(1.0, 1.1937338294177007)	(2.0, 0.3511859048442955)	(3.0, 0.1614262174071973)	(4.0, 0.0909653511486286)	(5.0, 0.05890379295689901)	(6.0, 0.03355279345646135)	(7.0, 0.027215043581352003)	(8.0, 0.019013249625328132)	(9.0, 0.015285161463499087)	(10.0, 0.016403587912047803)	(11.0, 0.01752201436059652)	(12.0, 0.014912352647316184)	(13.0, 0.015285161463499087)	(14.0, 0.009693029220755512)	(15.0, 0.010811455669304226)	(16.0, 0.014539543831133277)	(17.0, 0.014539543831133277)	(18.0, 0.02236852897097426)	(19.0, 0.03578964635355877)	(20.0, 0.06002221940544772)	(21.0, 0.08686445417061671)	(22.0, 0.1256365710536382)	(23.0, 0.1662727320175752)	(24.0, 0.20318080481968379)	(25.0, 0.26767673001932807)	(26.0, 0.32956299350568824)	(27.0, 0.36796230157252524)	(28.0, 0.45818203508878297)	(29.0, 0.5297613277958966)	(30.0, 0.62221791420926)	(31.0, 0.7094551771960695)	(32.0, 0.7996749107123428)	(33.0, 0.8999604822655555)	(34.0, 1.098294772474883)	(35.0, 1.2981202979488902)	(36.0, 1.6056875712997167)	(37.0, 2.040755459785067)	(38.0, 2.589902846022565)	(39.0, 3.2341164803869162)	(40.0, 4.113572477762788)	(41.0, 5.10971763460324)	(42.0, 6.007441263970857)	(43.0, 6.685580500606944)	(44.0, 7.11803872737872)	(45.0, 7.3480617669633626)	(46.0, 7.075911331150089)	(47.0, 6.522663047935162)	(48.0, 5.727834651833934)	(49.0, 4.8905060506878915)	(50.0, 3.974514789326501)	(51.0, 3.1595547171503013)	(52.0, 2.354660483011045)	(53.0, 1.7652497446259634)	(54.0, 1.3059492830887296)	(55.0, 0.9256842905821787)	(56.0, 0.671428677945409)	(57.0, 0.5167130192294956)	(58.0, 0.37057196328580544)	(59.0, 0.26655830357077936)	(60.0, 0.20206237837113503)	(61.0, 0.16030779095864855)	(62.0, 0.1241453357889066)	(63.0, 0.0891013070677141)	(64.0, 0.07083367507475204)	(65.0, 0.04958357255232632)	(66.0, 0.03131594055936393)	(67.0, 0.029824705294632322)	(68.0, 0.02609661713280329)	(69.0, 0.02460538186807168)	(70.0, 0.023486955419522972)	(71.0, 0.015285161463499087)	(72.0, 0.015657970279681993)	(73.0, 0.010065838036938416)	(74.0, 0.009320220404572607)	(75.0, 0.006710558691292278)	(76.0, 0.006337749875109373)	(77.0, 0.0033552793456461394)	(78.0, 0.0033552793456461394)	(79.0, 0.002982470529463235)	(80.0, 0.0014912352647316175)	(81.0, 0.0014912352647316175)	(82.0, 0.0014912352647316175)	(83.0, 0.0014912352647316175)	(84.0, 0.0014912352647316175)	(85.0, 0.0011184264485487132)	(86.0, 0.0014912352647316175)	(87.0, 0.0011184264485487132)	(88.0, 0.0003728088161829044)	(89.0, 0.0003728088161829044)	(90.0, 0.0)	(91.0, 0.0003728088161829044)	(92.0, 0.0003728088161829044)	(93.0, 0.0)	(94.0, 0.0003728088161829044)	(95.0, 0.0003728088161829044)	(96.0, 0.0)	(97.0, 0.0)	(98.0, 0.0)	(99.0, 0.0)	(100.0, 0.0)	(0.0, 3.5554776799363594)	(1.0, 1.1937338294177007)	(2.0, 0.3511859048442955)	(3.0, 0.1614262174071973)	(4.0, 0.0909653511486286)	(5.0, 0.05890379295689901)	(6.0, 0.03355279345646135)	(7.0, 0.027215043581352003)	(8.0, 0.019013249625328132)	(9.0, 0.015285161463499087)	(10.0, 0.016403587912047803)	(11.0, 0.01752201436059652)	(12.0, 0.014912352647316184)	(13.0, 0.015285161463499087)	(14.0, 0.009693029220755512)	(15.0, 0.010811455669304226)	(16.0, 0.014539543831133277)	(17.0, 0.014539543831133277)	(18.0, 0.02236852897097426)	(19.0, 0.03578964635355877)	(20.0, 0.06002221940544772)	(21.0, 0.08686445417061671)	(22.0, 0.1256365710536382)	(23.0, 0.1662727320175752)	(24.0, 0.20318080481968379)	(25.0, 0.26767673001932807)	(26.0, 0.32956299350568824)	(27.0, 0.36796230157252524)	(28.0, 0.45818203508878297)	(29.0, 0.5297613277958966)	(30.0, 0.62221791420926)	(31.0, 0.7094551771960695)	(32.0, 0.7996749107123428)	(33.0, 0.8999604822655555)	(34.0, 1.098294772474883)	(35.0, 1.2981202979488902)	(36.0, 1.6056875712997167)	(37.0, 2.040755459785067)	(38.0, 2.589902846022565)	(39.0, 3.2341164803869162)	(40.0, 4.113572477762788)	(41.0, 5.10971763460324)	(42.0, 6.007441263970857)	(43.0, 6.685580500606944)	(44.0, 7.11803872737872)	(45.0, 7.3480617669633626)	(46.0, 7.075911331150089)	(47.0, 6.522663047935162)	(48.0, 5.727834651833934)	(49.0, 4.8905060506878915)	(50.0, 3.974514789326501)	(51.0, 3.1595547171503013)	(52.0, 2.354660483011045)	(53.0, 1.7652497446259634)	(54.0, 1.3059492830887296)	(55.0, 0.9256842905821787)	(56.0, 0.671428677945409)	(57.0, 0.5167130192294956)	(58.0, 0.37057196328580544)	(59.0, 0.26655830357077936)	(60.0, 0.20206237837113503)	(61.0, 0.16030779095864855)	(62.0, 0.1241453357889066)	(63.0, 0.0891013070677141)	(64.0, 0.07083367507475204)	(65.0, 0.04958357255232632)	(66.0, 0.03131594055936393)	(67.0, 0.029824705294632322)	(68.0, 0.02609661713280329)	(69.0, 0.02460538186807168)	(70.0, 0.023486955419522972)	(71.0, 0.015285161463499087)	(72.0, 0.015657970279681993)	(73.0, 0.010065838036938416)	(74.0, 0.009320220404572607)	(75.0, 0.006710558691292278)	(76.0, 0.006337749875109373)	(77.0, 0.0033552793456461394)	(78.0, 0.0033552793456461394)	(79.0, 0.002982470529463235)	(80.0, 0.0014912352647316175)	(81.0, 0.0014912352647316175)	(82.0, 0.0014912352647316175)	(83.0, 0.0014912352647316175)	(84.0, 0.0014912352647316175)	(85.0, 0.0011184264485487132)	(86.0, 0.0014912352647316175)	(87.0, 0.0011184264485487132)	(88.0, 0.0003728088161829044)	(89.0, 0.0003728088161829044)	(90.0, 0.0)	(91.0, 0.0003728088161829044)	(92.0, 0.0003728088161829044)	(93.0, 0.0)	(94.0, 0.0003728088161829044)	(95.0, 0.0003728088161829044)	(96.0, 0.0)	(97.0, 0.0)	(98.0, 0.0)	(99.0, 0.0)	(100.0, 0.0)
SRR908434_2_paired	(0.0, 27.649149055545163)	(1.0, 15.168006982108356)	(2.0, 1.7467738919020013)	(3.0, 0.17018889096689732)	(4.0, 0.014961660744342622)	(5.0, 0.0018702075930428278)	(6.0, 0.005610622779128483)	(7.0, 0.005610622779128483)	(8.0, 0.0037404151860856555)	(9.0, 0.0037404151860856555)	(10.0, 0.009351037965214139)	(11.0, 0.011221245558256966)	(12.0, 0.013091453151299793)	(13.0, 0.011221245558256966)	(14.0, 0.005610622779128483)	(15.0, 0.014961660744342622)	(16.0, 0.018702075930428278)	(17.0, 0.014961660744342622)	(18.0, 0.018078673399414002)	(19.0, 0.021819088585499656)	(20.0, 0.021819088585499656)	(21.0, 0.024936101240571034)	(22.0, 0.03927435945389938)	(23.0, 0.07854871890779876)	(24.0, 0.10535502774141263)	(25.0, 0.108472040396484)	(26.0, 0.1577208403466118)	(27.0, 0.26307586808802447)	(28.0, 0.332273549030609)	(29.0, 0.3553394426781372)	(30.0, 0.41082226793840765)	(31.0, 0.5111900754317061)	(32.0, 0.5984664297737048)	(33.0, 0.6882363942397606)	(34.0, 0.8328657814350731)	(35.0, 0.9625335078860425)	(36.0, 1.0572906926002124)	(37.0, 1.1813477962720527)	(38.0, 1.3029112898198363)	(39.0, 1.463125740290505)	(40.0, 1.5703509756249603)	(41.0, 1.628950813540302)	(42.0, 1.766099370363443)	(43.0, 1.7960226918521278)	(44.0, 1.7972694969141563)	(45.0, 1.9811732435633687)	(46.0, 2.0996197244560815)	(47.0, 2.0840346611807243)	(48.0, 2.205598154728508)	(49.0, 2.3545913596409207)	(50.0, 2.3539679571099055)	(51.0, 2.251729942023564)	(52.0, 2.2492363318995077)	(53.0, 2.1681940028676516)	(54.0, 1.8521289196434132)	(55.0, 1.6937846767657874)	(56.0, 1.656380524904931)	(57.0, 1.4818278162209337)	(58.0, 1.3272239885293933)	(59.0, 1.263636930365937)	(60.0, 1.1532946823764105)	(61.0, 0.9637803129480706)	(62.0, 0.8802443737921576)	(63.0, 0.8359827940901441)	(64.0, 0.659559877813104)	(65.0, 0.4787731438189639)	(66.0, 0.4313945514618789)	(67.0, 0.36780749329842277)	(68.0, 0.27679072377033853)	(69.0, 0.25933545290193877)	(70.0, 0.2094632504207967)	(71.0, 0.14587619225734058)	(72.0, 0.10660183280344118)	(73.0, 0.06358705816345614)	(74.0, 0.04114456704694221)	(75.0, 0.03927435945389938)	(76.0, 0.03179352908172807)	(77.0, 0.020572283523471104)	(78.0, 0.01683186833738545)	(79.0, 0.013091453151299793)	(80.0, 0.009351037965214139)	(81.0, 0.007480830372171311)	(82.0, 0.0018702075930428278)	(83.0, 0.0)	(84.0, 0.0)	(85.0, 0.0)	(86.0, 0.0)	(87.0, 0.0)	(88.0, 0.0)	(89.0, 0.0)	(90.0, 0.0)	(91.0, 0.0)	(92.0, 0.0)	(93.0, 0.0)	(94.0, 0.0)	(95.0, 0.0)	(96.0, 0.0)	(97.0, 0.0)	(98.0, 0.0)	(99.0, 0.0)	(100.0, 0.0)																																																																																																					
SRR908435_1	(0.0, 10.58926905026268)	(1.0, 2.537174151448743)	(2.0, 0.8604377115844799)	(3.0, 0.4389376673092215)	(4.0, 0.28935555722060674)	(5.0, 0.1975355734321503)	(6.0, 0.13514157851358033)	(7.0, 0.10707790394321914)	(8.0, 0.08228378369173596)	(9.0, 0.06266645777847461)	(10.0, 0.05122301766240548)	(11.0, 0.04359405758502591)	(12.0, 0.03569263464773992)	(13.0, 0.030243377449611655)	(14.0, 0.02997091458970524)	(15.0, 0.0550374977010952)	(16.0, 0.1389560585522702)	(17.0, 0.22559924800251008)	(18.0, 0.2798193571238829)	(19.0, 0.31469460319190157)	(20.0, 0.31006273457349287)	(21.0, 0.31605691749143355)	(22.0, 0.3419408891825411)	(23.0, 0.36210314081561445)	(24.0, 0.37545382095102786)	(25.0, 0.42095511855539636)	(26.0, 0.45446805032388876)	(27.0, 0.5223113024405929)	(28.0, 0.6280268920842925)	(29.0, 0.7800611679120873)	(30.0, 0.9555272496917958)	(31.0, 1.2026510636268548)	(32.0, 1.499090655204963)	(33.0, 1.8739995504362363)	(34.0, 2.28814309749417)	(35.0, 2.789474759722195)	(36.0, 3.329768610916854)	(37.0, 3.8392741589414054)	(38.0, 4.458854702368022)	(39.0, 4.684181487510418)	(40.0, 4.770279751240766)	(41.0, 4.813601345965846)	(42.0, 4.85174614635271)	(43.0, 4.542228337499307)	(44.0, 4.26077420321624)	(45.0, 3.8444509532796225)	(46.0, 3.524852018609693)	(47.0, 3.1807314265479794)	(48.0, 2.8594977147181746)	(49.0, 2.61291882650276)	(50.0, 2.2355577655322088)	(51.0, 1.8500228187644612)	(52.0, 1.5236123125965344)	(53.0, 1.2574160984680312)	(54.0, 1.0814050909685293)	(55.0, 0.9176549121648132)	(56.0, 0.769980042095549)	(57.0, 0.6124965090696254)	(58.0, 0.5141374166433996)	(59.0, 0.4059696612605442)	(60.0, 0.33131483764619174)	(61.0, 0.26919330558753346)	(62.0, 0.2196050650845694)	(63.0, 0.20543699636943646)	(64.0, 0.15394151584712326)	(65.0, 0.1092576068224705)	(66.0, 0.08037654367239111)	(67.0, 0.06866064069641559)	(68.0, 0.05285779482184395)	(69.0, 0.0414143547057746)	(70.0, 0.030243377449611655)	(71.0, 0.025883971691109047)	(72.0, 0.013350680135414166)	(73.0, 0.008446348657098755)	(74.0, 0.004904331478315404)	(75.0, 0.006539108637753871)	(76.0, 0.004086942898596171)	(77.0, 0.0019072400193448796)	(78.0, 0.0019072400193448796)	(79.0, 0.0008173885797192344)	(80.0, 0.0005449257198128228)	(81.0, 0.0002724628599064114)	(82.0, 0.0005449257198128228)	(83.0, 0.0)	(84.0, 0.0005449257198128228)	(85.0, 0.0005449257198128228)	(86.0, 0.0002724628599064114)	(87.0, 0.0002724628599064114)	(88.0, 0.0)	(89.0, 0.0)	(90.0, 0.0)	(91.0, 0.0)	(92.0, 0.0)	(93.0, 0.0)	(94.0, 0.0)	(95.0, 0.0)	(96.0, 0.0)	(97.0, 0.0)	(98.0, 0.0)	(99.0, 0.0)	(100.0, 0.0004086942898596172)	(0.0, 10.58926905026268)	(1.0, 2.537174151448743)	(2.0, 0.8604377115844799)	(3.0, 0.4389376673092215)	(4.0, 0.28935555722060674)	(5.0, 0.1975355734321503)	(6.0, 0.13514157851358033)	(7.0, 0.10707790394321914)	(8.0, 0.08228378369173596)	(9.0, 0.06266645777847461)	(10.0, 0.05122301766240548)	(11.0, 0.04359405758502591)	(12.0, 0.03569263464773992)	(13.0, 0.030243377449611655)	(14.0, 0.02997091458970524)	(15.0, 0.0550374977010952)	(16.0, 0.1389560585522702)	(17.0, 0.22559924800251008)	(18.0, 0.2798193571238829)	(19.0, 0.31469460319190157)	(20.0, 0.31006273457349287)	(21.0, 0.31605691749143355)	(22.0, 0.3419408891825411)	(23.0, 0.36210314081561445)	(24.0, 0.37545382095102786)	(25.0, 0.42095511855539636)	(26.0, 0.45446805032388876)	(27.0, 0.5223113024405929)	(28.0, 0.6280268920842925)	(29.0, 0.7800611679120873)	(30.0, 0.9555272496917958)	(31.0, 1.2026510636268548)	(32.0, 1.499090655204963)	(33.0, 1.8739995504362363)	(34.0, 2.28814309749417)	(35.0, 2.789474759722195)	(36.0, 3.329768610916854)	(37.0, 3.8392741589414054)	(38.0, 4.458854702368022)	(39.0, 4.684181487510418)	(40.0, 4.770279751240766)	(41.0, 4.813601345965846)	(42.0, 4.85174614635271)	(43.0, 4.542228337499307)	(44.0, 4.26077420321624)	(45.0, 3.8444509532796225)	(46.0, 3.524852018609693)	(47.0, 3.1807314265479794)	(48.0, 2.8594977147181746)	(49.0, 2.61291882650276)	(50.0, 2.2355577655322088)	(51.0, 1.8500228187644612)	(52.0, 1.5236123125965344)	(53.0, 1.2574160984680312)	(54.0, 1.0814050909685293)	(55.0, 0.9176549121648132)	(56.0, 0.769980042095549)	(57.0, 0.6124965090696254)	(58.0, 0.5141374166433996)	(59.0, 0.4059696612605442)	(60.0, 0.33131483764619174)	(61.0, 0.26919330558753346)	(62.0, 0.2196050650845694)	(63.0, 0.20543699636943646)	(64.0, 0.15394151584712326)	(65.0, 0.1092576068224705)	(66.0, 0.08037654367239111)	(67.0, 0.06866064069641559)	(68.0, 0.05285779482184395)	(69.0, 0.0414143547057746)	(70.0, 0.030243377449611655)	(71.0, 0.025883971691109047)	(72.0, 0.013350680135414166)	(73.0, 0.008446348657098755)	(74.0, 0.004904331478315404)	(75.0, 0.006539108637753871)	(76.0, 0.004086942898596171)	(77.0, 0.0019072400193448796)	(78.0, 0.0019072400193448796)	(79.0, 0.0008173885797192344)	(80.0, 0.0005449257198128228)	(81.0, 0.0002724628599064114)	(82.0, 0.0005449257198128228)	(83.0, 0.0)	(84.0, 0.0005449257198128228)	(85.0, 0.0005449257198128228)	(86.0, 0.0002724628599064114)	(87.0, 0.0002724628599064114)	(88.0, 0.0)	(89.0, 0.0)	(90.0, 0.0)	(91.0, 0.0)	(92.0, 0.0)	(93.0, 0.0)	(94.0, 0.0)	(95.0, 0.0)	(96.0, 0.0)	(97.0, 0.0)	(98.0, 0.0)	(99.0, 0.0)	(100.0, 0.0004086942898596172)
SRR908435_1_paired	(0.0, 18.901329427390305)	(1.0, 10.357989597944435)	(2.0, 1.7905686374300098)	(3.0, 0.5805538660145693)	(4.0, 0.2276535792753303)	(5.0, 0.08068420203324138)	(6.0, 0.03388736485396138)	(7.0, 0.013778379116445834)	(8.0, 0.00930971561922016)	(9.0, 0.007075383870607321)	(10.0, 0.004841052121994482)	(11.0, 0.004841052121994482)	(12.0, 0.0037238862476880637)	(13.0, 0.00409627487245687)	(14.0, 0.0065788657042489115)	(15.0, 0.005213440746763289)	(16.0, 0.004220404414046472)	(17.0, 0.010054492868757772)	(18.0, 0.023088094735665997)	(19.0, 0.03624582614416382)	(20.0, 0.048038132595176024)	(21.0, 0.06665756383361633)	(22.0, 0.09781407877260645)	(23.0, 0.126363873338215)	(24.0, 0.15590670423654035)	(25.0, 0.20717220491304608)	(26.0, 0.2635270167947251)	(27.0, 0.3593550229018974)	(28.0, 0.5081863432678315)	(29.0, 0.6443564503916269)	(30.0, 0.746266804036692)	(31.0, 0.8382467943545855)	(32.0, 0.9944017576743007)	(33.0, 1.2396817318553475)	(34.0, 1.4575290773450917)	(35.0, 1.585134246099205)	(36.0, 1.814029120790445)	(37.0, 2.072218567296837)	(38.0, 2.2673502066757125)	(39.0, 2.3387246930897336)	(40.0, 2.433311403781016)	(41.0, 2.3825424212708572)	(42.0, 2.45900621889006)	(43.0, 2.4998448380730367)	(44.0, 2.4348009582800803)	(45.0, 2.4757637070046528)	(46.0, 2.545648638919599)	(47.0, 2.5563237794962976)	(48.0, 2.61454053450183)	(49.0, 2.6635717034297355)	(50.0, 2.583384019562835)	(51.0, 2.5415523640471265)	(52.0, 2.461116421097059)	(53.0, 2.262136765928926)	(54.0, 2.0137535532081228)	(55.0, 1.8944650637405092)	(56.0, 1.6999540720695945)	(57.0, 1.4284827646131308)	(58.0, 1.2556944427204078)	(59.0, 1.114062635766675)	(60.0, 1.0239445885726264)	(61.0, 0.8826851702436624)	(62.0, 0.750238949367558)	(63.0, 0.6629758816300678)	(64.0, 0.5296607539628326)	(65.0, 0.42675736398505154)	(66.0, 0.33688757587417967)	(67.0, 0.2719678256228182)	(68.0, 0.21871625228087896)	(69.0, 0.17365722868385342)	(70.0, 0.13008775958590305)	(71.0, 0.09756581968942725)	(72.0, 0.06889189558222918)	(73.0, 0.04803813259517603)	(74.0, 0.0408386191829791)	(75.0, 0.032397810354886154)	(76.0, 0.0175022653641339)	(77.0, 0.011916435992601804)	(78.0, 0.008564938369682546)	(79.0, 0.005958217996300902)	(80.0, 0.0026067203733816445)	(81.0, 0.0003723886247688064)	(82.0, 0.0007447772495376128)	(83.0, 0.0003723886247688064)	(84.0, 0.0)	(85.0, 0.0)	(86.0, 0.0)	(87.0, 0.0)	(88.0, 0.0)	(89.0, 0.0)	(90.0, 0.0)	(91.0, 0.0)	(92.0, 0.0)	(93.0, 0.0)	(94.0, 0.0)	(95.0, 0.0)	(96.0, 0.0)	(97.0, 0.0)	(98.0, 0.0)	(99.0, 0.0)	(100.0, 0.0)																																																																																																					
SRR908435_2	(0.0, 9.471533265807356)	(1.0, 3.7829259177011605)	(2.0, 1.2880581088620338)	(3.0, 0.5714471424934965)	(4.0, 0.2813903227728581)	(5.0, 0.16276764580027903)	(6.0, 0.10995618002481297)	(7.0, 0.08476917327036074)	(8.0, 0.06499872710826403)	(9.0, 0.04793656124234487)	(10.0, 0.042790828679607255)	(11.0, 0.03466598779107419)	(12.0, 0.03412433173183865)	(13.0, 0.027624459021012203)	(14.0, 0.02545783478407006)	(15.0, 0.021666242369421336)	(16.0, 0.019770446162096975)	(17.0, 0.021666242369421336)	(18.0, 0.026541146902541123)	(19.0, 0.035207643850309736)	(20.0, 0.04956152942005148)	(21.0, 0.06499872710826403)	(22.0, 0.07962344070762324)	(23.0, 0.10562293155092857)	(24.0, 0.12701834589073274)	(25.0, 0.16385095791875012)	(26.0, 0.22505809261236573)	(27.0, 0.269473889469677)	(28.0, 0.30982726588272197)	(29.0, 0.36886777633939183)	(30.0, 0.42709580270721026)	(31.0, 0.5254063774584709)	(32.0, 0.6562163157638672)	(33.0, 0.803546763875949)	(34.0, 0.9514188680472259)	(35.0, 1.1902891901700419)	(36.0, 1.4408051175664194)	(37.0, 1.8205060150905492)	(38.0, 2.3965572340878016)	(39.0, 3.07579393236947)	(40.0, 3.526180945623751)	(41.0, 4.040483373867422)	(42.0, 4.588639305813285)	(43.0, 5.05338020463695)	(44.0, 5.335041355439171)	(45.0, 5.405456643139726)	(46.0, 5.2705842843902015)	(47.0, 5.037672178919133)	(48.0, 4.731907333480953)	(49.0, 4.30399904668527)	(50.0, 3.7926757267673907)	(51.0, 3.3211641272032786)	(52.0, 2.7340089589916925)	(53.0, 2.2107692057699286)	(54.0, 1.7861108553290772)	(55.0, 1.4326802766778883)	(56.0, 1.1521024379939455)	(57.0, 0.9525021801656967)	(58.0, 0.7826930055953788)	(59.0, 0.6139671431434907)	(60.0, 0.49805274646707326)	(61.0, 0.41192943304861435)	(62.0, 0.3339309605187019)	(63.0, 0.27353630991394323)	(64.0, 0.21937070399039296)	(65.0, 0.1811839518142877)	(66.0, 0.15030955643786137)	(67.0, 0.11997681712067063)	(68.0, 0.10399796337322191)	(69.0, 0.08341503312227191)	(70.0, 0.06743617937482389)	(71.0, 0.05633223016049561)	(72.0, 0.05226980971622916)	(73.0, 0.0398117203538118)	(74.0, 0.025999490843305592)	(75.0, 0.023020382517510166)	(76.0, 0.01868713404362591)	(77.0, 0.011916433303181753)	(78.0, 0.009749809066239614)	(79.0, 0.008395668918150776)	(80.0, 0.0054165605923553375)	(81.0, 0.0062290446812086385)	(82.0, 0.0054165605923553375)	(83.0, 0.003249936355413204)	(84.0, 0.0021666242369421354)	(85.0, 0.0018957962073243683)	(86.0, 0.0013541401480888348)	(87.0, 0.0016249681777066017)	(88.0, 0.0010833121184710677)	(89.0, 0.0010833121184710677)	(90.0, 0.00027082802961776693)	(91.0, 0.0)	(92.0, 0.00027082802961776693)	(93.0, 0.000812484088853301)	(94.0, 0.00027082802961776693)	(95.0, 0.0)	(96.0, 0.00027082802961776693)	(97.0, 0.0)	(98.0, 0.0)	(99.0, 0.0)	(100.0, 0.0004062420444266505)	(0.0, 9.471533265807356)	(1.0, 3.7829259177011605)	(2.0, 1.2880581088620338)	(3.0, 0.5714471424934965)	(4.0, 0.2813903227728581)	(5.0, 0.16276764580027903)	(6.0, 0.10995618002481297)	(7.0, 0.08476917327036074)	(8.0, 0.06499872710826403)	(9.0, 0.04793656124234487)	(10.0, 0.042790828679607255)	(11.0, 0.03466598779107419)	(12.0, 0.03412433173183865)	(13.0, 0.027624459021012203)	(14.0, 0.02545783478407006)	(15.0, 0.021666242369421336)	(16.0, 0.019770446162096975)	(17.0, 0.021666242369421336)	(18.0, 0.026541146902541123)	(19.0, 0.035207643850309736)	(20.0, 0.04956152942005148)	(21.0, 0.06499872710826403)	(22.0, 0.07962344070762324)	(23.0, 0.10562293155092857)	(24.0, 0.12701834589073274)	(25.0, 0.16385095791875012)	(26.0, 0.22505809261236573)	(27.0, 0.269473889469677)	(28.0, 0.30982726588272197)	(29.0, 0.36886777633939183)	(30.0, 0.42709580270721026)	(31.0, 0.5254063774584709)	(32.0, 0.6562163157638672)	(33.0, 0.803546763875949)	(34.0, 0.9514188680472259)	(35.0, 1.1902891901700419)	(36.0, 1.4408051175664194)	(37.0, 1.8205060150905492)	(38.0, 2.3965572340878016)	(39.0, 3.07579393236947)	(40.0, 3.526180945623751)	(41.0, 4.040483373867422)	(42.0, 4.588639305813285)	(43.0, 5.05338020463695)	(44.0, 5.335041355439171)	(45.0, 5.405456643139726)	(46.0, 5.2705842843902015)	(47.0, 5.037672178919133)	(48.0, 4.731907333480953)	(49.0, 4.30399904668527)	(50.0, 3.7926757267673907)	(51.0, 3.3211641272032786)	(52.0, 2.7340089589916925)	(53.0, 2.2107692057699286)	(54.0, 1.7861108553290772)	(55.0, 1.4326802766778883)	(56.0, 1.1521024379939455)	(57.0, 0.9525021801656967)	(58.0, 0.7826930055953788)	(59.0, 0.6139671431434907)	(60.0, 0.49805274646707326)	(61.0, 0.41192943304861435)	(62.0, 0.3339309605187019)	(63.0, 0.27353630991394323)	(64.0, 0.21937070399039296)	(65.0, 0.1811839518142877)	(66.0, 0.15030955643786137)	(67.0, 0.11997681712067063)	(68.0, 0.10399796337322191)	(69.0, 0.08341503312227191)	(70.0, 0.06743617937482389)	(71.0, 0.05633223016049561)	(72.0, 0.05226980971622916)	(73.0, 0.0398117203538118)	(74.0, 0.025999490843305592)	(75.0, 0.023020382517510166)	(76.0, 0.01868713404362591)	(77.0, 0.011916433303181753)	(78.0, 0.009749809066239614)	(79.0, 0.008395668918150776)	(80.0, 0.0054165605923553375)	(81.0, 0.0062290446812086385)	(82.0, 0.0054165605923553375)	(83.0, 0.003249936355413204)	(84.0, 0.0021666242369421354)	(85.0, 0.0018957962073243683)	(86.0, 0.0013541401480888348)	(87.0, 0.0016249681777066017)	(88.0, 0.0010833121184710677)	(89.0, 0.0010833121184710677)	(90.0, 0.00027082802961776693)	(91.0, 0.0)	(92.0, 0.00027082802961776693)	(93.0, 0.000812484088853301)	(94.0, 0.00027082802961776693)	(95.0, 0.0)	(96.0, 0.00027082802961776693)	(97.0, 0.0)	(98.0, 0.0)	(99.0, 0.0)	(100.0, 0.0004062420444266505)
SRR908435_2_paired	(0.0, 19.661861455108294)	(1.0, 11.069032876308418)	(2.0, 1.4857916850950859)	(3.0, 0.12646505970809335)	(4.0, 0.013475785050862405)	(5.0, 0.004491928350287468)	(6.0, 0.00034553295002211296)	(7.0, 0.00034553295002211296)	(8.0, 0.0006910659000442259)	(9.0, 0.0006910659000442259)	(10.0, 0.002073197700132678)	(11.0, 0.0027642636001769037)	(12.0, 0.0034553295002211297)	(13.0, 0.00472228365030221)	(14.0, 0.005067816600324324)	(15.0, 0.004491928350287468)	(16.0, 0.007947257850508599)	(17.0, 0.016585581601061425)	(18.0, 0.020386444051304665)	(19.0, 0.026606037151702705)	(20.0, 0.04100324340262408)	(21.0, 0.057358469703670756)	(22.0, 0.07647795960489433)	(23.0, 0.0984768907563022)	(24.0, 0.1234704408079017)	(25.0, 0.1627460194604154)	(26.0, 0.225748194014447)	(27.0, 0.3261831048208741)	(28.0, 0.42915192392746426)	(29.0, 0.5102369895326545)	(30.0, 0.6324404761904763)	(31.0, 0.7759518280996601)	(32.0, 0.9239551083591276)	(33.0, 1.1173383827214995)	(34.0, 1.2898745024325393)	(35.0, 1.458955292643358)	(36.0, 1.6416270455550577)	(37.0, 1.8793537151702813)	(38.0, 2.1409221583370353)	(39.0, 2.298830716497152)	(40.0, 2.312767212148039)	(41.0, 2.3643667993513335)	(42.0, 2.4343948105558155)	(43.0, 2.446027753206561)	(44.0, 2.4737855668583357)	(45.0, 2.504422821760294)	(46.0, 2.565466976264201)	(47.0, 2.5879266180156355)	(48.0, 2.606930930266853)	(49.0, 2.597256007666232)	(50.0, 2.5449653545628825)	(51.0, 2.530222615361939)	(52.0, 2.492213990859504)	(53.0, 2.3263581748488855)	(54.0, 2.083678866283352)	(55.0, 1.8802751363703332)	(56.0, 1.7098122143594234)	(57.0, 1.5449929971988736)	(58.0, 1.4176065162907208)	(59.0, 1.2957485625829228)	(60.0, 1.135421273772663)	(61.0, 0.9844233746129999)	(62.0, 0.8358442061034914)	(63.0, 0.6921024988942928)	(64.0, 0.5757730723868477)	(65.0, 0.49630049388176156)	(66.0, 0.4221260872770146)	(67.0, 0.345532950022113)	(68.0, 0.28771376971841267)	(69.0, 0.23576864956508845)	(70.0, 0.17161469851098282)	(71.0, 0.12220348665782065)	(72.0, 0.09548227185611055)	(73.0, 0.0663423264042457)	(74.0, 0.04284608580274201)	(75.0, 0.026606037151702705)	(76.0, 0.018543601651186733)	(77.0, 0.016585581601061425)	(78.0, 0.013475785050862405)	(79.0, 0.01036598850066339)	(80.0, 0.0069106590004422595)	(81.0, 0.004491928350287468)	(82.0, 0.0017276647501105649)	(83.0, 0.0006910659000442259)	(84.0, 0.0013821318000884519)	(85.0, 0.0017276647501105649)	(86.0, 0.0006910659000442259)	(87.0, 0.0)	(88.0, 0.0)	(89.0, 0.0)	(90.0, 0.0)	(91.0, 0.0)	(92.0, 0.0)	(93.0, 0.0)	(94.0, 0.00034553295002211296)	(95.0, 0.00034553295002211296)	(96.0, 0.0)	(97.0, 0.0)	(98.0, 0.0)	(99.0, 0.0)	(100.0, 0.0)																																																																																																					
SRR908436_1	(0.0, 6.732835265880441)	(1.0, 2.0253541124371464)	(2.0, 0.5679321185896696)	(3.0, 0.19823535377439358)	(4.0, 0.12359284675975019)	(5.0, 0.09195091443832577)	(6.0, 0.07193806835469035)	(7.0, 0.053006997735035234)	(8.0, 0.03867347283729607)	(9.0, 0.03623947804334036)	(10.0, 0.026773942733512596)	(11.0, 0.02461039180555198)	(12.0, 0.024339947939556905)	(13.0, 0.01974240221764061)	(14.0, 0.02055373381562584)	(15.0, 0.05490010479700074)	(16.0, 0.19823535377439358)	(17.0, 0.3561745715155104)	(18.0, 0.495994050234971)	(19.0, 0.561171021939792)	(20.0, 0.5801020925594496)	(21.0, 0.5960582806531609)	(22.0, 0.6141780196748331)	(23.0, 0.608769142354931)	(24.0, 0.6485243906562118)	(25.0, 0.7091038166391159)	(26.0, 0.7715763496839859)	(27.0, 0.8337784388628595)	(28.0, 0.9481761941787511)	(29.0, 1.1485750988810577)	(30.0, 1.3646597478110751)	(31.0, 1.6521415773637766)	(32.0, 2.0402285250668823)	(33.0, 2.541361008755988)	(34.0, 3.0622358946627433)	(35.0, 3.6509921909338465)	(36.0, 4.21486765153307)	(37.0, 4.690578411817977)	(38.0, 5.007538622763919)	(39.0, 5.291504682058492)	(40.0, 5.260403637469087)	(41.0, 5.176025151278699)	(42.0, 4.983198674824385)	(43.0, 4.562388019336428)	(44.0, 4.144822690240408)	(45.0, 3.7318549068663014)	(46.0, 3.252628376323364)	(47.0, 2.7842196004196773)	(48.0, 2.352050302559348)	(49.0, 1.9731584463000729)	(50.0, 1.6964943713869831)	(51.0, 1.416314526216123)	(52.0, 1.1585815219228732)	(53.0, 0.945201311652806)	(54.0, 0.7767147831378929)	(55.0, 0.6366248605524271)	(56.0, 0.5105980189987068)	(57.0, 0.4048544673946215)	(58.0, 0.3253439707920734)	(59.0, 0.27287786078903137)	(60.0, 0.20553733815626085)	(61.0, 0.1590209932051063)	(62.0, 0.1392785909874651)	(63.0, 0.11142287278997137)	(64.0, 0.08924647577837504)	(65.0, 0.05895676278692683)	(66.0, 0.04759812041513368)	(67.0, 0.037591697373315754)	(68.0, 0.023799060207566752)	(69.0, 0.021635509279606144)	(70.0, 0.015144856495724317)	(71.0, 0.009195091443832622)	(72.0, 0.00622020891788677)	(73.0, 0.004327101855921232)	(74.0, 0.0032453263919409244)	(75.0, 0.0018931070619655392)	(76.0, 0.0005408877319901541)	(77.0, 0.0010817754639803083)	(78.0, 0.0008113315979852311)	(79.0, 0.00027044386599507707)	(80.0, 0.00027044386599507707)	(81.0, 0.0)	(82.0, 0.0)	(83.0, 0.00027044386599507707)	(84.0, 0.00027044386599507707)	(85.0, 0.00027044386599507707)	(86.0, 0.0)	(87.0, 0.00027044386599507707)	(88.0, 0.0)	(89.0, 0.0)	(90.0, 0.0)	(91.0, 0.0)	(92.0, 0.00027044386599507707)	(93.0, 0.0)	(94.0, 0.0)	(95.0, 0.0)	(96.0, 0.0)	(97.0, 0.0)	(98.0, 0.0)	(99.0, 0.0)	(100.0, 0.0)	(0.0, 6.732835265880441)	(1.0, 2.0253541124371464)	(2.0, 0.5679321185896696)	(3.0, 0.19823535377439358)	(4.0, 0.12359284675975019)	(5.0, 0.09195091443832577)	(6.0, 0.07193806835469035)	(7.0, 0.053006997735035234)	(8.0, 0.03867347283729607)	(9.0, 0.03623947804334036)	(10.0, 0.026773942733512596)	(11.0, 0.02461039180555198)	(12.0, 0.024339947939556905)	(13.0, 0.01974240221764061)	(14.0, 0.02055373381562584)	(15.0, 0.05490010479700074)	(16.0, 0.19823535377439358)	(17.0, 0.3561745715155104)	(18.0, 0.495994050234971)	(19.0, 0.561171021939792)	(20.0, 0.5801020925594496)	(21.0, 0.5960582806531609)	(22.0, 0.6141780196748331)	(23.0, 0.608769142354931)	(24.0, 0.6485243906562118)	(25.0, 0.7091038166391159)	(26.0, 0.7715763496839859)	(27.0, 0.8337784388628595)	(28.0, 0.9481761941787511)	(29.0, 1.1485750988810577)	(30.0, 1.3646597478110751)	(31.0, 1.6521415773637766)	(32.0, 2.0402285250668823)	(33.0, 2.541361008755988)	(34.0, 3.0622358946627433)	(35.0, 3.6509921909338465)	(36.0, 4.21486765153307)	(37.0, 4.690578411817977)	(38.0, 5.007538622763919)	(39.0, 5.291504682058492)	(40.0, 5.260403637469087)	(41.0, 5.176025151278699)	(42.0, 4.983198674824385)	(43.0, 4.562388019336428)	(44.0, 4.144822690240408)	(45.0, 3.7318549068663014)	(46.0, 3.252628376323364)	(47.0, 2.7842196004196773)	(48.0, 2.352050302559348)	(49.0, 1.9731584463000729)	(50.0, 1.6964943713869831)	(51.0, 1.416314526216123)	(52.0, 1.1585815219228732)	(53.0, 0.945201311652806)	(54.0, 0.7767147831378929)	(55.0, 0.6366248605524271)	(56.0, 0.5105980189987068)	(57.0, 0.4048544673946215)	(58.0, 0.3253439707920734)	(59.0, 0.27287786078903137)	(60.0, 0.20553733815626085)	(61.0, 0.1590209932051063)	(62.0, 0.1392785909874651)	(63.0, 0.11142287278997137)	(64.0, 0.08924647577837504)	(65.0, 0.05895676278692683)	(66.0, 0.04759812041513368)	(67.0, 0.037591697373315754)	(68.0, 0.023799060207566752)	(69.0, 0.021635509279606144)	(70.0, 0.015144856495724317)	(71.0, 0.009195091443832622)	(72.0, 0.00622020891788677)	(73.0, 0.004327101855921232)	(74.0, 0.0032453263919409244)	(75.0, 0.0018931070619655392)	(76.0, 0.0005408877319901541)	(77.0, 0.0010817754639803083)	(78.0, 0.0008113315979852311)	(79.0, 0.00027044386599507707)	(80.0, 0.00027044386599507707)	(81.0, 0.0)	(82.0, 0.0)	(83.0, 0.00027044386599507707)	(84.0, 0.00027044386599507707)	(85.0, 0.00027044386599507707)	(86.0, 0.0)	(87.0, 0.00027044386599507707)	(88.0, 0.0)	(89.0, 0.0)	(90.0, 0.0)	(91.0, 0.0)	(92.0, 0.00027044386599507707)	(93.0, 0.0)	(94.0, 0.0)	(95.0, 0.0)	(96.0, 0.0)	(97.0, 0.0)	(98.0, 0.0)	(99.0, 0.0)	(100.0, 0.0)
SRR908436_1_paired	(0.0, 27.047437636487924)	(1.0, 16.05754214487476)	(2.0, 4.312774779454913)	(3.0, 1.9288675959864234)	(4.0, 0.8533194801196795)	(5.0, 0.334785996709863)	(6.0, 0.10582315987955439)	(7.0, 0.049063465035066124)	(8.0, 0.03174694796386632)	(9.0, 0.020202603249733112)	(10.0, 0.01731651707119981)	(11.0, 0.00962028726177767)	(12.0, 0.0038481149047110688)	(13.0, 0.011544344714133205)	(14.0, 0.015392459618844275)	(15.0, 0.012506373440310975)	(16.0, 0.012506373440310975)	(17.0, 0.020843955733851623)	(18.0, 0.028540185543273762)	(19.0, 0.029181538027392272)	(20.0, 0.03880182528916994)	(21.0, 0.06285254344361411)	(22.0, 0.08209311796716946)	(23.0, 0.09043070026071014)	(24.0, 0.10870924605808771)	(25.0, 0.16418623593433893)	(26.0, 0.23281095173501953)	(27.0, 0.31458339346013)	(28.0, 0.4075795036573144)	(29.0, 0.46594257971209907)	(30.0, 0.5220609220724691)	(31.0, 0.6336562543090893)	(32.0, 0.7721883908786864)	(33.0, 0.8594123287188035)	(34.0, 0.945032885348624)	(35.0, 1.0598349800058375)	(36.0, 1.1685442260639283)	(37.0, 1.2355655606543134)	(38.0, 1.2823842919949666)	(39.0, 1.3522917127638847)	(40.0, 1.4872964106708313)	(41.0, 1.4658111024528608)	(42.0, 1.4725453035361056)	(43.0, 1.5902334843718537)	(44.0, 1.6171702887048316)	(45.0, 1.6434657405536908)	(46.0, 1.6729679548231406)	(47.0, 1.7746223235559255)	(48.0, 1.8320233708845322)	(49.0, 1.841322981904252)	(50.0, 1.9070616115263992)	(51.0, 2.0093573327433)	(52.0, 1.9416946456687976)	(53.0, 1.7508922816435395)	(54.0, 1.6357695107442667)	(55.0, 1.5167986249402827)	(56.0, 1.301945542760579)	(57.0, 1.1534724426871419)	(58.0, 1.104729653894135)	(59.0, 1.0405944054822835)	(60.0, 0.9463155903168624)	(61.0, 0.7978424902434272)	(62.0, 0.6961881215106435)	(63.0, 0.6545002100429407)	(64.0, 0.5778585881907792)	(65.0, 0.45311553002972865)	(66.0, 0.34889575136047035)	(67.0, 0.27353683447654514)	(68.0, 0.21132564351704947)	(69.0, 0.16226217848198343)	(70.0, 0.11512277089927281)	(71.0, 0.09524084389159894)	(72.0, 0.0718314782212733)	(73.0, 0.04810143630888835)	(74.0, 0.03527438662651813)	(75.0, 0.022126660702088647)	(76.0, 0.014430430892666508)	(77.0, 0.0076962298094221376)	(78.0, 0.0038481149047110688)	(79.0, 0.0009620287261777672)	(80.0, 0.0)	(81.0, 0.0)	(82.0, 0.0009620287261777672)	(83.0, 0.0009620287261777672)	(84.0, 0.0)	(85.0, 0.0)	(86.0, 0.0)	(87.0, 0.0)	(88.0, 0.0)	(89.0, 0.0)	(90.0, 0.0)	(91.0, 0.0)	(92.0, 0.0)	(93.0, 0.0)	(94.0, 0.0)	(95.0, 0.0)	(96.0, 0.0)	(97.0, 0.0)	(98.0, 0.0)	(99.0, 0.0)	(100.0, 0.0)																																																																																																					
SRR908436_2	(0.0, 6.863226244857261)	(1.0, 2.20010462564014)	(2.0, 0.6086084250606303)	(3.0, 0.24484556931991192)	(4.0, 0.11460282704951787)	(5.0, 0.07523338528662467)	(6.0, 0.04799836050544536)	(7.0, 0.03829082692007435)	(8.0, 0.03289775270597934)	(9.0, 0.0234598728313131)	(10.0, 0.020493682013560874)	(11.0, 0.0177971449065134)	(12.0, 0.016988183774399156)	(13.0, 0.014291646667351679)	(14.0, 0.015370261510170671)	(15.0, 0.016179222642284913)	(16.0, 0.0177971449065134)	(17.0, 0.01671853006369441)	(18.0, 0.02426883396342734)	(19.0, 0.04907697534826437)	(20.0, 0.06444723685843487)	(21.0, 0.08197472805424329)	(22.0, 0.12377105321347959)	(23.0, 0.17015149145469766)	(24.0, 0.20763335724265874)	(25.0, 0.26048548454078646)	(26.0, 0.30902315246763845)	(27.0, 0.369155929954794)	(28.0, 0.4554451173803156)	(29.0, 0.5217799302136913)	(30.0, 0.5918898949969339)	(31.0, 0.6824935417937397)	(32.0, 0.7933212168934041)	(33.0, 0.9081936976536127)	(34.0, 1.0840079170330688)	(35.0, 1.3021577689931607)	(36.0, 1.6111809214607322)	(37.0, 2.032110363871005)	(38.0, 2.5781591280483696)	(39.0, 3.28788769462359)	(40.0, 4.136487922210698)	(41.0, 4.941673902374345)	(42.0, 5.711265592724997)	(43.0, 6.367063417158349)	(44.0, 6.725163544974197)	(45.0, 6.805790004475064)	(46.0, 6.45928498621929)	(47.0, 5.948021550723551)	(48.0, 5.214293803896598)	(49.0, 4.42286016297888)	(50.0, 3.611741801179734)	(51.0, 2.815993700890066)	(52.0, 2.2205983076537104)	(53.0, 1.6349104480027448)	(54.0, 1.2333960727634656)	(55.0, 0.9019916623074048)	(56.0, 0.66388743575511)	(57.0, 0.512342050339024)	(58.0, 0.38964961196835374)	(59.0, 0.2890687778754882)	(60.0, 0.22138569648860015)	(61.0, 0.17878041019724986)	(62.0, 0.13374824050955558)	(63.0, 0.10974906025683225)	(64.0, 0.09195191535031884)	(65.0, 0.08224438176494803)	(66.0, 0.05878450893363524)	(67.0, 0.053930742140949825)	(68.0, 0.036942558366550596)	(69.0, 0.025617102516951082)	(70.0, 0.021572296856379868)	(71.0, 0.015909568931580166)	(72.0, 0.011595109560304196)	(73.0, 0.010516494717485201)	(74.0, 0.011325455849599446)	(75.0, 0.0067413427676187125)	(76.0, 0.004584113081980725)	(77.0, 0.004584113081980725)	(78.0, 0.0032358445284569833)	(79.0, 0.0032358445284569833)	(80.0, 0.0010786148428189944)	(81.0, 0.0013482685535237428)	(82.0, 0.00188757597493324)	(83.0, 0.0005393074214094972)	(84.0, 0.0008089611321142458)	(85.0, 0.0002696537107047486)	(86.0, 0.0016179222642284915)	(87.0, 0.0008089611321142458)	(88.0, 0.0005393074214094972)	(89.0, 0.0008089611321142458)	(90.0, 0.0002696537107047486)	(91.0, 0.0)	(92.0, 0.0)	(93.0, 0.0)	(94.0, 0.0010786148428189944)	(95.0, 0.0008089611321142458)	(96.0, 0.0)	(97.0, 0.0002696537107047486)	(98.0, 0.0005393074214094972)	(99.0, 0.0002696537107047486)	(100.0, 0.0016179222642284917)	(0.0, 6.863226244857261)	(1.0, 2.20010462564014)	(2.0, 0.6086084250606303)	(3.0, 0.24484556931991192)	(4.0, 0.11460282704951787)	(5.0, 0.07523338528662467)	(6.0, 0.04799836050544536)	(7.0, 0.03829082692007435)	(8.0, 0.03289775270597934)	(9.0, 0.0234598728313131)	(10.0, 0.020493682013560874)	(11.0, 0.0177971449065134)	(12.0, 0.016988183774399156)	(13.0, 0.014291646667351679)	(14.0, 0.015370261510170671)	(15.0, 0.016179222642284913)	(16.0, 0.0177971449065134)	(17.0, 0.01671853006369441)	(18.0, 0.02426883396342734)	(19.0, 0.04907697534826437)	(20.0, 0.06444723685843487)	(21.0, 0.08197472805424329)	(22.0, 0.12377105321347959)	(23.0, 0.17015149145469766)	(24.0, 0.20763335724265874)	(25.0, 0.26048548454078646)	(26.0, 0.30902315246763845)	(27.0, 0.369155929954794)	(28.0, 0.4554451173803156)	(29.0, 0.5217799302136913)	(30.0, 0.5918898949969339)	(31.0, 0.6824935417937397)	(32.0, 0.7933212168934041)	(33.0, 0.9081936976536127)	(34.0, 1.0840079170330688)	(35.0, 1.3021577689931607)	(36.0, 1.6111809214607322)	(37.0, 2.032110363871005)	(38.0, 2.5781591280483696)	(39.0, 3.28788769462359)	(40.0, 4.136487922210698)	(41.0, 4.941673902374345)	(42.0, 5.711265592724997)	(43.0, 6.367063417158349)	(44.0, 6.725163544974197)	(45.0, 6.805790004475064)	(46.0, 6.45928498621929)	(47.0, 5.948021550723551)	(48.0, 5.214293803896598)	(49.0, 4.42286016297888)	(50.0, 3.611741801179734)	(51.0, 2.815993700890066)	(52.0, 2.2205983076537104)	(53.0, 1.6349104480027448)	(54.0, 1.2333960727634656)	(55.0, 0.9019916623074048)	(56.0, 0.66388743575511)	(57.0, 0.512342050339024)	(58.0, 0.38964961196835374)	(59.0, 0.2890687778754882)	(60.0, 0.22138569648860015)	(61.0, 0.17878041019724986)	(62.0, 0.13374824050955558)	(63.0, 0.10974906025683225)	(64.0, 0.09195191535031884)	(65.0, 0.08224438176494803)	(66.0, 0.05878450893363524)	(67.0, 0.053930742140949825)	(68.0, 0.036942558366550596)	(69.0, 0.025617102516951082)	(70.0, 0.021572296856379868)	(71.0, 0.015909568931580166)	(72.0, 0.011595109560304196)	(73.0, 0.010516494717485201)	(74.0, 0.011325455849599446)	(75.0, 0.0067413427676187125)	(76.0, 0.004584113081980725)	(77.0, 0.004584113081980725)	(78.0, 0.0032358445284569833)	(79.0, 0.0032358445284569833)	(80.0, 0.0010786148428189944)	(81.0, 0.0013482685535237428)	(82.0, 0.00188757597493324)	(83.0, 0.0005393074214094972)	(84.0, 0.0008089611321142458)	(85.0, 0.0002696537107047486)	(86.0, 0.0016179222642284915)	(87.0, 0.0008089611321142458)	(88.0, 0.0005393074214094972)	(89.0, 0.0008089611321142458)	(90.0, 0.0002696537107047486)	(91.0, 0.0)	(92.0, 0.0)	(93.0, 0.0)	(94.0, 0.0010786148428189944)	(95.0, 0.0008089611321142458)	(96.0, 0.0)	(97.0, 0.0002696537107047486)	(98.0, 0.0005393074214094972)	(99.0, 0.0002696537107047486)	(100.0, 0.0016179222642284917)
SRR908436_2_paired	(0.0, 32.729543312731614)	(1.0, 18.027555026219478)	(2.0, 2.085995270664824)	(3.0, 0.20871515873337065)	(4.0, 0.02514988754820394)	(5.0, 0.00520342500997323)	(6.0, 0.006070662511635435)	(7.0, 0.0034689500066488197)	(8.0, 0.0008672375016622049)	(9.0, 0.0008672375016622049)	(10.0, 0.0017344750033244098)	(11.0, 0.002601712504986615)	(12.0, 0.0034689500066488197)	(13.0, 0.00520342500997323)	(14.0, 0.006070662511635435)	(15.0, 0.00520342500997323)	(16.0, 0.006070662511635435)	(17.0, 0.01907922503656851)	(18.0, 0.031220550059839376)	(19.0, 0.02717344171874909)	(20.0, 0.026017125049866155)	(21.0, 0.036134895902591876)	(22.0, 0.059550308447471396)	(23.0, 0.08585651266455832)	(24.0, 0.10002139185837432)	(25.0, 0.14338326694148454)	(26.0, 0.19339396287067162)	(27.0, 0.25005347964593566)	(28.0, 0.2960170672340326)	(29.0, 0.375513838219735)	(30.0, 0.47582430924533026)	(31.0, 0.5613917427426672)	(32.0, 0.685117626313141)	(33.0, 0.7495822806033648)	(34.0, 0.8218520724085481)	(35.0, 0.9707278435272271)	(36.0, 1.0753745020611336)	(37.0, 1.12856506882975)	(38.0, 1.2433294982163834)	(39.0, 1.3144429733526837)	(40.0, 1.3294750900481618)	(41.0, 1.3433508900747582)	(42.0, 1.3991431693483598)	(43.0, 1.4679440111468949)	(44.0, 1.5295178737649107)	(45.0, 1.5436827529587254)	(46.0, 1.5948497655567964)	(47.0, 1.7081687991073242)	(48.0, 1.7610702867087196)	(49.0, 1.751819753357656)	(50.0, 1.732451449153866)	(51.0, 1.7813058284141696)	(52.0, 1.8330509993466817)	(53.0, 1.750374357521552)	(54.0, 1.569410798841371)	(55.0, 1.4248712152310035)	(56.0, 1.3326549608875886)	(57.0, 1.2317663315275522)	(58.0, 1.1352138896758261)	(59.0, 1.0441539520012948)	(60.0, 0.9554066476645293)	(61.0, 0.8267664182513019)	(62.0, 0.7024623763463859)	(63.0, 0.6235437636951253)	(64.0, 0.5434688343749817)	(65.0, 0.49577077178356055)	(66.0, 0.43650954250330987)	(67.0, 0.33590999231049407)	(68.0, 0.26248388383642735)	(69.0, 0.21420766291056462)	(70.0, 0.15292287945976882)	(71.0, 0.1049357377011268)	(72.0, 0.08412203766123388)	(73.0, 0.06070662511635435)	(74.0, 0.03815845007313702)	(75.0, 0.03295502506316379)	(76.0, 0.021680937541555124)	(77.0, 0.01214132502327087)	(78.0, 0.011274087521608665)	(79.0, 0.007805137514959844)	(80.0, 0.002601712504986615)	(81.0, 0.0034689500066488197)	(82.0, 0.006070662511635435)	(83.0, 0.004336187508311025)	(84.0, 0.0017344750033244098)	(85.0, 0.0008672375016622049)	(86.0, 0.0)	(87.0, 0.0)	(88.0, 0.0)	(89.0, 0.0)	(90.0, 0.0)	(91.0, 0.0)	(92.0, 0.0)	(93.0, 0.0)	(94.0, 0.0)	(95.0, 0.0)	(96.0, 0.0)	(97.0, 0.0)	(98.0, 0.0)	(99.0, 0.0)	(100.0, 0.0)																																																																																																					
SRR908437_1	(0.0, 3.6817120036170006)	(1.0, 1.793384070529764)	(2.0, 0.5746866601361539)	(3.0, 0.14065757415919788)	(4.0, 0.0914274232034784)	(5.0, 0.05425363574711914)	(6.0, 0.045211363122599296)	(7.0, 0.03215030266495948)	(8.0, 0.02813151483183954)	(9.0, 0.020093939165599668)	(10.0, 0.015070454374199753)	(11.0, 0.015070454374199753)	(12.0, 0.009042272624519853)	(13.0, 0.008037575666239869)	(14.0, 0.01406575741591977)	(15.0, 0.01908924220731968)	(16.0, 0.10147439278627823)	(17.0, 0.24414136086203583)	(18.0, 0.42800090422727205)	(19.0, 0.5797101449275538)	(20.0, 0.6148745384673543)	(21.0, 0.6088463567176743)	(22.0, 0.6530530228819947)	(23.0, 0.6530530228819947)	(24.0, 0.6500389320071547)	(25.0, 0.7173536282119155)	(26.0, 0.7706025670007562)	(27.0, 0.8218421118730326)	(28.0, 0.9223118077010253)	(29.0, 1.0117298369879386)	(30.0, 1.1965940773114452)	(31.0, 1.4949890739205833)	(32.0, 1.834576645819248)	(33.0, 2.3962022454978227)	(34.0, 2.8553487554318275)	(35.0, 3.504382990480628)	(36.0, 4.03084419661922)	(37.0, 4.492000100469627)	(38.0, 5.033531760982416)	(39.0, 5.470574937834109)	(40.0, 5.586115088036281)	(41.0, 5.697636450405334)	(42.0, 5.536884937080573)	(43.0, 5.200311456056855)	(44.0, 4.813503127119149)	(45.0, 4.170497073820106)	(46.0, 3.5787305653933297)	(47.0, 3.122598146334321)	(48.0, 2.7759776957276996)	(49.0, 2.296737246628093)	(50.0, 1.9581543716877001)	(51.0, 1.5482380127094202)	(52.0, 1.2910355913897582)	(53.0, 0.9946499886971799)	(54.0, 0.8590158993293899)	(55.0, 0.6821892346721151)	(56.0, 0.5284706000552732)	(57.0, 0.41393514681135185)	(58.0, 0.338582874940353)	(59.0, 0.24112726998719594)	(60.0, 0.18988772511491744)	(61.0, 0.1386481802426379)	(62.0, 0.11252605932735814)	(63.0, 0.09946499886971825)	(64.0, 0.05626302966367909)	(65.0, 0.03817848441463939)	(66.0, 0.027126817873559556)	(67.0, 0.018084545249039703)	(68.0, 0.018084545249039703)	(69.0, 0.011051666541079821)	(70.0, 0.010046969582799837)	(71.0, 0.006028181749679902)	(72.0, 0.003014090874839951)	(73.0, 0.004018787833119934)	(74.0, 0.002009393916559967)	(75.0, 0.0)	(76.0, 0.0)	(77.0, 0.0)	(78.0, 0.0010046969582799836)	(79.0, 0.0)	(80.0, 0.0010046969582799836)	(81.0, 0.0010046969582799836)	(82.0, 0.0)	(83.0, 0.0)	(84.0, 0.0)	(85.0, 0.0)	(86.0, 0.0)	(87.0, 0.0)	(88.0, 0.0)	(89.0, 0.0)	(90.0, 0.0)	(91.0, 0.0)	(92.0, 0.0)	(93.0, 0.0)	(94.0, 0.0)	(95.0, 0.0)	(96.0, 0.0)	(97.0, 0.0)	(98.0, 0.0)	(99.0, 0.0)	(100.0, 0.0)	(0.0, 3.6817120036170006)	(1.0, 1.793384070529764)	(2.0, 0.5746866601361539)	(3.0, 0.14065757415919788)	(4.0, 0.0914274232034784)	(5.0, 0.05425363574711914)	(6.0, 0.045211363122599296)	(7.0, 0.03215030266495948)	(8.0, 0.02813151483183954)	(9.0, 0.020093939165599668)	(10.0, 0.015070454374199753)	(11.0, 0.015070454374199753)	(12.0, 0.009042272624519853)	(13.0, 0.008037575666239869)	(14.0, 0.01406575741591977)	(15.0, 0.01908924220731968)	(16.0, 0.10147439278627823)	(17.0, 0.24414136086203583)	(18.0, 0.42800090422727205)	(19.0, 0.5797101449275538)	(20.0, 0.6148745384673543)	(21.0, 0.6088463567176743)	(22.0, 0.6530530228819947)	(23.0, 0.6530530228819947)	(24.0, 0.6500389320071547)	(25.0, 0.7173536282119155)	(26.0, 0.7706025670007562)	(27.0, 0.8218421118730326)	(28.0, 0.9223118077010253)	(29.0, 1.0117298369879386)	(30.0, 1.1965940773114452)	(31.0, 1.4949890739205833)	(32.0, 1.834576645819248)	(33.0, 2.3962022454978227)	(34.0, 2.8553487554318275)	(35.0, 3.504382990480628)	(36.0, 4.03084419661922)	(37.0, 4.492000100469627)	(38.0, 5.033531760982416)	(39.0, 5.470574937834109)	(40.0, 5.586115088036281)	(41.0, 5.697636450405334)	(42.0, 5.536884937080573)	(43.0, 5.200311456056855)	(44.0, 4.813503127119149)	(45.0, 4.170497073820106)	(46.0, 3.5787305653933297)	(47.0, 3.122598146334321)	(48.0, 2.7759776957276996)	(49.0, 2.296737246628093)	(50.0, 1.9581543716877001)	(51.0, 1.5482380127094202)	(52.0, 1.2910355913897582)	(53.0, 0.9946499886971799)	(54.0, 0.8590158993293899)	(55.0, 0.6821892346721151)	(56.0, 0.5284706000552732)	(57.0, 0.41393514681135185)	(58.0, 0.338582874940353)	(59.0, 0.24112726998719594)	(60.0, 0.18988772511491744)	(61.0, 0.1386481802426379)	(62.0, 0.11252605932735814)	(63.0, 0.09946499886971825)	(64.0, 0.05626302966367909)	(65.0, 0.03817848441463939)	(66.0, 0.027126817873559556)	(67.0, 0.018084545249039703)	(68.0, 0.018084545249039703)	(69.0, 0.011051666541079821)	(70.0, 0.010046969582799837)	(71.0, 0.006028181749679902)	(72.0, 0.003014090874839951)	(73.0, 0.004018787833119934)	(74.0, 0.002009393916559967)	(75.0, 0.0)	(76.0, 0.0)	(77.0, 0.0)	(78.0, 0.0010046969582799836)	(79.0, 0.0)	(80.0, 0.0010046969582799836)	(81.0, 0.0010046969582799836)	(82.0, 0.0)	(83.0, 0.0)	(84.0, 0.0)	(85.0, 0.0)	(86.0, 0.0)	(87.0, 0.0)	(88.0, 0.0)	(89.0, 0.0)	(90.0, 0.0)	(91.0, 0.0)	(92.0, 0.0)	(93.0, 0.0)	(94.0, 0.0)	(95.0, 0.0)	(96.0, 0.0)	(97.0, 0.0)	(98.0, 0.0)	(99.0, 0.0)	(100.0, 0.0)
SRR908437_1_paired	(0.0, 20.71253478813794)	(1.0, 14.499511583758753)	(2.0, 6.056361391156892)	(3.0, 3.2346056730007193)	(4.0, 1.4099563190003135)	(5.0, 0.41469303500009225)	(6.0, 0.11058480933335792)	(7.0, 0.01658772140000369)	(8.0, 0.0)	(9.0, 0.0)	(10.0, 0.0)	(11.0, 0.0)	(12.0, 0.0)	(13.0, 0.0)	(14.0, 0.0036861603111119304)	(15.0, 0.011058480933335793)	(16.0, 0.02580312217778351)	(17.0, 0.02580312217778351)	(18.0, 0.022116961866671586)	(19.0, 0.023960042022227547)	(20.0, 0.04976316420001106)	(21.0, 0.08662476731113036)	(22.0, 0.09584016808891019)	(23.0, 0.16403413384448093)	(24.0, 0.23591425991116355)	(25.0, 0.265403542400059)	(26.0, 0.35755755017785723)	(27.0, 0.47551468013343906)	(28.0, 0.5787271688445732)	(29.0, 0.8201706692224047)	(30.0, 1.000792524466889)	(31.0, 0.9399708793335422)	(32.0, 0.9768324824446611)	(33.0, 1.2883130287336186)	(34.0, 1.653242899533701)	(35.0, 1.8799417586670868)	(36.0, 1.8467663158670786)	(37.0, 1.8430801555559664)	(38.0, 1.8965294800670895)	(39.0, 1.9020587205337576)	(40.0, 1.9610372855115485)	(41.0, 2.0329174115782314)	(42.0, 2.053191293289347)	(43.0, 1.9905265680004443)	(44.0, 2.021858930644896)	(45.0, 2.0753082551560187)	(46.0, 1.9204895220893168)	(47.0, 2.0292312512671193)	(48.0, 2.047662052822679)	(49.0, 2.012643529867115)	(50.0, 1.9260187625559846)	(51.0, 1.7582984684003904)	(52.0, 1.5297565291114505)	(53.0, 1.3712516357336375)	(54.0, 1.360193154800302)	(55.0, 1.1832574598669297)	(56.0, 1.0063217649335572)	(57.0, 0.9104815968446469)	(58.0, 0.7280166614446064)	(59.0, 0.6248041727334723)	(60.0, 0.6119026116445806)	(61.0, 0.44233923733343167)	(62.0, 0.37045911126674896)	(63.0, 0.33175442800007376)	(64.0, 0.21564037820004794)	(65.0, 0.15113257275558917)	(66.0, 0.10321248871113405)	(67.0, 0.07188012606668265)	(68.0, 0.07188012606668265)	(69.0, 0.08846784746668633)	(70.0, 0.029489282488895444)	(71.0, 0.0)	(72.0, 0.0)	(73.0, 0.0055292404666678965)	(74.0, 0.011058480933335793)	(75.0, 0.0055292404666678965)	(76.0, 0.0)	(77.0, 0.0055292404666678965)	(78.0, 0.011058480933335793)	(79.0, 0.0055292404666678965)	(80.0, 0.0)	(81.0, 0.0)	(82.0, 0.0)	(83.0, 0.0)	(84.0, 0.0)	(85.0, 0.0)	(86.0, 0.0)	(87.0, 0.0)	(88.0, 0.0)	(89.0, 0.0)	(90.0, 0.0)	(91.0, 0.0)	(92.0, 0.0)	(93.0, 0.0)	(94.0, 0.0)	(95.0, 0.0)	(96.0, 0.0)	(97.0, 0.0)	(98.0, 0.0)	(99.0, 0.0)	(100.0, 0.0)																																																																																																					
SRR908437_2	(0.0, 4.5264721826250405)	(1.0, 1.4445760636055225)	(2.0, 0.36942598429940254)	(3.0, 0.12247274479491133)	(4.0, 0.06424799726946163)	(5.0, 0.05119762282410228)	(6.0, 0.03212399863473083)	(7.0, 0.019073624189371422)	(8.0, 0.013050374445359399)	(9.0, 0.012046499488024059)	(10.0, 0.012046499488024059)	(11.0, 0.011042624530688723)	(12.0, 0.013050374445359399)	(13.0, 0.005019374786676691)	(14.0, 0.005019374786676691)	(15.0, 0.010038749573353383)	(16.0, 0.012046499488024059)	(17.0, 0.010038749573353383)	(18.0, 0.017065874274700746)	(19.0, 0.037143373421407534)	(20.0, 0.053205372738772946)	(21.0, 0.07529062180015031)	(22.0, 0.11143012026422251)	(23.0, 0.16463549300299582)	(24.0, 0.2108137410404213)	(25.0, 0.2600036139498522)	(26.0, 0.3222438613046423)	(27.0, 0.37946473387275576)	(28.0, 0.4678057301182678)	(29.0, 0.5521312265344386)	(30.0, 0.6113598490172252)	(31.0, 0.6464954725239631)	(32.0, 0.815146465356301)	(33.0, 0.9637199590419226)	(34.0, 1.1122934527275443)	(35.0, 1.297006444877236)	(36.0, 1.5278976850643506)	(37.0, 1.8812616700464275)	(38.0, 2.398257273074185)	(39.0, 3.0588069950009134)	(40.0, 3.8639147107836793)	(41.0, 4.73628204870789)	(42.0, 5.541389764490648)	(43.0, 6.383640853694954)	(44.0, 7.125504447166106)	(45.0, 7.271066315979796)	(46.0, 7.215853193326327)	(47.0, 6.7179312144877725)	(48.0, 6.0051799947794695)	(49.0, 5.018370911719057)	(50.0, 4.135964824221495)	(51.0, 3.2525548617665976)	(52.0, 2.5096873933384205)	(53.0, 1.8431144216676802)	(54.0, 1.3451924428293296)	(55.0, 1.0048788322926692)	(56.0, 0.69267372056139)	(57.0, 0.5109723532836886)	(58.0, 0.3413174854940135)	(59.0, 0.23591061497380442)	(60.0, 0.13853474411227684)	(61.0, 0.09837974581886302)	(62.0, 0.07227899692814431)	(63.0, 0.062240247354790966)	(64.0, 0.054209247696108284)	(65.0, 0.029112373762724807)	(66.0, 0.019073624189371422)	(67.0, 0.016061999317365412)	(68.0, 0.015058124360030074)	(69.0, 0.008030999658682706)	(70.0, 0.010038749573353383)	(71.0, 0.0060232497440120296)	(72.0, 0.0020077499146706765)	(73.0, 0.004015499829341353)	(74.0, 0.0010038749573353383)	(75.0, 0.0010038749573353383)	(76.0, 0.0020077499146706765)	(77.0, 0.0030116248720060148)	(78.0, 0.005019374786676691)	(79.0, 0.0)	(80.0, 0.0)	(81.0, 0.0)	(82.0, 0.0010038749573353383)	(83.0, 0.0010038749573353383)	(84.0, 0.0010038749573353383)	(85.0, 0.0010038749573353383)	(86.0, 0.0)	(87.0, 0.0)	(88.0, 0.0)	(89.0, 0.0)	(90.0, 0.0)	(91.0, 0.0)	(92.0, 0.0)	(93.0, 0.0)	(94.0, 0.0)	(95.0, 0.0)	(96.0, 0.0010038749573353383)	(97.0, 0.0)	(98.0, 0.0)	(99.0, 0.0)	(100.0, 0.0)	(0.0, 4.5264721826250405)	(1.0, 1.4445760636055225)	(2.0, 0.36942598429940254)	(3.0, 0.12247274479491133)	(4.0, 0.06424799726946163)	(5.0, 0.05119762282410228)	(6.0, 0.03212399863473083)	(7.0, 0.019073624189371422)	(8.0, 0.013050374445359399)	(9.0, 0.012046499488024059)	(10.0, 0.012046499488024059)	(11.0, 0.011042624530688723)	(12.0, 0.013050374445359399)	(13.0, 0.005019374786676691)	(14.0, 0.005019374786676691)	(15.0, 0.010038749573353383)	(16.0, 0.012046499488024059)	(17.0, 0.010038749573353383)	(18.0, 0.017065874274700746)	(19.0, 0.037143373421407534)	(20.0, 0.053205372738772946)	(21.0, 0.07529062180015031)	(22.0, 0.11143012026422251)	(23.0, 0.16463549300299582)	(24.0, 0.2108137410404213)	(25.0, 0.2600036139498522)	(26.0, 0.3222438613046423)	(27.0, 0.37946473387275576)	(28.0, 0.4678057301182678)	(29.0, 0.5521312265344386)	(30.0, 0.6113598490172252)	(31.0, 0.6464954725239631)	(32.0, 0.815146465356301)	(33.0, 0.9637199590419226)	(34.0, 1.1122934527275443)	(35.0, 1.297006444877236)	(36.0, 1.5278976850643506)	(37.0, 1.8812616700464275)	(38.0, 2.398257273074185)	(39.0, 3.0588069950009134)	(40.0, 3.8639147107836793)	(41.0, 4.73628204870789)	(42.0, 5.541389764490648)	(43.0, 6.383640853694954)	(44.0, 7.125504447166106)	(45.0, 7.271066315979796)	(46.0, 7.215853193326327)	(47.0, 6.7179312144877725)	(48.0, 6.0051799947794695)	(49.0, 5.018370911719057)	(50.0, 4.135964824221495)	(51.0, 3.2525548617665976)	(52.0, 2.5096873933384205)	(53.0, 1.8431144216676802)	(54.0, 1.3451924428293296)	(55.0, 1.0048788322926692)	(56.0, 0.69267372056139)	(57.0, 0.5109723532836886)	(58.0, 0.3413174854940135)	(59.0, 0.23591061497380442)	(60.0, 0.13853474411227684)	(61.0, 0.09837974581886302)	(62.0, 0.07227899692814431)	(63.0, 0.062240247354790966)	(64.0, 0.054209247696108284)	(65.0, 0.029112373762724807)	(66.0, 0.019073624189371422)	(67.0, 0.016061999317365412)	(68.0, 0.015058124360030074)	(69.0, 0.008030999658682706)	(70.0, 0.010038749573353383)	(71.0, 0.0060232497440120296)	(72.0, 0.0020077499146706765)	(73.0, 0.004015499829341353)	(74.0, 0.0010038749573353383)	(75.0, 0.0010038749573353383)	(76.0, 0.0020077499146706765)	(77.0, 0.0030116248720060148)	(78.0, 0.005019374786676691)	(79.0, 0.0)	(80.0, 0.0)	(81.0, 0.0)	(82.0, 0.0010038749573353383)	(83.0, 0.0010038749573353383)	(84.0, 0.0010038749573353383)	(85.0, 0.0010038749573353383)	(86.0, 0.0)	(87.0, 0.0)	(88.0, 0.0)	(89.0, 0.0)	(90.0, 0.0)	(91.0, 0.0)	(92.0, 0.0)	(93.0, 0.0)	(94.0, 0.0)	(95.0, 0.0)	(96.0, 0.0010038749573353383)	(97.0, 0.0)	(98.0, 0.0)	(99.0, 0.0)	(100.0, 0.0)
SRR908437_2_paired	(0.0, 30.272740484764316)	(1.0, 16.814959549146575)	(2.0, 2.2381190756858884)	(3.0, 0.24706509277052008)	(4.0, 0.024222067918678442)	(5.0, 0.009688827167471378)	(6.0, 0.009688827167471378)	(7.0, 0.004844413583735689)	(8.0, 0.0)	(9.0, 0.0)	(10.0, 0.0)	(11.0, 0.0)	(12.0, 0.0)	(13.0, 0.0)	(14.0, 0.0032296090558237922)	(15.0, 0.009688827167471378)	(16.0, 0.009688827167471378)	(17.0, 0.014533240751207063)	(18.0, 0.032296090558237914)	(19.0, 0.040370113197797396)	(20.0, 0.037140504141973604)	(21.0, 0.06782179017229963)	(22.0, 0.10980670789800895)	(23.0, 0.1259547531771279)	(24.0, 0.19216173882151563)	(25.0, 0.2357614610751368)	(26.0, 0.28097598785666983)	(27.0, 0.32296090558237917)	(28.0, 0.529655885155102)	(29.0, 0.7428100828394723)	(30.0, 0.7944838277326529)	(31.0, 0.9220533854376923)	(32.0, 1.088378251812617)	(33.0, 1.086763447284705)	(34.0, 1.1594296510407405)	(35.0, 1.4662425113440019)	(36.0, 1.606730505272337)	(37.0, 1.7149224086424344)	(38.0, 1.7827441988147337)	(39.0, 1.726226040337818)	(40.0, 1.7827441988147346)	(41.0, 1.8376475527637386)	(42.0, 1.7649813490077024)	(43.0, 1.8973953202964793)	(44.0, 2.0088168327224003)	(45.0, 2.031424096113166)	(46.0, 2.0233500734736065)	(47.0, 1.981365155747897)	(48.0, 1.8973953202964786)	(49.0, 1.698774363363315)	(50.0, 1.7343000629773766)	(51.0, 1.7084631905307863)	(52.0, 1.5631307830187149)	(53.0, 1.5146866471813583)	(54.0, 1.3984207211717021)	(55.0, 1.2692363589387503)	(56.0, 1.073845011061411)	(57.0, 0.8784536631840716)	(58.0, 0.80901706848386)	(59.0, 0.760572932646503)	(60.0, 0.5990924798553134)	(61.0, 0.48767096742939264)	(62.0, 0.3649458233080885)	(63.0, 0.2373762656030487)	(64.0, 0.2083097841006346)	(65.0, 0.22284302485184168)	(66.0, 0.15502123467954204)	(67.0, 0.07589581281185911)	(68.0, 0.06782179017229964)	(69.0, 0.07266620375603533)	(70.0, 0.053288549421092575)	(71.0, 0.024222067918678442)	(72.0, 0.004844413583735689)	(73.0, 0.004844413583735689)	(74.0, 0.004844413583735689)	(75.0, 0.004844413583735689)	(76.0, 0.014533240751207063)	(77.0, 0.019377654334942755)	(78.0, 0.014533240751207063)	(79.0, 0.004844413583735689)	(80.0, 0.0)	(81.0, 0.0)	(82.0, 0.0)	(83.0, 0.0)	(84.0, 0.0)	(85.0, 0.0)	(86.0, 0.0)	(87.0, 0.0)	(88.0, 0.0)	(89.0, 0.0)	(90.0, 0.0)	(91.0, 0.0)	(92.0, 0.0)	(93.0, 0.0)	(94.0, 0.0)	(95.0, 0.0)	(96.0, 0.0)	(97.0, 0.0)	(98.0, 0.0)	(99.0, 0.0)	(100.0, 0.0)																																																																																																					
SRR908438_1	(0.0, 1.5087717391891065)	(1.0, 0.4514302030831073)	(2.0, 0.1517645801753033)	(3.0, 0.06978514506072168)	(4.0, 0.0411708208749236)	(5.0, 0.02861432418579746)	(6.0, 0.022094604751058868)	(7.0, 0.0214909270256201)	(8.0, 0.017868860672987482)	(9.0, 0.014367529865442617)	(10.0, 0.013401645504740586)	(11.0, 0.01074546351281001)	(12.0, 0.00941737251684473)	(13.0, 0.008572223701230461)	(14.0, 0.009658843607020236)	(15.0, 0.021853133660883362)	(16.0, 0.12109775172301576)	(17.0, 0.26924026554569463)	(18.0, 0.4217292589915267)	(19.0, 0.5200079926929353)	(20.0, 0.5569530694897794)	(21.0, 0.5713205993552187)	(22.0, 0.5945018240120621)	(23.0, 0.5926907908357462)	(24.0, 0.6307224875383798)	(25.0, 0.6710481595976802)	(26.0, 0.7355209406745256)	(27.0, 0.7949228288577229)	(28.0, 0.8575845767582952)	(29.0, 1.0181628517250798)	(30.0, 1.2194290053864556)	(31.0, 1.4724907078905012)	(32.0, 1.8089806720497783)	(33.0, 2.2397650969224894)	(34.0, 2.7496313038276066)	(35.0, 3.3593458065212753)	(36.0, 3.948414531005494)	(37.0, 4.516716741734581)	(38.0, 5.05990595908537)	(39.0, 5.422837007619816)	(40.0, 5.678434156571054)	(41.0, 5.733127358495906)	(42.0, 5.650785716745908)	(43.0, 5.391325030351855)	(44.0, 5.017527782759492)	(45.0, 4.527703676337587)	(46.0, 4.053937397412382)	(47.0, 3.5437089838706095)	(48.0, 3.071270795941372)	(49.0, 2.641572990974166)	(50.0, 2.216463136720574)	(51.0, 1.8366291118748483)	(52.0, 1.5378086377829314)	(53.0, 1.258185115359642)	(54.0, 1.057643374968793)	(55.0, 0.8556528080368904)	(56.0, 0.6855364250082072)	(57.0, 0.5708376571748679)	(58.0, 0.48982410642100394)	(59.0, 0.39613332343292884)	(60.0, 0.286626184038333)	(61.0, 0.22082531196550015)	(62.0, 0.17482506928706282)	(63.0, 0.1399324967567042)	(64.0, 0.10298741995985383)	(65.0, 0.0824623772949361)	(66.0, 0.06580087207282571)	(67.0, 0.04962230903106634)	(68.0, 0.0319949194482545)	(69.0, 0.020162836029654806)	(70.0, 0.017385918492636463)	(71.0, 0.013039438869477324)	(72.0, 0.009900314697195742)	(73.0, 0.005674570619124398)	(74.0, 0.003501330807544839)	(75.0, 0.002293975356667308)	(76.0, 0.0015695620861407896)	(77.0, 0.0006036777254387653)	(78.0, 0.0003622066352632592)	(79.0, 0.00012073554508775307)	(80.0, 0.0003622066352632592)	(81.0, 0.00048294218035101227)	(82.0, 0.00024147109017550613)	(83.0, 0.0)	(84.0, 0.0)	(85.0, 0.0)	(86.0, 0.00012073554508775307)	(87.0, 0.0003622066352632592)	(88.0, 0.00012073554508775307)	(89.0, 0.0)	(90.0, 0.0)	(91.0, 0.0)	(92.0, 0.00012073554508775307)	(93.0, 0.00012073554508775307)	(94.0, 0.00012073554508775307)	(95.0, 0.00012073554508775307)	(96.0, 0.0)	(97.0, 0.0)	(98.0, 0.0)	(99.0, 0.0)	(100.0, 0.0)	(0.0, 1.5087717391891065)	(1.0, 0.4514302030831073)	(2.0, 0.1517645801753033)	(3.0, 0.06978514506072168)	(4.0, 0.0411708208749236)	(5.0, 0.02861432418579746)	(6.0, 0.022094604751058868)	(7.0, 0.0214909270256201)	(8.0, 0.017868860672987482)	(9.0, 0.014367529865442617)	(10.0, 0.013401645504740586)	(11.0, 0.01074546351281001)	(12.0, 0.00941737251684473)	(13.0, 0.008572223701230461)	(14.0, 0.009658843607020236)	(15.0, 0.021853133660883362)	(16.0, 0.12109775172301576)	(17.0, 0.26924026554569463)	(18.0, 0.4217292589915267)	(19.0, 0.5200079926929353)	(20.0, 0.5569530694897794)	(21.0, 0.5713205993552187)	(22.0, 0.5945018240120621)	(23.0, 0.5926907908357462)	(24.0, 0.6307224875383798)	(25.0, 0.6710481595976802)	(26.0, 0.7355209406745256)	(27.0, 0.7949228288577229)	(28.0, 0.8575845767582952)	(29.0, 1.0181628517250798)	(30.0, 1.2194290053864556)	(31.0, 1.4724907078905012)	(32.0, 1.8089806720497783)	(33.0, 2.2397650969224894)	(34.0, 2.7496313038276066)	(35.0, 3.3593458065212753)	(36.0, 3.948414531005494)	(37.0, 4.516716741734581)	(38.0, 5.05990595908537)	(39.0, 5.422837007619816)	(40.0, 5.678434156571054)	(41.0, 5.733127358495906)	(42.0, 5.650785716745908)	(43.0, 5.391325030351855)	(44.0, 5.017527782759492)	(45.0, 4.527703676337587)	(46.0, 4.053937397412382)	(47.0, 3.5437089838706095)	(48.0, 3.071270795941372)	(49.0, 2.641572990974166)	(50.0, 2.216463136720574)	(51.0, 1.8366291118748483)	(52.0, 1.5378086377829314)	(53.0, 1.258185115359642)	(54.0, 1.057643374968793)	(55.0, 0.8556528080368904)	(56.0, 0.6855364250082072)	(57.0, 0.5708376571748679)	(58.0, 0.48982410642100394)	(59.0, 0.39613332343292884)	(60.0, 0.286626184038333)	(61.0, 0.22082531196550015)	(62.0, 0.17482506928706282)	(63.0, 0.1399324967567042)	(64.0, 0.10298741995985383)	(65.0, 0.0824623772949361)	(66.0, 0.06580087207282571)	(67.0, 0.04962230903106634)	(68.0, 0.0319949194482545)	(69.0, 0.020162836029654806)	(70.0, 0.017385918492636463)	(71.0, 0.013039438869477324)	(72.0, 0.009900314697195742)	(73.0, 0.005674570619124398)	(74.0, 0.003501330807544839)	(75.0, 0.002293975356667308)	(76.0, 0.0015695620861407896)	(77.0, 0.0006036777254387653)	(78.0, 0.0003622066352632592)	(79.0, 0.00012073554508775307)	(80.0, 0.0003622066352632592)	(81.0, 0.00048294218035101227)	(82.0, 0.00024147109017550613)	(83.0, 0.0)	(84.0, 0.0)	(85.0, 0.0)	(86.0, 0.00012073554508775307)	(87.0, 0.0003622066352632592)	(88.0, 0.00012073554508775307)	(89.0, 0.0)	(90.0, 0.0)	(91.0, 0.0)	(92.0, 0.00012073554508775307)	(93.0, 0.00012073554508775307)	(94.0, 0.00012073554508775307)	(95.0, 0.00012073554508775307)	(96.0, 0.0)	(97.0, 0.0)	(98.0, 0.0)	(99.0, 0.0)	(100.0, 0.0)
SRR908438_1_paired	(0.0, 7.732874347671615)	(1.0, 4.492955937710071)	(2.0, 1.1319533742617782)	(3.0, 0.5547188629430775)	(4.0, 0.24066726374830455)	(5.0, 0.08856155027744263)	(6.0, 0.03402364643427174)	(7.0, 0.015010432250414004)	(8.0, 0.01100765031697027)	(9.0, 0.007505216125207002)	(10.0, 0.006504520641846069)	(11.0, 0.006504520641846069)	(12.0, 0.004002781933443735)	(13.0, 0.003002086450082801)	(14.0, 0.004503129675124202)	(15.0, 0.00950660709192887)	(16.0, 0.018012518700496808)	(17.0, 0.01701182321713587)	(18.0, 0.010840867736410116)	(19.0, 0.019847127086658516)	(20.0, 0.03585825482043345)	(21.0, 0.04386381868732093)	(22.0, 0.057373207712693546)	(23.0, 0.08739407221352154)	(24.0, 0.11624745865042843)	(25.0, 0.17245318829920095)	(26.0, 0.23649769923430086)	(27.0, 0.2910356030774715)	(28.0, 0.37676184948539093)	(29.0, 0.4674915733101154)	(30.0, 0.5747327726102958)	(31.0, 0.7215014435032345)	(32.0, 0.9244758440449455)	(33.0, 1.1576378916680412)	(34.0, 1.3682842909155117)	(35.0, 1.524559568900377)	(36.0, 1.7138577978361502)	(37.0, 1.9263388054697823)	(38.0, 2.0425862641202075)	(39.0, 2.30910482785535)	(40.0, 2.5591119161150315)	(41.0, 2.5099110548497805)	(42.0, 2.5869646070685786)	(43.0, 2.808118308891351)	(44.0, 2.9305367230225072)	(45.0, 2.989577756540804)	(46.0, 3.118834256474923)	(47.0, 3.309633528635747)	(48.0, 3.4589039382370954)	(49.0, 3.651371036203517)	(50.0, 3.789467012907324)	(51.0, 3.756944409698089)	(52.0, 3.6512042536229457)	(53.0, 3.5302868827168337)	(54.0, 3.167367987417931)	(55.0, 2.8358042172643336)	(56.0, 2.643837467039591)	(57.0, 2.3658109052458047)	(58.0, 2.1823500666296263)	(59.0, 1.9598621041623778)	(60.0, 1.6764984997906784)	(61.0, 1.4328291495922947)	(62.0, 1.2370264000146742)	(63.0, 1.0909248594439798)	(64.0, 0.9486593182261674)	(65.0, 0.7702019570268)	(66.0, 0.6024186809832819)	(67.0, 0.49000722168573674)	(68.0, 0.38026428367715454)	(69.0, 0.299041166944359)	(70.0, 0.21765126763100318)	(71.0, 0.1572759734682267)	(72.0, 0.11407928510314641)	(73.0, 0.07355111802702861)	(74.0, 0.054204338682050573)	(75.0, 0.03585825482043345)	(76.0, 0.01751217095881634)	(77.0, 0.013009041283692138)	(78.0, 0.014510084508733537)	(79.0, 0.00800556386688747)	(80.0, 0.002501738708402334)	(81.0, 0.0010006954833609338)	(82.0, 0.0)	(83.0, 0.0)	(84.0, 0.0)	(85.0, 0.0)	(86.0, 0.0)	(87.0, 0.0)	(88.0, 0.0)	(89.0, 0.0)	(90.0, 0.0)	(91.0, 0.0)	(92.0, 0.0)	(93.0, 0.0)	(94.0, 0.0)	(95.0, 0.0)	(96.0, 0.0)	(97.0, 0.0)	(98.0, 0.0)	(99.0, 0.0)	(100.0, 0.0)																																																																																																					
SRR908438_2	(0.0, 1.5201330319965758)	(1.0, 0.5540587244343894)	(2.0, 0.17189934298258755)	(3.0, 0.07105172843280472)	(4.0, 0.03317355741769292)	(5.0, 0.019180347743320718)	(6.0, 0.015199520853197528)	(7.0, 0.01411384079225484)	(8.0, 0.011701218434604423)	(9.0, 0.007841022662363797)	(10.0, 0.007841022662363797)	(11.0, 0.007358498190833718)	(12.0, 0.005549031422595923)	(13.0, 0.004945875833183322)	(14.0, 0.006031555894126003)	(15.0, 0.005910924776243483)	(16.0, 0.006875973719303641)	(17.0, 0.012304374024017028)	(18.0, 0.020386658922145924)	(19.0, 0.03474176195016566)	(20.0, 0.052836429632543674)	(21.0, 0.07780707103422602)	(22.0, 0.11339325080956866)	(23.0, 0.14692870158090732)	(24.0, 0.18323866806354377)	(25.0, 0.23571320434244555)	(26.0, 0.2830006025523988)	(27.0, 0.33173557417694244)	(28.0, 0.40375235155280365)	(29.0, 0.47721670234324165)	(30.0, 0.5469414884793223)	(31.0, 0.6324689510580096)	(32.0, 0.7193233559334042)	(33.0, 0.8293389354422975)	(34.0, 1.0192123149894705)	(35.0, 1.1988320495166243)	(36.0, 1.4678394423947663)	(37.0, 1.8350405652288428)	(38.0, 2.3371072778554347)	(39.0, 2.9949087636683003)	(40.0, 3.751507135028842)	(41.0, 4.660341977157401)	(42.0, 5.542034817762343)	(43.0, 6.346765005155818)	(44.0, 6.97863080062216)	(45.0, 7.309401325854827)	(46.0, 7.318569290813865)	(47.0, 6.949920594566225)	(48.0, 6.301890229303685)	(49.0, 5.530695492681366)	(50.0, 4.708715055428379)	(51.0, 3.765862238056888)	(52.0, 2.9640271974903207)	(53.0, 2.271363318609521)	(54.0, 1.725990034663144)	(55.0, 1.2929243214650328)	(56.0, 0.9603443294627738)	(57.0, 0.7177551514009318)	(58.0, 0.5419956126461402)	(59.0, 0.42220891258882504)	(60.0, 0.3132790131409147)	(61.0, 0.24825884060222908)	(62.0, 0.1939748375550889)	(63.0, 0.15247773300350292)	(64.0, 0.11761533993545663)	(65.0, 0.09855562331001955)	(66.0, 0.08214979127799688)	(67.0, 0.067432794896329)	(68.0, 0.04837307827089031)	(69.0, 0.04173836678735172)	(70.0, 0.035948073128990836)	(71.0, 0.0258150592268593)	(72.0, 0.01954224109696828)	(73.0, 0.01580267644261013)	(74.0, 0.01266626737766459)	(75.0, 0.008202916016011355)	(76.0, 0.007479129308716238)	(77.0, 0.005187138068948363)	(78.0, 0.004945875833183322)	(79.0, 0.004342720243770721)	(80.0, 0.004222089125888201)	(81.0, 0.0026538845934154388)	(82.0, 0.0019300978861203195)	(83.0, 0.0019300978861203195)	(84.0, 0.00084441782517764)	(85.0, 0.00096504894306016)	(86.0, 0.00096504894306016)	(87.0, 0.00072378670729512)	(88.0, 0.00072378670729512)	(89.0, 0.0006031555894125999)	(90.0, 0.00024126223576504)	(91.0, 0.00024126223576504)	(92.0, 0.00024126223576504)	(93.0, 0.00048252447153008)	(94.0, 0.00036189335364756)	(95.0, 0.00048252447153008)	(96.0, 0.00024126223576504)	(97.0, 0.00012063111788252)	(98.0, 0.00012063111788252)	(99.0, 0.00024126223576504)	(100.0, 0.0)	(0.0, 1.5201330319965758)	(1.0, 0.5540587244343894)	(2.0, 0.17189934298258755)	(3.0, 0.07105172843280472)	(4.0, 0.03317355741769292)	(5.0, 0.019180347743320718)	(6.0, 0.015199520853197528)	(7.0, 0.01411384079225484)	(8.0, 0.011701218434604423)	(9.0, 0.007841022662363797)	(10.0, 0.007841022662363797)	(11.0, 0.007358498190833718)	(12.0, 0.005549031422595923)	(13.0, 0.004945875833183322)	(14.0, 0.006031555894126003)	(15.0, 0.005910924776243483)	(16.0, 0.006875973719303641)	(17.0, 0.012304374024017028)	(18.0, 0.020386658922145924)	(19.0, 0.03474176195016566)	(20.0, 0.052836429632543674)	(21.0, 0.07780707103422602)	(22.0, 0.11339325080956866)	(23.0, 0.14692870158090732)	(24.0, 0.18323866806354377)	(25.0, 0.23571320434244555)	(26.0, 0.2830006025523988)	(27.0, 0.33173557417694244)	(28.0, 0.40375235155280365)	(29.0, 0.47721670234324165)	(30.0, 0.5469414884793223)	(31.0, 0.6324689510580096)	(32.0, 0.7193233559334042)	(33.0, 0.8293389354422975)	(34.0, 1.0192123149894705)	(35.0, 1.1988320495166243)	(36.0, 1.4678394423947663)	(37.0, 1.8350405652288428)	(38.0, 2.3371072778554347)	(39.0, 2.9949087636683003)	(40.0, 3.751507135028842)	(41.0, 4.660341977157401)	(42.0, 5.542034817762343)	(43.0, 6.346765005155818)	(44.0, 6.97863080062216)	(45.0, 7.309401325854827)	(46.0, 7.318569290813865)	(47.0, 6.949920594566225)	(48.0, 6.301890229303685)	(49.0, 5.530695492681366)	(50.0, 4.708715055428379)	(51.0, 3.765862238056888)	(52.0, 2.9640271974903207)	(53.0, 2.271363318609521)	(54.0, 1.725990034663144)	(55.0, 1.2929243214650328)	(56.0, 0.9603443294627738)	(57.0, 0.7177551514009318)	(58.0, 0.5419956126461402)	(59.0, 0.42220891258882504)	(60.0, 0.3132790131409147)	(61.0, 0.24825884060222908)	(62.0, 0.1939748375550889)	(63.0, 0.15247773300350292)	(64.0, 0.11761533993545663)	(65.0, 0.09855562331001955)	(66.0, 0.08214979127799688)	(67.0, 0.067432794896329)	(68.0, 0.04837307827089031)	(69.0, 0.04173836678735172)	(70.0, 0.035948073128990836)	(71.0, 0.0258150592268593)	(72.0, 0.01954224109696828)	(73.0, 0.01580267644261013)	(74.0, 0.01266626737766459)	(75.0, 0.008202916016011355)	(76.0, 0.007479129308716238)	(77.0, 0.005187138068948363)	(78.0, 0.004945875833183322)	(79.0, 0.004342720243770721)	(80.0, 0.004222089125888201)	(81.0, 0.0026538845934154388)	(82.0, 0.0019300978861203195)	(83.0, 0.0019300978861203195)	(84.0, 0.00084441782517764)	(85.0, 0.00096504894306016)	(86.0, 0.00096504894306016)	(87.0, 0.00072378670729512)	(88.0, 0.00072378670729512)	(89.0, 0.0006031555894125999)	(90.0, 0.00024126223576504)	(91.0, 0.00024126223576504)	(92.0, 0.00024126223576504)	(93.0, 0.00048252447153008)	(94.0, 0.00036189335364756)	(95.0, 0.00048252447153008)	(96.0, 0.00024126223576504)	(97.0, 0.00012063111788252)	(98.0, 0.00012063111788252)	(99.0, 0.00024126223576504)	(100.0, 0.0)
SRR908438_2_paired	(0.0, 9.25130771123716)	(1.0, 5.198349349772527)	(2.0, 0.6951849725207115)	(3.0, 0.07808408472833044)	(4.0, 0.014670343191383294)	(5.0, 0.006625316279979551)	(6.0, 0.005678842525696759)	(7.0, 0.0047323687714139655)	(8.0, 0.0047323687714139655)	(9.0, 0.0037858950171311724)	(10.0, 0.0037858950171311724)	(11.0, 0.0047323687714139655)	(12.0, 0.0033126581399897754)	(13.0, 0.0014197106314241897)	(14.0, 0.0018929475085655862)	(15.0, 0.004574623145700168)	(16.0, 0.006625316279979551)	(17.0, 0.009306991917114133)	(18.0, 0.014354851939955697)	(19.0, 0.014512597565669496)	(20.0, 0.017194273202804075)	(21.0, 0.03407305515418055)	(22.0, 0.054106749619833014)	(23.0, 0.08549812913687893)	(24.0, 0.11436557864250409)	(25.0, 0.14938510755096757)	(26.0, 0.1926074089965485)	(27.0, 0.23835364045355026)	(28.0, 0.3112321195333251)	(29.0, 0.4271751544329667)	(30.0, 0.5158281960841213)	(31.0, 0.6399740035208826)	(32.0, 0.8153871393146281)	(33.0, 1.0114649520768797)	(34.0, 1.2422468024961641)	(35.0, 1.3992037000813913)	(36.0, 1.5940195478379313)	(37.0, 1.805083195042991)	(38.0, 1.9746597426853234)	(39.0, 2.168529116687588)	(40.0, 2.3453619631127616)	(41.0, 2.4430065054296044)	(42.0, 2.5941268148634253)	(43.0, 2.710385341014498)	(44.0, 2.758340011231493)	(45.0, 2.8339001659484007)	(46.0, 3.0052119154735926)	(47.0, 3.240568389038582)	(48.0, 3.3025624199441035)	(49.0, 3.404781585406645)	(50.0, 3.6051185300631707)	(51.0, 3.662853429074417)	(52.0, 3.685884290428629)	(53.0, 3.506212022740611)	(54.0, 3.1812560337701847)	(55.0, 2.9635670702851415)	(56.0, 2.726790886088728)	(57.0, 2.4655641299066753)	(58.0, 2.2398301395102282)	(59.0, 2.029555220433735)	(60.0, 1.8246436526315097)	(61.0, 1.5952815128436468)	(62.0, 1.3872150325271468)	(63.0, 1.2028103960677161)	(64.0, 1.0313409009168173)	(65.0, 0.8775389158458632)	(66.0, 0.7267340976634714)	(67.0, 0.581923613258204)	(68.0, 0.4992649053841734)	(69.0, 0.3964147574187765)	(70.0, 0.28599281941911736)	(71.0, 0.21800445473647004)	(72.0, 0.15995406447379204)	(73.0, 0.11499656114535936)	(74.0, 0.08218547099688922)	(75.0, 0.05994333777124357)	(76.0, 0.04259131894272569)	(77.0, 0.0279209757513424)	(78.0, 0.019402711962797258)	(79.0, 0.01750976445423167)	(80.0, 0.012304158805676311)	(81.0, 0.005678842525696759)	(82.0, 0.0023661843857069828)	(83.0, 0.0012619650057103908)	(84.0, 0.0009464737542827931)	(85.0, 0.00047323687714139655)	(86.0, 0.0)	(87.0, 0.0)	(88.0, 0.00047323687714139655)	(89.0, 0.0009464737542827931)	(90.0, 0.00047323687714139655)	(91.0, 0.0)	(92.0, 0.0)	(93.0, 0.0)	(94.0, 0.0)	(95.0, 0.0)	(96.0, 0.0)	(97.0, 0.0)	(98.0, 0.0)	(99.0, 0.0)	(100.0, 0.00047323687714139655)																																																																																																					
SRR908439_1	(0.0, 2.2173899256547815)	(1.0, 1.3448860027501977)	(2.0, 0.45162647991756494)	(3.0, 0.11454016256632503)	(4.0, 0.06880097013212061)	(5.0, 0.04804537020399503)	(6.0, 0.04208774429869972)	(7.0, 0.03132558137300486)	(8.0, 0.023061777697917646)	(9.0, 0.020371236966493903)	(10.0, 0.015951062907726354)	(11.0, 0.012683977733854698)	(12.0, 0.012683977733854698)	(13.0, 0.010954344406510882)	(14.0, 0.014413611061198515)	(15.0, 0.018641603639150066)	(16.0, 0.09301583671493462)	(17.0, 0.24714538432934677)	(18.0, 0.4099230985804924)	(19.0, 0.5644370091565581)	(20.0, 0.6251663570944029)	(21.0, 0.6259350830176668)	(22.0, 0.6305474385572492)	(23.0, 0.6570684829098484)	(24.0, 0.6857035235514229)	(25.0, 0.706843486441176)	(26.0, 0.7579637603382152)	(27.0, 0.8254194601046089)	(28.0, 0.9049825931624067)	(29.0, 1.0443141667539608)	(30.0, 1.243798543840946)	(31.0, 1.5057419021932463)	(32.0, 1.8464796676801347)	(33.0, 2.278887999516287)	(34.0, 2.7902829199672583)	(35.0, 3.4285176177565484)	(36.0, 4.024472389766362)	(37.0, 4.603515191464385)	(38.0, 5.116447563762842)	(39.0, 5.4685240366183585)	(40.0, 5.732004846817547)	(41.0, 5.691838917326933)	(42.0, 5.557696243717135)	(43.0, 5.242902978139987)	(44.0, 4.852198027640388)	(45.0, 4.348682547902626)	(46.0, 3.819414749735897)	(47.0, 3.2818831478940895)	(48.0, 2.8731131381988706)	(49.0, 2.4255224693788593)	(50.0, 2.0373158781304896)	(51.0, 1.7159884422060245)	(52.0, 1.4215664135958088)	(53.0, 1.1419423590084565)	(54.0, 0.9215102005125773)	(55.0, 0.7750679121308336)	(56.0, 0.6107527460332077)	(57.0, 0.4917924094081093)	(58.0, 0.3847473245935961)	(59.0, 0.3067216433822992)	(60.0, 0.22638978440122207)	(61.0, 0.16719788830990345)	(62.0, 0.12491796253038827)	(63.0, 0.08628948488637511)	(64.0, 0.05727008128316196)	(65.0, 0.04324083318359559)	(66.0, 0.03132558137300486)	(67.0, 0.02325395917873363)	(68.0, 0.01825724067751811)	(69.0, 0.015566699946094394)	(70.0, 0.011338707368142839)	(71.0, 0.007687259232639218)	(72.0, 0.007110714790191276)	(73.0, 0.0038436296163196063)	(74.0, 0.0038436296163196063)	(75.0, 0.002306177769791764)	(76.0, 0.0009609074040799017)	(77.0, 0.0009609074040799017)	(78.0, 0.0003843629616319607)	(79.0, 0.0003843629616319607)	(80.0, 0.0003843629616319607)	(81.0, 0.000576544442447941)	(82.0, 0.0003843629616319607)	(83.0, 0.00019218148081598036)	(84.0, 0.00019218148081598036)	(85.0, 0.0)	(86.0, 0.0)	(87.0, 0.0)	(88.0, 0.0)	(89.0, 0.0)	(90.0, 0.0)	(91.0, 0.0)	(92.0, 0.0)	(93.0, 0.0)	(94.0, 0.0)	(95.0, 0.0)	(96.0, 0.0)	(97.0, 0.0)	(98.0, 0.0)	(99.0, 0.00019218148081598036)	(100.0, 0.0002882722212239705)	(0.0, 2.2173899256547815)	(1.0, 1.3448860027501977)	(2.0, 0.45162647991756494)	(3.0, 0.11454016256632503)	(4.0, 0.06880097013212061)	(5.0, 0.04804537020399503)	(6.0, 0.04208774429869972)	(7.0, 0.03132558137300486)	(8.0, 0.023061777697917646)	(9.0, 0.020371236966493903)	(10.0, 0.015951062907726354)	(11.0, 0.012683977733854698)	(12.0, 0.012683977733854698)	(13.0, 0.010954344406510882)	(14.0, 0.014413611061198515)	(15.0, 0.018641603639150066)	(16.0, 0.09301583671493462)	(17.0, 0.24714538432934677)	(18.0, 0.4099230985804924)	(19.0, 0.5644370091565581)	(20.0, 0.6251663570944029)	(21.0, 0.6259350830176668)	(22.0, 0.6305474385572492)	(23.0, 0.6570684829098484)	(24.0, 0.6857035235514229)	(25.0, 0.706843486441176)	(26.0, 0.7579637603382152)	(27.0, 0.8254194601046089)	(28.0, 0.9049825931624067)	(29.0, 1.0443141667539608)	(30.0, 1.243798543840946)	(31.0, 1.5057419021932463)	(32.0, 1.8464796676801347)	(33.0, 2.278887999516287)	(34.0, 2.7902829199672583)	(35.0, 3.4285176177565484)	(36.0, 4.024472389766362)	(37.0, 4.603515191464385)	(38.0, 5.116447563762842)	(39.0, 5.4685240366183585)	(40.0, 5.732004846817547)	(41.0, 5.691838917326933)	(42.0, 5.557696243717135)	(43.0, 5.242902978139987)	(44.0, 4.852198027640388)	(45.0, 4.348682547902626)	(46.0, 3.819414749735897)	(47.0, 3.2818831478940895)	(48.0, 2.8731131381988706)	(49.0, 2.4255224693788593)	(50.0, 2.0373158781304896)	(51.0, 1.7159884422060245)	(52.0, 1.4215664135958088)	(53.0, 1.1419423590084565)	(54.0, 0.9215102005125773)	(55.0, 0.7750679121308336)	(56.0, 0.6107527460332077)	(57.0, 0.4917924094081093)	(58.0, 0.3847473245935961)	(59.0, 0.3067216433822992)	(60.0, 0.22638978440122207)	(61.0, 0.16719788830990345)	(62.0, 0.12491796253038827)	(63.0, 0.08628948488637511)	(64.0, 0.05727008128316196)	(65.0, 0.04324083318359559)	(66.0, 0.03132558137300486)	(67.0, 0.02325395917873363)	(68.0, 0.01825724067751811)	(69.0, 0.015566699946094394)	(70.0, 0.011338707368142839)	(71.0, 0.007687259232639218)	(72.0, 0.007110714790191276)	(73.0, 0.0038436296163196063)	(74.0, 0.0038436296163196063)	(75.0, 0.002306177769791764)	(76.0, 0.0009609074040799017)	(77.0, 0.0009609074040799017)	(78.0, 0.0003843629616319607)	(79.0, 0.0003843629616319607)	(80.0, 0.0003843629616319607)	(81.0, 0.000576544442447941)	(82.0, 0.0003843629616319607)	(83.0, 0.00019218148081598036)	(84.0, 0.00019218148081598036)	(85.0, 0.0)	(86.0, 0.0)	(87.0, 0.0)	(88.0, 0.0)	(89.0, 0.0)	(90.0, 0.0)	(91.0, 0.0)	(92.0, 0.0)	(93.0, 0.0)	(94.0, 0.0)	(95.0, 0.0)	(96.0, 0.0)	(97.0, 0.0)	(98.0, 0.0)	(99.0, 0.00019218148081598036)	(100.0, 0.0002882722212239705)
SRR908439_1_paired	(0.0, 13.17897865818253)	(1.0, 9.877460656588193)	(2.0, 5.042459147101346)	(3.0, 3.0522591981917016)	(4.0, 1.3666658925709991)	(5.0, 0.4470402452335044)	(6.0, 0.1335315018229948)	(7.0, 0.05341260072919792)	(8.0, 0.018578295905807972)	(9.0, 0.010450291447016986)	(10.0, 0.008128004458790989)	(11.0, 0.005805717470564992)	(12.0, 0.003483430482338995)	(13.0, 0.0023222869882259965)	(14.0, 0.004644573976451993)	(15.0, 0.004644573976451993)	(16.0, 0.0023222869882259965)	(17.0, 0.003483430482338995)	(18.0, 0.009289147952903986)	(19.0, 0.017417152411694975)	(20.0, 0.029028587352824962)	(21.0, 0.03831773530572895)	(22.0, 0.05109031374097193)	(23.0, 0.05805717470564991)	(24.0, 0.09018214470944287)	(25.0, 0.1497875107405768)	(26.0, 0.18539591122670873)	(27.0, 0.2473235642460686)	(28.0, 0.30344549979486335)	(29.0, 0.4381381451119716)	(30.0, 0.6142449083857768)	(31.0, 0.7408095492440927)	(32.0, 0.9025955427571692)	(33.0, 1.004776170239113)	(34.0, 1.1530154896542057)	(35.0, 1.4057577235394696)	(36.0, 1.5772199128368247)	(37.0, 1.71423484514216)	(38.0, 1.872537408172901)	(39.0, 2.075350471811307)	(40.0, 2.237136465324386)	(41.0, 2.2696484831595485)	(42.0, 2.2665521005085836)	(43.0, 2.316481270755443)	(44.0, 2.5150368082487606)	(45.0, 2.675661658267722)	(46.0, 2.7294613068282887)	(47.0, 2.7492007462282104)	(48.0, 2.8242880255141833)	(49.0, 2.856412995517979)	(50.0, 2.847123847565077)	(51.0, 2.7402986461066776)	(52.0, 2.617604483562074)	(53.0, 2.4488516290843205)	(54.0, 2.1666937600148612)	(55.0, 1.9859424227646032)	(56.0, 1.8779560778120918)	(57.0, 1.7126866538166747)	(58.0, 1.5354187470487553)	(59.0, 1.3295093007593821)	(60.0, 1.1514672983287217)	(61.0, 0.9753605350549178)	(62.0, 0.7477764102087707)	(63.0, 0.5836681297074675)	(64.0, 0.5097419939156065)	(65.0, 0.4029167924572104)	(66.0, 0.2767391994302646)	(67.0, 0.20784468544622672)	(68.0, 0.1540450368856578)	(69.0, 0.11804958856815484)	(70.0, 0.08747280988984588)	(71.0, 0.05612193554879492)	(72.0, 0.03909183096847094)	(73.0, 0.03483430482338995)	(74.0, 0.029028587352824962)	(75.0, 0.01393372192935598)	(76.0, 0.004644573976451993)	(77.0, 0.003483430482338995)	(78.0, 0.0023222869882259965)	(79.0, 0.0023222869882259965)	(80.0, 0.0023222869882259965)	(81.0, 0.0011611434941129982)	(82.0, 0.0)	(83.0, 0.0)	(84.0, 0.0)	(85.0, 0.0)	(86.0, 0.0)	(87.0, 0.0)	(88.0, 0.0)	(89.0, 0.0)	(90.0, 0.0)	(91.0, 0.0)	(92.0, 0.0)	(93.0, 0.0)	(94.0, 0.0)	(95.0, 0.0)	(96.0, 0.0)	(97.0, 0.0)	(98.0, 0.0)	(99.0, 0.0)	(100.0, 0.0)																																																																																																					
SRR908439_2	(0.0, 3.0071316170269853)	(1.0, 0.958553769055134)	(2.0, 0.2512415841261063)	(3.0, 0.1127710316535526)	(4.0, 0.055234791013984444)	(5.0, 0.03126135741416496)	(6.0, 0.025315945881409636)	(7.0, 0.02148019650543845)	(8.0, 0.017452659660668723)	(9.0, 0.013808697753496142)	(10.0, 0.009972948377525003)	(11.0, 0.011699035596712015)	(12.0, 0.009589373439927888)	(13.0, 0.009781160908726445)	(14.0, 0.008822223564733658)	(15.0, 0.009972948377525003)	(16.0, 0.011123673190316345)	(17.0, 0.01323333534710047)	(18.0, 0.019178746879855744)	(19.0, 0.03164493235176208)	(20.0, 0.0456454175740567)	(21.0, 0.07863286220740837)	(22.0, 0.10912706974637991)	(23.0, 0.14058021462934425)	(24.0, 0.19600679311212485)	(25.0, 0.2491319219693223)	(26.0, 0.30724352501528407)	(27.0, 0.35423145487093605)	(28.0, 0.420398131606446)	(29.0, 0.48829089556114313)	(30.0, 0.5625126459861933)	(31.0, 0.647090919726347)	(32.0, 0.7573687142854927)	(33.0, 0.879537331910146)	(34.0, 1.0243368708530243)	(35.0, 1.2220697511843222)	(36.0, 1.4967094065039817)	(37.0, 1.865900283941373)	(38.0, 2.3628216155986537)	(39.0, 3.0208444210459064)	(40.0, 3.807364830588076)	(41.0, 4.7831794718344405)	(42.0, 5.716033720072321)	(43.0, 6.553761383785946)	(44.0, 7.169015583692836)	(45.0, 7.4386687648241)	(46.0, 7.331267782296711)	(47.0, 6.9175822120974715)	(48.0, 6.158679198060198)	(49.0, 5.34971965466641)	(50.0, 4.385795836484)	(51.0, 3.4362560784632046)	(52.0, 2.6366941210427446)	(53.0, 2.000535087038022)	(54.0, 1.4784895969681104)	(55.0, 1.0676808388014885)	(56.0, 0.7692595373510006)	(57.0, 0.5534986349526602)	(58.0, 0.4062058589153511)	(59.0, 0.2997638137321395)	(60.0, 0.223432401150317)	(61.0, 0.16532079810435735)	(62.0, 0.12159325521828651)	(63.0, 0.08131788677058824)	(64.0, 0.06463237698511363)	(65.0, 0.04142609326048849)	(66.0, 0.029535270194977932)	(67.0, 0.0235898586622226)	(68.0, 0.02186377144303557)	(69.0, 0.0193705343486543)	(70.0, 0.0126579729407048)	(71.0, 0.01323333534710047)	(72.0, 0.010548310783920673)	(73.0, 0.008438648627136542)	(74.0, 0.008822223564733658)	(75.0, 0.006137199001553847)	(76.0, 0.0046028992511653825)	(77.0, 0.004219324313568267)	(78.0, 0.003452174438374037)	(79.0, 0.003835749375971152)	(80.0, 0.00326038696957548)	(81.0, 0.0021096621567841343)	(82.0, 0.001726087219187019)	(83.0, 0.0013425122815899034)	(84.0, 0.0013425122815899034)	(85.0, 0.0007671498751942306)	(86.0, 0.000575362406395673)	(87.0, 0.0009589373439927882)	(88.0, 0.00019178746879855766)	(89.0, 0.0003835749375971153)	(90.0, 0.00019178746879855766)	(91.0, 0.00019178746879855766)	(92.0, 0.0)	(93.0, 0.0)	(94.0, 0.0)	(95.0, 0.00019178746879855766)	(96.0, 0.00019178746879855766)	(97.0, 0.0003835749375971153)	(98.0, 0.00019178746879855766)	(99.0, 0.00019178746879855766)	(100.0, 0.000575362406395673)	(0.0, 3.0071316170269853)	(1.0, 0.958553769055134)	(2.0, 0.2512415841261063)	(3.0, 0.1127710316535526)	(4.0, 0.055234791013984444)	(5.0, 0.03126135741416496)	(6.0, 0.025315945881409636)	(7.0, 0.02148019650543845)	(8.0, 0.017452659660668723)	(9.0, 0.013808697753496142)	(10.0, 0.009972948377525003)	(11.0, 0.011699035596712015)	(12.0, 0.009589373439927888)	(13.0, 0.009781160908726445)	(14.0, 0.008822223564733658)	(15.0, 0.009972948377525003)	(16.0, 0.011123673190316345)	(17.0, 0.01323333534710047)	(18.0, 0.019178746879855744)	(19.0, 0.03164493235176208)	(20.0, 0.0456454175740567)	(21.0, 0.07863286220740837)	(22.0, 0.10912706974637991)	(23.0, 0.14058021462934425)	(24.0, 0.19600679311212485)	(25.0, 0.2491319219693223)	(26.0, 0.30724352501528407)	(27.0, 0.35423145487093605)	(28.0, 0.420398131606446)	(29.0, 0.48829089556114313)	(30.0, 0.5625126459861933)	(31.0, 0.647090919726347)	(32.0, 0.7573687142854927)	(33.0, 0.879537331910146)	(34.0, 1.0243368708530243)	(35.0, 1.2220697511843222)	(36.0, 1.4967094065039817)	(37.0, 1.865900283941373)	(38.0, 2.3628216155986537)	(39.0, 3.0208444210459064)	(40.0, 3.807364830588076)	(41.0, 4.7831794718344405)	(42.0, 5.716033720072321)	(43.0, 6.553761383785946)	(44.0, 7.169015583692836)	(45.0, 7.4386687648241)	(46.0, 7.331267782296711)	(47.0, 6.9175822120974715)	(48.0, 6.158679198060198)	(49.0, 5.34971965466641)	(50.0, 4.385795836484)	(51.0, 3.4362560784632046)	(52.0, 2.6366941210427446)	(53.0, 2.000535087038022)	(54.0, 1.4784895969681104)	(55.0, 1.0676808388014885)	(56.0, 0.7692595373510006)	(57.0, 0.5534986349526602)	(58.0, 0.4062058589153511)	(59.0, 0.2997638137321395)	(60.0, 0.223432401150317)	(61.0, 0.16532079810435735)	(62.0, 0.12159325521828651)	(63.0, 0.08131788677058824)	(64.0, 0.06463237698511363)	(65.0, 0.04142609326048849)	(66.0, 0.029535270194977932)	(67.0, 0.0235898586622226)	(68.0, 0.02186377144303557)	(69.0, 0.0193705343486543)	(70.0, 0.0126579729407048)	(71.0, 0.01323333534710047)	(72.0, 0.010548310783920673)	(73.0, 0.008438648627136542)	(74.0, 0.008822223564733658)	(75.0, 0.006137199001553847)	(76.0, 0.0046028992511653825)	(77.0, 0.004219324313568267)	(78.0, 0.003452174438374037)	(79.0, 0.003835749375971152)	(80.0, 0.00326038696957548)	(81.0, 0.0021096621567841343)	(82.0, 0.001726087219187019)	(83.0, 0.0013425122815899034)	(84.0, 0.0013425122815899034)	(85.0, 0.0007671498751942306)	(86.0, 0.000575362406395673)	(87.0, 0.0009589373439927882)	(88.0, 0.00019178746879855766)	(89.0, 0.0003835749375971153)	(90.0, 0.00019178746879855766)	(91.0, 0.00019178746879855766)	(92.0, 0.0)	(93.0, 0.0)	(94.0, 0.0)	(95.0, 0.00019178746879855766)	(96.0, 0.00019178746879855766)	(97.0, 0.0003835749375971153)	(98.0, 0.00019178746879855766)	(99.0, 0.00019178746879855766)	(100.0, 0.000575362406395673)
SRR908439_2_paired	(0.0, 22.55525269655129)	(1.0, 12.812995626471855)	(2.0, 1.9739236108727138)	(3.0, 0.2121538767859717)	(4.0, 0.03192606883672389)	(5.0, 0.013388351447658407)	(6.0, 0.003089619564844248)	(7.0, 0.0010298731882814158)	(8.0, 0.0027463285020837757)	(9.0, 0.0017164553138023595)	(10.0, 0.0010298731882814158)	(11.0, 0.0027463285020837757)	(12.0, 0.0010298731882814158)	(13.0, 0.0017164553138023595)	(14.0, 0.0020597463765628316)	(15.0, 0.0010298731882814158)	(16.0, 0.0010298731882814158)	(17.0, 0.004119492753125663)	(18.0, 0.005149365941407079)	(19.0, 0.009268858694532743)	(20.0, 0.021627336953909733)	(21.0, 0.033985815213286724)	(22.0, 0.03879189009193333)	(23.0, 0.05149365941407079)	(24.0, 0.07792707124662714)	(25.0, 0.11362934177371624)	(26.0, 0.15963034418361946)	(27.0, 0.19601919683622948)	(28.0, 0.2543786775055097)	(29.0, 0.3632019444005794)	(30.0, 0.5101305192620618)	(31.0, 0.6203269504081732)	(32.0, 0.730523381554284)	(33.0, 0.8410631037631553)	(34.0, 0.9821557305577081)	(35.0, 1.1898468235277955)	(36.0, 1.3209840095022958)	(37.0, 1.4644796737361747)	(38.0, 1.6752603862711064)	(39.0, 1.8908471736846848)	(40.0, 2.048074480428982)	(41.0, 2.0940754828388863)	(42.0, 2.1256582606128465)	(43.0, 2.129777753365972)	(44.0, 2.239630893449322)	(45.0, 2.4020075661350235)	(46.0, 2.5228460202267082)	(47.0, 2.581548791958749)	(48.0, 2.602146255724378)	(49.0, 2.5812055008959898)	(50.0, 2.5739963885780206)	(51.0, 2.552025760561348)	(52.0, 2.4356500902855496)	(53.0, 2.367678459858975)	(54.0, 2.145569142252952)	(55.0, 1.990058290822457)	(56.0, 1.9327286833414583)	(57.0, 1.665648236513811)	(58.0, 1.4627632184223716)	(59.0, 1.3069090759291166)	(60.0, 1.1455622764316946)	(61.0, 1.0762174817540797)	(62.0, 0.8901537257379035)	(63.0, 0.6944778199644348)	(64.0, 0.5750125301237905)	(65.0, 0.4675624274797628)	(66.0, 0.35496295889432794)	(67.0, 0.2512890579406655)	(68.0, 0.18022780794924778)	(69.0, 0.12358478259376991)	(70.0, 0.0844496014390761)	(71.0, 0.05767289854375928)	(72.0, 0.05149365941407079)	(73.0, 0.044284547096100885)	(74.0, 0.03192606883672389)	(75.0, 0.016477971012502653)	(76.0, 0.00720911231796991)	(77.0, 0.004119492753125663)	(78.0, 0.004119492753125663)	(79.0, 0.003089619564844248)	(80.0, 0.0010298731882814158)	(81.0, 0.0)	(82.0, 0.0)	(83.0, 0.0006865821255209439)	(84.0, 0.0006865821255209439)	(85.0, 0.0)	(86.0, 0.0)	(87.0, 0.0)	(88.0, 0.0)	(89.0, 0.0)	(90.0, 0.0)	(91.0, 0.0)	(92.0, 0.0)	(93.0, 0.0)	(94.0, 0.0)	(95.0, 0.0)	(96.0, 0.0)	(97.0, 0.0)	(98.0, 0.0)	(99.0, 0.0)	(100.0, 0.0)																																																																																																					
SRR908440_1	(0.0, 10.482782675834272)	(1.0, 2.2377357148781063)	(2.0, 0.9031539272972811)	(3.0, 0.5729795444270455)	(4.0, 0.40095022494185595)	(5.0, 0.2969876243868354)	(6.0, 0.22655042270786097)	(7.0, 0.16965883673637905)	(8.0, 0.1334243147188281)	(9.0, 0.10870356605264936)	(10.0, 0.08364417699378342)	(11.0, 0.06738943814478927)	(12.0, 0.051473339688482236)	(13.0, 0.04673237419085885)	(14.0, 0.03962092594442376)	(15.0, 0.0365731624102373)	(16.0, 0.06772807853747666)	(17.0, 0.1848976544073117)	(18.0, 0.24923932901791623)	(19.0, 0.3393176734727558)	(20.0, 0.37318171274149214)	(21.0, 0.37114987038536795)	(22.0, 0.37622947627567843)	(23.0, 0.38469548609286247)	(24.0, 0.3968865402296076)	(25.0, 0.42228456968115985)	(26.0, 0.46901694387201603)	(27.0, 0.51473339688481)	(28.0, 0.5777205099246694)	(29.0, 0.6766035045893963)	(30.0, 0.8174779079473634)	(31.0, 0.9895072274325734)	(32.0, 1.2424716007700078)	(33.0, 1.55639124479114)	(34.0, 1.9332980018521115)	(35.0, 2.4246652116416265)	(36.0, 2.888941190016239)	(37.0, 3.446004635987237)	(38.0, 3.9499015403062914)	(39.0, 4.246889164693144)	(40.0, 4.5526814392895725)	(41.0, 4.771104492572736)	(42.0, 4.850684984854198)	(43.0, 4.737917734089402)	(44.0, 4.484953360752158)	(45.0, 4.231650347022225)	(46.0, 3.9769927717212945)	(47.0, 3.5279556110176205)	(48.0, 3.070113800104071)	(49.0, 2.7829467471050404)	(50.0, 2.4629315760153183)	(51.0, 2.081283853456464)	(52.0, 1.773459736503703)	(53.0, 1.4934041317513014)	(54.0, 1.2323123889893888)	(55.0, 1.053171621257804)	(56.0, 0.8594693166406037)	(57.0, 0.6931968838310799)	(58.0, 0.5628203326464228)	(59.0, 0.4568258897352709)	(60.0, 0.3911296535539224)	(61.0, 0.3105332400943299)	(62.0, 0.242127880771481)	(63.0, 0.19336366422449652)	(64.0, 0.14053576296526332)	(65.0, 0.09820571387934066)	(66.0, 0.0700985612862883)	(67.0, 0.044023251049359766)	(68.0, 0.02912307377111487)	(69.0, 0.020995704346617714)	(70.0, 0.015238817670932226)	(71.0, 0.010159211780621479)	(72.0, 0.00541824628299812)	(73.0, 0.0027091231414990606)	(74.0, 0.004063684712248591)	(75.0, 0.0020318423561242957)	(76.0, 0.0010159211780621479)	(77.0, 0.0010159211780621479)	(78.0, 0.0013545615707495303)	(79.0, 0.0003386403926873826)	(80.0, 0.0010159211780621479)	(81.0, 0.0006772807853747652)	(82.0, 0.0)	(83.0, 0.0)	(84.0, 0.0003386403926873826)	(85.0, 0.0003386403926873826)	(86.0, 0.0003386403926873826)	(87.0, 0.0003386403926873826)	(88.0, 0.0)	(89.0, 0.0)	(90.0, 0.0)	(91.0, 0.0)	(92.0, 0.0)	(93.0, 0.0)	(94.0, 0.0)	(95.0, 0.0)	(96.0, 0.0)	(97.0, 0.0)	(98.0, 0.0)	(99.0, 0.0)	(100.0, 0.0)	(0.0, 10.482782675834272)	(1.0, 2.2377357148781063)	(2.0, 0.9031539272972811)	(3.0, 0.5729795444270455)	(4.0, 0.40095022494185595)	(5.0, 0.2969876243868354)	(6.0, 0.22655042270786097)	(7.0, 0.16965883673637905)	(8.0, 0.1334243147188281)	(9.0, 0.10870356605264936)	(10.0, 0.08364417699378342)	(11.0, 0.06738943814478927)	(12.0, 0.051473339688482236)	(13.0, 0.04673237419085885)	(14.0, 0.03962092594442376)	(15.0, 0.0365731624102373)	(16.0, 0.06772807853747666)	(17.0, 0.1848976544073117)	(18.0, 0.24923932901791623)	(19.0, 0.3393176734727558)	(20.0, 0.37318171274149214)	(21.0, 0.37114987038536795)	(22.0, 0.37622947627567843)	(23.0, 0.38469548609286247)	(24.0, 0.3968865402296076)	(25.0, 0.42228456968115985)	(26.0, 0.46901694387201603)	(27.0, 0.51473339688481)	(28.0, 0.5777205099246694)	(29.0, 0.6766035045893963)	(30.0, 0.8174779079473634)	(31.0, 0.9895072274325734)	(32.0, 1.2424716007700078)	(33.0, 1.55639124479114)	(34.0, 1.9332980018521115)	(35.0, 2.4246652116416265)	(36.0, 2.888941190016239)	(37.0, 3.446004635987237)	(38.0, 3.9499015403062914)	(39.0, 4.246889164693144)	(40.0, 4.5526814392895725)	(41.0, 4.771104492572736)	(42.0, 4.850684984854198)	(43.0, 4.737917734089402)	(44.0, 4.484953360752158)	(45.0, 4.231650347022225)	(46.0, 3.9769927717212945)	(47.0, 3.5279556110176205)	(48.0, 3.070113800104071)	(49.0, 2.7829467471050404)	(50.0, 2.4629315760153183)	(51.0, 2.081283853456464)	(52.0, 1.773459736503703)	(53.0, 1.4934041317513014)	(54.0, 1.2323123889893888)	(55.0, 1.053171621257804)	(56.0, 0.8594693166406037)	(57.0, 0.6931968838310799)	(58.0, 0.5628203326464228)	(59.0, 0.4568258897352709)	(60.0, 0.3911296535539224)	(61.0, 0.3105332400943299)	(62.0, 0.242127880771481)	(63.0, 0.19336366422449652)	(64.0, 0.14053576296526332)	(65.0, 0.09820571387934066)	(66.0, 0.0700985612862883)	(67.0, 0.044023251049359766)	(68.0, 0.02912307377111487)	(69.0, 0.020995704346617714)	(70.0, 0.015238817670932226)	(71.0, 0.010159211780621479)	(72.0, 0.00541824628299812)	(73.0, 0.0027091231414990606)	(74.0, 0.004063684712248591)	(75.0, 0.0020318423561242957)	(76.0, 0.0010159211780621479)	(77.0, 0.0010159211780621479)	(78.0, 0.0013545615707495303)	(79.0, 0.0003386403926873826)	(80.0, 0.0010159211780621479)	(81.0, 0.0006772807853747652)	(82.0, 0.0)	(83.0, 0.0)	(84.0, 0.0003386403926873826)	(85.0, 0.0003386403926873826)	(86.0, 0.0003386403926873826)	(87.0, 0.0003386403926873826)	(88.0, 0.0)	(89.0, 0.0)	(90.0, 0.0)	(91.0, 0.0)	(92.0, 0.0)	(93.0, 0.0)	(94.0, 0.0)	(95.0, 0.0)	(96.0, 0.0)	(97.0, 0.0)	(98.0, 0.0)	(99.0, 0.0)	(100.0, 0.0)
SRR908440_1_paired	(0.0, 24.198704893640045)	(1.0, 12.992792957547481)	(2.0, 1.4123143168272403)	(3.0, 0.20981055536621282)	(4.0, 0.09077382189378144)	(5.0, 0.05586081347309627)	(6.0, 0.02942667852600607)	(7.0, 0.01695774694718994)	(8.0, 0.009975145263052905)	(9.0, 0.005985087157831743)	(10.0, 0.003990058105221162)	(11.0, 0.001995029052610581)	(12.0, 0.0004987572631526452)	(13.0, 0.0014962717894579358)	(14.0, 0.0029925435789158717)	(15.0, 0.005486329894679098)	(16.0, 0.00947638799990026)	(17.0, 0.009808892842002025)	(18.0, 0.014463960631426714)	(19.0, 0.021612814736614628)	(20.0, 0.041895610104822206)	(21.0, 0.06666722084140358)	(22.0, 0.08578624926225499)	(23.0, 0.1130516463145996)	(24.0, 0.15428224673521826)	(25.0, 0.21346810862933224)	(26.0, 0.2977580861021293)	(27.0, 0.3898619273643175)	(28.0, 0.4698293418897913)	(29.0, 0.5722408332571347)	(30.0, 0.716547934729301)	(31.0, 0.8493836191489563)	(32.0, 0.9571151879899286)	(33.0, 1.0974322313568725)	(34.0, 1.2395780513553736)	(35.0, 1.4478923349321267)	(36.0, 1.586879358930661)	(37.0, 1.6385838618774837)	(38.0, 1.7857172545075115)	(39.0, 1.992701518715857)	(40.0, 2.1509738235563005)	(41.0, 2.1922044239769187)	(42.0, 2.218139801660857)	(43.0, 2.2452389462921536)	(44.0, 2.175911686713935)	(45.0, 2.138172387135382)	(46.0, 2.1712566189245073)	(47.0, 2.224956150923944)	(48.0, 2.252221547976291)	(49.0, 2.2199685782924163)	(50.0, 2.1945319578716314)	(51.0, 2.145819998503724)	(52.0, 2.0493935942942105)	(53.0, 1.9024264540852327)	(54.0, 1.756623080823611)	(55.0, 1.7007622673505154)	(56.0, 1.5833880580885937)	(57.0, 1.396354084406355)	(58.0, 1.281806166302298)	(59.0, 1.1778984031454984)	(60.0, 1.0324275347259775)	(61.0, 0.905410685043104)	(62.0, 0.7980116210442333)	(63.0, 0.6711610237824102)	(64.0, 0.5599381540993695)	(65.0, 0.4675018079950793)	(66.0, 0.38105054904862096)	(67.0, 0.300916882102096)	(68.0, 0.22793206926075898)	(69.0, 0.18138139136651202)	(70.0, 0.15079094589314973)	(71.0, 0.1211980149460928)	(72.0, 0.0866175113675094)	(73.0, 0.05137199810472246)	(74.0, 0.031754212420718415)	(75.0, 0.01795526147349523)	(76.0, 0.010473902526205552)	(77.0, 0.006982601684137034)	(78.0, 0.003491300842068517)	(79.0, 0.0024937863157632263)	(80.0, 0.0009975145263052905)	(81.0, 0.0)	(82.0, 0.0)	(83.0, 0.0)	(84.0, 0.0)	(85.0, 0.0)	(86.0, 0.0004987572631526452)	(87.0, 0.0004987572631526452)	(88.0, 0.0)	(89.0, 0.0)	(90.0, 0.0)	(91.0, 0.0)	(92.0, 0.0)	(93.0, 0.0)	(94.0, 0.0)	(95.0, 0.0)	(96.0, 0.0)	(97.0, 0.0)	(98.0, 0.0)	(99.0, 0.0)	(100.0, 0.0)																																																																																																					
SRR908440_2	(0.0, 8.636814748776205)	(1.0, 4.307557738566395)	(2.0, 1.7362781543843058)	(3.0, 0.806405490420376)	(4.0, 0.373765748793077)	(5.0, 0.19243385086376535)	(6.0, 0.11875725411697281)	(7.0, 0.08006863025450328)	(8.0, 0.06392033507712468)	(9.0, 0.05416407340745824)	(10.0, 0.03734293259768851)	(11.0, 0.02960520782519447)	(12.0, 0.024895288398459)	(13.0, 0.016484717993574226)	(14.0, 0.019512523339332743)	(15.0, 0.01614829517737883)	(16.0, 0.01917610052313735)	(17.0, 0.023549597133677436)	(18.0, 0.026577402479435953)	(19.0, 0.038352201046274695)	(20.0, 0.059883261282779945)	(21.0, 0.07233090548200936)	(22.0, 0.09251627445373262)	(23.0, 0.12144863664653592)	(24.0, 0.15105384447173095)	(25.0, 0.19781661592289176)	(26.0, 0.2422244276606848)	(27.0, 0.27250248111826975)	(28.0, 0.33642281619539066)	(29.0, 0.40942656730978655)	(30.0, 0.4437416945617146)	(31.0, 0.5167454456761106)	(32.0, 0.6429040017493969)	(33.0, 0.7377752359165083)	(34.0, 0.8794092415347845)	(35.0, 1.105485374018089)	(36.0, 1.4022102979023574)	(37.0, 1.7638648253123217)	(38.0, 2.229810425742945)	(39.0, 2.789954414708528)	(40.0, 3.3780214974183402)	(41.0, 4.046493633198889)	(42.0, 4.726404144729277)	(43.0, 5.20681592625586)	(44.0, 5.607495500344208)	(45.0, 5.777389022522726)	(46.0, 5.603794849366062)	(47.0, 5.24718666419927)	(48.0, 4.880149371730432)	(49.0, 4.28871806085947)	(50.0, 3.663980891184554)	(51.0, 3.10013625124082)	(52.0, 2.6005483691904354)	(53.0, 2.1362848828405836)	(54.0, 1.7423337650758215)	(55.0, 1.3897626537031307)	(56.0, 1.100102608958964)	(57.0, 0.8821006240643479)	(58.0, 0.7212905179229322)	(59.0, 0.5557704923547804)	(60.0, 0.45787145284192027)	(61.0, 0.3885683527056734)	(62.0, 0.3041262258406348)	(63.0, 0.23314101162340894)	(64.0, 0.19108815959898376)	(65.0, 0.14668034786119072)	(66.0, 0.11808440848458206)	(67.0, 0.09083416037275568)	(68.0, 0.07199448266581399)	(69.0, 0.06190179817995231)	(70.0, 0.039025046678665486)	(71.0, 0.030278053457585254)	(72.0, 0.025904556847045172)	(73.0, 0.023549597133677436)	(74.0, 0.013793335464011083)	(75.0, 0.010092684485861763)	(76.0, 0.009419838853470978)	(77.0, 0.008074147588689408)	(78.0, 0.006392033507712448)	(79.0, 0.006392033507712448)	(80.0, 0.005046342242930881)	(81.0, 0.004709919426735489)	(82.0, 0.0020185368971723525)	(83.0, 0.0013456912647815684)	(84.0, 0.0006728456323907842)	(85.0, 0.0003364228161953921)	(86.0, 0.0003364228161953921)	(87.0, 0.0003364228161953921)	(88.0, 0.0016821140809769606)	(89.0, 0.0006728456323907842)	(90.0, 0.0)	(91.0, 0.0)	(92.0, 0.0)	(93.0, 0.0)	(94.0, 0.0003364228161953921)	(95.0, 0.0003364228161953921)	(96.0, 0.0)	(97.0, 0.0)	(98.0, 0.0)	(99.0, 0.0003364228161953921)	(100.0, 0.0005046342242930881)	(0.0, 8.636814748776205)	(1.0, 4.307557738566395)	(2.0, 1.7362781543843058)	(3.0, 0.806405490420376)	(4.0, 0.373765748793077)	(5.0, 0.19243385086376535)	(6.0, 0.11875725411697281)	(7.0, 0.08006863025450328)	(8.0, 0.06392033507712468)	(9.0, 0.05416407340745824)	(10.0, 0.03734293259768851)	(11.0, 0.02960520782519447)	(12.0, 0.024895288398459)	(13.0, 0.016484717993574226)	(14.0, 0.019512523339332743)	(15.0, 0.01614829517737883)	(16.0, 0.01917610052313735)	(17.0, 0.023549597133677436)	(18.0, 0.026577402479435953)	(19.0, 0.038352201046274695)	(20.0, 0.059883261282779945)	(21.0, 0.07233090548200936)	(22.0, 0.09251627445373262)	(23.0, 0.12144863664653592)	(24.0, 0.15105384447173095)	(25.0, 0.19781661592289176)	(26.0, 0.2422244276606848)	(27.0, 0.27250248111826975)	(28.0, 0.33642281619539066)	(29.0, 0.40942656730978655)	(30.0, 0.4437416945617146)	(31.0, 0.5167454456761106)	(32.0, 0.6429040017493969)	(33.0, 0.7377752359165083)	(34.0, 0.8794092415347845)	(35.0, 1.105485374018089)	(36.0, 1.4022102979023574)	(37.0, 1.7638648253123217)	(38.0, 2.229810425742945)	(39.0, 2.789954414708528)	(40.0, 3.3780214974183402)	(41.0, 4.046493633198889)	(42.0, 4.726404144729277)	(43.0, 5.20681592625586)	(44.0, 5.607495500344208)	(45.0, 5.777389022522726)	(46.0, 5.603794849366062)	(47.0, 5.24718666419927)	(48.0, 4.880149371730432)	(49.0, 4.28871806085947)	(50.0, 3.663980891184554)	(51.0, 3.10013625124082)	(52.0, 2.6005483691904354)	(53.0, 2.1362848828405836)	(54.0, 1.7423337650758215)	(55.0, 1.3897626537031307)	(56.0, 1.100102608958964)	(57.0, 0.8821006240643479)	(58.0, 0.7212905179229322)	(59.0, 0.5557704923547804)	(60.0, 0.45787145284192027)	(61.0, 0.3885683527056734)	(62.0, 0.3041262258406348)	(63.0, 0.23314101162340894)	(64.0, 0.19108815959898376)	(65.0, 0.14668034786119072)	(66.0, 0.11808440848458206)	(67.0, 0.09083416037275568)	(68.0, 0.07199448266581399)	(69.0, 0.06190179817995231)	(70.0, 0.039025046678665486)	(71.0, 0.030278053457585254)	(72.0, 0.025904556847045172)	(73.0, 0.023549597133677436)	(74.0, 0.013793335464011083)	(75.0, 0.010092684485861763)	(76.0, 0.009419838853470978)	(77.0, 0.008074147588689408)	(78.0, 0.006392033507712448)	(79.0, 0.006392033507712448)	(80.0, 0.005046342242930881)	(81.0, 0.004709919426735489)	(82.0, 0.0020185368971723525)	(83.0, 0.0013456912647815684)	(84.0, 0.0006728456323907842)	(85.0, 0.0003364228161953921)	(86.0, 0.0003364228161953921)	(87.0, 0.0003364228161953921)	(88.0, 0.0016821140809769606)	(89.0, 0.0006728456323907842)	(90.0, 0.0)	(91.0, 0.0)	(92.0, 0.0)	(93.0, 0.0)	(94.0, 0.0003364228161953921)	(95.0, 0.0003364228161953921)	(96.0, 0.0)	(97.0, 0.0)	(98.0, 0.0)	(99.0, 0.0003364228161953921)	(100.0, 0.0005046342242930881)
SRR908440_2_paired	(0.0, 23.20946254622514)	(1.0, 13.356276919575105)	(2.0, 1.9541587788070518)	(3.0, 0.16590553162704444)	(4.0, 0.01683099596216393)	(5.0, 0.003847084791351755)	(6.0, 0.0019235423956758776)	(7.0, 0.0)	(8.0, 0.0004808855989189694)	(9.0, 0.0004808855989189694)	(10.0, 0.0004808855989189694)	(11.0, 0.0014426567967569081)	(12.0, 0.0014426567967569081)	(13.0, 0.0004808855989189694)	(14.0, 0.002244132794955191)	(15.0, 0.0028853135935138162)	(16.0, 0.007052988784144884)	(17.0, 0.012503025571893204)	(18.0, 0.016991291161803587)	(19.0, 0.0224413279495519)	(20.0, 0.03782966711495893)	(21.0, 0.053698891879284914)	(22.0, 0.07742258142595408)	(23.0, 0.09890213817766805)	(24.0, 0.12198464692577858)	(25.0, 0.188988040375155)	(26.0, 0.26528855540363155)	(27.0, 0.35633622879895627)	(28.0, 0.47014582054311177)	(29.0, 0.5562243427496076)	(30.0, 0.6357307617708775)	(31.0, 0.7488991727164755)	(32.0, 0.9159267707409988)	(33.0, 1.0491320816415528)	(34.0, 1.1711167285673305)	(35.0, 1.3548150273543749)	(36.0, 1.4881806334545664)	(37.0, 1.5824342108426832)	(38.0, 1.7318293369068414)	(39.0, 1.8942083741418143)	(40.0, 2.0234063050513784)	(41.0, 2.1229496240276062)	(42.0, 2.1731220215148213)	(43.0, 2.1752058591101346)	(44.0, 2.184022095090317)	(45.0, 2.213195821424738)	(46.0, 2.2244164853995123)	(47.0, 2.254231392532489)	(48.0, 2.260322610118795)	(49.0, 2.21159286942834)	(50.0, 2.1817779622953624)	(51.0, 2.16895434632419)	(52.0, 2.0993862296805785)	(53.0, 1.9791648299508364)	(54.0, 1.8643934670088433)	(55.0, 1.7291043185129733)	(56.0, 1.6201035827580073)	(57.0, 1.516873474190069)	(58.0, 1.3857520008848299)	(59.0, 1.266812962752205)	(60.0, 1.1069986487114676)	(61.0, 0.9370857370934319)	(62.0, 0.8636705356584692)	(63.0, 0.7777523086516132)	(64.0, 0.6309219057816878)	(65.0, 0.518394675634649)	(66.0, 0.425102869444369)	(67.0, 0.3478405832180545)	(68.0, 0.28837106415174196)	(69.0, 0.2327486298767812)	(70.0, 0.19427778196326365)	(71.0, 0.14811276446704258)	(72.0, 0.10194774697082153)	(73.0, 0.07052988784144884)	(74.0, 0.04311940870306758)	(75.0, 0.0235633943470295)	(76.0, 0.015228043965767366)	(77.0, 0.013464796769731145)	(78.0, 0.012983911170812172)	(79.0, 0.0057706271870276325)	(80.0, 0.0024044279945948472)	(81.0, 0.0019235423956758776)	(82.0, 0.0024044279945948472)	(83.0, 0.0019235423956758776)	(84.0, 0.0004808855989189694)	(85.0, 0.0)	(86.0, 0.0004808855989189694)	(87.0, 0.0004808855989189694)	(88.0, 0.0)	(89.0, 0.0)	(90.0, 0.0)	(91.0, 0.0)	(92.0, 0.0)	(93.0, 0.0)	(94.0, 0.0)	(95.0, 0.0)	(96.0, 0.0)	(97.0, 0.0)	(98.0, 0.0)	(99.0, 0.00032059039927931295)	(100.0, 0.0004808855989189694)																																																																																																					
SRR908441_1	(0.0, 0.8359524864159997)	(1.0, 0.6086552935716335)	(2.0, 0.22041474678774925)	(3.0, 0.051883054888389936)	(4.0, 0.02894156803297957)	(5.0, 0.022941486855410607)	(6.0, 0.021882649000545495)	(7.0, 0.01958850031500442)	(8.0, 0.013235473185813789)	(9.0, 0.0074118649840557325)	(10.0, 0.008647175814731688)	(11.0, 0.0075883379598665835)	(12.0, 0.005823608201758074)	(13.0, 0.005470662250136372)	(14.0, 0.0072353920082448816)	(15.0, 0.01111779747608359)	(16.0, 0.06229496046122998)	(17.0, 0.19447321934355563)	(18.0, 0.3310633026211565)	(19.0, 0.45018256129349427)	(20.0, 0.5015361972544576)	(21.0, 0.5137128325854078)	(22.0, 0.5273012517228448)	(23.0, 0.5207717516178426)	(24.0, 0.5539486710702822)	(25.0, 0.5738901173369038)	(26.0, 0.6225966586606876)	(27.0, 0.6931858489850117)	(28.0, 0.8052461886248764)	(29.0, 0.9263066500310925)	(30.0, 1.0851323282608227)	(31.0, 1.3221355347749029)	(32.0, 1.678963891864605)	(33.0, 2.0716162630439268)	(34.0, 2.5401520138214413)	(35.0, 3.12021868531118)	(36.0, 3.692697018841059)	(37.0, 4.552296884015518)	(38.0, 5.51354518325897)	(39.0, 5.755136687144464)	(40.0, 5.959845339085423)	(41.0, 5.980845623206952)	(42.0, 5.800137295976312)	(43.0, 5.5230747239527735)	(44.0, 4.9876557153416785)	(45.0, 4.503590342691634)	(46.0, 4.178527121247889)	(47.0, 3.7313446005435997)	(48.0, 3.28380913388769)	(49.0, 2.9958052373646433)	(50.0, 2.5872702983628955)	(51.0, 2.0973813175123226)	(52.0, 1.5794331335072402)	(53.0, 1.273076047499464)	(54.0, 1.0433082329936598)	(55.0, 0.8537762569728493)	(56.0, 0.6820680515089306)	(57.0, 0.5260659408921687)	(58.0, 0.42159393921213323)	(59.0, 0.3335339242825087)	(60.0, 0.27653315309559745)	(61.0, 0.21494408453761318)	(62.0, 0.16623754321382114)	(63.0, 0.1277664344870572)	(64.0, 0.10058959621218544)	(65.0, 0.07411864984055709)	(66.0, 0.05700077118690453)	(67.0, 0.04217704121879329)	(68.0, 0.02964745993622298)	(69.0, 0.020294392218247827)	(70.0, 0.01588256782297654)	(71.0, 0.012529581282570389)	(72.0, 0.010058959621218489)	(73.0, 0.0075883379598665835)	(74.0, 0.005294189274325521)	(75.0, 0.003705932492027863)	(76.0, 0.0024706216613519095)	(77.0, 0.0015882567822976563)	(78.0, 0.0008823648790542534)	(79.0, 0.000529418927432552)	(80.0, 0.0007058919032434028)	(81.0, 0.0003529459516217014)	(82.0, 0.0003529459516217014)	(83.0, 0.0)	(84.0, 0.0)	(85.0, 0.0003529459516217014)	(86.0, 0.000529418927432552)	(87.0, 0.0001764729758108507)	(88.0, 0.0001764729758108507)	(89.0, 0.0001764729758108507)	(90.0, 0.0)	(91.0, 0.0)	(92.0, 0.0)	(93.0, 0.0)	(94.0, 0.0)	(95.0, 0.0)	(96.0, 0.0)	(97.0, 0.0)	(98.0, 0.0)	(99.0, 0.0)	(100.0, 0.0)	(0.0, 0.8359524864159997)	(1.0, 0.6086552935716335)	(2.0, 0.22041474678774925)	(3.0, 0.051883054888389936)	(4.0, 0.02894156803297957)	(5.0, 0.022941486855410607)	(6.0, 0.021882649000545495)	(7.0, 0.01958850031500442)	(8.0, 0.013235473185813789)	(9.0, 0.0074118649840557325)	(10.0, 0.008647175814731688)	(11.0, 0.0075883379598665835)	(12.0, 0.005823608201758074)	(13.0, 0.005470662250136372)	(14.0, 0.0072353920082448816)	(15.0, 0.01111779747608359)	(16.0, 0.06229496046122998)	(17.0, 0.19447321934355563)	(18.0, 0.3310633026211565)	(19.0, 0.45018256129349427)	(20.0, 0.5015361972544576)	(21.0, 0.5137128325854078)	(22.0, 0.5273012517228448)	(23.0, 0.5207717516178426)	(24.0, 0.5539486710702822)	(25.0, 0.5738901173369038)	(26.0, 0.6225966586606876)	(27.0, 0.6931858489850117)	(28.0, 0.8052461886248764)	(29.0, 0.9263066500310925)	(30.0, 1.0851323282608227)	(31.0, 1.3221355347749029)	(32.0, 1.678963891864605)	(33.0, 2.0716162630439268)	(34.0, 2.5401520138214413)	(35.0, 3.12021868531118)	(36.0, 3.692697018841059)	(37.0, 4.552296884015518)	(38.0, 5.51354518325897)	(39.0, 5.755136687144464)	(40.0, 5.959845339085423)	(41.0, 5.980845623206952)	(42.0, 5.800137295976312)	(43.0, 5.5230747239527735)	(44.0, 4.9876557153416785)	(45.0, 4.503590342691634)	(46.0, 4.178527121247889)	(47.0, 3.7313446005435997)	(48.0, 3.28380913388769)	(49.0, 2.9958052373646433)	(50.0, 2.5872702983628955)	(51.0, 2.0973813175123226)	(52.0, 1.5794331335072402)	(53.0, 1.273076047499464)	(54.0, 1.0433082329936598)	(55.0, 0.8537762569728493)	(56.0, 0.6820680515089306)	(57.0, 0.5260659408921687)	(58.0, 0.42159393921213323)	(59.0, 0.3335339242825087)	(60.0, 0.27653315309559745)	(61.0, 0.21494408453761318)	(62.0, 0.16623754321382114)	(63.0, 0.1277664344870572)	(64.0, 0.10058959621218544)	(65.0, 0.07411864984055709)	(66.0, 0.05700077118690453)	(67.0, 0.04217704121879329)	(68.0, 0.02964745993622298)	(69.0, 0.020294392218247827)	(70.0, 0.01588256782297654)	(71.0, 0.012529581282570389)	(72.0, 0.010058959621218489)	(73.0, 0.0075883379598665835)	(74.0, 0.005294189274325521)	(75.0, 0.003705932492027863)	(76.0, 0.0024706216613519095)	(77.0, 0.0015882567822976563)	(78.0, 0.0008823648790542534)	(79.0, 0.000529418927432552)	(80.0, 0.0007058919032434028)	(81.0, 0.0003529459516217014)	(82.0, 0.0003529459516217014)	(83.0, 0.0)	(84.0, 0.0)	(85.0, 0.0003529459516217014)	(86.0, 0.000529418927432552)	(87.0, 0.0001764729758108507)	(88.0, 0.0001764729758108507)	(89.0, 0.0001764729758108507)	(90.0, 0.0)	(91.0, 0.0)	(92.0, 0.0)	(93.0, 0.0)	(94.0, 0.0)	(95.0, 0.0)	(96.0, 0.0)	(97.0, 0.0)	(98.0, 0.0)	(99.0, 0.0)	(100.0, 0.0)
SRR908441_1_paired	(0.0, 2.157579406276528)	(1.0, 1.7801099057095444)	(2.0, 1.0477472408125306)	(3.0, 0.6608709334801827)	(4.0, 0.30717499910207247)	(5.0, 0.10467210437108483)	(6.0, 0.04053478551625344)	(7.0, 0.01744535072851414)	(8.0, 0.005644084059225163)	(9.0, 0.006157182610063813)	(10.0, 0.010261971016773022)	(11.0, 0.00872267536425707)	(12.0, 0.005644084059225163)	(13.0, 0.00461788695754786)	(14.0, 0.011117135268170772)	(15.0, 0.014708825124041331)	(16.0, 0.016248120776557285)	(17.0, 0.02839145314640536)	(18.0, 0.03745619421122153)	(19.0, 0.040021686965414784)	(20.0, 0.05438844638889702)	(21.0, 0.08192473528390462)	(22.0, 0.11390787828618053)	(23.0, 0.1508509739465634)	(24.0, 0.19343815366617148)	(25.0, 0.23961702324165018)	(26.0, 0.3162397401668888)	(27.0, 0.40380855951001793)	(28.0, 0.5091647952822201)	(29.0, 0.66189713058186)	(30.0, 0.7795677315741928)	(31.0, 0.9044217122782664)	(32.0, 1.1204362021813403)	(33.0, 1.4741321365594358)	(34.0, 1.9183044487354146)	(35.0, 2.244635127068801)	(36.0, 2.9046508962976274)	(37.0, 3.845844671386102)	(38.0, 4.462589129494197)	(39.0, 4.061688128438979)	(40.0, 4.245548442489461)	(41.0, 4.201764032817846)	(42.0, 4.2154466608402075)	(43.0, 4.515267247380209)	(44.0, 4.111971786421057)	(45.0, 3.583480279057228)	(46.0, 3.4791502403866894)	(47.0, 3.4839391601945096)	(48.0, 3.5123306133409264)	(49.0, 3.593058118672893)	(50.0, 3.2653591775372255)	(51.0, 3.085432619043118)	(52.0, 2.816911044104208)	(53.0, 2.501355435338425)	(54.0, 2.3441762459315103)	(55.0, 2.939712630604928)	(56.0, 2.64143133971738)	(57.0, 1.5700815655662665)	(58.0, 1.321399801259806)	(59.0, 1.137026388658454)	(60.0, 1.0010552726862125)	(61.0, 0.8317327509094561)	(62.0, 0.6422283527997119)	(63.0, 0.5016393498699203)	(64.0, 0.3983355083010722)	(65.0, 0.33094856529093003)	(66.0, 0.2565492754193259)	(67.0, 0.18830716815778503)	(68.0, 0.14144416718118816)	(69.0, 0.10877689277779402)	(70.0, 0.07576755267384085)	(71.0, 0.05678290629281074)	(72.0, 0.04463957392296265)	(73.0, 0.03232520870283502)	(74.0, 0.022063237686062)	(75.0, 0.017616383578793686)	(76.0, 0.01419572657320268)	(77.0, 0.010775069567611673)	(78.0, 0.00872267536425707)	(79.0, 0.003591689855870558)	(80.0, 0.0)	(81.0, 0.0005130985508386511)	(82.0, 0.0005130985508386511)	(83.0, 0.0)	(84.0, 0.0)	(85.0, 0.0)	(86.0, 0.0)	(87.0, 0.0)	(88.0, 0.0)	(89.0, 0.0)	(90.0, 0.0)	(91.0, 0.0)	(92.0, 0.0)	(93.0, 0.0)	(94.0, 0.0)	(95.0, 0.0)	(96.0, 0.0)	(97.0, 0.0)	(98.0, 0.0)	(99.0, 0.0)	(100.0, 0.0)																																																																																																					
SRR908441_2	(0.0, 1.2146734242573547)	(1.0, 0.38478766140092835)	(2.0, 0.11815203168589355)	(3.0, 0.05519639689206599)	(4.0, 0.03491657055792055)	(5.0, 0.016400207383265655)	(6.0, 0.01463674422377473)	(7.0, 0.011991549484538339)	(8.0, 0.010228086325047412)	(9.0, 0.008111930533658296)	(10.0, 0.008111930533658296)	(11.0, 0.006524813690116454)	(12.0, 0.007053852637963736)	(13.0, 0.004937696846574612)	(14.0, 0.004585004214676424)	(15.0, 0.0047613505306255185)	(16.0, 0.005995774742269173)	(17.0, 0.009875393693149225)	(18.0, 0.01463674422377473)	(19.0, 0.02380675265312762)	(20.0, 0.038443496876902364)	(21.0, 0.06524813690116417)	(22.0, 0.08817315797454683)	(23.0, 0.1132143348393188)	(24.0, 0.1608278401455732)	(25.0, 0.21814039282902525)	(26.0, 0.2537623486507401)	(27.0, 0.3056081655397765)	(28.0, 0.3784391940267603)	(29.0, 0.4431582919800849)	(30.0, 0.5154602815192213)	(31.0, 0.6059259416010945)	(32.0, 0.7224908564434187)	(33.0, 0.8443461607642144)	(34.0, 0.998472840903687)	(35.0, 1.201800143193026)	(36.0, 1.465085192905142)	(37.0, 1.8833786543365816)	(38.0, 2.7663446582932756)	(39.0, 3.6644764454211907)	(40.0, 4.18028941957182)	(41.0, 4.712326254790782)	(42.0, 5.496891014449726)	(43.0, 6.247068242498533)	(44.0, 6.709977321865745)	(45.0, 6.996716431599492)	(46.0, 7.038510508479503)	(47.0, 6.744012160843981)	(48.0, 6.157131621364332)	(49.0, 5.5244010397378345)	(50.0, 4.680760264235837)	(51.0, 3.8238935150390265)	(52.0, 3.150250588114103)	(53.0, 2.4769603538210765)	(54.0, 1.852341702729527)	(55.0, 1.352047204381722)	(56.0, 0.9674358892966537)	(57.0, 0.7154370038054566)	(58.0, 0.5329185667981836)	(59.0, 0.40436210247127996)	(60.0, 0.3124856718617919)	(61.0, 0.230308288629512)	(62.0, 0.1892195970133756)	(63.0, 0.15994610856582778)	(64.0, 0.1229133822165192)	(65.0, 0.09663778114010356)	(66.0, 0.07600526217405906)	(67.0, 0.0608394790024369)	(68.0, 0.050611392677389636)	(69.0, 0.04214676951183327)	(70.0, 0.037914457929055095)	(71.0, 0.02698098634021132)	(72.0, 0.021690596861738486)	(73.0, 0.020456172650094823)	(74.0, 0.020103480018196635)	(75.0, 0.014460397907825636)	(76.0, 0.013402320012131078)	(77.0, 0.010228086325047412)	(78.0, 0.007053852637963736)	(79.0, 0.005995774742269173)	(80.0, 0.005114043162523706)	(81.0, 0.004055965266829145)	(82.0, 0.003879618950880051)	(83.0, 0.002645194739236399)	(84.0, 0.0010580778956945597)	(85.0, 0.0014107705275927464)	(86.0, 0.0010580778956945597)	(87.0, 0.0005290389478472798)	(88.0, 0.0003526926318981866)	(89.0, 0.0003526926318981866)	(90.0, 0.0007053852637963732)	(91.0, 0.0007053852637963732)	(92.0, 0.0001763463159490933)	(93.0, 0.0003526926318981866)	(94.0, 0.0001763463159490933)	(95.0, 0.0003526926318981866)	(96.0, 0.0007053852637963732)	(97.0, 0.0003526926318981866)	(98.0, 0.0)	(99.0, 0.0001763463159490933)	(100.0, 0.0005290389478472798)	(0.0, 1.2146734242573547)	(1.0, 0.38478766140092835)	(2.0, 0.11815203168589355)	(3.0, 0.05519639689206599)	(4.0, 0.03491657055792055)	(5.0, 0.016400207383265655)	(6.0, 0.01463674422377473)	(7.0, 0.011991549484538339)	(8.0, 0.010228086325047412)	(9.0, 0.008111930533658296)	(10.0, 0.008111930533658296)	(11.0, 0.006524813690116454)	(12.0, 0.007053852637963736)	(13.0, 0.004937696846574612)	(14.0, 0.004585004214676424)	(15.0, 0.0047613505306255185)	(16.0, 0.005995774742269173)	(17.0, 0.009875393693149225)	(18.0, 0.01463674422377473)	(19.0, 0.02380675265312762)	(20.0, 0.038443496876902364)	(21.0, 0.06524813690116417)	(22.0, 0.08817315797454683)	(23.0, 0.1132143348393188)	(24.0, 0.1608278401455732)	(25.0, 0.21814039282902525)	(26.0, 0.2537623486507401)	(27.0, 0.3056081655397765)	(28.0, 0.3784391940267603)	(29.0, 0.4431582919800849)	(30.0, 0.5154602815192213)	(31.0, 0.6059259416010945)	(32.0, 0.7224908564434187)	(33.0, 0.8443461607642144)	(34.0, 0.998472840903687)	(35.0, 1.201800143193026)	(36.0, 1.465085192905142)	(37.0, 1.8833786543365816)	(38.0, 2.7663446582932756)	(39.0, 3.6644764454211907)	(40.0, 4.18028941957182)	(41.0, 4.712326254790782)	(42.0, 5.496891014449726)	(43.0, 6.247068242498533)	(44.0, 6.709977321865745)	(45.0, 6.996716431599492)	(46.0, 7.038510508479503)	(47.0, 6.744012160843981)	(48.0, 6.157131621364332)	(49.0, 5.5244010397378345)	(50.0, 4.680760264235837)	(51.0, 3.8238935150390265)	(52.0, 3.150250588114103)	(53.0, 2.4769603538210765)	(54.0, 1.852341702729527)	(55.0, 1.352047204381722)	(56.0, 0.9674358892966537)	(57.0, 0.7154370038054566)	(58.0, 0.5329185667981836)	(59.0, 0.40436210247127996)	(60.0, 0.3124856718617919)	(61.0, 0.230308288629512)	(62.0, 0.1892195970133756)	(63.0, 0.15994610856582778)	(64.0, 0.1229133822165192)	(65.0, 0.09663778114010356)	(66.0, 0.07600526217405906)	(67.0, 0.0608394790024369)	(68.0, 0.050611392677389636)	(69.0, 0.04214676951183327)	(70.0, 0.037914457929055095)	(71.0, 0.02698098634021132)	(72.0, 0.021690596861738486)	(73.0, 0.020456172650094823)	(74.0, 0.020103480018196635)	(75.0, 0.014460397907825636)	(76.0, 0.013402320012131078)	(77.0, 0.010228086325047412)	(78.0, 0.007053852637963736)	(79.0, 0.005995774742269173)	(80.0, 0.005114043162523706)	(81.0, 0.004055965266829145)	(82.0, 0.003879618950880051)	(83.0, 0.002645194739236399)	(84.0, 0.0010580778956945597)	(85.0, 0.0014107705275927464)	(86.0, 0.0010580778956945597)	(87.0, 0.0005290389478472798)	(88.0, 0.0003526926318981866)	(89.0, 0.0003526926318981866)	(90.0, 0.0007053852637963732)	(91.0, 0.0007053852637963732)	(92.0, 0.0001763463159490933)	(93.0, 0.0003526926318981866)	(94.0, 0.0001763463159490933)	(95.0, 0.0003526926318981866)	(96.0, 0.0007053852637963732)	(97.0, 0.0003526926318981866)	(98.0, 0.0)	(99.0, 0.0001763463159490933)	(100.0, 0.0005290389478472798)
SRR908441_2_paired	(0.0, 4.505545605642728)	(1.0, 2.4611838298825677)	(2.0, 0.3153789842494654)	(3.0, 0.04005543303606349)	(4.0, 0.011049774630638203)	(5.0, 0.00506448003904251)	(6.0, 0.002302036381382959)	(7.0, 0.004450603670673721)	(8.0, 0.00506448003904251)	(9.0, 0.004143665486489327)	(10.0, 0.00782692369670206)	(11.0, 0.010589367354361612)	(12.0, 0.008287330972978653)	(13.0, 0.006906109144148877)	(14.0, 0.01012896007808502)	(15.0, 0.012891403735744572)	(16.0, 0.013351811012021162)	(17.0, 0.016881600130141703)	(18.0, 0.02655015293195013)	(19.0, 0.035604829365389765)	(20.0, 0.05018439311414852)	(21.0, 0.07167006600705611)	(22.0, 0.0948438989129779)	(23.0, 0.12031976820028262)	(24.0, 0.1494788956978001)	(25.0, 0.1919898342073388)	(26.0, 0.25782807471489155)	(27.0, 0.3331813989321601)	(28.0, 0.43416406152882525)	(29.0, 0.5570928042946757)	(30.0, 0.6685113651536129)	(31.0, 0.7958907115901381)	(32.0, 1.0481938989897088)	(33.0, 1.3287353993342381)	(34.0, 1.632757670768874)	(35.0, 1.9587260223727012)	(36.0, 2.2372724245200497)	(37.0, 2.851916138349334)	(38.0, 3.870490502565315)	(39.0, 4.3052684404624495)	(40.0, 4.027182445591426)	(41.0, 4.094248438835678)	(42.0, 4.341026738919906)	(43.0, 4.3430218371170985)	(44.0, 4.213800861575477)	(45.0, 3.9558193177685053)	(46.0, 3.7022883776322066)	(47.0, 3.656861526372911)	(48.0, 3.6385987044139374)	(49.0, 3.5254919835419867)	(50.0, 3.397959168013366)	(51.0, 3.3121699455338187)	(52.0, 3.2401929413425754)	(53.0, 3.121407864063213)	(54.0, 2.7730330250139184)	(55.0, 2.287456817634201)	(56.0, 1.9528941968732074)	(57.0, 1.6849371620802325)	(58.0, 1.4633277930991)	(59.0, 1.2731795879968686)	(60.0, 1.064001215475204)	(61.0, 0.9043933596993188)	(62.0, 0.7573699694749939)	(63.0, 0.610653517434853)	(64.0, 0.4958586365498893)	(65.0, 0.3914996539271952)	(66.0, 0.32182468611733767)	(67.0, 0.2538378783204942)	(68.0, 0.18278168868180694)	(69.0, 0.13950340471180733)	(70.0, 0.10988386993801323)	(71.0, 0.08793778976882903)	(72.0, 0.06583824050755263)	(73.0, 0.04235746941744645)	(74.0, 0.028084843852872098)	(75.0, 0.019797512879893446)	(76.0, 0.01565384739340412)	(77.0, 0.013198341919928965)	(78.0, 0.009975490985992822)	(79.0, 0.006445701867872286)	(80.0, 0.004604072762765918)	(81.0, 0.004604072762765918)	(82.0, 0.002302036381382959)	(83.0, 0.0)	(84.0, 0.0)	(85.0, 0.00046040727627659185)	(86.0, 0.00046040727627659185)	(87.0, 0.0)	(88.0, 0.0)	(89.0, 0.0)	(90.0, 0.0)	(91.0, 0.0)	(92.0, 0.0)	(93.0, 0.0)	(94.0, 0.0)	(95.0, 0.0)	(96.0, 0.0)	(97.0, 0.0)	(98.0, 0.0)	(99.0, 0.0)	(100.0, 0.0)																																																																																																					
SRR908442_1	(0.0, 2.0412892071456974)	(1.0, 0.5088741049029468)	(2.0, 0.27181541505323537)	(3.0, 0.18358680492120252)	(4.0, 0.14080929697839809)	(5.0, 0.11674694876057043)	(6.0, 0.11763814684271219)	(7.0, 0.08822861013203397)	(8.0, 0.06773105424277358)	(9.0, 0.05347188492850549)	(10.0, 0.05168948876422199)	(11.0, 0.03653912136781211)	(12.0, 0.03743031944995387)	(13.0, 0.02762714054639451)	(14.0, 0.034756725203528585)	(15.0, 0.03564792328567035)	(16.0, 0.07307824273562412)	(17.0, 0.21834353012473057)	(18.0, 0.32083130957103134)	(19.0, 0.3796503829923881)	(20.0, 0.4438166449065966)	(21.0, 0.4607494084672905)	(22.0, 0.45718461613872335)	(23.0, 0.4883765490136857)	(24.0, 0.49283253942439476)	(25.0, 0.5168948876422229)	(26.0, 0.5302628588743497)	(27.0, 0.5846259418849984)	(28.0, 0.6594865807849082)	(29.0, 0.7486063889990812)	(30.0, 0.8911980821417543)	(31.0, 1.1006296314450557)	(32.0, 1.384921819648263)	(33.0, 1.7520954294907094)	(34.0, 2.179870508918802)	(35.0, 2.8046003645002227)	(36.0, 3.305453686663777)	(37.0, 3.860670091837966)	(38.0, 4.455099212626384)	(39.0, 4.907827838354294)	(40.0, 5.30084619257872)	(41.0, 5.526319307360569)	(42.0, 5.643957454203334)	(43.0, 5.525428109278426)	(44.0, 5.275001448196615)	(45.0, 4.920304611504276)	(46.0, 4.427472072079995)	(47.0, 3.9524634942985464)	(48.0, 3.485475699256371)	(49.0, 3.0407678562677347)	(50.0, 2.6290343423182994)	(51.0, 2.2458191669972996)	(52.0, 2.0043044867368556)	(53.0, 1.6487164519622535)	(54.0, 1.410766564030377)	(55.0, 1.1549927144556997)	(56.0, 0.9687323152880829)	(57.0, 0.8065342643382921)	(58.0, 0.6675073635241843)	(59.0, 0.5311540569564913)	(60.0, 0.4767909739458426)	(61.0, 0.3796503829923881)	(62.0, 0.27359781121751886)	(63.0, 0.2103227473854549)	(64.0, 0.1604156547855169)	(65.0, 0.11942054300699573)	(66.0, 0.11229095834986161)	(67.0, 0.09268460054274279)	(68.0, 0.05436308301064725)	(69.0, 0.04277750794280443)	(70.0, 0.024062348217827472)	(71.0, 0.016041565478551647)	(72.0, 0.013367971232126373)	(73.0, 0.015150367396409887)	(74.0, 0.007129584657134067)	(75.0, 0.002673594246425275)	(76.0, 0.0017823961642835168)	(77.0, 0.0)	(78.0, 0.0)	(79.0, 0.0)	(80.0, 0.0)	(81.0, 0.0)	(82.0, 0.0)	(83.0, 0.0008911980821417584)	(84.0, 0.0)	(85.0, 0.0)	(86.0, 0.0)	(87.0, 0.0)	(88.0, 0.0)	(89.0, 0.0)	(90.0, 0.0)	(91.0, 0.0)	(92.0, 0.0)	(93.0, 0.0)	(94.0, 0.0)	(95.0, 0.0)	(96.0, 0.0)	(97.0, 0.0)	(98.0, 0.0)	(99.0, 0.0)	(100.0, 0.0)	(0.0, 2.0412892071456974)	(1.0, 0.5088741049029468)	(2.0, 0.27181541505323537)	(3.0, 0.18358680492120252)	(4.0, 0.14080929697839809)	(5.0, 0.11674694876057043)	(6.0, 0.11763814684271219)	(7.0, 0.08822861013203397)	(8.0, 0.06773105424277358)	(9.0, 0.05347188492850549)	(10.0, 0.05168948876422199)	(11.0, 0.03653912136781211)	(12.0, 0.03743031944995387)	(13.0, 0.02762714054639451)	(14.0, 0.034756725203528585)	(15.0, 0.03564792328567035)	(16.0, 0.07307824273562412)	(17.0, 0.21834353012473057)	(18.0, 0.32083130957103134)	(19.0, 0.3796503829923881)	(20.0, 0.4438166449065966)	(21.0, 0.4607494084672905)	(22.0, 0.45718461613872335)	(23.0, 0.4883765490136857)	(24.0, 0.49283253942439476)	(25.0, 0.5168948876422229)	(26.0, 0.5302628588743497)	(27.0, 0.5846259418849984)	(28.0, 0.6594865807849082)	(29.0, 0.7486063889990812)	(30.0, 0.8911980821417543)	(31.0, 1.1006296314450557)	(32.0, 1.384921819648263)	(33.0, 1.7520954294907094)	(34.0, 2.179870508918802)	(35.0, 2.8046003645002227)	(36.0, 3.305453686663777)	(37.0, 3.860670091837966)	(38.0, 4.455099212626384)	(39.0, 4.907827838354294)	(40.0, 5.30084619257872)	(41.0, 5.526319307360569)	(42.0, 5.643957454203334)	(43.0, 5.525428109278426)	(44.0, 5.275001448196615)	(45.0, 4.920304611504276)	(46.0, 4.427472072079995)	(47.0, 3.9524634942985464)	(48.0, 3.485475699256371)	(49.0, 3.0407678562677347)	(50.0, 2.6290343423182994)	(51.0, 2.2458191669972996)	(52.0, 2.0043044867368556)	(53.0, 1.6487164519622535)	(54.0, 1.410766564030377)	(55.0, 1.1549927144556997)	(56.0, 0.9687323152880829)	(57.0, 0.8065342643382921)	(58.0, 0.6675073635241843)	(59.0, 0.5311540569564913)	(60.0, 0.4767909739458426)	(61.0, 0.3796503829923881)	(62.0, 0.27359781121751886)	(63.0, 0.2103227473854549)	(64.0, 0.1604156547855169)	(65.0, 0.11942054300699573)	(66.0, 0.11229095834986161)	(67.0, 0.09268460054274279)	(68.0, 0.05436308301064725)	(69.0, 0.04277750794280443)	(70.0, 0.024062348217827472)	(71.0, 0.016041565478551647)	(72.0, 0.013367971232126373)	(73.0, 0.015150367396409887)	(74.0, 0.007129584657134067)	(75.0, 0.002673594246425275)	(76.0, 0.0017823961642835168)	(77.0, 0.0)	(78.0, 0.0)	(79.0, 0.0)	(80.0, 0.0)	(81.0, 0.0)	(82.0, 0.0)	(83.0, 0.0008911980821417584)	(84.0, 0.0)	(85.0, 0.0)	(86.0, 0.0)	(87.0, 0.0)	(88.0, 0.0)	(89.0, 0.0)	(90.0, 0.0)	(91.0, 0.0)	(92.0, 0.0)	(93.0, 0.0)	(94.0, 0.0)	(95.0, 0.0)	(96.0, 0.0)	(97.0, 0.0)	(98.0, 0.0)	(99.0, 0.0)	(100.0, 0.0)
SRR908442_1_paired	(0.0, 8.091082092000784)	(1.0, 4.34053773511743)	(2.0, 0.44383728352492685)	(3.0, 0.08053499096218432)	(4.0, 0.039372662248178994)	(5.0, 0.016106998192436862)	(6.0, 0.01789666465826318)	(7.0, 0.01789666465826318)	(8.0, 0.007158665863305273)	(9.0, 0.005368999397478954)	(10.0, 0.0017896664658263181)	(11.0, 0.0)	(12.0, 0.0)	(13.0, 0.0)	(14.0, 0.0017896664658263181)	(15.0, 0.016106998192436862)	(16.0, 0.026844996987394773)	(17.0, 0.030424329919047408)	(18.0, 0.023265664055742135)	(19.0, 0.024458775032959686)	(20.0, 0.05130377202035445)	(21.0, 0.08411432389383694)	(22.0, 0.118117986744537)	(23.0, 0.17538731365097918)	(24.0, 0.2529395271701197)	(25.0, 0.3203502973829109)	(26.0, 0.42295784142361975)	(27.0, 0.5237757189985023)	(28.0, 0.7600116924875767)	(29.0, 0.900798787799247)	(30.0, 1.0320409952931768)	(31.0, 1.2336767504429413)	(32.0, 1.4180123964230518)	(33.0, 1.7365730273401356)	(34.0, 1.9775814447380815)	(35.0, 2.135668649219406)	(36.0, 2.3420768482780425)	(37.0, 2.544309158916418)	(38.0, 2.686289365205306)	(39.0, 2.829462682471411)	(40.0, 2.9153666728310776)	(41.0, 2.9577221125222977)	(42.0, 3.102088540765622)	(43.0, 3.1605509786492805)	(44.0, 3.0931402084364885)	(45.0, 3.0961229858795325)	(46.0, 3.0818056541529226)	(47.0, 3.0412398809275274)	(48.0, 3.0841918761073583)	(49.0, 3.081209098664315)	(50.0, 2.91298045087664)	(51.0, 2.7656312451902716)	(52.0, 2.65467192430904)	(53.0, 2.463177612465623)	(54.0, 2.2854040768602086)	(55.0, 2.0652751015635715)	(56.0, 2.058116435700266)	(57.0, 2.0766096558471365)	(58.0, 1.880939455583458)	(59.0, 1.6721450345703888)	(60.0, 1.537323494144806)	(61.0, 1.4066778421394848)	(62.0, 1.255152748032857)	(63.0, 1.0821516563363132)	(64.0, 0.8650054584827208)	(65.0, 0.74867713820401)	(66.0, 0.6687387027304345)	(67.0, 0.4867892787047585)	(68.0, 0.4116232871400529)	(69.0, 0.3579332931652635)	(70.0, 0.2797845241575144)	(71.0, 0.21595308687637568)	(72.0, 0.15152509410662826)	(73.0, 0.11692487576731944)	(74.0, 0.07814876900774922)	(75.0, 0.0590589933722685)	(76.0, 0.050110661043136905)	(77.0, 0.025055330521568452)	(78.0, 0.00894833232913159)	(79.0, 0.00894833232913159)	(80.0, 0.005368999397478954)	(81.0, 0.0017896664658263181)	(82.0, 0.0)	(83.0, 0.0)	(84.0, 0.0)	(85.0, 0.0)	(86.0, 0.0)	(87.0, 0.0)	(88.0, 0.0)	(89.0, 0.0)	(90.0, 0.0)	(91.0, 0.0)	(92.0, 0.0)	(93.0, 0.0)	(94.0, 0.0)	(95.0, 0.0)	(96.0, 0.0)	(97.0, 0.0)	(98.0, 0.0)	(99.0, 0.0)	(100.0, 0.0)																																																																																																					
SRR908442_2	(0.0, 1.706569648234086)	(1.0, 1.0389749018177683)	(2.0, 0.47856891881675373)	(3.0, 0.24906932577823446)	(4.0, 0.1476625288542397)	(5.0, 0.08628473071603132)	(6.0, 0.05693013160645372)	(7.0, 0.042697598704840335)	(8.0, 0.03558133225403361)	(9.0, 0.03202319902863024)	(10.0, 0.026685999190525195)	(11.0, 0.022238332658770985)	(12.0, 0.020459266046069305)	(13.0, 0.01512206620796427)	(14.0, 0.01601159951431511)	(15.0, 0.01779066612701679)	(16.0, 0.021348799352420143)	(17.0, 0.028465065803226875)	(18.0, 0.037360398866735284)	(19.0, 0.03913946547943697)	(20.0, 0.06404639805726041)	(21.0, 0.07649986434617212)	(22.0, 0.10941259668115333)	(23.0, 0.13965672909708207)	(24.0, 0.18502292772097492)	(25.0, 0.23572632618297207)	(26.0, 0.272197191743356)	(27.0, 0.3326854565752122)	(28.0, 0.3949527880197724)	(29.0, 0.43142365358015783)	(30.0, 0.5177083842961918)	(31.0, 0.5906501154169628)	(32.0, 0.685830179196505)	(33.0, 0.8308241081316836)	(34.0, 1.0291900354479098)	(35.0, 1.2248873628450834)	(36.0, 1.4846310882995337)	(37.0, 1.8769152764002988)	(38.0, 2.365269061586965)	(39.0, 3.050209707477081)	(40.0, 3.776068885459201)	(41.0, 4.477021130863504)	(42.0, 5.3309731049601154)	(43.0, 5.945640619648733)	(44.0, 6.473133870315022)	(45.0, 6.812935593341196)	(46.0, 6.64392426513446)	(47.0, 6.339703874362335)	(48.0, 5.913617420620089)	(49.0, 5.111258378291509)	(50.0, 4.395184066679245)	(51.0, 3.569697158385853)	(52.0, 2.97904704296903)	(53.0, 2.484466524637991)	(54.0, 1.9765430067116039)	(55.0, 1.537113553374239)	(56.0, 1.2159920297815754)	(57.0, 1.014957502546297)	(58.0, 0.8219287750681756)	(59.0, 0.6244523810582956)	(60.0, 0.5319409171978056)	(61.0, 0.4483247864008243)	(62.0, 0.3326854565752122)	(63.0, 0.24373212594012952)	(64.0, 0.194807794090834)	(65.0, 0.17256946143206334)	(66.0, 0.12186606297006518)	(67.0, 0.09429053047318894)	(68.0, 0.09695913039224148)	(69.0, 0.06404639805726041)	(70.0, 0.044476665317542005)	(71.0, 0.03913946547943697)	(72.0, 0.03202319902863024)	(73.0, 0.027575532496876033)	(74.0, 0.021348799352420143)	(75.0, 0.01512206620796427)	(76.0, 0.012453466288911755)	(77.0, 0.009784866369859238)	(78.0, 0.006226733144455878)	(79.0, 0.003558133225403359)	(80.0, 0.004447666531754198)	(81.0, 0.003558133225403359)	(82.0, 0.002668599919052519)	(83.0, 0.004447666531754198)	(84.0, 0.002668599919052519)	(85.0, 0.0008895333063508397)	(86.0, 0.002668599919052519)	(87.0, 0.0008895333063508397)	(88.0, 0.0017790666127016795)	(89.0, 0.0)	(90.0, 0.0)	(91.0, 0.0)	(92.0, 0.0008895333063508397)	(93.0, 0.0008895333063508397)	(94.0, 0.0)	(95.0, 0.0008895333063508397)	(96.0, 0.0)	(97.0, 0.0)	(98.0, 0.0)	(99.0, 0.0)	(100.0, 0.0)	(0.0, 1.706569648234086)	(1.0, 1.0389749018177683)	(2.0, 0.47856891881675373)	(3.0, 0.24906932577823446)	(4.0, 0.1476625288542397)	(5.0, 0.08628473071603132)	(6.0, 0.05693013160645372)	(7.0, 0.042697598704840335)	(8.0, 0.03558133225403361)	(9.0, 0.03202319902863024)	(10.0, 0.026685999190525195)	(11.0, 0.022238332658770985)	(12.0, 0.020459266046069305)	(13.0, 0.01512206620796427)	(14.0, 0.01601159951431511)	(15.0, 0.01779066612701679)	(16.0, 0.021348799352420143)	(17.0, 0.028465065803226875)	(18.0, 0.037360398866735284)	(19.0, 0.03913946547943697)	(20.0, 0.06404639805726041)	(21.0, 0.07649986434617212)	(22.0, 0.10941259668115333)	(23.0, 0.13965672909708207)	(24.0, 0.18502292772097492)	(25.0, 0.23572632618297207)	(26.0, 0.272197191743356)	(27.0, 0.3326854565752122)	(28.0, 0.3949527880197724)	(29.0, 0.43142365358015783)	(30.0, 0.5177083842961918)	(31.0, 0.5906501154169628)	(32.0, 0.685830179196505)	(33.0, 0.8308241081316836)	(34.0, 1.0291900354479098)	(35.0, 1.2248873628450834)	(36.0, 1.4846310882995337)	(37.0, 1.8769152764002988)	(38.0, 2.365269061586965)	(39.0, 3.050209707477081)	(40.0, 3.776068885459201)	(41.0, 4.477021130863504)	(42.0, 5.3309731049601154)	(43.0, 5.945640619648733)	(44.0, 6.473133870315022)	(45.0, 6.812935593341196)	(46.0, 6.64392426513446)	(47.0, 6.339703874362335)	(48.0, 5.913617420620089)	(49.0, 5.111258378291509)	(50.0, 4.395184066679245)	(51.0, 3.569697158385853)	(52.0, 2.97904704296903)	(53.0, 2.484466524637991)	(54.0, 1.9765430067116039)	(55.0, 1.537113553374239)	(56.0, 1.2159920297815754)	(57.0, 1.014957502546297)	(58.0, 0.8219287750681756)	(59.0, 0.6244523810582956)	(60.0, 0.5319409171978056)	(61.0, 0.4483247864008243)	(62.0, 0.3326854565752122)	(63.0, 0.24373212594012952)	(64.0, 0.194807794090834)	(65.0, 0.17256946143206334)	(66.0, 0.12186606297006518)	(67.0, 0.09429053047318894)	(68.0, 0.09695913039224148)	(69.0, 0.06404639805726041)	(70.0, 0.044476665317542005)	(71.0, 0.03913946547943697)	(72.0, 0.03202319902863024)	(73.0, 0.027575532496876033)	(74.0, 0.021348799352420143)	(75.0, 0.01512206620796427)	(76.0, 0.012453466288911755)	(77.0, 0.009784866369859238)	(78.0, 0.006226733144455878)	(79.0, 0.003558133225403359)	(80.0, 0.004447666531754198)	(81.0, 0.003558133225403359)	(82.0, 0.002668599919052519)	(83.0, 0.004447666531754198)	(84.0, 0.002668599919052519)	(85.0, 0.0008895333063508397)	(86.0, 0.002668599919052519)	(87.0, 0.0008895333063508397)	(88.0, 0.0017790666127016795)	(89.0, 0.0)	(90.0, 0.0)	(91.0, 0.0)	(92.0, 0.0008895333063508397)	(93.0, 0.0008895333063508397)	(94.0, 0.0)	(95.0, 0.0008895333063508397)	(96.0, 0.0)	(97.0, 0.0)	(98.0, 0.0)	(99.0, 0.0)	(100.0, 0.0)
SRR908442_2_paired	(0.0, 6.896210662275928)	(1.0, 4.395003403596758)	(2.0, 1.0699511860225626)	(3.0, 0.12392583068124297)	(4.0, 0.00872717117473542)	(5.0, 0.001745434234947084)	(6.0, 0.0)	(7.0, 0.0)	(8.0, 0.0)	(9.0, 0.0)	(10.0, 0.0)	(11.0, 0.0)	(12.0, 0.0)	(13.0, 0.001745434234947084)	(14.0, 0.001745434234947084)	(15.0, 0.001745434234947084)	(16.0, 0.003490868469894168)	(17.0, 0.006981736939788336)	(18.0, 0.00872717117473542)	(19.0, 0.0477085357552203)	(20.0, 0.06283563245809502)	(21.0, 0.05759932975325377)	(22.0, 0.09716250574538768)	(23.0, 0.14894372138215117)	(24.0, 0.20945210819365007)	(25.0, 0.28566940311967276)	(26.0, 0.34675960134282063)	(27.0, 0.44799478696975154)	(28.0, 0.5922840170587104)	(29.0, 0.7412277384408618)	(30.0, 0.8895896484113639)	(31.0, 1.1019508136632588)	(32.0, 1.4178744101886802)	(33.0, 1.612199421679455)	(34.0, 1.7605613316499569)	(35.0, 2.0834666651151696)	(36.0, 2.2312467636740223)	(37.0, 2.447680608807462)	(38.0, 2.775240433565866)	(39.0, 2.780476736270707)	(40.0, 2.724041029340751)	(41.0, 2.932911326122752)	(42.0, 3.1435270571397)	(43.0, 3.0638188937437834)	(44.0, 2.983528918936217)	(45.0, 3.1417816229047526)	(46.0, 3.1586541538425745)	(47.0, 2.981201673289621)	(48.0, 2.9631655195285016)	(49.0, 3.0481099856292584)	(50.0, 3.010292243872072)	(51.0, 2.8572758426083777)	(52.0, 2.7583679026280423)	(53.0, 2.647823734414728)	(54.0, 2.4948073331510328)	(55.0, 2.2917551504855216)	(56.0, 2.138738749221827)	(57.0, 2.107902744404428)	(58.0, 1.976995176783397)	(59.0, 1.8129243586983708)	(60.0, 1.6296537640289273)	(61.0, 1.4789646084118289)	(62.0, 1.3183846587966972)	(63.0, 1.1397685554204455)	(64.0, 0.9937338910965398)	(65.0, 0.829081261599865)	(66.0, 0.7028281852720258)	(67.0, 0.6254472675227052)	(68.0, 0.540502801421947)	(69.0, 0.414831536505757)	(70.0, 0.33337793887489303)	(71.0, 0.2984692541759514)	(72.0, 0.23563362171785635)	(73.0, 0.16057994961513172)	(74.0, 0.12392583068124297)	(75.0, 0.09250801445219545)	(76.0, 0.06632650092798918)	(77.0, 0.047126724343571263)	(78.0, 0.01745434234947084)	(79.0, 0.019199776584417922)	(80.0, 0.022690645054312092)	(81.0, 0.010472605409682504)	(82.0, 0.003490868469894168)	(83.0, 0.0)	(84.0, 0.0)	(85.0, 0.0)	(86.0, 0.0)	(87.0, 0.0)	(88.0, 0.0)	(89.0, 0.0)	(90.0, 0.0)	(91.0, 0.0)	(92.0, 0.0)	(93.0, 0.0)	(94.0, 0.0)	(95.0, 0.0)	(96.0, 0.0)	(97.0, 0.0)	(98.0, 0.0)	(99.0, 0.0)	(100.0, 0.0)																																																																																																					
SRR908443_1	(0.0, 3.4130249257474814)	(1.0, 0.8572409628568225)	(2.0, 0.39783558497225363)	(3.0, 0.273785203394356)	(4.0, 0.21166893303010306)	(5.0, 0.15902493849852217)	(6.0, 0.1413555008875763)	(7.0, 0.11876776620966437)	(8.0, 0.09381196257358407)	(9.0, 0.08452184589153958)	(10.0, 0.0673988857324773)	(11.0, 0.05082240302530061)	(12.0, 0.04663274256084935)	(13.0, 0.04408251445205293)	(14.0, 0.03570319352315042)	(15.0, 0.028234668347389347)	(16.0, 0.030784896456185817)	(17.0, 0.0613876337617429)	(18.0, 0.10474151161128348)	(19.0, 0.13534424891684177)	(20.0, 0.16376107641485815)	(21.0, 0.1714117607412471)	(22.0, 0.18562017449025506)	(23.0, 0.19126710815973264)	(24.0, 0.20347177125182922)	(25.0, 0.22478439187534124)	(26.0, 0.24208951118503047)	(27.0, 0.27287440764121446)	(28.0, 0.3249719247209181)	(29.0, 0.41568718173383085)	(30.0, 0.5218859665501523)	(31.0, 0.6632414674377078)	(32.0, 0.8652559654844665)	(33.0, 1.1426843518913479)	(34.0, 1.4827754861145725)	(35.0, 1.9913638346690676)	(36.0, 2.603236421629368)	(37.0, 3.2260385576270214)	(38.0, 3.9561324333446564)	(39.0, 4.614637762865803)	(40.0, 5.25438069987362)	(41.0, 5.691744820533007)	(42.0, 5.942395811798028)	(43.0, 5.9901215092627345)	(44.0, 5.830003615860151)	(45.0, 5.6043084282312545)	(46.0, 5.2751468430452855)	(47.0, 4.826306695896294)	(48.0, 4.432114293936018)	(49.0, 3.9158752610558345)	(50.0, 3.396539522614972)	(51.0, 2.840771954048479)	(52.0, 2.3713478228797302)	(53.0, 1.90338096491555)	(54.0, 1.5574607378722167)	(55.0, 1.2465150677495365)	(56.0, 0.9348407610244682)	(57.0, 0.7182535309274474)	(58.0, 0.5719797329729411)	(59.0, 0.45940537788463215)	(60.0, 0.3568497760808774)	(61.0, 0.2819823651726302)	(62.0, 0.207479272565652)	(63.0, 0.15501743718469937)	(64.0, 0.11603537895023952)	(65.0, 0.0870720740003361)	(66.0, 0.06266274781614112)	(67.0, 0.03934637653571673)	(68.0, 0.025502281087964557)	(69.0, 0.020948302322256574)	(70.0, 0.01712296015906187)	(71.0, 0.01311545884523889)	(72.0, 0.009107957531415906)	(73.0, 0.005829092820106178)	(74.0, 0.00364318301256636)	(75.0, 0.0034610238619380423)	(76.0, 0.00364318301256636)	(77.0, 0.002003750656911499)	(78.0, 0.0009107957531415902)	(79.0, 0.0014572732050265444)	(80.0, 0.0003643183012566361)	(81.0, 0.0)	(82.0, 0.0003643183012566361)	(83.0, 0.0003643183012566361)	(84.0, 0.00018215915062831805)	(85.0, 0.0007286366025132722)	(86.0, 0.0007286366025132722)	(87.0, 0.0005464774518849542)	(88.0, 0.00018215915062831805)	(89.0, 0.0003643183012566361)	(90.0, 0.00018215915062831805)	(91.0, 0.00018215915062831805)	(92.0, 0.0)	(93.0, 0.00018215915062831805)	(94.0, 0.0)	(95.0, 0.0)	(96.0, 0.0)	(97.0, 0.0)	(98.0, 0.00018215915062831805)	(99.0, 0.0)	(100.0, 0.0)	(0.0, 3.4130249257474814)	(1.0, 0.8572409628568225)	(2.0, 0.39783558497225363)	(3.0, 0.273785203394356)	(4.0, 0.21166893303010306)	(5.0, 0.15902493849852217)	(6.0, 0.1413555008875763)	(7.0, 0.11876776620966437)	(8.0, 0.09381196257358407)	(9.0, 0.08452184589153958)	(10.0, 0.0673988857324773)	(11.0, 0.05082240302530061)	(12.0, 0.04663274256084935)	(13.0, 0.04408251445205293)	(14.0, 0.03570319352315042)	(15.0, 0.028234668347389347)	(16.0, 0.030784896456185817)	(17.0, 0.0613876337617429)	(18.0, 0.10474151161128348)	(19.0, 0.13534424891684177)	(20.0, 0.16376107641485815)	(21.0, 0.1714117607412471)	(22.0, 0.18562017449025506)	(23.0, 0.19126710815973264)	(24.0, 0.20347177125182922)	(25.0, 0.22478439187534124)	(26.0, 0.24208951118503047)	(27.0, 0.27287440764121446)	(28.0, 0.3249719247209181)	(29.0, 0.41568718173383085)	(30.0, 0.5218859665501523)	(31.0, 0.6632414674377078)	(32.0, 0.8652559654844665)	(33.0, 1.1426843518913479)	(34.0, 1.4827754861145725)	(35.0, 1.9913638346690676)	(36.0, 2.603236421629368)	(37.0, 3.2260385576270214)	(38.0, 3.9561324333446564)	(39.0, 4.614637762865803)	(40.0, 5.25438069987362)	(41.0, 5.691744820533007)	(42.0, 5.942395811798028)	(43.0, 5.9901215092627345)	(44.0, 5.830003615860151)	(45.0, 5.6043084282312545)	(46.0, 5.2751468430452855)	(47.0, 4.826306695896294)	(48.0, 4.432114293936018)	(49.0, 3.9158752610558345)	(50.0, 3.396539522614972)	(51.0, 2.840771954048479)	(52.0, 2.3713478228797302)	(53.0, 1.90338096491555)	(54.0, 1.5574607378722167)	(55.0, 1.2465150677495365)	(56.0, 0.9348407610244682)	(57.0, 0.7182535309274474)	(58.0, 0.5719797329729411)	(59.0, 0.45940537788463215)	(60.0, 0.3568497760808774)	(61.0, 0.2819823651726302)	(62.0, 0.207479272565652)	(63.0, 0.15501743718469937)	(64.0, 0.11603537895023952)	(65.0, 0.0870720740003361)	(66.0, 0.06266274781614112)	(67.0, 0.03934637653571673)	(68.0, 0.025502281087964557)	(69.0, 0.020948302322256574)	(70.0, 0.01712296015906187)	(71.0, 0.01311545884523889)	(72.0, 0.009107957531415906)	(73.0, 0.005829092820106178)	(74.0, 0.00364318301256636)	(75.0, 0.0034610238619380423)	(76.0, 0.00364318301256636)	(77.0, 0.002003750656911499)	(78.0, 0.0009107957531415902)	(79.0, 0.0014572732050265444)	(80.0, 0.0003643183012566361)	(81.0, 0.0)	(82.0, 0.0003643183012566361)	(83.0, 0.0003643183012566361)	(84.0, 0.00018215915062831805)	(85.0, 0.0007286366025132722)	(86.0, 0.0007286366025132722)	(87.0, 0.0005464774518849542)	(88.0, 0.00018215915062831805)	(89.0, 0.0003643183012566361)	(90.0, 0.00018215915062831805)	(91.0, 0.00018215915062831805)	(92.0, 0.0)	(93.0, 0.00018215915062831805)	(94.0, 0.0)	(95.0, 0.0)	(96.0, 0.0)	(97.0, 0.0)	(98.0, 0.00018215915062831805)	(99.0, 0.0)	(100.0, 0.0)
SRR908443_1_paired	(0.0, 6.251732857853086)	(1.0, 3.3870200581284204)	(2.0, 0.3884589276836598)	(3.0, 0.05640751080347252)	(4.0, 0.014878676048797305)	(5.0, 0.011472714061723224)	(6.0, 0.007349707445791441)	(7.0, 0.00466079008757506)	(8.0, 0.002688917358216381)	(9.0, 0.0007170446288577015)	(10.0, 0.0010755669432865524)	(11.0, 0.002688917358216381)	(12.0, 0.003943745458717359)	(13.0, 0.004481528930360634)	(14.0, 0.003943745458717359)	(15.0, 0.006453401659719315)	(16.0, 0.016253011587441236)	(17.0, 0.021272323989445147)	(18.0, 0.02599286779609168)	(19.0, 0.040154499216031286)	(20.0, 0.06160608436269087)	(21.0, 0.09040737695514188)	(22.0, 0.13199596542888856)	(23.0, 0.1947373704539374)	(24.0, 0.26464922176756345)	(25.0, 0.34914098053462955)	(26.0, 0.4813759608398036)	(27.0, 0.6275335576886304)	(28.0, 0.7725558338750999)	(29.0, 0.970579658877972)	(30.0, 1.2085787219396615)	(31.0, 1.4619344908027225)	(32.0, 1.7142744464415522)	(33.0, 1.9834649508585342)	(34.0, 2.2843249263833996)	(35.0, 2.5964783548127697)	(36.0, 2.9102451336570705)	(37.0, 3.21080634058662)	(38.0, 3.4180919920455772)	(39.0, 3.574467474855646)	(40.0, 3.6922420551455373)	(41.0, 3.700786836972756)	(42.0, 3.7121400435963334)	(43.0, 3.677960916287449)	(44.0, 3.5690298864201395)	(45.0, 3.516745382232598)	(46.0, 3.433030421813463)	(47.0, 3.355470094458684)	(48.0, 3.3641343837240467)	(49.0, 3.268827201805033)	(50.0, 3.0944658495544615)	(51.0, 2.9356404642624705)	(52.0, 2.7222001797391653)	(53.0, 2.426718038930731)	(54.0, 2.1725854717197537)	(55.0, 1.9804772649049662)	(56.0, 1.7461231787066476)	(57.0, 1.5552697999923597)	(58.0, 1.3852107155149422)	(59.0, 1.1731447665302728)	(60.0, 0.9911349382385581)	(61.0, 0.8277682702971448)	(62.0, 0.6904542238708933)	(63.0, 0.5668237791120123)	(64.0, 0.4498259971700649)	(65.0, 0.3642586714597128)	(66.0, 0.2861605606332946)	(67.0, 0.2145158514665957)	(68.0, 0.1587058778538379)	(69.0, 0.12351093732073906)	(70.0, 0.09429136869478778)	(71.0, 0.06590835213583708)	(72.0, 0.043142185169605045)	(73.0, 0.027665971930092976)	(74.0, 0.017926115721442537)	(75.0, 0.011114191747294375)	(76.0, 0.008246013231863568)	(77.0, 0.007409461164862915)	(78.0, 0.005019312402003911)	(79.0, 0.00233039504378753)	(80.0, 0.001434089257715403)	(81.0, 0.0010755669432865524)	(82.0, 0.00017926115721442537)	(83.0, 0.0)	(84.0, 0.0)	(85.0, 0.0)	(86.0, 0.0)	(87.0, 0.0)	(88.0, 0.0)	(89.0, 0.0)	(90.0, 0.0)	(91.0, 0.0)	(92.0, 0.0)	(93.0, 0.0)	(94.0, 0.0)	(95.0, 0.0)	(96.0, 0.0)	(97.0, 0.0)	(98.0, 0.0)	(99.0, 0.0)	(100.0, 0.0)																																																																																																					
SRR908443_2	(0.0, 3.087979997597944)	(1.0, 1.5948057808981015)	(2.0, 0.7393537069589664)	(3.0, 0.3683120607642124)	(4.0, 0.18834139470896916)	(5.0, 0.10445213580961311)	(6.0, 0.07278894481506068)	(7.0, 0.049678454836279015)	(8.0, 0.03766827894179412)	(9.0, 0.02911557792602446)	(10.0, 0.02311048997878188)	(11.0, 0.014921733687087489)	(12.0, 0.010736369360221496)	(13.0, 0.012192148256522711)	(14.0, 0.01310201006671097)	(15.0, 0.012920037704673318)	(16.0, 0.012010175894485059)	(17.0, 0.011828203532447408)	(18.0, 0.013647927152823928)	(19.0, 0.01710540203153931)	(20.0, 0.02547613068527138)	(21.0, 0.028751633201949147)	(22.0, 0.03821419602790707)	(23.0, 0.052044095542768475)	(24.0, 0.06714780159189342)	(25.0, 0.08279742472713185)	(26.0, 0.10972933430870518)	(27.0, 0.1406646358551069)	(28.0, 0.17833291479689886)	(29.0, 0.23820182190728312)	(30.0, 0.30462173405102677)	(31.0, 0.37668278941794536)	(32.0, 0.49259918403594316)	(33.0, 0.631990013356776)	(34.0, 0.8470813452852323)	(35.0, 1.126408921012971)	(36.0, 1.4999981802764415)	(37.0, 1.9451025778207418)	(38.0, 2.418958608566755)	(39.0, 3.0196493756524996)	(40.0, 3.665469288523541)	(41.0, 4.362605407489154)	(42.0, 4.996051199743075)	(43.0, 5.512124818482796)	(44.0, 5.955045547683248)	(45.0, 6.095164266452495)	(46.0, 6.181055221334423)	(47.0, 6.042756226185556)	(48.0, 5.8116513263973175)	(49.0, 5.438426011857413)	(50.0, 4.857752204594208)	(51.0, 4.212114264084152)	(52.0, 3.5439117506824998)	(53.0, 2.91537921220502)	(54.0, 2.332521736598949)	(55.0, 1.876317024970478)	(56.0, 1.4350340470289702)	(57.0, 1.0945637576563834)	(58.0, 0.8177837949971768)	(59.0, 0.5983251263798178)	(60.0, 0.4596621865071243)	(61.0, 0.3613971110067808)	(62.0, 0.28096532698612925)	(63.0, 0.22491783947853525)	(64.0, 0.18397405802006575)	(65.0, 0.1432122489236339)	(66.0, 0.10772763832629095)	(67.0, 0.0886205403123369)	(68.0, 0.07078724883264645)	(69.0, 0.052953957352956715)	(70.0, 0.04713084176775192)	(71.0, 0.04112575382050947)	(72.0, 0.03220910808066457)	(73.0, 0.02438429651304546)	(74.0, 0.01965301510006646)	(75.0, 0.017651319117652265)	(76.0, 0.012920037704673318)	(77.0, 0.009826507550033236)	(78.0, 0.007824811567619062)	(79.0, 0.007824811567619062)	(80.0, 0.005641143223167228)	(81.0, 0.0032755025166777444)	(82.0, 0.0025476130685271347)	(83.0, 0.00218366834445183)	(84.0, 0.0007278894481506101)	(85.0, 0.0007278894481506101)	(86.0, 0.0014557788963012201)	(87.0, 0.0012738065342635674)	(88.0, 0.0010918341722259148)	(89.0, 0.0005459170861129575)	(90.0, 0.0007278894481506101)	(91.0, 0.00036394472407530503)	(92.0, 0.00018197236203765251)	(93.0, 0.00036394472407530503)	(94.0, 0.0005459170861129575)	(95.0, 0.00018197236203765251)	(96.0, 0.0)	(97.0, 0.00018197236203765251)	(98.0, 0.00018197236203765251)	(99.0, 0.00018197236203765251)	(100.0, 0.00027295854305647876)	(0.0, 3.087979997597944)	(1.0, 1.5948057808981015)	(2.0, 0.7393537069589664)	(3.0, 0.3683120607642124)	(4.0, 0.18834139470896916)	(5.0, 0.10445213580961311)	(6.0, 0.07278894481506068)	(7.0, 0.049678454836279015)	(8.0, 0.03766827894179412)	(9.0, 0.02911557792602446)	(10.0, 0.02311048997878188)	(11.0, 0.014921733687087489)	(12.0, 0.010736369360221496)	(13.0, 0.012192148256522711)	(14.0, 0.01310201006671097)	(15.0, 0.012920037704673318)	(16.0, 0.012010175894485059)	(17.0, 0.011828203532447408)	(18.0, 0.013647927152823928)	(19.0, 0.01710540203153931)	(20.0, 0.02547613068527138)	(21.0, 0.028751633201949147)	(22.0, 0.03821419602790707)	(23.0, 0.052044095542768475)	(24.0, 0.06714780159189342)	(25.0, 0.08279742472713185)	(26.0, 0.10972933430870518)	(27.0, 0.1406646358551069)	(28.0, 0.17833291479689886)	(29.0, 0.23820182190728312)	(30.0, 0.30462173405102677)	(31.0, 0.37668278941794536)	(32.0, 0.49259918403594316)	(33.0, 0.631990013356776)	(34.0, 0.8470813452852323)	(35.0, 1.126408921012971)	(36.0, 1.4999981802764415)	(37.0, 1.9451025778207418)	(38.0, 2.418958608566755)	(39.0, 3.0196493756524996)	(40.0, 3.665469288523541)	(41.0, 4.362605407489154)	(42.0, 4.996051199743075)	(43.0, 5.512124818482796)	(44.0, 5.955045547683248)	(45.0, 6.095164266452495)	(46.0, 6.181055221334423)	(47.0, 6.042756226185556)	(48.0, 5.8116513263973175)	(49.0, 5.438426011857413)	(50.0, 4.857752204594208)	(51.0, 4.212114264084152)	(52.0, 3.5439117506824998)	(53.0, 2.91537921220502)	(54.0, 2.332521736598949)	(55.0, 1.876317024970478)	(56.0, 1.4350340470289702)	(57.0, 1.0945637576563834)	(58.0, 0.8177837949971768)	(59.0, 0.5983251263798178)	(60.0, 0.4596621865071243)	(61.0, 0.3613971110067808)	(62.0, 0.28096532698612925)	(63.0, 0.22491783947853525)	(64.0, 0.18397405802006575)	(65.0, 0.1432122489236339)	(66.0, 0.10772763832629095)	(67.0, 0.0886205403123369)	(68.0, 0.07078724883264645)	(69.0, 0.052953957352956715)	(70.0, 0.04713084176775192)	(71.0, 0.04112575382050947)	(72.0, 0.03220910808066457)	(73.0, 0.02438429651304546)	(74.0, 0.01965301510006646)	(75.0, 0.017651319117652265)	(76.0, 0.012920037704673318)	(77.0, 0.009826507550033236)	(78.0, 0.007824811567619062)	(79.0, 0.007824811567619062)	(80.0, 0.005641143223167228)	(81.0, 0.0032755025166777444)	(82.0, 0.0025476130685271347)	(83.0, 0.00218366834445183)	(84.0, 0.0007278894481506101)	(85.0, 0.0007278894481506101)	(86.0, 0.0014557788963012201)	(87.0, 0.0012738065342635674)	(88.0, 0.0010918341722259148)	(89.0, 0.0005459170861129575)	(90.0, 0.0007278894481506101)	(91.0, 0.00036394472407530503)	(92.0, 0.00018197236203765251)	(93.0, 0.00036394472407530503)	(94.0, 0.0005459170861129575)	(95.0, 0.00018197236203765251)	(96.0, 0.0)	(97.0, 0.00018197236203765251)	(98.0, 0.00018197236203765251)	(99.0, 0.00018197236203765251)	(100.0, 0.00027295854305647876)
SRR908443_2_paired	(0.0, 6.185483965116691)	(1.0, 3.4738550264426737)	(2.0, 0.4295037183184097)	(3.0, 0.03589899249331639)	(4.0, 0.004027691840713546)	(5.0, 0.002101404438633155)	(6.0, 0.0012258192558693402)	(7.0, 0.0007004681462110516)	(8.0, 0.0008755851827638144)	(9.0, 0.0005253511096582887)	(10.0, 0.0008755851827638144)	(11.0, 0.0024516385117386804)	(12.0, 0.0033272236945024953)	(13.0, 0.003152106657949732)	(14.0, 0.003677457767608021)	(15.0, 0.007004681462110515)	(16.0, 0.012433309595246165)	(17.0, 0.01646100143595971)	(18.0, 0.021481023150472248)	(19.0, 0.033739215709165646)	(20.0, 0.0523599939292761)	(21.0, 0.07173961264111522)	(22.0, 0.1071716263702909)	(23.0, 0.15807231166162727)	(24.0, 0.21650302952473244)	(25.0, 0.28345610983340563)	(26.0, 0.40259406703480216)	(27.0, 0.5485249308287703)	(28.0, 0.6827229531737035)	(29.0, 0.8760521615279548)	(30.0, 1.0901619248864698)	(31.0, 1.3161212743850554)	(32.0, 1.5499608905285116)	(33.0, 1.816605764852843)	(34.0, 2.1307073560829703)	(35.0, 2.4522222351938314)	(36.0, 2.7645142837129133)	(37.0, 3.041549435539397)	(38.0, 3.265290635908323)	(39.0, 3.441691864062487)	(40.0, 3.5772908226998488)	(41.0, 3.688957119674996)	(42.0, 3.7062353339482055)	(43.0, 3.628016390954632)	(44.0, 3.5429678835355025)	(45.0, 3.5169921897801735)	(46.0, 3.4963867518124694)	(47.0, 3.485704612582751)	(48.0, 3.4616552062295023)	(49.0, 3.3164831829272545)	(50.0, 3.1347700713310043)	(51.0, 2.9956687719625896)	(52.0, 2.836487385736125)	(53.0, 2.556125010215153)	(54.0, 2.3046569457253896)	(55.0, 2.0829004051040787)	(56.0, 1.8815741854139205)	(57.0, 1.7068073829342625)	(58.0, 1.496316704997842)	(59.0, 1.292889080869049)	(60.0, 1.1032373302824063)	(61.0, 0.9254351658358344)	(62.0, 0.7848745578294831)	(63.0, 0.654820972016298)	(64.0, 0.5303711313728011)	(65.0, 0.4186464620521384)	(66.0, 0.3309128267392043)	(67.0, 0.26909651283607905)	(68.0, 0.21790396581715463)	(69.0, 0.16355931214028055)	(70.0, 0.1127753715399793)	(71.0, 0.07997011335909505)	(72.0, 0.06024026057415043)	(73.0, 0.04763183394235151)	(74.0, 0.03292200287191942)	(75.0, 0.019788225130462207)	(76.0, 0.012608426631798928)	(77.0, 0.006304213315899464)	(78.0, 0.004027691840713546)	(79.0, 0.0028018725848442064)	(80.0, 0.0022765214751859176)	(81.0, 0.0017511703655276288)	(82.0, 0.0007004681462110516)	(83.0, 0.0005253511096582887)	(84.0, 0.0003502340731055258)	(85.0, 0.0001751170365527629)	(86.0, 0.0001751170365527629)	(87.0, 0.0)	(88.0, 0.0)	(89.0, 0.0)	(90.0, 0.00011674469103517524)	(91.0, 0.0)	(92.0, 0.0)	(93.0, 0.0)	(94.0, 0.0)	(95.0, 0.0)	(96.0, 0.0)	(97.0, 0.00011674469103517524)	(98.0, 0.0)	(99.0, 0.0)	(100.0, 0.0001751170365527629)																																																																																																					
SRR908444_1	(0.0, 0.5921254998460265)	(1.0, 0.1502386730008546)	(2.0, 0.060237875525461414)	(3.0, 0.03844970778220943)	(4.0, 0.029478109299694005)	(5.0, 0.019794479191581955)	(6.0, 0.015522289438003092)	(7.0, 0.013101381910975075)	(8.0, 0.009968442758350607)	(9.0, 0.008686785832276962)	(10.0, 0.006693097280606846)	(11.0, 0.0046994087289367195)	(12.0, 0.0029905328275051835)	(13.0, 0.0028481265023858893)	(14.0, 0.0029905328275051835)	(15.0, 0.005411440354533194)	(16.0, 0.0125317566104979)	(17.0, 0.01751597798967323)	(18.0, 0.0247787005707573)	(19.0, 0.025917951171711667)	(20.0, 0.025063513220995894)	(21.0, 0.028481265023858955)	(22.0, 0.03503195597934641)	(23.0, 0.038592114107328726)	(24.0, 0.04300671018602679)	(25.0, 0.061946751426893)	(26.0, 0.08601342037205446)	(27.0, 0.10879843239114222)	(28.0, 0.1599223031089661)	(29.0, 0.2325495289198045)	(30.0, 0.32781936042462334)	(31.0, 0.46751996536665685)	(32.0, 0.704484090365109)	(33.0, 1.0417022682476356)	(34.0, 1.4411520102074382)	(35.0, 2.0057930893053486)	(36.0, 2.710561992320096)	(37.0, 3.4893821843968094)	(38.0, 4.327870626700712)	(39.0, 5.183732640669229)	(40.0, 5.873691285873465)	(41.0, 6.39219271563376)	(42.0, 6.671593925518324)	(43.0, 6.76529728744699)	(44.0, 6.6547899791542156)	(45.0, 6.3830787108261084)	(46.0, 5.894197796690682)	(47.0, 5.3892249678167445)	(48.0, 4.80365015892514)	(49.0, 4.2039771238467)	(50.0, 3.620965628807248)	(51.0, 3.02029574945428)	(52.0, 2.4787244950260954)	(53.0, 1.975887761030324)	(54.0, 1.5378459049634832)	(55.0, 1.18510543764283)	(56.0, 0.8981566925273213)	(57.0, 0.6852592364740087)	(58.0, 0.5149412716313712)	(59.0, 0.392329425703671)	(60.0, 0.2909361222187219)	(61.0, 0.21360948767893706)	(62.0, 0.16106155370992037)	(63.0, 0.12047575105092376)	(64.0, 0.08757988994836674)	(65.0, 0.06066509450081931)	(66.0, 0.04058580265899882)	(67.0, 0.02648757647218885)	(68.0, 0.021788167743252096)	(69.0, 0.017658384314792525)	(70.0, 0.013528600886332958)	(71.0, 0.008686785832276962)	(72.0, 0.007262722581084022)	(73.0, 0.0046994087289367195)	(74.0, 0.0037025644531016562)	(75.0, 0.0028481265023858893)	(76.0, 0.0037025644531016562)	(77.0, 0.0019936885516701227)	(78.0, 0.0017088759014315341)	(79.0, 0.0011392506009543558)	(80.0, 0.0007120316255964724)	(81.0, 0.0008544379507157668)	(82.0, 0.0011392506009543558)	(83.0, 0.0008544379507157668)	(84.0, 0.0005696253004771779)	(85.0, 0.0005696253004771779)	(86.0, 0.00014240632511929447)	(87.0, 0.00014240632511929447)	(88.0, 0.00014240632511929447)	(89.0, 0.0)	(90.0, 0.00014240632511929447)	(91.0, 0.0)	(92.0, 0.0)	(93.0, 0.0)	(94.0, 0.0)	(95.0, 0.0)	(96.0, 0.0)	(97.0, 0.0)	(98.0, 0.0)	(99.0, 0.0)	(100.0, 0.0)	(0.0, 0.5921254998460265)	(1.0, 0.1502386730008546)	(2.0, 0.060237875525461414)	(3.0, 0.03844970778220943)	(4.0, 0.029478109299694005)	(5.0, 0.019794479191581955)	(6.0, 0.015522289438003092)	(7.0, 0.013101381910975075)	(8.0, 0.009968442758350607)	(9.0, 0.008686785832276962)	(10.0, 0.006693097280606846)	(11.0, 0.0046994087289367195)	(12.0, 0.0029905328275051835)	(13.0, 0.0028481265023858893)	(14.0, 0.0029905328275051835)	(15.0, 0.005411440354533194)	(16.0, 0.0125317566104979)	(17.0, 0.01751597798967323)	(18.0, 0.0247787005707573)	(19.0, 0.025917951171711667)	(20.0, 0.025063513220995894)	(21.0, 0.028481265023858955)	(22.0, 0.03503195597934641)	(23.0, 0.038592114107328726)	(24.0, 0.04300671018602679)	(25.0, 0.061946751426893)	(26.0, 0.08601342037205446)	(27.0, 0.10879843239114222)	(28.0, 0.1599223031089661)	(29.0, 0.2325495289198045)	(30.0, 0.32781936042462334)	(31.0, 0.46751996536665685)	(32.0, 0.704484090365109)	(33.0, 1.0417022682476356)	(34.0, 1.4411520102074382)	(35.0, 2.0057930893053486)	(36.0, 2.710561992320096)	(37.0, 3.4893821843968094)	(38.0, 4.327870626700712)	(39.0, 5.183732640669229)	(40.0, 5.873691285873465)	(41.0, 6.39219271563376)	(42.0, 6.671593925518324)	(43.0, 6.76529728744699)	(44.0, 6.6547899791542156)	(45.0, 6.3830787108261084)	(46.0, 5.894197796690682)	(47.0, 5.3892249678167445)	(48.0, 4.80365015892514)	(49.0, 4.2039771238467)	(50.0, 3.620965628807248)	(51.0, 3.02029574945428)	(52.0, 2.4787244950260954)	(53.0, 1.975887761030324)	(54.0, 1.5378459049634832)	(55.0, 1.18510543764283)	(56.0, 0.8981566925273213)	(57.0, 0.6852592364740087)	(58.0, 0.5149412716313712)	(59.0, 0.392329425703671)	(60.0, 0.2909361222187219)	(61.0, 0.21360948767893706)	(62.0, 0.16106155370992037)	(63.0, 0.12047575105092376)	(64.0, 0.08757988994836674)	(65.0, 0.06066509450081931)	(66.0, 0.04058580265899882)	(67.0, 0.02648757647218885)	(68.0, 0.021788167743252096)	(69.0, 0.017658384314792525)	(70.0, 0.013528600886332958)	(71.0, 0.008686785832276962)	(72.0, 0.007262722581084022)	(73.0, 0.0046994087289367195)	(74.0, 0.0037025644531016562)	(75.0, 0.0028481265023858893)	(76.0, 0.0037025644531016562)	(77.0, 0.0019936885516701227)	(78.0, 0.0017088759014315341)	(79.0, 0.0011392506009543558)	(80.0, 0.0007120316255964724)	(81.0, 0.0008544379507157668)	(82.0, 0.0011392506009543558)	(83.0, 0.0008544379507157668)	(84.0, 0.0005696253004771779)	(85.0, 0.0005696253004771779)	(86.0, 0.00014240632511929447)	(87.0, 0.00014240632511929447)	(88.0, 0.00014240632511929447)	(89.0, 0.0)	(90.0, 0.00014240632511929447)	(91.0, 0.0)	(92.0, 0.0)	(93.0, 0.0)	(94.0, 0.0)	(95.0, 0.0)	(96.0, 0.0)	(97.0, 0.0)	(98.0, 0.0)	(99.0, 0.0)	(100.0, 0.0)
SRR908444_1_paired	(0.0, 0.6922602025726928)	(1.0, 0.39429743723533417)	(2.0, 0.07339427532149298)	(3.0, 0.018217373751912968)	(4.0, 0.00839648502145783)	(5.0, 0.005135350214016619)	(6.0, 0.003373587731835735)	(7.0, 0.00224905848789049)	(8.0, 0.001349435092734294)	(9.0, 0.001124529243945245)	(10.0, 0.001349435092734294)	(11.0, 0.0012369821683397696)	(12.0, 0.001574340941523343)	(13.0, 0.002923776034257637)	(14.0, 0.003710946505019308)	(15.0, 0.004273211126991932)	(16.0, 0.006709691155539963)	(17.0, 0.01042063766055927)	(18.0, 0.016080768188417003)	(19.0, 0.022977880884614506)	(20.0, 0.031074491441020268)	(21.0, 0.04621815192614958)	(22.0, 0.0705829522116299)	(23.0, 0.11503934165559852)	(24.0, 0.16534328316808258)	(25.0, 0.22381880385323547)	(26.0, 0.3141559864501697)	(27.0, 0.4347055214010992)	(28.0, 0.5904153373793858)	(29.0, 0.7664791326730821)	(30.0, 0.9526262068541527)	(31.0, 1.166736574901322)	(32.0, 1.4535665007236127)	(33.0, 1.7911501797559661)	(34.0, 2.1096168616412783)	(35.0, 2.4564591647821423)	(36.0, 2.82298072969205)	(37.0, 3.1806559978829205)	(38.0, 3.5399805756315796)	(39.0, 3.807656019998668)	(40.0, 3.9939905157203692)	(41.0, 4.089313111298789)	(42.0, 4.119225589187725)	(43.0, 4.148275927989635)	(44.0, 4.099208968645507)	(45.0, 4.056027045678006)	(46.0, 4.097822049244632)	(47.0, 4.130283460086519)	(48.0, 4.089912860228886)	(49.0, 3.9976639779172456)	(50.0, 3.8418042247064514)	(51.0, 3.6392765078719163)	(52.0, 3.369651879481974)	(53.0, 3.080985222561218)	(54.0, 2.769378169063976)	(55.0, 2.4338561269788372)	(56.0, 2.1596958973049762)	(57.0, 1.9012041084300837)	(58.0, 1.6611920834640395)	(59.0, 1.4266152831770658)	(60.0, 1.1964616312496086)	(61.0, 0.9895107660555543)	(62.0, 0.8128847061398883)	(63.0, 0.6467542525010425)	(64.0, 0.5075000477924888)	(65.0, 0.40228159486734516)	(66.0, 0.29904981027317196)	(67.0, 0.2159470991456187)	(68.0, 0.16436869115666336)	(69.0, 0.11875028816061785)	(70.0, 0.07905440584935071)	(71.0, 0.05289035877355803)	(72.0, 0.03242392653375457)	(73.0, 0.020653853780461)	(74.0, 0.013831709700526515)	(75.0, 0.009558498573534583)	(76.0, 0.007084534236855044)	(77.0, 0.005172834522148127)	(78.0, 0.0030362289586521618)	(79.0, 0.00224905848789049)	(80.0, 0.001799246790312392)	(81.0, 0.0007871704707616715)	(82.0, 0.0005622646219726225)	(83.0, 0.000674717546367147)	(84.0, 0.000449811697578098)	(85.0, 0.0001124529243945245)	(86.0, 0.0)	(87.0, 0.0001124529243945245)	(88.0, 0.000224905848789049)	(89.0, 0.0001124529243945245)	(90.0, 0.0)	(91.0, 0.0)	(92.0, 0.0)	(93.0, 0.0)	(94.0, 0.0)	(95.0, 0.0)	(96.0, 0.0)	(97.0, 0.0)	(98.0, 0.0)	(99.0, 0.0)	(100.0, 0.0)																																																																																																					
SRR908444_2	(0.0, 0.5487600147988244)	(1.0, 0.2299687980957364)	(2.0, 0.09238672111967813)	(3.0, 0.04077562074109206)	(4.0, 0.019674949868079463)	(5.0, 0.014114637948839583)	(6.0, 0.00940975863255973)	(7.0, 0.00698603292417314)	(8.0, 0.004419735115293208)	(9.0, 0.004419735115293208)	(10.0, 0.003136586210853243)	(11.0, 0.002138581507399939)	(12.0, 0.0028514420098665846)	(13.0, 0.0024237257083865975)	(14.0, 0.002138581507399939)	(15.0, 0.003136586210853243)	(16.0, 0.0028514420098665846)	(17.0, 0.0025662978088799265)	(18.0, 0.003136586210853243)	(19.0, 0.0035643025123332315)	(20.0, 0.005275167718253185)	(21.0, 0.007413749225653125)	(22.0, 0.010835479637493017)	(23.0, 0.013116633245386278)	(24.0, 0.02352439658139938)	(25.0, 0.027516415395212622)	(26.0, 0.03920732763566546)	(27.0, 0.05232396088105157)	(28.0, 0.07014547344271813)	(29.0, 0.09424015842609146)	(30.0, 0.13772464907655574)	(31.0, 0.20915327142370962)	(32.0, 0.30153999254339586)	(33.0, 0.42244113376175274)	(34.0, 0.5966642405645668)	(35.0, 0.8377536624987318)	(36.0, 1.1971779278425525)	(37.0, 1.6193339174034922)	(38.0, 2.192758905587322)	(39.0, 2.8632754942068397)	(40.0, 3.6281748133531946)	(41.0, 4.419735115293599)	(42.0, 5.131882757259074)	(43.0, 5.774455214183678)	(44.0, 6.216143581512815)	(45.0, 6.432995746363564)	(46.0, 6.518966722961197)	(47.0, 6.510982685333556)	(48.0, 6.369551161643917)	(49.0, 6.055179680055554)	(50.0, 5.571004826779327)	(51.0, 4.959085371460844)	(52.0, 4.295697387864177)	(53.0, 3.5581719120108426)	(54.0, 2.919021185499681)	(55.0, 2.2966939668468647)	(56.0, 1.7753077953432335)	(57.0, 1.3544349546867662)	(58.0, 1.0236676815420918)	(59.0, 0.7704596310658957)	(60.0, 0.57128640667676)	(61.0, 0.44225865573032636)	(62.0, 0.3406047480785725)	(63.0, 0.25534663198355184)	(64.0, 0.20116923379608367)	(65.0, 0.16253219456239362)	(66.0, 0.1287426067454765)	(67.0, 0.10493306596309146)	(68.0, 0.08212152988415813)	(69.0, 0.06586831042791813)	(70.0, 0.0640148731215048)	(71.0, 0.05218138878055824)	(72.0, 0.041203337042572036)	(73.0, 0.03435987621889233)	(74.0, 0.028942136400145896)	(75.0, 0.025662978088799335)	(76.0, 0.01924723356659947)	(77.0, 0.017251224159692848)	(78.0, 0.013686921647359592)	(79.0, 0.01040776333601303)	(80.0, 0.006700888723186481)	(81.0, 0.006273172421706492)	(82.0, 0.005702884019733174)	(83.0, 0.002138581507399939)	(84.0, 0.0019960094069066095)	(85.0, 0.002138581507399939)	(86.0, 0.0018534373064132807)	(87.0, 0.0008554326029599756)	(88.0, 0.0007128605024666464)	(89.0, 0.0007128605024666464)	(90.0, 0.0011405768039466342)	(91.0, 0.001425721004933293)	(92.0, 0.001425721004933293)	(93.0, 0.0008554326029599756)	(94.0, 0.00042771630147998786)	(95.0, 0.0)	(96.0, 0.00028514420098665856)	(97.0, 0.0)	(98.0, 0.00028514420098665856)	(99.0, 0.0007128605024666464)	(100.0, 0.0006415744522199818)	(0.0, 0.5487600147988244)	(1.0, 0.2299687980957364)	(2.0, 0.09238672111967813)	(3.0, 0.04077562074109206)	(4.0, 0.019674949868079463)	(5.0, 0.014114637948839583)	(6.0, 0.00940975863255973)	(7.0, 0.00698603292417314)	(8.0, 0.004419735115293208)	(9.0, 0.004419735115293208)	(10.0, 0.003136586210853243)	(11.0, 0.002138581507399939)	(12.0, 0.0028514420098665846)	(13.0, 0.0024237257083865975)	(14.0, 0.002138581507399939)	(15.0, 0.003136586210853243)	(16.0, 0.0028514420098665846)	(17.0, 0.0025662978088799265)	(18.0, 0.003136586210853243)	(19.0, 0.0035643025123332315)	(20.0, 0.005275167718253185)	(21.0, 0.007413749225653125)	(22.0, 0.010835479637493017)	(23.0, 0.013116633245386278)	(24.0, 0.02352439658139938)	(25.0, 0.027516415395212622)	(26.0, 0.03920732763566546)	(27.0, 0.05232396088105157)	(28.0, 0.07014547344271813)	(29.0, 0.09424015842609146)	(30.0, 0.13772464907655574)	(31.0, 0.20915327142370962)	(32.0, 0.30153999254339586)	(33.0, 0.42244113376175274)	(34.0, 0.5966642405645668)	(35.0, 0.8377536624987318)	(36.0, 1.1971779278425525)	(37.0, 1.6193339174034922)	(38.0, 2.192758905587322)	(39.0, 2.8632754942068397)	(40.0, 3.6281748133531946)	(41.0, 4.419735115293599)	(42.0, 5.131882757259074)	(43.0, 5.774455214183678)	(44.0, 6.216143581512815)	(45.0, 6.432995746363564)	(46.0, 6.518966722961197)	(47.0, 6.510982685333556)	(48.0, 6.369551161643917)	(49.0, 6.055179680055554)	(50.0, 5.571004826779327)	(51.0, 4.959085371460844)	(52.0, 4.295697387864177)	(53.0, 3.5581719120108426)	(54.0, 2.919021185499681)	(55.0, 2.2966939668468647)	(56.0, 1.7753077953432335)	(57.0, 1.3544349546867662)	(58.0, 1.0236676815420918)	(59.0, 0.7704596310658957)	(60.0, 0.57128640667676)	(61.0, 0.44225865573032636)	(62.0, 0.3406047480785725)	(63.0, 0.25534663198355184)	(64.0, 0.20116923379608367)	(65.0, 0.16253219456239362)	(66.0, 0.1287426067454765)	(67.0, 0.10493306596309146)	(68.0, 0.08212152988415813)	(69.0, 0.06586831042791813)	(70.0, 0.0640148731215048)	(71.0, 0.05218138878055824)	(72.0, 0.041203337042572036)	(73.0, 0.03435987621889233)	(74.0, 0.028942136400145896)	(75.0, 0.025662978088799335)	(76.0, 0.01924723356659947)	(77.0, 0.017251224159692848)	(78.0, 0.013686921647359592)	(79.0, 0.01040776333601303)	(80.0, 0.006700888723186481)	(81.0, 0.006273172421706492)	(82.0, 0.005702884019733174)	(83.0, 0.002138581507399939)	(84.0, 0.0019960094069066095)	(85.0, 0.002138581507399939)	(86.0, 0.0018534373064132807)	(87.0, 0.0008554326029599756)	(88.0, 0.0007128605024666464)	(89.0, 0.0007128605024666464)	(90.0, 0.0011405768039466342)	(91.0, 0.001425721004933293)	(92.0, 0.001425721004933293)	(93.0, 0.0008554326029599756)	(94.0, 0.00042771630147998786)	(95.0, 0.0)	(96.0, 0.00028514420098665856)	(97.0, 0.0)	(98.0, 0.00028514420098665856)	(99.0, 0.0007128605024666464)	(100.0, 0.0006415744522199818)
SRR908444_2_paired	(0.0, 0.7832020958825865)	(1.0, 0.42868656678055306)	(2.0, 0.043621382555485824)	(3.0, 0.00297418517423767)	(4.0, 0.00011015500645324704)	(5.0, 0.00011015500645324704)	(6.0, 0.0)	(7.0, 0.0)	(8.0, 0.0)	(9.0, 0.00033046501935974113)	(10.0, 0.0009913950580792232)	(11.0, 0.0013218600774389645)	(12.0, 0.0017624801032519526)	(13.0, 0.002386691806487019)	(14.0, 0.0029374668387532545)	(15.0, 0.003928861896832478)	(16.0, 0.00569134200008443)	(17.0, 0.008628808838837685)	(18.0, 0.012557670735670164)	(19.0, 0.018028702722848098)	(20.0, 0.026657511561685783)	(21.0, 0.037636293871526075)	(22.0, 0.05595874327824949)	(23.0, 0.09113490867231971)	(24.0, 0.13637189798911983)	(25.0, 0.19012754113830452)	(26.0, 0.26951258245561116)	(27.0, 0.361418576173103)	(28.0, 0.48372735167169173)	(29.0, 0.6451044361256999)	(30.0, 0.8318538903994409)	(31.0, 1.0579286819769842)	(32.0, 1.3223741341357418)	(33.0, 1.6119349277658366)	(34.0, 1.9249954561059688)	(35.0, 2.2592424640206175)	(36.0, 2.633549175948769)	(37.0, 3.0234611804577964)	(38.0, 3.360719091882167)	(39.0, 3.654575930763946)	(40.0, 3.8779335655156246)	(41.0, 4.012689856743419)	(42.0, 4.078048493905673)	(43.0, 4.116566027828821)	(44.0, 4.059358861144103)	(45.0, 4.027156880924275)	(46.0, 4.0843640476089895)	(47.0, 4.105256780499624)	(48.0, 4.098280296757588)	(49.0, 4.059505734486037)	(50.0, 3.975237154549305)	(51.0, 3.792122815488528)	(52.0, 3.524262558129719)	(53.0, 3.2130379465638113)	(54.0, 2.8805167004169343)	(55.0, 2.5876512565932304)	(56.0, 2.3138059105504554)	(57.0, 2.050388571785256)	(58.0, 1.7944250551233918)	(59.0, 1.5520840409262493)	(60.0, 1.3271842360842043)	(61.0, 1.1120147901455288)	(62.0, 0.9282028027105445)	(63.0, 0.7581601910822151)	(64.0, 0.6018502369250576)	(65.0, 0.4726016960199142)	(66.0, 0.3632177746118399)	(67.0, 0.2684844690620475)	(68.0, 0.20004149171909666)	(69.0, 0.14481711515053544)	(70.0, 0.10409648109831846)	(71.0, 0.07479524938175473)	(72.0, 0.04813773782006896)	(73.0, 0.031063711819815668)	(74.0, 0.0203786761938507)	(75.0, 0.014650615858281856)	(76.0, 0.010244415600151975)	(77.0, 0.006499145380741576)	(78.0, 0.0047366652774896234)	(79.0, 0.002864030167784423)	(80.0, 0.002533565148424682)	(81.0, 0.002643720154877929)	(82.0, 0.0011015500645324703)	(83.0, 0.00022031001290649408)	(84.0, 0.0)	(85.0, 0.0)	(86.0, 0.0)	(87.0, 0.0)	(88.0, 0.0)	(89.0, 0.0)	(90.0, 0.0001468733419376627)	(91.0, 0.0001468733419376627)	(92.0, 7.343667096883135e-05)	(93.0, 0.0001468733419376627)	(94.0, 7.343667096883135e-05)	(95.0, 0.0)	(96.0, 7.343667096883135e-05)	(97.0, 0.0)	(98.0, 0.0)	(99.0, 0.00011015500645324704)	(100.0, 0.00044062002581298816)																																																																																																					
SRR908445_1	(0.0, 1.9337467959894576)	(1.0, 0.5931229925395758)	(2.0, 0.28534288703590355)	(3.0, 0.19656954440250934)	(4.0, 0.1273068265237098)	(5.0, 0.08974887387112149)	(6.0, 0.0619462335958283)	(7.0, 0.04828879626761409)	(8.0, 0.03755795265258875)	(9.0, 0.03511912455826482)	(10.0, 0.0317047652262113)	(11.0, 0.02146168723005075)	(12.0, 0.02097392161118596)	(13.0, 0.019022859135726797)	(14.0, 0.012681906090484524)	(15.0, 0.018047327897997217)	(16.0, 0.03365582770167046)	(17.0, 0.10682067053138895)	(18.0, 0.21120251296845344)	(19.0, 0.296561496269794)	(20.0, 0.3482646518694632)	(21.0, 0.3682630422429201)	(22.0, 0.3916757919484292)	(23.0, 0.412649713559614)	(24.0, 0.4136252447973435)	(25.0, 0.44240341631036445)	(26.0, 0.4941065719100292)	(27.0, 0.5287379308494272)	(28.0, 0.5692224772152025)	(29.0, 0.6575080542297244)	(30.0, 0.7662797872365691)	(31.0, 0.9252913789865085)	(32.0, 1.1779539695584982)	(33.0, 1.527681918284582)	(34.0, 1.9817917094475976)	(35.0, 2.4978477342064274)	(36.0, 3.125114320066492)	(37.0, 3.764575046398521)	(38.0, 4.35916133579497)	(39.0, 4.971307187470559)	(40.0, 5.384444666649224)	(41.0, 5.751244412035712)	(42.0, 5.8541629576162295)	(43.0, 5.836115629718224)	(44.0, 5.656130116357035)	(45.0, 5.354203198279593)	(46.0, 4.870339704365502)	(47.0, 4.333797523613989)	(48.0, 3.8782244355940687)	(49.0, 3.3948487072988427)	(50.0, 2.8602575890228836)	(51.0, 2.3734675013959343)	(52.0, 1.9852060687796502)	(53.0, 1.6384047137668638)	(54.0, 1.3594027797762205)	(55.0, 1.1360061263361214)	(56.0, 0.8852945982395912)	(57.0, 0.715552162874631)	(58.0, 0.6121458516753016)	(59.0, 0.5145927279023491)	(60.0, 0.4355746976462577)	(61.0, 0.3248519021639526)	(62.0, 0.2233966534400735)	(63.0, 0.18339987269315983)	(64.0, 0.1443786231839772)	(65.0, 0.11316162357663112)	(66.0, 0.08584674892020315)	(67.0, 0.06048293673923392)	(68.0, 0.041460077603507055)	(69.0, 0.025851577799833846)	(70.0, 0.016096265422538055)	(71.0, 0.009755312377295785)	(72.0, 0.00829201552070142)	(73.0, 0.005853187426377473)	(74.0, 0.004877656188647895)	(75.0, 0.006828718664107051)	(76.0, 0.004877656188647895)	(77.0, 0.00048776561886478947)	(78.0, 0.0009755312377295789)	(79.0, 0.00048776561886478947)	(80.0, 0.00048776561886478947)	(81.0, 0.00048776561886478947)	(82.0, 0.0009755312377295789)	(83.0, 0.00048776561886478947)	(84.0, 0.0009755312377295789)	(85.0, 0.00048776561886478947)	(86.0, 0.0)	(87.0, 0.0)	(88.0, 0.0)	(89.0, 0.0)	(90.0, 0.0)	(91.0, 0.0)	(92.0, 0.0)	(93.0, 0.0)	(94.0, 0.00048776561886478947)	(95.0, 0.00048776561886478947)	(96.0, 0.0)	(97.0, 0.0)	(98.0, 0.0)	(99.0, 0.0)	(100.0, 0.0)	(0.0, 1.9337467959894576)	(1.0, 0.5931229925395758)	(2.0, 0.28534288703590355)	(3.0, 0.19656954440250934)	(4.0, 0.1273068265237098)	(5.0, 0.08974887387112149)	(6.0, 0.0619462335958283)	(7.0, 0.04828879626761409)	(8.0, 0.03755795265258875)	(9.0, 0.03511912455826482)	(10.0, 0.0317047652262113)	(11.0, 0.02146168723005075)	(12.0, 0.02097392161118596)	(13.0, 0.019022859135726797)	(14.0, 0.012681906090484524)	(15.0, 0.018047327897997217)	(16.0, 0.03365582770167046)	(17.0, 0.10682067053138895)	(18.0, 0.21120251296845344)	(19.0, 0.296561496269794)	(20.0, 0.3482646518694632)	(21.0, 0.3682630422429201)	(22.0, 0.3916757919484292)	(23.0, 0.412649713559614)	(24.0, 0.4136252447973435)	(25.0, 0.44240341631036445)	(26.0, 0.4941065719100292)	(27.0, 0.5287379308494272)	(28.0, 0.5692224772152025)	(29.0, 0.6575080542297244)	(30.0, 0.7662797872365691)	(31.0, 0.9252913789865085)	(32.0, 1.1779539695584982)	(33.0, 1.527681918284582)	(34.0, 1.9817917094475976)	(35.0, 2.4978477342064274)	(36.0, 3.125114320066492)	(37.0, 3.764575046398521)	(38.0, 4.35916133579497)	(39.0, 4.971307187470559)	(40.0, 5.384444666649224)	(41.0, 5.751244412035712)	(42.0, 5.8541629576162295)	(43.0, 5.836115629718224)	(44.0, 5.656130116357035)	(45.0, 5.354203198279593)	(46.0, 4.870339704365502)	(47.0, 4.333797523613989)	(48.0, 3.8782244355940687)	(49.0, 3.3948487072988427)	(50.0, 2.8602575890228836)	(51.0, 2.3734675013959343)	(52.0, 1.9852060687796502)	(53.0, 1.6384047137668638)	(54.0, 1.3594027797762205)	(55.0, 1.1360061263361214)	(56.0, 0.8852945982395912)	(57.0, 0.715552162874631)	(58.0, 0.6121458516753016)	(59.0, 0.5145927279023491)	(60.0, 0.4355746976462577)	(61.0, 0.3248519021639526)	(62.0, 0.2233966534400735)	(63.0, 0.18339987269315983)	(64.0, 0.1443786231839772)	(65.0, 0.11316162357663112)	(66.0, 0.08584674892020315)	(67.0, 0.06048293673923392)	(68.0, 0.041460077603507055)	(69.0, 0.025851577799833846)	(70.0, 0.016096265422538055)	(71.0, 0.009755312377295785)	(72.0, 0.00829201552070142)	(73.0, 0.005853187426377473)	(74.0, 0.004877656188647895)	(75.0, 0.006828718664107051)	(76.0, 0.004877656188647895)	(77.0, 0.00048776561886478947)	(78.0, 0.0009755312377295789)	(79.0, 0.00048776561886478947)	(80.0, 0.00048776561886478947)	(81.0, 0.00048776561886478947)	(82.0, 0.0009755312377295789)	(83.0, 0.00048776561886478947)	(84.0, 0.0009755312377295789)	(85.0, 0.00048776561886478947)	(86.0, 0.0)	(87.0, 0.0)	(88.0, 0.0)	(89.0, 0.0)	(90.0, 0.0)	(91.0, 0.0)	(92.0, 0.0)	(93.0, 0.0)	(94.0, 0.00048776561886478947)	(95.0, 0.00048776561886478947)	(96.0, 0.0)	(97.0, 0.0)	(98.0, 0.0)	(99.0, 0.0)	(100.0, 0.0)
SRR908445_1_paired	(0.0, 6.125021070238457)	(1.0, 3.300182824838249)	(2.0, 0.30522671576572524)	(3.0, 0.04408542198825258)	(4.0, 0.015559560701736204)	(5.0, 0.018671472842083446)	(6.0, 0.015559560701736204)	(7.0, 0.014003604631562583)	(8.0, 0.011669670526302153)	(9.0, 0.0046678682105208615)	(10.0, 0.007001802315781291)	(11.0, 0.007001802315781291)	(12.0, 0.0046678682105208615)	(13.0, 0.007779780350868102)	(14.0, 0.011669670526302153)	(15.0, 0.020227428912257064)	(16.0, 0.017893494806996636)	(17.0, 0.021005406947343878)	(18.0, 0.027229231228038355)	(19.0, 0.024895297122777927)	(20.0, 0.052902506385903096)	(21.0, 0.11099153300571828)	(22.0, 0.15559560701736205)	(23.0, 0.20305226715765742)	(24.0, 0.24169184290030238)	(25.0, 0.3303813389001988)	(26.0, 0.48597694591756063)	(27.0, 0.5907446546425844)	(28.0, 0.7310400269699058)	(29.0, 0.9838828883731193)	(30.0, 1.1822672873202564)	(31.0, 1.3057064688873639)	(32.0, 1.4890499591561563)	(33.0, 1.7517472090038018)	(34.0, 1.998366246126319)	(35.0, 2.2353902208160985)	(36.0, 2.4664496972368792)	(37.0, 2.6101163077162415)	(38.0, 2.627231824488151)	(39.0, 2.6010398973068987)	(40.0, 2.8798153598796703)	(41.0, 3.1798555554114825)	(42.0, 3.078199758826804)	(43.0, 3.093240667505149)	(44.0, 3.098686513750757)	(45.0, 2.994178131037431)	(46.0, 3.0543417657508116)	(47.0, 3.12695304902558)	(48.0, 3.0628995241367662)	(49.0, 3.106984946125019)	(50.0, 3.3733127601364035)	(51.0, 3.4277712225924843)	(52.0, 3.264395835224252)	(53.0, 3.0701606524642444)	(54.0, 2.86399647316624)	(55.0, 2.5496933469911696)	(56.0, 2.3313408451434725)	(57.0, 2.0917236103367367)	(58.0, 1.8383620969101324)	(59.0, 1.665910299132557)	(60.0, 1.4690818562555945)	(61.0, 1.249951376372809)	(62.0, 1.0886505970981433)	(63.0, 0.9740284999286866)	(64.0, 0.830102563437626)	(65.0, 0.6719136963033079)	(66.0, 0.5349895621280296)	(67.0, 0.4431881539877862)	(68.0, 0.36928024065453946)	(69.0, 0.2961503053563791)	(70.0, 0.21705587178922006)	(71.0, 0.14444458851445105)	(72.0, 0.11306614109928309)	(73.0, 0.09387601623380844)	(74.0, 0.06483150292390084)	(75.0, 0.0459007040701218)	(76.0, 0.030341143368385597)	(77.0, 0.014781582666649395)	(78.0, 0.015559560701736204)	(79.0, 0.014003604631562583)	(80.0, 0.007001802315781291)	(81.0, 0.0023339341052604308)	(82.0, 0.0)	(83.0, 0.0)	(84.0, 0.0)	(85.0, 0.0)	(86.0, 0.0)	(87.0, 0.0)	(88.0, 0.0)	(89.0, 0.0)	(90.0, 0.0)	(91.0, 0.0)	(92.0, 0.0)	(93.0, 0.0)	(94.0, 0.0)	(95.0, 0.0)	(96.0, 0.0)	(97.0, 0.0)	(98.0, 0.0)	(99.0, 0.0)	(100.0, 0.0)																																																																																																					
SRR908445_2	(0.0, 1.7149866028078342)	(1.0, 1.0245627356067948)	(2.0, 0.4380553263876976)	(3.0, 0.19566471245317055)	(4.0, 0.09539871552443203)	(5.0, 0.05646046428996984)	(6.0, 0.03504442611101574)	(7.0, 0.02823023214498492)	(8.0, 0.019469125617230992)	(9.0, 0.013628387932061685)	(10.0, 0.01606202863421556)	(11.0, 0.01314165979163091)	(12.0, 0.008761106527753939)	(13.0, 0.01119474722990781)	(14.0, 0.007300922106461616)	(15.0, 0.01119474722990781)	(16.0, 0.01119474722990781)	(17.0, 0.012654931651200133)	(18.0, 0.019955853757661766)	(19.0, 0.020929310038523316)	(20.0, 0.03650461053230806)	(21.0, 0.057433920570831395)	(22.0, 0.08128359945193951)	(23.0, 0.11194747229907813)	(24.0, 0.12362894766941655)	(25.0, 0.1542928205165549)	(26.0, 0.20247890641920158)	(27.0, 0.22827549786203333)	(28.0, 0.29057669983717427)	(29.0, 0.35628499879533065)	(30.0, 0.45119698617932785)	(31.0, 0.5281000323673859)	(32.0, 0.6118172725214743)	(33.0, 0.714516910152362)	(34.0, 0.8770841090562533)	(35.0, 1.1253154606759765)	(36.0, 1.412971791670597)	(37.0, 1.7819117221170682)	(38.0, 2.2262945143302644)	(39.0, 2.787005332106389)	(40.0, 3.4392210402837846)	(41.0, 4.176127444896313)	(42.0, 4.962193391692371)	(43.0, 5.637772050610593)	(44.0, 6.2724655457322145)	(45.0, 6.722202347489841)	(46.0, 6.877955352427547)	(47.0, 6.642378932459265)	(48.0, 6.302642690438895)	(49.0, 5.7054272621305016)	(50.0, 4.9568393821476295)	(51.0, 4.233074637326739)	(52.0, 3.4762123789565407)	(53.0, 2.7821380507020823)	(54.0, 2.235055620858016)	(55.0, 1.6869997347330887)	(56.0, 1.2961570379671978)	(57.0, 0.9973059597426683)	(58.0, 0.8128359945193838)	(59.0, 0.6108438162406128)	(60.0, 0.4779670339030189)	(61.0, 0.3991170751532379)	(62.0, 0.32562112594819104)	(63.0, 0.22438167273858703)	(64.0, 0.17911595567852406)	(65.0, 0.13531042303975496)	(66.0, 0.1182749381246781)	(67.0, 0.07884995874978562)	(68.0, 0.06376138639643152)	(69.0, 0.05646046428996984)	(70.0, 0.03796479495360038)	(71.0, 0.03504442611101574)	(72.0, 0.025309863302400284)	(73.0, 0.018495669336369442)	(74.0, 0.018008941195938665)	(75.0, 0.015088572353354012)	(76.0, 0.008761106527753939)	(77.0, 0.009247834668184714)	(78.0, 0.009247834668184714)	(79.0, 0.005840737685169294)	(80.0, 0.0034070969830154213)	(81.0, 0.005354009544738521)	(82.0, 0.0014601844212923235)	(83.0, 0.0014601844212923235)	(84.0, 0.0014601844212923235)	(85.0, 0.00048672814043077445)	(86.0, 0.00048672814043077445)	(87.0, 0.0)	(88.0, 0.0)	(89.0, 0.0)	(90.0, 0.00048672814043077445)	(91.0, 0.00048672814043077445)	(92.0, 0.0009734562808615489)	(93.0, 0.0)	(94.0, 0.0)	(95.0, 0.0)	(96.0, 0.00048672814043077445)	(97.0, 0.00048672814043077445)	(98.0, 0.00048672814043077445)	(99.0, 0.00048672814043077445)	(100.0, 0.0014601844212923235)	(0.0, 1.7149866028078342)	(1.0, 1.0245627356067948)	(2.0, 0.4380553263876976)	(3.0, 0.19566471245317055)	(4.0, 0.09539871552443203)	(5.0, 0.05646046428996984)	(6.0, 0.03504442611101574)	(7.0, 0.02823023214498492)	(8.0, 0.019469125617230992)	(9.0, 0.013628387932061685)	(10.0, 0.01606202863421556)	(11.0, 0.01314165979163091)	(12.0, 0.008761106527753939)	(13.0, 0.01119474722990781)	(14.0, 0.007300922106461616)	(15.0, 0.01119474722990781)	(16.0, 0.01119474722990781)	(17.0, 0.012654931651200133)	(18.0, 0.019955853757661766)	(19.0, 0.020929310038523316)	(20.0, 0.03650461053230806)	(21.0, 0.057433920570831395)	(22.0, 0.08128359945193951)	(23.0, 0.11194747229907813)	(24.0, 0.12362894766941655)	(25.0, 0.1542928205165549)	(26.0, 0.20247890641920158)	(27.0, 0.22827549786203333)	(28.0, 0.29057669983717427)	(29.0, 0.35628499879533065)	(30.0, 0.45119698617932785)	(31.0, 0.5281000323673859)	(32.0, 0.6118172725214743)	(33.0, 0.714516910152362)	(34.0, 0.8770841090562533)	(35.0, 1.1253154606759765)	(36.0, 1.412971791670597)	(37.0, 1.7819117221170682)	(38.0, 2.2262945143302644)	(39.0, 2.787005332106389)	(40.0, 3.4392210402837846)	(41.0, 4.176127444896313)	(42.0, 4.962193391692371)	(43.0, 5.637772050610593)	(44.0, 6.2724655457322145)	(45.0, 6.722202347489841)	(46.0, 6.877955352427547)	(47.0, 6.642378932459265)	(48.0, 6.302642690438895)	(49.0, 5.7054272621305016)	(50.0, 4.9568393821476295)	(51.0, 4.233074637326739)	(52.0, 3.4762123789565407)	(53.0, 2.7821380507020823)	(54.0, 2.235055620858016)	(55.0, 1.6869997347330887)	(56.0, 1.2961570379671978)	(57.0, 0.9973059597426683)	(58.0, 0.8128359945193838)	(59.0, 0.6108438162406128)	(60.0, 0.4779670339030189)	(61.0, 0.3991170751532379)	(62.0, 0.32562112594819104)	(63.0, 0.22438167273858703)	(64.0, 0.17911595567852406)	(65.0, 0.13531042303975496)	(66.0, 0.1182749381246781)	(67.0, 0.07884995874978562)	(68.0, 0.06376138639643152)	(69.0, 0.05646046428996984)	(70.0, 0.03796479495360038)	(71.0, 0.03504442611101574)	(72.0, 0.025309863302400284)	(73.0, 0.018495669336369442)	(74.0, 0.018008941195938665)	(75.0, 0.015088572353354012)	(76.0, 0.008761106527753939)	(77.0, 0.009247834668184714)	(78.0, 0.009247834668184714)	(79.0, 0.005840737685169294)	(80.0, 0.0034070969830154213)	(81.0, 0.005354009544738521)	(82.0, 0.0014601844212923235)	(83.0, 0.0014601844212923235)	(84.0, 0.0014601844212923235)	(85.0, 0.00048672814043077445)	(86.0, 0.00048672814043077445)	(87.0, 0.0)	(88.0, 0.0)	(89.0, 0.0)	(90.0, 0.00048672814043077445)	(91.0, 0.00048672814043077445)	(92.0, 0.0009734562808615489)	(93.0, 0.0)	(94.0, 0.0)	(95.0, 0.0)	(96.0, 0.00048672814043077445)	(97.0, 0.00048672814043077445)	(98.0, 0.00048672814043077445)	(99.0, 0.00048672814043077445)	(100.0, 0.0014601844212923235)
SRR908445_2_paired	(0.0, 5.870657658253952)	(1.0, 3.3310591673497663)	(2.0, 0.43302496321451683)	(3.0, 0.038185622858423)	(4.0, 0.00840083702885306)	(5.0, 0.00305484982867384)	(6.0, 0.00305484982867384)	(7.0, 0.00305484982867384)	(8.0, 0.0045822747430107605)	(9.0, 0.00534598720017922)	(10.0, 0.00534598720017922)	(11.0, 0.00534598720017922)	(12.0, 0.0076371245716846)	(13.0, 0.00840083702885306)	(14.0, 0.012983111771863821)	(15.0, 0.020620236343548422)	(16.0, 0.0152742491433692)	(17.0, 0.0114556868575269)	(18.0, 0.01680167405770612)	(19.0, 0.028257360915233024)	(20.0, 0.058042146744802965)	(21.0, 0.08859064503154136)	(22.0, 0.11430229775621287)	(23.0, 0.1619070409197135)	(24.0, 0.23955114073184028)	(25.0, 0.3110855408866194)	(26.0, 0.4429532251577068)	(27.0, 0.5687112097714464)	(28.0, 0.6519558676028085)	(29.0, 0.8479753982760468)	(30.0, 1.0618148862832162)	(31.0, 1.2924560483480916)	(32.0, 1.4958581327739586)	(33.0, 1.6445274911027514)	(34.0, 1.9090265721020936)	(35.0, 2.1643611036154145)	(36.0, 2.3952568364993447)	(37.0, 2.5143959798176208)	(38.0, 2.5762566888482676)	(39.0, 2.7157614976910387)	(40.0, 2.7969695889699535)	(41.0, 2.968041179375688)	(42.0, 3.1391127697814234)	(43.0, 3.1645698516870393)	(44.0, 3.0935445931703716)	(45.0, 3.0001171025767626)	(46.0, 3.035247875606513)	(47.0, 3.1126374045995853)	(48.0, 3.117983391799766)	(49.0, 3.100163434465834)	(50.0, 3.2208300026984507)	(51.0, 3.4081941255237815)	(52.0, 3.3753544898655368)	(53.0, 3.153623306467627)	(54.0, 2.8366826367427165)	(55.0, 2.5561455941428357)	(56.0, 2.362926342479215)	(57.0, 2.1490868544720465)	(58.0, 1.8741503698914006)	(59.0, 1.6414726412740772)	(60.0, 1.516732939936562)	(61.0, 1.386138109760755)	(62.0, 1.2059019698689986)	(63.0, 1.075561710512248)	(64.0, 0.9620231252132035)	(65.0, 0.7800049895880539)	(66.0, 0.6201345152207896)	(67.0, 0.4971768096166675)	(68.0, 0.4093498770422946)	(69.0, 0.34901659292598625)	(70.0, 0.2543162482370972)	(71.0, 0.19143725593022734)	(72.0, 0.15096049570029896)	(73.0, 0.10997459383225824)	(74.0, 0.08935435748870982)	(75.0, 0.05651472183046605)	(76.0, 0.038949335315591464)	(77.0, 0.026729936000896105)	(78.0, 0.01985652388637996)	(79.0, 0.020620236343548422)	(80.0, 0.014510536686200741)	(81.0, 0.00687341211451614)	(82.0, 0.00610969965734768)	(83.0, 0.00305484982867384)	(84.0, 0.0022911373715053802)	(85.0, 0.00534598720017922)	(86.0, 0.0038185622858423)	(87.0, 0.00076371245716846)	(88.0, 0.00152742491433692)	(89.0, 0.00076371245716846)	(90.0, 0.0)	(91.0, 0.0)	(92.0, 0.0)	(93.0, 0.0)	(94.0, 0.0)	(95.0, 0.0)	(96.0, 0.0)	(97.0, 0.0)	(98.0, 0.0)	(99.0, 0.0)	(100.0, 0.0)																																																																																																					
SRR908446_1	(0.0, 5.346572946224487)	(1.0, 1.2516486531945095)	(2.0, 0.5868535809851207)	(3.0, 0.40509602078519197)	(4.0, 0.3041851675572875)	(5.0, 0.23214489581971945)	(6.0, 0.18434501797495517)	(7.0, 0.15029952093452478)	(8.0, 0.1222914253692582)	(9.0, 0.0992766693699194)	(10.0, 0.07898555313381596)	(11.0, 0.0675008721321739)	(12.0, 0.05588000914237167)	(13.0, 0.04630187597499562)	(14.0, 0.03971974654717795)	(15.0, 0.04530320806180949)	(16.0, 0.09950363935018901)	(17.0, 0.18529829189208724)	(18.0, 0.2160754212166363)	(19.0, 0.23958951117256025)	(20.0, 0.2492130383359886)	(21.0, 0.25143734414263)	(22.0, 0.2595174754402255)	(23.0, 0.2640114810495623)	(24.0, 0.28185132149874986)	(25.0, 0.30704498930868557)	(26.0, 0.336097146783206)	(27.0, 0.38267138673454654)	(28.0, 0.4567997822906276)	(29.0, 0.5671071927016846)	(30.0, 0.7171343496597457)	(31.0, 0.918002782198148)	(32.0, 1.1858727529122632)	(33.0, 1.5529739990009621)	(34.0, 2.004871229718533)	(35.0, 2.536843469473692)	(36.0, 3.0877450055820312)	(37.0, 3.6972955845918176)	(38.0, 4.247425422767243)	(39.0, 4.729146508892574)	(40.0, 5.129430766098932)	(41.0, 5.334293870291752)	(42.0, 5.379415502369675)	(43.0, 5.256170803082392)	(44.0, 5.041321019757636)	(45.0, 4.803910420393921)	(46.0, 4.490510271635394)	(47.0, 4.0974890538016995)	(48.0, 3.7141367571277604)	(49.0, 3.331329188406466)	(50.0, 2.912070240854009)	(51.0, 2.4868646798185106)	(52.0, 2.076593743483853)	(53.0, 1.7234738481797864)	(54.0, 1.3807491779720857)	(55.0, 1.1447003984912851)	(56.0, 0.9246303056220139)	(57.0, 0.74927329886589)	(58.0, 0.5738708981137122)	(59.0, 0.43759812195981174)	(60.0, 0.3320570811344055)	(61.0, 0.24208618095552517)	(62.0, 0.1863423538013271)	(63.0, 0.13468398629197909)	(64.0, 0.0980964254725174)	(65.0, 0.06868111602957569)	(66.0, 0.04475848010916251)	(67.0, 0.03191197922590434)	(68.0, 0.02156214812561084)	(69.0, 0.01625105058730239)	(70.0, 0.011348499013479367)	(71.0, 0.008170919289705175)	(72.0, 0.006082795471224954)	(73.0, 0.004720975589607418)	(74.0, 0.0031321857277203076)	(75.0, 0.002451275786911547)	(76.0, 0.002178911810588043)	(77.0, 0.001679577853994949)	(78.0, 0.0014980018697792787)	(79.0, 0.0009986679131861853)	(80.0, 0.0006809099408087628)	(81.0, 0.00040854596448525773)	(82.0, 0.0003631519684313402)	(83.0, 0.0003631519684313402)	(84.0, 0.00040854596448525773)	(85.0, 0.0004539399605391753)	(86.0, 0.0001361819881617526)	(87.0, 0.0001815759842156701)	(88.0, 4.5393996053917525e-05)	(89.0, 0.0)	(90.0, 0.0)	(91.0, 4.5393996053917525e-05)	(92.0, 4.5393996053917525e-05)	(93.0, 9.078799210783505e-05)	(94.0, 9.078799210783505e-05)	(95.0, 4.5393996053917525e-05)	(96.0, 0.0001361819881617526)	(97.0, 0.0)	(98.0, 4.5393996053917525e-05)	(99.0, 0.0)	(100.0, 0.0)	(0.0, 5.346572946224487)	(1.0, 1.2516486531945095)	(2.0, 0.5868535809851207)	(3.0, 0.40509602078519197)	(4.0, 0.3041851675572875)	(5.0, 0.23214489581971945)	(6.0, 0.18434501797495517)	(7.0, 0.15029952093452478)	(8.0, 0.1222914253692582)	(9.0, 0.0992766693699194)	(10.0, 0.07898555313381596)	(11.0, 0.0675008721321739)	(12.0, 0.05588000914237167)	(13.0, 0.04630187597499562)	(14.0, 0.03971974654717795)	(15.0, 0.04530320806180949)	(16.0, 0.09950363935018901)	(17.0, 0.18529829189208724)	(18.0, 0.2160754212166363)	(19.0, 0.23958951117256025)	(20.0, 0.2492130383359886)	(21.0, 0.25143734414263)	(22.0, 0.2595174754402255)	(23.0, 0.2640114810495623)	(24.0, 0.28185132149874986)	(25.0, 0.30704498930868557)	(26.0, 0.336097146783206)	(27.0, 0.38267138673454654)	(28.0, 0.4567997822906276)	(29.0, 0.5671071927016846)	(30.0, 0.7171343496597457)	(31.0, 0.918002782198148)	(32.0, 1.1858727529122632)	(33.0, 1.5529739990009621)	(34.0, 2.004871229718533)	(35.0, 2.536843469473692)	(36.0, 3.0877450055820312)	(37.0, 3.6972955845918176)	(38.0, 4.247425422767243)	(39.0, 4.729146508892574)	(40.0, 5.129430766098932)	(41.0, 5.334293870291752)	(42.0, 5.379415502369675)	(43.0, 5.256170803082392)	(44.0, 5.041321019757636)	(45.0, 4.803910420393921)	(46.0, 4.490510271635394)	(47.0, 4.0974890538016995)	(48.0, 3.7141367571277604)	(49.0, 3.331329188406466)	(50.0, 2.912070240854009)	(51.0, 2.4868646798185106)	(52.0, 2.076593743483853)	(53.0, 1.7234738481797864)	(54.0, 1.3807491779720857)	(55.0, 1.1447003984912851)	(56.0, 0.9246303056220139)	(57.0, 0.74927329886589)	(58.0, 0.5738708981137122)	(59.0, 0.43759812195981174)	(60.0, 0.3320570811344055)	(61.0, 0.24208618095552517)	(62.0, 0.1863423538013271)	(63.0, 0.13468398629197909)	(64.0, 0.0980964254725174)	(65.0, 0.06868111602957569)	(66.0, 0.04475848010916251)	(67.0, 0.03191197922590434)	(68.0, 0.02156214812561084)	(69.0, 0.01625105058730239)	(70.0, 0.011348499013479367)	(71.0, 0.008170919289705175)	(72.0, 0.006082795471224954)	(73.0, 0.004720975589607418)	(74.0, 0.0031321857277203076)	(75.0, 0.002451275786911547)	(76.0, 0.002178911810588043)	(77.0, 0.001679577853994949)	(78.0, 0.0014980018697792787)	(79.0, 0.0009986679131861853)	(80.0, 0.0006809099408087628)	(81.0, 0.00040854596448525773)	(82.0, 0.0003631519684313402)	(83.0, 0.0003631519684313402)	(84.0, 0.00040854596448525773)	(85.0, 0.0004539399605391753)	(86.0, 0.0001361819881617526)	(87.0, 0.0001815759842156701)	(88.0, 4.5393996053917525e-05)	(89.0, 0.0)	(90.0, 0.0)	(91.0, 4.5393996053917525e-05)	(92.0, 4.5393996053917525e-05)	(93.0, 9.078799210783505e-05)	(94.0, 9.078799210783505e-05)	(95.0, 4.5393996053917525e-05)	(96.0, 0.0001361819881617526)	(97.0, 0.0)	(98.0, 4.5393996053917525e-05)	(99.0, 0.0)	(100.0, 0.0)
SRR908446_1_paired	(0.0, 10.375972284459218)	(1.0, 5.482480487429941)	(2.0, 0.5375905403326867)	(3.0, 0.08487215671587207)	(4.0, 0.02340839625733272)	(5.0, 0.012439890582468244)	(6.0, 0.006270106140356978)	(7.0, 0.0031935740608218205)	(8.0, 0.002541483022224695)	(9.0, 0.002257238210528512)	(10.0, 0.003410937740354196)	(11.0, 0.003561420287722763)	(12.0, 0.0021067556631599446)	(13.0, 0.0017556297192999539)	(14.0, 0.0024578816070199355)	(15.0, 0.003561420287722763)	(16.0, 0.0066713929333398255)	(17.0, 0.011202589637437801)	(18.0, 0.01904440238364426)	(19.0, 0.03482834957430289)	(20.0, 0.05092998214273959)	(21.0, 0.07024190905503912)	(22.0, 0.09405159210535478)	(23.0, 0.13188959262702887)	(24.0, 0.18278613420368625)	(25.0, 0.2326627385148461)	(26.0, 0.3215143225944662)	(27.0, 0.4360148208589063)	(28.0, 0.572402169623946)	(29.0, 0.7328332854018726)	(30.0, 0.8913415686300968)	(31.0, 1.0842267537905392)	(32.0, 1.2939994248223408)	(33.0, 1.5366943331617875)	(34.0, 1.8087166179550134)	(35.0, 2.0743350343435165)	(36.0, 2.333750225723823)	(37.0, 2.5901056053076297)	(38.0, 2.8223168961803142)	(39.0, 3.0005383931137692)	(40.0, 3.1359392451793866)	(41.0, 3.190029360816862)	(42.0, 3.208287909897573)	(43.0, 3.233234572194689)	(44.0, 3.1971354811093105)	(45.0, 3.226813983506987)	(46.0, 3.2821414000894875)	(47.0, 3.28058641376668)	(48.0, 3.2829941345246)	(49.0, 3.2749349580988567)	(50.0, 3.1862840174157676)	(51.0, 3.0066747369899063)	(52.0, 2.832716912231861)	(53.0, 2.6014586774924955)	(54.0, 2.3818377597496285)	(55.0, 2.2341307793658833)	(56.0, 2.0067516502920038)	(57.0, 1.7755770169678335)	(58.0, 1.5782776770846094)	(59.0, 1.3584393956621617)	(60.0, 1.1776262548572975)	(61.0, 1.000959744246588)	(62.0, 0.8369170473318008)	(63.0, 0.6817695409948116)	(64.0, 0.5454825139280157)	(65.0, 0.4373691637852219)	(66.0, 0.334288618837753)	(67.0, 0.24640681117450877)	(68.0, 0.17828837806567027)	(69.0, 0.12255967469017774)	(70.0, 0.08537376520710066)	(71.0, 0.06069462743865555)	(72.0, 0.03962707080705609)	(73.0, 0.02862512456610972)	(74.0, 0.020448906159084228)	(75.0, 0.016837325022238607)	(76.0, 0.013041820771942514)	(77.0, 0.006520910385971257)	(78.0, 0.004514476421057024)	(79.0, 0.003210294343862773)	(80.0, 0.0018057905684228097)	(81.0, 0.001153699529825684)	(82.0, 0.0006019301894742699)	(83.0, 0.00030096509473713496)	(84.0, 0.00010032169824571166)	(85.0, 0.00010032169824571166)	(86.0, 5.016084912285583e-05)	(87.0, 0.0)	(88.0, 0.0)	(89.0, 0.0)	(90.0, 0.0)	(91.0, 5.016084912285583e-05)	(92.0, 5.016084912285583e-05)	(93.0, 0.0)	(94.0, 0.0)	(95.0, 0.0)	(96.0, 0.0)	(97.0, 0.0)	(98.0, 0.0)	(99.0, 0.0)	(100.0, 0.0)																																																																																																					
SRR908446_2	(0.0, 4.333428458880811)	(1.0, 2.2406815029372624)	(2.0, 1.045401116993821)	(3.0, 0.5514869660665864)	(4.0, 0.3124218436597653)	(5.0, 0.18931642118699793)	(6.0, 0.13423104110918524)	(7.0, 0.10248232451260347)	(8.0, 0.08276374839278915)	(9.0, 0.06915069469539445)	(10.0, 0.05902005008338149)	(11.0, 0.05060799696804929)	(12.0, 0.04436679626957702)	(13.0, 0.037944691203033086)	(14.0, 0.03324117763316979)	(15.0, 0.03138690786043512)	(16.0, 0.03211052533272182)	(17.0, 0.03025625555998715)	(18.0, 0.031115551308327605)	(19.0, 0.03477886476177903)	(20.0, 0.04658287477845486)	(21.0, 0.06001502410777562)	(22.0, 0.07227129504463106)	(23.0, 0.08814565334292195)	(24.0, 0.10442704646937415)	(25.0, 0.1339596845570777)	(26.0, 0.1630400617245938)	(27.0, 0.199040030970848)	(28.0, 0.23680381780580065)	(29.0, 0.28903995408649125)	(30.0, 0.3610398925790488)	(31.0, 0.43376344854389337)	(32.0, 0.5409492866264068)	(33.0, 0.6700697793374644)	(34.0, 0.8425620942936453)	(35.0, 1.082848321184623)	(36.0, 1.4395012828384917)	(37.0, 1.8479381198530487)	(38.0, 2.3429376969894022)	(39.0, 2.9565200873942583)	(40.0, 3.616866256945471)	(41.0, 4.255458676236144)	(42.0, 4.858412935021331)	(43.0, 5.311623603136181)	(44.0, 5.662713755473829)	(45.0, 5.837964862044536)	(46.0, 5.828422156628685)	(47.0, 5.620517811620805)	(48.0, 5.311035663939943)	(49.0, 4.93633749156877)	(50.0, 4.454136898470224)	(51.0, 3.8924740617016584)	(52.0, 3.345238348286846)	(53.0, 2.803655896374253)	(54.0, 2.3236261556978217)	(55.0, 1.8695109657456344)	(56.0, 1.4943605324563256)	(57.0, 1.1768281403979486)	(58.0, 0.9199891638282498)	(59.0, 0.7041250266269253)	(60.0, 0.5447935044479316)	(61.0, 0.417979542429633)	(62.0, 0.3162208353892721)	(63.0, 0.24458270563288068)	(64.0, 0.18918074291094422)	(65.0, 0.1471204773342904)	(66.0, 0.11632150867008782)	(67.0, 0.09117580150812278)	(68.0, 0.0733114951610433)	(69.0, 0.05680397157450366)	(70.0, 0.042693430864914166)	(71.0, 0.036407004074423974)	(72.0, 0.027678368314965767)	(73.0, 0.02288440256106637)	(74.0, 0.01872360209541783)	(75.0, 0.014155766801608159)	(76.0, 0.012030140476766059)	(77.0, 0.008819087943493955)	(78.0, 0.007236174722866831)	(79.0, 0.006105522422418883)	(80.0, 0.004974870121970934)	(81.0, 0.003391956901343818)	(82.0, 0.002713565521075056)	(83.0, 0.0027587916130929735)	(84.0, 0.0019899480487883757)	(85.0, 0.001537687128609199)	(86.0, 0.0010854262084300222)	(87.0, 0.0008140696563225167)	(88.0, 0.0006331652882508465)	(89.0, 0.0004070348281612585)	(90.0, 0.0004070348281612585)	(91.0, 0.0005879391962329289)	(92.0, 0.0004974870121970937)	(93.0, 0.0004070348281612585)	(94.0, 0.0004522609201791761)	(95.0, 0.00031658264412542323)	(96.0, 0.00031658264412542323)	(97.0, 0.00018090436807167043)	(98.0, 0.00022613046008958802)	(99.0, 0.0004522609201791761)	(100.0, 0.0006783913802687642)	(0.0, 4.333428458880811)	(1.0, 2.2406815029372624)	(2.0, 1.045401116993821)	(3.0, 0.5514869660665864)	(4.0, 0.3124218436597653)	(5.0, 0.18931642118699793)	(6.0, 0.13423104110918524)	(7.0, 0.10248232451260347)	(8.0, 0.08276374839278915)	(9.0, 0.06915069469539445)	(10.0, 0.05902005008338149)	(11.0, 0.05060799696804929)	(12.0, 0.04436679626957702)	(13.0, 0.037944691203033086)	(14.0, 0.03324117763316979)	(15.0, 0.03138690786043512)	(16.0, 0.03211052533272182)	(17.0, 0.03025625555998715)	(18.0, 0.031115551308327605)	(19.0, 0.03477886476177903)	(20.0, 0.04658287477845486)	(21.0, 0.06001502410777562)	(22.0, 0.07227129504463106)	(23.0, 0.08814565334292195)	(24.0, 0.10442704646937415)	(25.0, 0.1339596845570777)	(26.0, 0.1630400617245938)	(27.0, 0.199040030970848)	(28.0, 0.23680381780580065)	(29.0, 0.28903995408649125)	(30.0, 0.3610398925790488)	(31.0, 0.43376344854389337)	(32.0, 0.5409492866264068)	(33.0, 0.6700697793374644)	(34.0, 0.8425620942936453)	(35.0, 1.082848321184623)	(36.0, 1.4395012828384917)	(37.0, 1.8479381198530487)	(38.0, 2.3429376969894022)	(39.0, 2.9565200873942583)	(40.0, 3.616866256945471)	(41.0, 4.255458676236144)	(42.0, 4.858412935021331)	(43.0, 5.311623603136181)	(44.0, 5.662713755473829)	(45.0, 5.837964862044536)	(46.0, 5.828422156628685)	(47.0, 5.620517811620805)	(48.0, 5.311035663939943)	(49.0, 4.93633749156877)	(50.0, 4.454136898470224)	(51.0, 3.8924740617016584)	(52.0, 3.345238348286846)	(53.0, 2.803655896374253)	(54.0, 2.3236261556978217)	(55.0, 1.8695109657456344)	(56.0, 1.4943605324563256)	(57.0, 1.1768281403979486)	(58.0, 0.9199891638282498)	(59.0, 0.7041250266269253)	(60.0, 0.5447935044479316)	(61.0, 0.417979542429633)	(62.0, 0.3162208353892721)	(63.0, 0.24458270563288068)	(64.0, 0.18918074291094422)	(65.0, 0.1471204773342904)	(66.0, 0.11632150867008782)	(67.0, 0.09117580150812278)	(68.0, 0.0733114951610433)	(69.0, 0.05680397157450366)	(70.0, 0.042693430864914166)	(71.0, 0.036407004074423974)	(72.0, 0.027678368314965767)	(73.0, 0.02288440256106637)	(74.0, 0.01872360209541783)	(75.0, 0.014155766801608159)	(76.0, 0.012030140476766059)	(77.0, 0.008819087943493955)	(78.0, 0.007236174722866831)	(79.0, 0.006105522422418883)	(80.0, 0.004974870121970934)	(81.0, 0.003391956901343818)	(82.0, 0.002713565521075056)	(83.0, 0.0027587916130929735)	(84.0, 0.0019899480487883757)	(85.0, 0.001537687128609199)	(86.0, 0.0010854262084300222)	(87.0, 0.0008140696563225167)	(88.0, 0.0006331652882508465)	(89.0, 0.0004070348281612585)	(90.0, 0.0004070348281612585)	(91.0, 0.0005879391962329289)	(92.0, 0.0004974870121970937)	(93.0, 0.0004070348281612585)	(94.0, 0.0004522609201791761)	(95.0, 0.00031658264412542323)	(96.0, 0.00031658264412542323)	(97.0, 0.00018090436807167043)	(98.0, 0.00022613046008958802)	(99.0, 0.0004522609201791761)	(100.0, 0.0006783913802687642)
SRR908446_2_paired	(0.0, 9.808694705244454)	(1.0, 5.622694245673495)	(2.0, 0.8265469924196893)	(3.0, 0.08337419668272951)	(4.0, 0.008653415165904288)	(5.0, 0.002236275829390996)	(6.0, 0.0007292203791492378)	(7.0, 0.00014584407582984754)	(8.0, 0.00034030284360297763)	(9.0, 0.0007292203791492378)	(10.0, 0.0014584407582984755)	(11.0, 0.0018311533965303082)	(12.0, 0.0015394652448706132)	(13.0, 0.0015070554502417581)	(14.0, 0.002430734597164126)	(15.0, 0.0037271263823183266)	(16.0, 0.005428640600333215)	(17.0, 0.008847873933677418)	(18.0, 0.014730251658814605)	(19.0, 0.024647648815244238)	(20.0, 0.038583860505651886)	(21.0, 0.057462565876959915)	(22.0, 0.08496227661954348)	(23.0, 0.11427693586134277)	(24.0, 0.1485827034759857)	(25.0, 0.20095693159621494)	(26.0, 0.2752725906801805)	(27.0, 0.37386318594115914)	(28.0, 0.4935363526082039)	(29.0, 0.6337087143779957)	(30.0, 0.7953363601920886)	(31.0, 0.9752269252795629)	(32.0, 1.178711820856845)	(33.0, 1.4168265819950665)	(34.0, 1.6654745263876398)	(35.0, 1.9251255960566684)	(36.0, 2.18819589905904)	(37.0, 2.4433744170692795)	(38.0, 2.696948650245394)	(39.0, 2.8730958840531917)	(40.0, 3.0158772342906164)	(41.0, 3.1349670246543413)	(42.0, 3.1711687652547838)	(43.0, 3.190241929393889)	(44.0, 3.1891886110684537)	(45.0, 3.1778289780510436)	(46.0, 3.221484971416129)	(47.0, 3.2724169636753833)	(48.0, 3.2723197342915165)	(49.0, 3.281475501274183)	(50.0, 3.2405581355552493)	(51.0, 3.1322121921109973)	(52.0, 2.961023656881399)	(53.0, 2.7248372785236312)	(54.0, 2.5286769965324964)	(55.0, 2.336016972361282)	(56.0, 2.1208321409230106)	(57.0, 1.9059065878417631)	(58.0, 1.7105727556136572)	(59.0, 1.523454806323964)	(60.0, 1.3345867281243085)	(61.0, 1.1366277025312606)	(62.0, 0.941682787838696)	(63.0, 0.776716933177824)	(64.0, 0.6395424774111956)	(65.0, 0.5250872876793944)	(66.0, 0.4142944047406537)	(67.0, 0.32375764344494723)	(68.0, 0.23921669415557884)	(69.0, 0.1659057387051088)	(70.0, 0.11534645908409498)	(71.0, 0.08131617472379724)	(72.0, 0.0582566058453669)	(73.0, 0.04372081295432541)	(74.0, 0.030092494312891876)	(75.0, 0.018424968246504074)	(76.0, 0.012007828909990782)	(77.0, 0.008410341706187876)	(78.0, 0.007292203791492378)	(79.0, 0.006903286255946118)	(80.0, 0.0041322488151790135)	(81.0, 0.0017987436019014534)	(82.0, 0.0010695232227522153)	(83.0, 0.0008264497630358029)	(84.0, 0.0006319909952626728)	(85.0, 0.0005347616113761076)	(86.0, 0.00038891753554626013)	(87.0, 0.00019445876777313007)	(88.0, 4.861469194328252e-05)	(89.0, 4.861469194328252e-05)	(90.0, 4.861469194328252e-05)	(91.0, 0.0)	(92.0, 3.2409794628855007e-05)	(93.0, 3.2409794628855007e-05)	(94.0, 0.0)	(95.0, 0.0)	(96.0, 0.0)	(97.0, 0.0)	(98.0, 0.0)	(99.0, 0.0)	(100.0, 0.00014584407582984754)																																																																																																					
SRR908447_1	(0.0, 3.409207783807628)	(1.0, 0.7420289989811039)	(2.0, 0.32842191873466403)	(3.0, 0.2123237245322742)	(4.0, 0.15816781011955128)	(5.0, 0.12109541377264835)	(6.0, 0.09006616667351638)	(7.0, 0.0651962832307644)	(8.0, 0.046485763444394854)	(9.0, 0.03614268107801702)	(10.0, 0.028937387744135887)	(11.0, 0.027659029249415042)	(12.0, 0.02486988344275138)	(13.0, 0.01847809096914707)	(14.0, 0.01324844258165259)	(15.0, 0.015107873119428404)	(16.0, 0.02370773935664152)	(17.0, 0.03195896236802153)	(18.0, 0.040442614196623504)	(19.0, 0.04683440667022783)	(20.0, 0.04520740494967396)	(21.0, 0.04253447355162125)	(22.0, 0.05125055419744548)	(23.0, 0.05729370344521701)	(24.0, 0.06879892989770511)	(25.0, 0.08390680301713394)	(26.0, 0.11342526280432358)	(27.0, 0.16002724065732699)	(28.0, 0.2238289509847633)	(29.0, 0.320286910131894)	(30.0, 0.4609063445511695)	(31.0, 0.6594005544586914)	(32.0, 0.9598148007181938)	(33.0, 1.3774893852662733)	(34.0, 1.8932489306814362)	(35.0, 2.5259201711590777)	(36.0, 3.256211514870951)	(37.0, 3.984643428045947)	(38.0, 4.701105257133989)	(39.0, 5.382818978047283)	(40.0, 5.866619561094861)	(41.0, 6.149020574018533)	(42.0, 6.133447843264718)	(43.0, 6.01874422196609)	(44.0, 5.804096209262378)	(45.0, 5.389559413746732)	(46.0, 5.049980911784808)	(47.0, 4.5908177833619614)	(48.0, 4.127587150637722)	(49.0, 3.585911792100923)	(50.0, 3.083284474857487)	(51.0, 2.555089987720409)	(52.0, 2.061992251984437)	(53.0, 1.700565441204594)	(54.0, 1.3578491502110075)	(55.0, 1.055575473413691)	(56.0, 0.8223331553313328)	(57.0, 0.6331360981126141)	(58.0, 0.5118082555227706)	(59.0, 0.4061693580954069)	(60.0, 0.3069222531416289)	(61.0, 0.23103424431864533)	(62.0, 0.18431605205702298)	(63.0, 0.14073564882790413)	(64.0, 0.10877668645988435)	(65.0, 0.07809608258658439)	(66.0, 0.052296483874944406)	(67.0, 0.04497497613245197)	(68.0, 0.031145461507744623)	(69.0, 0.018942948603591026)	(70.0, 0.013597085807485554)	(71.0, 0.010459296774988875)	(72.0, 0.005810720430549385)	(73.0, 0.006159363656382347)	(74.0, 0.004416147527217532)	(75.0, 0.0029053602152746905)	(76.0, 0.002091859354997777)	(77.0, 0.0010459296774988887)	(78.0, 0.0010459296774988887)	(79.0, 0.0010459296774988887)	(80.0, 0.00023242881722197528)	(81.0, 0.00023242881722197528)	(82.0, 0.00011621440861098764)	(83.0, 0.00046485763444395055)	(84.0, 0.00023242881722197528)	(85.0, 0.00034864322583296294)	(86.0, 0.00011621440861098764)	(87.0, 0.0)	(88.0, 0.00011621440861098764)	(89.0, 0.00011621440861098764)	(90.0, 0.0)	(91.0, 0.0)	(92.0, 0.0)	(93.0, 0.0)	(94.0, 0.0)	(95.0, 0.0)	(96.0, 0.0)	(97.0, 0.0)	(98.0, 0.00011621440861098764)	(99.0, 0.0)	(100.0, 0.0)	(0.0, 3.409207783807628)	(1.0, 0.7420289989811039)	(2.0, 0.32842191873466403)	(3.0, 0.2123237245322742)	(4.0, 0.15816781011955128)	(5.0, 0.12109541377264835)	(6.0, 0.09006616667351638)	(7.0, 0.0651962832307644)	(8.0, 0.046485763444394854)	(9.0, 0.03614268107801702)	(10.0, 0.028937387744135887)	(11.0, 0.027659029249415042)	(12.0, 0.02486988344275138)	(13.0, 0.01847809096914707)	(14.0, 0.01324844258165259)	(15.0, 0.015107873119428404)	(16.0, 0.02370773935664152)	(17.0, 0.03195896236802153)	(18.0, 0.040442614196623504)	(19.0, 0.04683440667022783)	(20.0, 0.04520740494967396)	(21.0, 0.04253447355162125)	(22.0, 0.05125055419744548)	(23.0, 0.05729370344521701)	(24.0, 0.06879892989770511)	(25.0, 0.08390680301713394)	(26.0, 0.11342526280432358)	(27.0, 0.16002724065732699)	(28.0, 0.2238289509847633)	(29.0, 0.320286910131894)	(30.0, 0.4609063445511695)	(31.0, 0.6594005544586914)	(32.0, 0.9598148007181938)	(33.0, 1.3774893852662733)	(34.0, 1.8932489306814362)	(35.0, 2.5259201711590777)	(36.0, 3.256211514870951)	(37.0, 3.984643428045947)	(38.0, 4.701105257133989)	(39.0, 5.382818978047283)	(40.0, 5.866619561094861)	(41.0, 6.149020574018533)	(42.0, 6.133447843264718)	(43.0, 6.01874422196609)	(44.0, 5.804096209262378)	(45.0, 5.389559413746732)	(46.0, 5.049980911784808)	(47.0, 4.5908177833619614)	(48.0, 4.127587150637722)	(49.0, 3.585911792100923)	(50.0, 3.083284474857487)	(51.0, 2.555089987720409)	(52.0, 2.061992251984437)	(53.0, 1.700565441204594)	(54.0, 1.3578491502110075)	(55.0, 1.055575473413691)	(56.0, 0.8223331553313328)	(57.0, 0.6331360981126141)	(58.0, 0.5118082555227706)	(59.0, 0.4061693580954069)	(60.0, 0.3069222531416289)	(61.0, 0.23103424431864533)	(62.0, 0.18431605205702298)	(63.0, 0.14073564882790413)	(64.0, 0.10877668645988435)	(65.0, 0.07809608258658439)	(66.0, 0.052296483874944406)	(67.0, 0.04497497613245197)	(68.0, 0.031145461507744623)	(69.0, 0.018942948603591026)	(70.0, 0.013597085807485554)	(71.0, 0.010459296774988875)	(72.0, 0.005810720430549385)	(73.0, 0.006159363656382347)	(74.0, 0.004416147527217532)	(75.0, 0.0029053602152746905)	(76.0, 0.002091859354997777)	(77.0, 0.0010459296774988887)	(78.0, 0.0010459296774988887)	(79.0, 0.0010459296774988887)	(80.0, 0.00023242881722197528)	(81.0, 0.00023242881722197528)	(82.0, 0.00011621440861098764)	(83.0, 0.00046485763444395055)	(84.0, 0.00023242881722197528)	(85.0, 0.00034864322583296294)	(86.0, 0.00011621440861098764)	(87.0, 0.0)	(88.0, 0.00011621440861098764)	(89.0, 0.00011621440861098764)	(90.0, 0.0)	(91.0, 0.0)	(92.0, 0.0)	(93.0, 0.0)	(94.0, 0.0)	(95.0, 0.0)	(96.0, 0.0)	(97.0, 0.0)	(98.0, 0.00011621440861098764)	(99.0, 0.0)	(100.0, 0.0)
SRR908447_1_paired	(0.0, 4.412032436450781)	(1.0, 2.359721453116574)	(2.0, 0.26768036896841935)	(3.0, 0.038750281303020676)	(4.0, 0.01656211044272662)	(5.0, 0.009576945542263677)	(6.0, 0.004077313448686516)	(7.0, 0.0019912461028469028)	(8.0, 0.0013274974018979353)	(9.0, 0.0017067823738687738)	(10.0, 0.0013274974018979353)	(11.0, 0.000568927457956258)	(12.0, 0.00037928497197083864)	(13.0, 0.0020860673458396126)	(14.0, 0.004456598420657354)	(15.0, 0.00578409582255529)	(16.0, 0.009355695975280687)	(17.0, 0.012800867804015804)	(18.0, 0.01709943081968531)	(19.0, 0.02835155165482019)	(20.0, 0.043649378857644014)	(21.0, 0.06495255145000613)	(22.0, 0.09406267304876793)	(23.0, 0.13388759510570603)	(24.0, 0.19144408960228113)	(25.0, 0.2665109069715091)	(26.0, 0.36515660676492395)	(27.0, 0.5015095541884419)	(28.0, 0.6563526439955393)	(29.0, 0.8449204892270414)	(30.0, 1.0518204414371275)	(31.0, 1.2968069262492805)	(32.0, 1.5847474341371321)	(33.0, 1.8783140024425864)	(34.0, 2.2494127404350874)	(35.0, 2.5742387118471486)	(36.0, 2.8572801221804203)	(37.0, 3.232266531135587)	(38.0, 3.566100520631853)	(39.0, 3.7888672275026742)	(40.0, 3.9016096854209805)	(41.0, 3.9256310669791405)	(42.0, 3.9066036042186107)	(43.0, 3.867347609619634)	(44.0, 3.801984166116674)	(45.0, 3.7472407018288987)	(46.0, 3.745849990264998)	(47.0, 3.7035913229712536)	(48.0, 3.618315418439825)	(49.0, 3.5127161608269617)	(50.0, 3.3569564656709625)	(51.0, 3.1855828725021547)	(52.0, 2.9706863287996748)	(53.0, 2.681418323509898)	(54.0, 2.369993754440819)	(55.0, 2.1843337606610795)	(56.0, 1.9429188760016247)	(57.0, 1.6461283854344226)	(58.0, 1.4213072182987072)	(59.0, 1.2168410113254338)	(60.0, 1.0143344433740111)	(61.0, 0.8201721448059444)	(62.0, 0.6838191973824279)	(63.0, 0.5726254864329757)	(64.0, 0.4495159059474387)	(65.0, 0.3493530662661393)	(66.0, 0.26075841822995155)	(67.0, 0.19681729337186804)	(68.0, 0.1456138221558046)	(69.0, 0.10708479041976675)	(70.0, 0.07765859801102919)	(71.0, 0.054838285530783765)	(72.0, 0.037138320172144614)	(73.0, 0.026170663065987865)	(74.0, 0.020354960162435005)	(75.0, 0.014792113906862707)	(76.0, 0.009924623433236945)	(77.0, 0.00578409582255529)	(78.0, 0.00284463728978129)	(79.0, 0.0019912461028469028)	(80.0, 0.001422318644890645)	(81.0, 0.001137854915912516)	(82.0, 0.000568927457956258)	(83.0, 9.482124299270966e-05)	(84.0, 0.0)	(85.0, 0.0)	(86.0, 0.0)	(87.0, 9.482124299270966e-05)	(88.0, 9.482124299270966e-05)	(89.0, 0.0)	(90.0, 0.0)	(91.0, 0.0)	(92.0, 0.0)	(93.0, 0.0)	(94.0, 0.0)	(95.0, 0.0)	(96.0, 0.0)	(97.0, 0.0)	(98.0, 0.0)	(99.0, 0.0)	(100.0, 0.0)																																																																																																					
SRR908447_2	(0.0, 2.8591145803119944)	(1.0, 1.2966979436084964)	(2.0, 0.532829190781417)	(3.0, 0.27441747178687875)	(4.0, 0.14811120518674126)	(5.0, 0.0910472169707086)	(6.0, 0.06112341827205494)	(7.0, 0.04720537236570432)	(8.0, 0.03757872394714544)	(9.0, 0.03189552186871918)	(10.0, 0.027952075528586674)	(11.0, 0.024356580336112918)	(12.0, 0.0193692805530041)	(13.0, 0.015193866781099005)	(14.0, 0.012526241315715192)	(15.0, 0.012526241315715192)	(16.0, 0.011830339020397677)	(17.0, 0.010554518145648905)	(18.0, 0.012642225031601445)	(19.0, 0.01287419246337395)	(20.0, 0.013454111042805214)	(21.0, 0.014729931917553993)	(22.0, 0.01797747596236907)	(23.0, 0.02377666175668167)	(24.0, 0.028763961539790425)	(25.0, 0.03920249596955295)	(26.0, 0.057295955647808525)	(27.0, 0.0749254804625193)	(28.0, 0.10067386538926697)	(29.0, 0.13883250791584165)	(30.0, 0.19114116378054047)	(31.0, 0.2722137811850397)	(32.0, 0.37694707663033)	(33.0, 0.5378164905645247)	(34.0, 0.7600412902025652)	(35.0, 1.038750159477355)	(36.0, 1.4101300177453024)	(37.0, 1.893666129274667)	(38.0, 2.4708010995241314)	(39.0, 3.1293566383264313)	(40.0, 3.8375532075291736)	(41.0, 4.516057945464981)	(42.0, 5.158259780328326)	(43.0, 5.5981860146856794)	(44.0, 5.8877973532531565)	(45.0, 6.042171679097195)	(46.0, 6.043795451119597)	(47.0, 5.880258411720577)	(48.0, 5.628341780816159)	(49.0, 5.325624282352492)	(50.0, 4.834781196720981)	(51.0, 4.3019520059385705)	(52.0, 3.730616221481855)	(53.0, 3.117874250453671)	(54.0, 2.584581124808441)	(55.0, 2.070773263432813)	(56.0, 1.5865412496081515)	(57.0, 1.2326749324392563)	(58.0, 0.9446873658935621)	(59.0, 0.7409039770813248)	(60.0, 0.5715677518874163)	(61.0, 0.4517565733769454)	(62.0, 0.35073475684004113)	(63.0, 0.27824493441112547)	(64.0, 0.21955717417267542)	(65.0, 0.17942680847602768)	(66.0, 0.148923091197945)	(67.0, 0.11737552047688628)	(68.0, 0.09499066331084094)	(69.0, 0.07886892680265198)	(70.0, 0.06379104373743881)	(71.0, 0.0488291443881119)	(72.0, 0.0418701214349367)	(73.0, 0.03491109848176169)	(74.0, 0.03038773356219793)	(75.0, 0.021572971154842902)	(76.0, 0.016121736508189027)	(77.0, 0.012062306452170182)	(78.0, 0.010786485577421408)	(79.0, 0.009162713555013887)	(80.0, 0.006031153226085099)	(81.0, 0.004175413771905068)	(82.0, 0.003595495192473808)	(83.0, 0.0017397557382937774)	(84.0, 0.001855739454180029)	(85.0, 0.001507788306521274)	(86.0, 0.0008118860112037629)	(87.0, 0.0009278697270900147)	(88.0, 0.00046393486354500736)	(89.0, 0.00034795114765875555)	(90.0, 0.00023196743177250368)	(91.0, 0.00034795114765875555)	(92.0, 0.0006959022953175111)	(93.0, 0.00046393486354500736)	(94.0, 0.0)	(95.0, 0.00023196743177250368)	(96.0, 0.00046393486354500736)	(97.0, 0.00023196743177250368)	(98.0, 0.00023196743177250368)	(99.0, 0.00023196743177250368)	(100.0, 0.0006959022953175111)	(0.0, 2.8591145803119944)	(1.0, 1.2966979436084964)	(2.0, 0.532829190781417)	(3.0, 0.27441747178687875)	(4.0, 0.14811120518674126)	(5.0, 0.0910472169707086)	(6.0, 0.06112341827205494)	(7.0, 0.04720537236570432)	(8.0, 0.03757872394714544)	(9.0, 0.03189552186871918)	(10.0, 0.027952075528586674)	(11.0, 0.024356580336112918)	(12.0, 0.0193692805530041)	(13.0, 0.015193866781099005)	(14.0, 0.012526241315715192)	(15.0, 0.012526241315715192)	(16.0, 0.011830339020397677)	(17.0, 0.010554518145648905)	(18.0, 0.012642225031601445)	(19.0, 0.01287419246337395)	(20.0, 0.013454111042805214)	(21.0, 0.014729931917553993)	(22.0, 0.01797747596236907)	(23.0, 0.02377666175668167)	(24.0, 0.028763961539790425)	(25.0, 0.03920249596955295)	(26.0, 0.057295955647808525)	(27.0, 0.0749254804625193)	(28.0, 0.10067386538926697)	(29.0, 0.13883250791584165)	(30.0, 0.19114116378054047)	(31.0, 0.2722137811850397)	(32.0, 0.37694707663033)	(33.0, 0.5378164905645247)	(34.0, 0.7600412902025652)	(35.0, 1.038750159477355)	(36.0, 1.4101300177453024)	(37.0, 1.893666129274667)	(38.0, 2.4708010995241314)	(39.0, 3.1293566383264313)	(40.0, 3.8375532075291736)	(41.0, 4.516057945464981)	(42.0, 5.158259780328326)	(43.0, 5.5981860146856794)	(44.0, 5.8877973532531565)	(45.0, 6.042171679097195)	(46.0, 6.043795451119597)	(47.0, 5.880258411720577)	(48.0, 5.628341780816159)	(49.0, 5.325624282352492)	(50.0, 4.834781196720981)	(51.0, 4.3019520059385705)	(52.0, 3.730616221481855)	(53.0, 3.117874250453671)	(54.0, 2.584581124808441)	(55.0, 2.070773263432813)	(56.0, 1.5865412496081515)	(57.0, 1.2326749324392563)	(58.0, 0.9446873658935621)	(59.0, 0.7409039770813248)	(60.0, 0.5715677518874163)	(61.0, 0.4517565733769454)	(62.0, 0.35073475684004113)	(63.0, 0.27824493441112547)	(64.0, 0.21955717417267542)	(65.0, 0.17942680847602768)	(66.0, 0.148923091197945)	(67.0, 0.11737552047688628)	(68.0, 0.09499066331084094)	(69.0, 0.07886892680265198)	(70.0, 0.06379104373743881)	(71.0, 0.0488291443881119)	(72.0, 0.0418701214349367)	(73.0, 0.03491109848176169)	(74.0, 0.03038773356219793)	(75.0, 0.021572971154842902)	(76.0, 0.016121736508189027)	(77.0, 0.012062306452170182)	(78.0, 0.010786485577421408)	(79.0, 0.009162713555013887)	(80.0, 0.006031153226085099)	(81.0, 0.004175413771905068)	(82.0, 0.003595495192473808)	(83.0, 0.0017397557382937774)	(84.0, 0.001855739454180029)	(85.0, 0.001507788306521274)	(86.0, 0.0008118860112037629)	(87.0, 0.0009278697270900147)	(88.0, 0.00046393486354500736)	(89.0, 0.00034795114765875555)	(90.0, 0.00023196743177250368)	(91.0, 0.00034795114765875555)	(92.0, 0.0006959022953175111)	(93.0, 0.00046393486354500736)	(94.0, 0.0)	(95.0, 0.00023196743177250368)	(96.0, 0.00046393486354500736)	(97.0, 0.00023196743177250368)	(98.0, 0.00023196743177250368)	(99.0, 0.00023196743177250368)	(100.0, 0.0006959022953175111)
SRR908447_2_paired	(0.0, 4.352902855376184)	(1.0, 2.46769084301933)	(2.0, 0.33269168954746287)	(3.0, 0.030548623839704338)	(4.0, 0.003128473525752854)	(5.0, 0.0013802089084203766)	(6.0, 0.000828125345052226)	(7.0, 0.00036805570891210046)	(8.0, 0.00027604178168407536)	(9.0, 0.0006440974905961758)	(10.0, 0.0007361114178242009)	(11.0, 0.0005520835633681507)	(12.0, 0.00036805570891210046)	(13.0, 0.0012881949811923516)	(14.0, 0.002392362107928653)	(15.0, 0.003312501380208904)	(16.0, 0.006042247887973648)	(17.0, 0.010029518067854737)	(18.0, 0.015212969301700154)	(19.0, 0.02438369071542666)	(20.0, 0.034259852237901345)	(21.0, 0.047939256085801095)	(22.0, 0.07499135069084045)	(23.0, 0.1088831472198297)	(24.0, 0.15970550635877567)	(25.0, 0.22466733898176142)	(26.0, 0.3084613553774158)	(27.0, 0.430901221208841)	(28.0, 0.5690141259781087)	(29.0, 0.7180153454693601)	(30.0, 0.8990987542541101)	(31.0, 1.1253610013078161)	(32.0, 1.3979062537572178)	(33.0, 1.6796528989294375)	(34.0, 1.9934203907770227)	(35.0, 2.323474347743973)	(36.0, 2.6468112880232804)	(37.0, 3.0140388715903574)	(38.0, 3.374212054069867)	(39.0, 3.6276797522739552)	(40.0, 3.7448748242533614)	(41.0, 3.830785160975256)	(42.0, 3.9069420214109876)	(43.0, 3.8346190746097695)	(44.0, 3.7245397463359886)	(45.0, 3.7199390499745832)	(46.0, 3.728741715679406)	(47.0, 3.7369922978208625)	(48.0, 3.7266253953531656)	(49.0, 3.644150245247784)	(50.0, 3.5000564352087045)	(51.0, 3.3287265027101274)	(52.0, 3.1154075480864916)	(53.0, 2.841114031019756)	(54.0, 2.5670045418074623)	(55.0, 2.3067278129884468)	(56.0, 2.062124123107275)	(57.0, 1.8145146449366552)	(58.0, 1.5695428993465748)	(59.0, 1.378951384748258)	(60.0, 1.1717053493216707)	(61.0, 0.9707776035647409)	(62.0, 0.8188932810203476)	(63.0, 0.6812404458872223)	(64.0, 0.5529116887132031)	(65.0, 0.4294596696822692)	(66.0, 0.32827502104051753)	(67.0, 0.256289458639126)	(68.0, 0.19749255914041794)	(69.0, 0.14602610251087586)	(70.0, 0.10121531995082762)	(71.0, 0.07238428941937974)	(72.0, 0.055668425972955196)	(73.0, 0.03935128954451874)	(74.0, 0.028125590422699673)	(75.0, 0.018402785445605023)	(76.0, 0.011133685194591039)	(77.0, 0.0069623871602539)	(78.0, 0.0045700250523252476)	(79.0, 0.004079284107109113)	(80.0, 0.003925927561729072)	(81.0, 0.0024843760351566783)	(82.0, 0.0010121531995082762)	(83.0, 0.0004600696361401256)	(84.0, 0.00018402785445605023)	(85.0, 0.00027604178168407536)	(86.0, 0.00027604178168407536)	(87.0, 9.201392722802512e-05)	(88.0, 0.0)	(89.0, 0.0)	(90.0, 0.0)	(91.0, 6.134261815201674e-05)	(92.0, 6.134261815201674e-05)	(93.0, 0.0)	(94.0, 0.0)	(95.0, 0.0)	(96.0, 6.134261815201674e-05)	(97.0, 6.134261815201674e-05)	(98.0, 6.134261815201674e-05)	(99.0, 9.201392722802512e-05)	(100.0, 0.00027604178168407536)																																																																																																					
SRR908448_1	(0.0, 1.9477347192984975)	(1.0, 0.4399348282591627)	(2.0, 0.15858115902364645)	(3.0, 0.09514869541418838)	(4.0, 0.060874702980044645)	(5.0, 0.039901065818852985)	(6.0, 0.03035209280237543)	(7.0, 0.02540708891884233)	(8.0, 0.01671070277883585)	(9.0, 0.014323459524716444)	(10.0, 0.01347087264824523)	(11.0, 0.013129837897656742)	(12.0, 0.008355351389417941)	(13.0, 0.007332247137652478)	(14.0, 0.008184834014123697)	(15.0, 0.013300355272950986)	(16.0, 0.06667229374004889)	(17.0, 0.1272059619695071)	(18.0, 0.150225807634229)	(19.0, 0.1729046185483621)	(20.0, 0.18825118232484317)	(21.0, 0.19217308195661054)	(22.0, 0.19438980783543558)	(23.0, 0.21451085812015513)	(24.0, 0.239917947038996)	(25.0, 0.27998953023314405)	(26.0, 0.3212547350543557)	(27.0, 0.38536926816499856)	(28.0, 0.47096899056271857)	(29.0, 0.6077239255486888)	(30.0, 0.7746604359617153)	(31.0, 1.0207170085112527)	(32.0, 1.3690840062375327)	(33.0, 1.802198139485108)	(34.0, 2.335235454654829)	(35.0, 2.9436414497041365)	(36.0, 3.6572566653098972)	(37.0, 4.350239278505508)	(38.0, 5.030262571180188)	(39.0, 5.598426465661642)	(40.0, 5.9868650465826345)	(41.0, 6.205638839085547)	(42.0, 6.0900280586358395)	(43.0, 5.7331351921443385)	(44.0, 5.516919160270844)	(45.0, 5.162584054408762)	(46.0, 4.69332023759815)	(47.0, 4.187736219849806)	(48.0, 3.754110534476939)	(49.0, 3.3305453742464235)	(50.0, 2.809955827473571)	(51.0, 2.3328482114007114)	(52.0, 1.9319618620840866)	(53.0, 1.544546385415389)	(54.0, 1.2686492721891773)	(55.0, 0.9782581820629959)	(56.0, 0.76187163281465)	(57.0, 0.5838514930075)	(58.0, 0.4308974073685668)	(59.0, 0.33660129883083933)	(60.0, 0.2619146884519522)	(61.0, 0.19865274221779142)	(62.0, 0.15465925939187908)	(63.0, 0.10435663368007782)	(64.0, 0.08014316638829452)	(65.0, 0.05251935159062683)	(66.0, 0.03410347505884878)	(67.0, 0.023360880415311393)	(68.0, 0.016199150652953118)	(69.0, 0.010742594643537343)	(70.0, 0.00699121238706399)	(71.0, 0.007161729762358234)	(72.0, 0.0068206950117697465)	(73.0, 0.004262934382356088)	(74.0, 0.00289879538000214)	(75.0, 0.0025577606294136536)	(76.0, 0.0010231042517654615)	(77.0, 0.0018756911282366796)	(78.0, 0.0005115521258827308)	(79.0, 0.0001705173752942436)	(80.0, 0.0003410347505884872)	(81.0, 0.0003410347505884872)	(82.0, 0.0)	(83.0, 0.0001705173752942436)	(84.0, 0.0001705173752942436)	(85.0, 0.0003410347505884872)	(86.0, 0.0008525868764712179)	(87.0, 0.0001705173752942436)	(88.0, 0.0)	(89.0, 0.0001705173752942436)	(90.0, 0.0)	(91.0, 0.0)	(92.0, 0.0)	(93.0, 0.0001705173752942436)	(94.0, 0.0)	(95.0, 0.0)	(96.0, 0.0)	(97.0, 0.0)	(98.0, 0.0)	(99.0, 0.0)	(100.0, 0.0)	(0.0, 1.9477347192984975)	(1.0, 0.4399348282591627)	(2.0, 0.15858115902364645)	(3.0, 0.09514869541418838)	(4.0, 0.060874702980044645)	(5.0, 0.039901065818852985)	(6.0, 0.03035209280237543)	(7.0, 0.02540708891884233)	(8.0, 0.01671070277883585)	(9.0, 0.014323459524716444)	(10.0, 0.01347087264824523)	(11.0, 0.013129837897656742)	(12.0, 0.008355351389417941)	(13.0, 0.007332247137652478)	(14.0, 0.008184834014123697)	(15.0, 0.013300355272950986)	(16.0, 0.06667229374004889)	(17.0, 0.1272059619695071)	(18.0, 0.150225807634229)	(19.0, 0.1729046185483621)	(20.0, 0.18825118232484317)	(21.0, 0.19217308195661054)	(22.0, 0.19438980783543558)	(23.0, 0.21451085812015513)	(24.0, 0.239917947038996)	(25.0, 0.27998953023314405)	(26.0, 0.3212547350543557)	(27.0, 0.38536926816499856)	(28.0, 0.47096899056271857)	(29.0, 0.6077239255486888)	(30.0, 0.7746604359617153)	(31.0, 1.0207170085112527)	(32.0, 1.3690840062375327)	(33.0, 1.802198139485108)	(34.0, 2.335235454654829)	(35.0, 2.9436414497041365)	(36.0, 3.6572566653098972)	(37.0, 4.350239278505508)	(38.0, 5.030262571180188)	(39.0, 5.598426465661642)	(40.0, 5.9868650465826345)	(41.0, 6.205638839085547)	(42.0, 6.0900280586358395)	(43.0, 5.7331351921443385)	(44.0, 5.516919160270844)	(45.0, 5.162584054408762)	(46.0, 4.69332023759815)	(47.0, 4.187736219849806)	(48.0, 3.754110534476939)	(49.0, 3.3305453742464235)	(50.0, 2.809955827473571)	(51.0, 2.3328482114007114)	(52.0, 1.9319618620840866)	(53.0, 1.544546385415389)	(54.0, 1.2686492721891773)	(55.0, 0.9782581820629959)	(56.0, 0.76187163281465)	(57.0, 0.5838514930075)	(58.0, 0.4308974073685668)	(59.0, 0.33660129883083933)	(60.0, 0.2619146884519522)	(61.0, 0.19865274221779142)	(62.0, 0.15465925939187908)	(63.0, 0.10435663368007782)	(64.0, 0.08014316638829452)	(65.0, 0.05251935159062683)	(66.0, 0.03410347505884878)	(67.0, 0.023360880415311393)	(68.0, 0.016199150652953118)	(69.0, 0.010742594643537343)	(70.0, 0.00699121238706399)	(71.0, 0.007161729762358234)	(72.0, 0.0068206950117697465)	(73.0, 0.004262934382356088)	(74.0, 0.00289879538000214)	(75.0, 0.0025577606294136536)	(76.0, 0.0010231042517654615)	(77.0, 0.0018756911282366796)	(78.0, 0.0005115521258827308)	(79.0, 0.0001705173752942436)	(80.0, 0.0003410347505884872)	(81.0, 0.0003410347505884872)	(82.0, 0.0)	(83.0, 0.0001705173752942436)	(84.0, 0.0001705173752942436)	(85.0, 0.0003410347505884872)	(86.0, 0.0008525868764712179)	(87.0, 0.0001705173752942436)	(88.0, 0.0)	(89.0, 0.0001705173752942436)	(90.0, 0.0)	(91.0, 0.0)	(92.0, 0.0)	(93.0, 0.0001705173752942436)	(94.0, 0.0)	(95.0, 0.0)	(96.0, 0.0)	(97.0, 0.0)	(98.0, 0.0)	(99.0, 0.0)	(100.0, 0.0)
SRR908448_1_paired	(0.0, 3.072871685409217)	(1.0, 1.6675598433430843)	(2.0, 0.20883947521267832)	(3.0, 0.037628734272554656)	(4.0, 0.014565961653892123)	(5.0, 0.008739576992335274)	(6.0, 0.004916012058188592)	(7.0, 0.0025490432894311214)	(8.0, 0.0021848942480838184)	(9.0, 0.001638670686062864)	(10.0, 0.0012745216447155607)	(11.0, 0.0025490432894311214)	(12.0, 0.003459415892799379)	(13.0, 0.003823564934146682)	(14.0, 0.005644310140883198)	(15.0, 0.009285800554356228)	(16.0, 0.014201812612544818)	(17.0, 0.021120644398143578)	(18.0, 0.03077059399384711)	(19.0, 0.04035985208265942)	(20.0, 0.061480496480803004)	(21.0, 0.09370768664003937)	(22.0, 0.1391656253015609)	(23.0, 0.20289170753733887)	(24.0, 0.2973276922600734)	(25.0, 0.4083324583641096)	(26.0, 0.5204903630990771)	(27.0, 0.6876954645843776)	(28.0, 0.9154706899471213)	(29.0, 1.156476663812154)	(30.0, 1.405008384531701)	(31.0, 1.6895908603446024)	(32.0, 2.007917813989014)	(33.0, 2.361931373685448)	(34.0, 2.7329385553114216)	(35.0, 3.077241473905286)	(36.0, 3.403154865911178)	(37.0, 3.682639255145289)	(38.0, 3.9046487873534064)	(39.0, 4.067726866370127)	(40.0, 4.203372384272019)	(41.0, 4.205678661533886)	(42.0, 4.070397292673349)	(43.0, 3.886623409806707)	(44.0, 3.751099274918581)	(45.0, 3.680090211855849)	(46.0, 3.5577361339631506)	(47.0, 3.4741032374670424)	(48.0, 3.424943116885146)	(49.0, 3.278251744729046)	(50.0, 3.058851947317278)	(51.0, 2.8221550704415397)	(52.0, 2.6124052226255046)	(53.0, 2.3608996180683195)	(54.0, 2.1186798140654806)	(55.0, 1.8733647432111997)	(56.0, 1.6282924383844697)	(57.0, 1.4357182870186451)	(58.0, 1.2812584019804927)	(59.0, 1.111989789260883)	(60.0, 0.9382300050313267)	(61.0, 0.7584010701126478)	(62.0, 0.6042446426089574)	(63.0, 0.47703524416496695)	(64.0, 0.36603047806093136)	(65.0, 0.28148720896146545)	(66.0, 0.21745766919123105)	(67.0, 0.16065041874105185)	(68.0, 0.11598146966911604)	(69.0, 0.08332943896164119)	(70.0, 0.06317985867375708)	(71.0, 0.04715730085447576)	(72.0, 0.03222719015923632)	(73.0, 0.017661228505344198)	(74.0, 0.010681705212854224)	(75.0, 0.008678885485444057)	(76.0, 0.005098086578862243)	(77.0, 0.0018207452067365154)	(78.0, 0.001638670686062864)	(79.0, 0.0007282980826946061)	(80.0, 0.00018207452067365152)	(81.0, 0.0007282980826946061)	(82.0, 0.0009103726033682577)	(83.0, 0.00036414904134730305)	(84.0, 0.0)	(85.0, 0.0)	(86.0, 0.0)	(87.0, 0.0)	(88.0, 0.00018207452067365152)	(89.0, 0.00018207452067365152)	(90.0, 0.0)	(91.0, 0.0)	(92.0, 0.0)	(93.0, 0.0)	(94.0, 0.0)	(95.0, 0.0)	(96.0, 0.0)	(97.0, 0.0)	(98.0, 0.0)	(99.0, 0.0)	(100.0, 0.0)																																																																																																					
SRR908448_2	(0.0, 1.696818986374036)	(1.0, 0.7381771915007483)	(2.0, 0.26929576600581845)	(3.0, 0.1254441036584103)	(4.0, 0.05726796036579513)	(5.0, 0.02829309946643469)	(6.0, 0.018748439405468723)	(7.0, 0.0156805129573011)	(8.0, 0.014828311166143433)	(9.0, 0.0090333389862713)	(10.0, 0.008522017911576701)	(11.0, 0.0056245318216406204)	(12.0, 0.004942770388714483)	(13.0, 0.0039201282393252785)	(14.0, 0.0056245318216406204)	(15.0, 0.006135852896335222)	(16.0, 0.007669816120419031)	(17.0, 0.009203779344502833)	(18.0, 0.012442146150901966)	(19.0, 0.01704403582315337)	(20.0, 0.02607737480942473)	(21.0, 0.040564805259105045)	(22.0, 0.05368871284293298)	(23.0, 0.07601639977126405)	(24.0, 0.10652522389470948)	(25.0, 0.13055731440535645)	(26.0, 0.17095167930622773)	(27.0, 0.2261743553732416)	(28.0, 0.28259011394787964)	(29.0, 0.37070777915359265)	(30.0, 0.48217577343702855)	(31.0, 0.6171645371563867)	(32.0, 0.7790828774763072)	(33.0, 0.9534433639471268)	(34.0, 1.2711441916907864)	(35.0, 1.6190129628415053)	(36.0, 2.0074465392513474)	(37.0, 2.551151282009565)	(38.0, 3.1742812317034867)	(39.0, 3.8492250502997467)	(40.0, 4.61279785517748)	(41.0, 5.279390096222222)	(42.0, 5.7946312991570865)	(43.0, 6.048757873280766)	(44.0, 6.273909586505032)	(45.0, 6.2601039174882525)	(46.0, 6.037679249995696)	(47.0, 5.6978211756813995)	(48.0, 5.2618347393243425)	(49.0, 4.755626875375766)	(50.0, 4.2062976007945325)	(51.0, 3.644185299347398)	(52.0, 3.008442763144355)	(53.0, 2.467124185401495)	(54.0, 1.9794943205013638)	(55.0, 1.5569726724451989)	(56.0, 1.2102969838021012)	(57.0, 0.9396376949303755)	(58.0, 0.7153381834977279)	(59.0, 0.5423412198927603)	(60.0, 0.3962738328883257)	(61.0, 0.3040655990850553)	(62.0, 0.23998002438999502)	(63.0, 0.186973072979991)	(64.0, 0.14691958879558278)	(65.0, 0.1162403243139072)	(66.0, 0.09050383022094485)	(67.0, 0.06766482221791864)	(68.0, 0.05812016215695279)	(69.0, 0.04806418102129243)	(70.0, 0.04039436490087352)	(71.0, 0.030508824123444644)	(72.0, 0.025054732660035522)	(73.0, 0.02198680621186789)	(74.0, 0.015850953315532632)	(75.0, 0.015510072599069565)	(76.0, 0.012783026867365033)	(77.0, 0.012783026867365033)	(78.0, 0.009374219702734367)	(79.0, 0.006135852896335222)	(80.0, 0.004772330030482949)	(81.0, 0.003408807164630677)	(82.0, 0.0030679264481676097)	(83.0, 0.0010226421493892033)	(84.0, 0.0005113210746946018)	(85.0, 0.0013635228658522712)	(86.0, 0.0005113210746946018)	(87.0, 0.0)	(88.0, 0.0006817614329261356)	(89.0, 0.0008522017911576696)	(90.0, 0.0006817614329261356)	(91.0, 0.0001704403582315339)	(92.0, 0.0)	(93.0, 0.0003408807164630678)	(94.0, 0.0006817614329261356)	(95.0, 0.0005113210746946018)	(96.0, 0.0003408807164630678)	(97.0, 0.0001704403582315339)	(98.0, 0.0001704403582315339)	(99.0, 0.0001704403582315339)	(100.0, 0.0)	(0.0, 1.696818986374036)	(1.0, 0.7381771915007483)	(2.0, 0.26929576600581845)	(3.0, 0.1254441036584103)	(4.0, 0.05726796036579513)	(5.0, 0.02829309946643469)	(6.0, 0.018748439405468723)	(7.0, 0.0156805129573011)	(8.0, 0.014828311166143433)	(9.0, 0.0090333389862713)	(10.0, 0.008522017911576701)	(11.0, 0.0056245318216406204)	(12.0, 0.004942770388714483)	(13.0, 0.0039201282393252785)	(14.0, 0.0056245318216406204)	(15.0, 0.006135852896335222)	(16.0, 0.007669816120419031)	(17.0, 0.009203779344502833)	(18.0, 0.012442146150901966)	(19.0, 0.01704403582315337)	(20.0, 0.02607737480942473)	(21.0, 0.040564805259105045)	(22.0, 0.05368871284293298)	(23.0, 0.07601639977126405)	(24.0, 0.10652522389470948)	(25.0, 0.13055731440535645)	(26.0, 0.17095167930622773)	(27.0, 0.2261743553732416)	(28.0, 0.28259011394787964)	(29.0, 0.37070777915359265)	(30.0, 0.48217577343702855)	(31.0, 0.6171645371563867)	(32.0, 0.7790828774763072)	(33.0, 0.9534433639471268)	(34.0, 1.2711441916907864)	(35.0, 1.6190129628415053)	(36.0, 2.0074465392513474)	(37.0, 2.551151282009565)	(38.0, 3.1742812317034867)	(39.0, 3.8492250502997467)	(40.0, 4.61279785517748)	(41.0, 5.279390096222222)	(42.0, 5.7946312991570865)	(43.0, 6.048757873280766)	(44.0, 6.273909586505032)	(45.0, 6.2601039174882525)	(46.0, 6.037679249995696)	(47.0, 5.6978211756813995)	(48.0, 5.2618347393243425)	(49.0, 4.755626875375766)	(50.0, 4.2062976007945325)	(51.0, 3.644185299347398)	(52.0, 3.008442763144355)	(53.0, 2.467124185401495)	(54.0, 1.9794943205013638)	(55.0, 1.5569726724451989)	(56.0, 1.2102969838021012)	(57.0, 0.9396376949303755)	(58.0, 0.7153381834977279)	(59.0, 0.5423412198927603)	(60.0, 0.3962738328883257)	(61.0, 0.3040655990850553)	(62.0, 0.23998002438999502)	(63.0, 0.186973072979991)	(64.0, 0.14691958879558278)	(65.0, 0.1162403243139072)	(66.0, 0.09050383022094485)	(67.0, 0.06766482221791864)	(68.0, 0.05812016215695279)	(69.0, 0.04806418102129243)	(70.0, 0.04039436490087352)	(71.0, 0.030508824123444644)	(72.0, 0.025054732660035522)	(73.0, 0.02198680621186789)	(74.0, 0.015850953315532632)	(75.0, 0.015510072599069565)	(76.0, 0.012783026867365033)	(77.0, 0.012783026867365033)	(78.0, 0.009374219702734367)	(79.0, 0.006135852896335222)	(80.0, 0.004772330030482949)	(81.0, 0.003408807164630677)	(82.0, 0.0030679264481676097)	(83.0, 0.0010226421493892033)	(84.0, 0.0005113210746946018)	(85.0, 0.0013635228658522712)	(86.0, 0.0005113210746946018)	(87.0, 0.0)	(88.0, 0.0006817614329261356)	(89.0, 0.0008522017911576696)	(90.0, 0.0006817614329261356)	(91.0, 0.0001704403582315339)	(92.0, 0.0)	(93.0, 0.0003408807164630678)	(94.0, 0.0006817614329261356)	(95.0, 0.0005113210746946018)	(96.0, 0.0003408807164630678)	(97.0, 0.0001704403582315339)	(98.0, 0.0001704403582315339)	(99.0, 0.0001704403582315339)	(100.0, 0.0)
SRR908448_2_paired	(0.0, 3.0681593781546734)	(1.0, 1.7211540533943945)	(2.0, 0.2115690771289281)	(3.0, 0.01642689420439365)	(4.0, 0.0013980335493100978)	(5.0, 0.0005242625809912866)	(6.0, 0.00034950838732752444)	(7.0, 0.00034950838732752444)	(8.0, 0.0005242625809912866)	(9.0, 0.00034950838732752444)	(10.0, 0.000873770968318811)	(11.0, 0.0023883073134047506)	(12.0, 0.003262078281723561)	(13.0, 0.003844592260602769)	(14.0, 0.006465905165559203)	(15.0, 0.008737709683188112)	(16.0, 0.010660005813489496)	(17.0, 0.016951156785384936)	(18.0, 0.025397609479133443)	(19.0, 0.037222643250381354)	(20.0, 0.055338827993524714)	(21.0, 0.08347425317339045)	(22.0, 0.1188328516913583)	(23.0, 0.16112336655798865)	(24.0, 0.23900548553413883)	(25.0, 0.34350849334506955)	(26.0, 0.4878554573113352)	(27.0, 0.6537554384961307)	(28.0, 0.8274611069979142)	(29.0, 1.032098267778186)	(30.0, 1.2602107419072912)	(31.0, 1.531312747677675)	(32.0, 1.863170961445133)	(33.0, 2.1979999965048806)	(34.0, 2.5660323283607407)	(35.0, 2.964180632924676)	(36.0, 3.2883496621709902)	(37.0, 3.566150578698521)	(38.0, 3.7977581367009163)	(39.0, 3.9801432634880216)	(40.0, 4.0949567687251225)	(41.0, 4.096413053672317)	(42.0, 4.036530616643519)	(43.0, 3.8416796907084034)	(44.0, 3.6341299600337247)	(45.0, 3.6106546466848903)	(46.0, 3.616654540667347)	(47.0, 3.5293356952333452)	(48.0, 3.42291039129211)	(49.0, 3.314155031435358)	(50.0, 3.1576917767083885)	(51.0, 2.9557341802309622)	(52.0, 2.7376991979364784)	(53.0, 2.536848378018932)	(54.0, 2.2762898752662695)	(55.0, 1.9753049023793874)	(56.0, 1.758143691053223)	(57.0, 1.591544693093772)	(58.0, 1.4160332312574675)	(59.0, 1.2271239479069396)	(60.0, 1.0452048323029621)	(61.0, 0.866314789389157)	(62.0, 0.7156184230531059)	(63.0, 0.5911934371645073)	(64.0, 0.4611180656807806)	(65.0, 0.3523044544261447)	(66.0, 0.264577849206936)	(67.0, 0.20160808809009365)	(68.0, 0.15634675193117925)	(69.0, 0.11056115319127355)	(70.0, 0.07962966091278764)	(71.0, 0.05819314649003282)	(72.0, 0.0393196935743465)	(73.0, 0.024815095500254236)	(74.0, 0.016252140010729884)	(75.0, 0.011533776781808306)	(76.0, 0.007514430327541776)	(77.0, 0.004368854841594056)	(78.0, 0.003495083873275244)	(79.0, 0.002271804517628909)	(80.0, 0.0012232793556463356)	(81.0, 0.000873770968318811)	(82.0, 0.0005242625809912866)	(83.0, 0.00034950838732752444)	(84.0, 0.0)	(85.0, 0.0)	(86.0, 0.0)	(87.0, 0.0)	(88.0, 0.0)	(89.0, 0.0)	(90.0, 0.0)	(91.0, 0.0)	(92.0, 0.0)	(93.0, 0.00017475419366376222)	(94.0, 0.00017475419366376222)	(95.0, 0.0)	(96.0, 0.0)	(97.0, 0.0)	(98.0, 0.00011650279577584148)	(99.0, 0.00011650279577584148)	(100.0, 0.0)																																																																																																					
SRR908449_1	(0.0, 9.577891806392742)	(1.0, 2.6623902279580953)	(2.0, 1.2933155782147738)	(3.0, 0.8591634472718676)	(4.0, 0.6198203573985486)	(5.0, 0.456016959501746)	(6.0, 0.3349194474852593)	(7.0, 0.2631092078716208)	(8.0, 0.20855682625066388)	(9.0, 0.16884912756408643)	(10.0, 0.13345589337568226)	(11.0, 0.10383965402381656)	(12.0, 0.08775182030181741)	(13.0, 0.07787974051786338)	(14.0, 0.06866579938617295)	(15.0, 0.09133501963080815)	(16.0, 0.20548551254009986)	(17.0, 0.29543112834944996)	(18.0, 0.36373129515101654)	(19.0, 0.3937862936043826)	(20.0, 0.4056327893451254)	(21.0, 0.40994725384329717)	(22.0, 0.4144079713753053)	(23.0, 0.4225981412701397)	(24.0, 0.4435123251087352)	(25.0, 0.4791980653648203)	(26.0, 0.506620509209151)	(27.0, 0.5670961387005152)	(28.0, 0.6672063403615521)	(29.0, 0.790058888784154)	(30.0, 0.9526191358932731)	(31.0, 1.210463234546549)	(32.0, 1.5274666853865801)	(33.0, 1.9167922614589539)	(34.0, 2.410323124140663)	(35.0, 2.9354446421310842)	(36.0, 3.4952281291407865)	(37.0, 3.9253583016525093)	(38.0, 4.330186699310094)	(39.0, 4.677830160737866)	(40.0, 4.853553180891619)	(41.0, 4.886898872606189)	(42.0, 4.703131935591466)	(43.0, 4.499620839008904)	(44.0, 4.1977545771717475)	(45.0, 3.8319026130314127)	(46.0, 3.4221747387393897)	(47.0, 3.0358473498599308)	(48.0, 2.6780393025786147)	(49.0, 2.3363922155362467)	(50.0, 1.9714177695969355)	(51.0, 1.6774491715856352)	(52.0, 1.414266837197337)	(53.0, 1.1918890992493474)	(54.0, 0.968999475682931)	(55.0, 0.778870531695667)	(56.0, 0.5989793000768571)	(57.0, 0.4802218366016753)	(58.0, 0.40431651204059843)	(59.0, 0.3243892290490435)	(60.0, 0.25338338112150477)	(61.0, 0.18479070825225197)	(62.0, 0.14515613608259273)	(63.0, 0.11283421560475254)	(64.0, 0.08621616344653567)	(65.0, 0.06764202814931847)	(66.0, 0.045777199590782365)	(67.0, 0.026033040022872714)	(68.0, 0.01864726181413642)	(69.0, 0.015137189002063726)	(70.0, 0.010676471470054608)	(71.0, 0.006288880454963657)	(72.0, 0.004021958430500018)	(73.0, 0.003802578879745473)	(74.0, 0.002851934159809105)	(75.0, 0.0014625303383636425)	(76.0, 0.001170024270690914)	(77.0, 0.0006581386522636393)	(78.0, 0.0007312651691818215)	(79.0, 0.0009506447199363677)	(80.0, 0.0003656325845909107)	(81.0, 0.00021937955075454642)	(82.0, 0.00021937955075454642)	(83.0, 7.312651691818215e-05)	(84.0, 0.0002925060676727286)	(85.0, 0.0)	(86.0, 7.312651691818215e-05)	(87.0, 7.312651691818215e-05)	(88.0, 0.0001462530338363643)	(89.0, 0.00021937955075454642)	(90.0, 0.00021937955075454642)	(91.0, 0.0)	(92.0, 0.0)	(93.0, 0.0)	(94.0, 0.0)	(95.0, 7.312651691818215e-05)	(96.0, 0.00021937955075454642)	(97.0, 7.312651691818215e-05)	(98.0, 0.0)	(99.0, 0.0)	(100.0, 0.0)	(0.0, 9.577891806392742)	(1.0, 2.6623902279580953)	(2.0, 1.2933155782147738)	(3.0, 0.8591634472718676)	(4.0, 0.6198203573985486)	(5.0, 0.456016959501746)	(6.0, 0.3349194474852593)	(7.0, 0.2631092078716208)	(8.0, 0.20855682625066388)	(9.0, 0.16884912756408643)	(10.0, 0.13345589337568226)	(11.0, 0.10383965402381656)	(12.0, 0.08775182030181741)	(13.0, 0.07787974051786338)	(14.0, 0.06866579938617295)	(15.0, 0.09133501963080815)	(16.0, 0.20548551254009986)	(17.0, 0.29543112834944996)	(18.0, 0.36373129515101654)	(19.0, 0.3937862936043826)	(20.0, 0.4056327893451254)	(21.0, 0.40994725384329717)	(22.0, 0.4144079713753053)	(23.0, 0.4225981412701397)	(24.0, 0.4435123251087352)	(25.0, 0.4791980653648203)	(26.0, 0.506620509209151)	(27.0, 0.5670961387005152)	(28.0, 0.6672063403615521)	(29.0, 0.790058888784154)	(30.0, 0.9526191358932731)	(31.0, 1.210463234546549)	(32.0, 1.5274666853865801)	(33.0, 1.9167922614589539)	(34.0, 2.410323124140663)	(35.0, 2.9354446421310842)	(36.0, 3.4952281291407865)	(37.0, 3.9253583016525093)	(38.0, 4.330186699310094)	(39.0, 4.677830160737866)	(40.0, 4.853553180891619)	(41.0, 4.886898872606189)	(42.0, 4.703131935591466)	(43.0, 4.499620839008904)	(44.0, 4.1977545771717475)	(45.0, 3.8319026130314127)	(46.0, 3.4221747387393897)	(47.0, 3.0358473498599308)	(48.0, 2.6780393025786147)	(49.0, 2.3363922155362467)	(50.0, 1.9714177695969355)	(51.0, 1.6774491715856352)	(52.0, 1.414266837197337)	(53.0, 1.1918890992493474)	(54.0, 0.968999475682931)	(55.0, 0.778870531695667)	(56.0, 0.5989793000768571)	(57.0, 0.4802218366016753)	(58.0, 0.40431651204059843)	(59.0, 0.3243892290490435)	(60.0, 0.25338338112150477)	(61.0, 0.18479070825225197)	(62.0, 0.14515613608259273)	(63.0, 0.11283421560475254)	(64.0, 0.08621616344653567)	(65.0, 0.06764202814931847)	(66.0, 0.045777199590782365)	(67.0, 0.026033040022872714)	(68.0, 0.01864726181413642)	(69.0, 0.015137189002063726)	(70.0, 0.010676471470054608)	(71.0, 0.006288880454963657)	(72.0, 0.004021958430500018)	(73.0, 0.003802578879745473)	(74.0, 0.002851934159809105)	(75.0, 0.0014625303383636425)	(76.0, 0.001170024270690914)	(77.0, 0.0006581386522636393)	(78.0, 0.0007312651691818215)	(79.0, 0.0009506447199363677)	(80.0, 0.0003656325845909107)	(81.0, 0.00021937955075454642)	(82.0, 0.00021937955075454642)	(83.0, 7.312651691818215e-05)	(84.0, 0.0002925060676727286)	(85.0, 0.0)	(86.0, 7.312651691818215e-05)	(87.0, 7.312651691818215e-05)	(88.0, 0.0001462530338363643)	(89.0, 0.00021937955075454642)	(90.0, 0.00021937955075454642)	(91.0, 0.0)	(92.0, 0.0)	(93.0, 0.0)	(94.0, 0.0)	(95.0, 7.312651691818215e-05)	(96.0, 0.00021937955075454642)	(97.0, 7.312651691818215e-05)	(98.0, 0.0)	(99.0, 0.0)	(100.0, 0.0)
SRR908449_1_paired	(0.0, 24.45891860154638)	(1.0, 13.337791431608492)	(2.0, 1.5555244029467257)	(3.0, 0.2610078295493761)	(4.0, 0.11437729838559003)	(5.0, 0.07482338698703717)	(6.0, 0.054258095098708124)	(7.0, 0.037120351858433924)	(8.0, 0.020565291888329045)	(9.0, 0.010796778241372748)	(10.0, 0.009460034268631361)	(11.0, 0.00668371986370694)	(12.0, 0.004010231918224164)	(13.0, 0.003187620242691002)	(14.0, 0.0028791408643660662)	(15.0, 0.004318711296549099)	(16.0, 0.008294667728292713)	(17.0, 0.010179819484722876)	(18.0, 0.016555059970104882)	(19.0, 0.02841437829237463)	(20.0, 0.04435247950582965)	(21.0, 0.05854253090877669)	(22.0, 0.07499476441943992)	(23.0, 0.10025579795560403)	(24.0, 0.14292877862388692)	(25.0, 0.197289700182037)	(26.0, 0.24003123182328046)	(27.0, 0.3041606670283861)	(28.0, 0.3986581832552573)	(29.0, 0.5416212373656262)	(30.0, 0.6872577794214787)	(31.0, 0.801566526834111)	(32.0, 0.9296197443254374)	(33.0, 1.0721029416250716)	(34.0, 1.2503697468103963)	(35.0, 1.4707954003667918)	(36.0, 1.691083951977265)	(37.0, 1.8568744800836943)	(38.0, 1.9547995449586297)	(39.0, 2.003573562220452)	(40.0, 2.068765537506463)	(41.0, 2.15109525603275)	(42.0, 2.1519178677082813)	(43.0, 2.0641383468315873)	(44.0, 2.0398370269168784)	(45.0, 2.0642068978045516)	(46.0, 2.181737540946356)	(47.0, 2.2403486228281)	(48.0, 2.234761718531769)	(49.0, 2.2296203955596834)	(50.0, 2.177247452217405)	(51.0, 2.1211727563352243)	(52.0, 2.055329546806088)	(53.0, 1.947910172176041)	(54.0, 1.8187258636308479)	(55.0, 1.6669540094949757)	(56.0, 1.5384894861658838)	(57.0, 1.4428608788851545)	(58.0, 1.283959723561336)	(59.0, 1.1171752063469933)	(60.0, 1.033920049685742)	(61.0, 0.9038788539785441)	(62.0, 0.7474455336813217)	(63.0, 0.6470526337797948)	(64.0, 0.5322983050429173)	(65.0, 0.4189149957652612)	(66.0, 0.3145118639455118)	(67.0, 0.24003123182328046)	(68.0, 0.19516462002024274)	(69.0, 0.16106051097209698)	(70.0, 0.12640799414026252)	(71.0, 0.0822954430397967)	(72.0, 0.05562911455793008)	(73.0, 0.03564650593977034)	(74.0, 0.021593556482745496)	(75.0, 0.015903825726974463)	(76.0, 0.009322932322709166)	(77.0, 0.007711984458123392)	(78.0, 0.007095025701473521)	(79.0, 0.0023650085671578403)	(80.0, 0.0012339175132997425)	(81.0, 0.0014395704321830331)	(82.0, 0.0008226116755331619)	(83.0, 0.00030847937832493563)	(84.0, 0.0)	(85.0, 0.0)	(86.0, 0.00010282645944164523)	(87.0, 0.00041130583776658093)	(88.0, 0.0005141322972082261)	(89.0, 0.00041130583776658093)	(90.0, 0.00020565291888329046)	(91.0, 0.0)	(92.0, 0.0)	(93.0, 0.0)	(94.0, 0.0)	(95.0, 0.0)	(96.0, 0.0)	(97.0, 0.0)	(98.0, 0.0)	(99.0, 0.0)	(100.0, 0.0)																																																																																																					
SRR908449_2	(0.0, 7.99150852691626)	(1.0, 4.442828867373685)	(2.0, 2.0205053080795827)	(3.0, 1.0277008864067818)	(4.0, 0.5589977444525738)	(5.0, 0.34024053115331904)	(6.0, 0.23540573501592624)	(7.0, 0.1716469859087703)	(8.0, 0.13878614828455554)	(9.0, 0.11392241716180897)	(10.0, 0.09414775381272697)	(11.0, 0.07960756017369637)	(12.0, 0.06441305782090938)	(13.0, 0.06099611231573719)	(14.0, 0.05728836293778439)	(15.0, 0.05263550097329432)	(16.0, 0.04907315353173152)	(17.0, 0.04790993804060897)	(18.0, 0.055034632923734575)	(19.0, 0.06215932780685964)	(20.0, 0.07669952144589023)	(21.0, 0.09262103348062875)	(22.0, 0.11777556847615274)	(23.0, 0.14692865672241406)	(24.0, 0.17484582850935756)	(25.0, 0.2077793671017675)	(26.0, 0.24580197346783134)	(27.0, 0.2846242904840364)	(28.0, 0.3207566716770213)	(29.0, 0.3801533626924512)	(30.0, 0.4459477389090535)	(31.0, 0.5145774528853125)	(32.0, 0.6165769112631644)	(33.0, 0.7381329300855224)	(34.0, 0.9269373444883856)	(35.0, 1.1667778385639909)	(36.0, 1.47335782144269)	(37.0, 1.8539473899441747)	(38.0, 2.386263879070084)	(39.0, 2.979503779543645)	(40.0, 3.6641287970381895)	(41.0, 4.361040278154431)	(42.0, 4.967220950963446)	(43.0, 5.429889912555743)	(44.0, 5.677364008291157)	(45.0, 5.6762007928000395)	(46.0, 5.478963066087295)	(47.0, 5.106370604088471)	(48.0, 4.569837458810162)	(49.0, 4.027052030267094)	(50.0, 3.4622382083603664)	(51.0, 2.9172717507684776)	(52.0, 2.4419528207076753)	(53.0, 1.9704870419612237)	(54.0, 1.5943322325193212)	(55.0, 1.287316043831452)	(56.0, 1.0098164482307892)	(57.0, 0.7856066623169816)	(58.0, 0.6089433096026694)	(59.0, 0.47924478234245016)	(60.0, 0.3777542307420116)	(61.0, 0.28411538370667044)	(62.0, 0.21832100749006653)	(63.0, 0.17193778978155097)	(64.0, 0.13493299697021177)	(65.0, 0.10432588936004838)	(66.0, 0.08985839668921294)	(67.0, 0.06892051784900888)	(68.0, 0.05096337870480566)	(69.0, 0.038676915079823744)	(70.0, 0.029952798896404648)	(71.0, 0.021010579808400355)	(72.0, 0.016357717843910363)	(73.0, 0.014685595575421772)	(74.0, 0.009160321992589806)	(75.0, 0.008287910374247915)	(76.0, 0.005597974551027096)	(77.0, 0.004507460028099743)	(78.0, 0.004362058091709428)	(79.0, 0.0029080387278062874)	(80.0, 0.0020356271094644)	(81.0, 0.001599421300293457)	(82.0, 0.001090514522927357)	(83.0, 0.0010178135547322)	(84.0, 0.0010178135547322)	(85.0, 0.0008724116183418857)	(86.0, 0.0007997106501467288)	(87.0, 0.00043620580917094287)	(88.0, 0.0008724116183418857)	(89.0, 0.0006543087137564144)	(90.0, 0.0005816077455612572)	(91.0, 0.00043620580917094287)	(92.0, 0.00021810290458547144)	(93.0, 0.0001454019363903143)	(94.0, 0.0002908038727806286)	(95.0, 0.00036350484097578576)	(96.0, 0.0002908038727806286)	(97.0, 7.270096819515715e-05)	(98.0, 0.0002908038727806286)	(99.0, 7.270096819515715e-05)	(100.0, 0.00010905145229273572)	(0.0, 7.99150852691626)	(1.0, 4.442828867373685)	(2.0, 2.0205053080795827)	(3.0, 1.0277008864067818)	(4.0, 0.5589977444525738)	(5.0, 0.34024053115331904)	(6.0, 0.23540573501592624)	(7.0, 0.1716469859087703)	(8.0, 0.13878614828455554)	(9.0, 0.11392241716180897)	(10.0, 0.09414775381272697)	(11.0, 0.07960756017369637)	(12.0, 0.06441305782090938)	(13.0, 0.06099611231573719)	(14.0, 0.05728836293778439)	(15.0, 0.05263550097329432)	(16.0, 0.04907315353173152)	(17.0, 0.04790993804060897)	(18.0, 0.055034632923734575)	(19.0, 0.06215932780685964)	(20.0, 0.07669952144589023)	(21.0, 0.09262103348062875)	(22.0, 0.11777556847615274)	(23.0, 0.14692865672241406)	(24.0, 0.17484582850935756)	(25.0, 0.2077793671017675)	(26.0, 0.24580197346783134)	(27.0, 0.2846242904840364)	(28.0, 0.3207566716770213)	(29.0, 0.3801533626924512)	(30.0, 0.4459477389090535)	(31.0, 0.5145774528853125)	(32.0, 0.6165769112631644)	(33.0, 0.7381329300855224)	(34.0, 0.9269373444883856)	(35.0, 1.1667778385639909)	(36.0, 1.47335782144269)	(37.0, 1.8539473899441747)	(38.0, 2.386263879070084)	(39.0, 2.979503779543645)	(40.0, 3.6641287970381895)	(41.0, 4.361040278154431)	(42.0, 4.967220950963446)	(43.0, 5.429889912555743)	(44.0, 5.677364008291157)	(45.0, 5.6762007928000395)	(46.0, 5.478963066087295)	(47.0, 5.106370604088471)	(48.0, 4.569837458810162)	(49.0, 4.027052030267094)	(50.0, 3.4622382083603664)	(51.0, 2.9172717507684776)	(52.0, 2.4419528207076753)	(53.0, 1.9704870419612237)	(54.0, 1.5943322325193212)	(55.0, 1.287316043831452)	(56.0, 1.0098164482307892)	(57.0, 0.7856066623169816)	(58.0, 0.6089433096026694)	(59.0, 0.47924478234245016)	(60.0, 0.3777542307420116)	(61.0, 0.28411538370667044)	(62.0, 0.21832100749006653)	(63.0, 0.17193778978155097)	(64.0, 0.13493299697021177)	(65.0, 0.10432588936004838)	(66.0, 0.08985839668921294)	(67.0, 0.06892051784900888)	(68.0, 0.05096337870480566)	(69.0, 0.038676915079823744)	(70.0, 0.029952798896404648)	(71.0, 0.021010579808400355)	(72.0, 0.016357717843910363)	(73.0, 0.014685595575421772)	(74.0, 0.009160321992589806)	(75.0, 0.008287910374247915)	(76.0, 0.005597974551027096)	(77.0, 0.004507460028099743)	(78.0, 0.004362058091709428)	(79.0, 0.0029080387278062874)	(80.0, 0.0020356271094644)	(81.0, 0.001599421300293457)	(82.0, 0.001090514522927357)	(83.0, 0.0010178135547322)	(84.0, 0.0010178135547322)	(85.0, 0.0008724116183418857)	(86.0, 0.0007997106501467288)	(87.0, 0.00043620580917094287)	(88.0, 0.0008724116183418857)	(89.0, 0.0006543087137564144)	(90.0, 0.0005816077455612572)	(91.0, 0.00043620580917094287)	(92.0, 0.00021810290458547144)	(93.0, 0.0001454019363903143)	(94.0, 0.0002908038727806286)	(95.0, 0.00036350484097578576)	(96.0, 0.0002908038727806286)	(97.0, 7.270096819515715e-05)	(98.0, 0.0002908038727806286)	(99.0, 7.270096819515715e-05)	(100.0, 0.00010905145229273572)
SRR908449_2_paired	(0.0, 23.539079858513904)	(1.0, 13.651854402798968)	(2.0, 2.1231614355703825)	(3.0, 0.2247994224893799)	(4.0, 0.02530123022211869)	(5.0, 0.0061245041410684115)	(6.0, 0.0018072307301513347)	(7.0, 0.0013052221939981862)	(8.0, 0.000702811950614408)	(9.0, 0.0004016068289225188)	(10.0, 0.0002008034144612594)	(11.0, 0.0004016068289225188)	(12.0, 0.0011044187795369266)	(13.0, 0.002008034144612594)	(14.0, 0.0029116495096882613)	(15.0, 0.003915666581994558)	(16.0, 0.004417675118147706)	(17.0, 0.008132538285681005)	(18.0, 0.014123173483775243)	(19.0, 0.022155310062225618)	(20.0, 0.03035478281939372)	(21.0, 0.047322671341370144)	(22.0, 0.06629859400795915)	(23.0, 0.08815269894849283)	(24.0, 0.12647268387484994)	(25.0, 0.17312601050134935)	(26.0, 0.22590384126891708)	(27.0, 0.28838717040211176)	(28.0, 0.36081026855113885)	(29.0, 0.4784476021896934)	(30.0, 0.6213192315788821)	(31.0, 0.715730303611419)	(32.0, 0.8366139591170996)	(33.0, 1.0092044938465465)	(34.0, 1.1768753449216915)	(35.0, 1.3717550586563347)	(36.0, 1.5772438861216813)	(37.0, 1.790664448458269)	(38.0, 1.9501023595405211)	(39.0, 1.975370122526897)	(40.0, 1.9742322365116158)	(41.0, 2.0487303032767445)	(42.0, 2.108870925907894)	(43.0, 2.099734370549909)	(44.0, 2.051441149371975)	(45.0, 2.058335399935146)	(46.0, 2.1577665573292113)	(47.0, 2.193342228924597)	(48.0, 2.2429406722965335)	(49.0, 2.292505648432719)	(50.0, 2.25127401399667)	(51.0, 2.2091052969598053)	(52.0, 2.1547879733480357)	(53.0, 2.0102764494074115)	(54.0, 1.8538505895420883)	(55.0, 1.7026456184527594)	(56.0, 1.583267988555541)	(57.0, 1.5292184028297184)	(58.0, 1.3738969617439354)	(59.0, 1.2165674865135394)	(60.0, 1.1359783828430874)	(61.0, 0.9999675367813279)	(62.0, 0.8579325882857308)	(63.0, 0.7128855885732146)	(64.0, 0.5793178507207333)	(65.0, 0.4753686165012881)	(66.0, 0.36803919147174485)	(67.0, 0.2976241274673299)	(68.0, 0.24166690930412563)	(69.0, 0.19320635194747512)	(70.0, 0.1467538287354371)	(71.0, 0.10251014308247293)	(72.0, 0.07309244286389842)	(73.0, 0.051204870687621154)	(74.0, 0.0331325633861078)	(75.0, 0.01997993973889531)	(76.0, 0.015160657791825086)	(77.0, 0.011546196331522417)	(78.0, 0.007730931456758487)	(79.0, 0.005321290483223374)	(80.0, 0.0035140597530720396)	(81.0, 0.002208837559073853)	(82.0, 0.0019076324373819642)	(83.0, 0.002008034144612594)	(84.0, 0.0018072307301513347)	(85.0, 0.0013052221939981862)	(86.0, 0.0003012051216918891)	(87.0, 0.0002008034144612594)	(88.0, 0.0006024102433837782)	(89.0, 0.0006024102433837782)	(90.0, 0.0002008034144612594)	(91.0, 0.0)	(92.0, 0.0)	(93.0, 0.0)	(94.0, 6.693447148708647e-05)	(95.0, 0.0)	(96.0, 0.0)	(97.0, 0.0)	(98.0, 0.0)	(99.0, 0.0)	(100.0, 0.0)																																																																																																					
SRR908450_1	(0.0, 8.481316728831807)	(1.0, 1.7491813741367088)	(2.0, 0.5981340782481127)	(3.0, 0.332902505748813)	(4.0, 0.22642501836094972)	(5.0, 0.1478497641138765)	(6.0, 0.10166675753600575)	(7.0, 0.07889596957052836)	(8.0, 0.06414306469148667)	(9.0, 0.05163516707664676)	(10.0, 0.04201370737292372)	(11.0, 0.029185094434626337)	(12.0, 0.028222948464254046)	(13.0, 0.02180864199510541)	(14.0, 0.024374364582764863)	(15.0, 0.08146169215818778)	(16.0, 0.202692084425099)	(17.0, 0.27773947011413774)	(18.0, 0.33514751301301493)	(19.0, 0.34925898724514115)	(20.0, 0.3550318630673746)	(21.0, 0.3575975856550339)	(22.0, 0.3922348405884347)	(23.0, 0.38934840267731796)	(24.0, 0.42430637293417617)	(25.0, 0.4502843141342267)	(26.0, 0.4990330432997548)	(27.0, 0.6019826621296024)	(28.0, 0.6962729672260983)	(29.0, 0.828728395814033)	(30.0, 1.04328694720706)	(31.0, 1.2876720236815682)	(32.0, 1.6250645439587108)	(33.0, 2.069575982270679)	(34.0, 2.6199234773238835)	(35.0, 3.182137439345019)	(36.0, 3.6962441028475173)	(37.0, 4.1705820662409625)	(38.0, 4.6202249497278745)	(39.0, 4.97076679826653)	(40.0, 5.121182284967929)	(41.0, 5.043889892014758)	(42.0, 4.958579615975158)	(43.0, 4.70713880238476)	(44.0, 4.421702164507904)	(45.0, 4.058010987707506)	(46.0, 3.644929651094305)	(47.0, 3.2488462266241953)	(48.0, 2.800486204430501)	(49.0, 2.403440633990018)	(50.0, 2.0827253105324397)	(51.0, 1.741163491050275)	(52.0, 1.4377667950596127)	(53.0, 1.219680375108608)	(54.0, 1.0638127279083311)	(55.0, 0.8976821903573888)	(56.0, 0.7129501640458867)	(57.0, 0.6141698444209862)	(58.0, 0.5003159045935847)	(59.0, 0.407949891437848)	(60.0, 0.32488462266237766)	(61.0, 0.26587300314621337)	(62.0, 0.219369281244886)	(63.0, 0.14335974958547226)	(64.0, 0.12315468420765344)	(65.0, 0.09717674300760176)	(66.0, 0.07055737116063523)	(67.0, 0.050352305782817026)	(68.0, 0.031430101698828365)	(69.0, 0.024374364582764863)	(70.0, 0.0176393427901588)	(71.0, 0.014111474232127047)	(72.0, 0.008017883086435815)	(73.0, 0.006093591145691219)	(74.0, 0.005452160498776355)	(75.0, 0.004169299204946625)	(76.0, 0.0016035766172871634)	(77.0, 0.0006414306469148653)	(78.0, 0.0006414306469148653)	(79.0, 0.00032071532345743267)	(80.0, 0.0)	(81.0, 0.0)	(82.0, 0.0)	(83.0, 0.0)	(84.0, 0.0)	(85.0, 0.0)	(86.0, 0.0)	(87.0, 0.0)	(88.0, 0.0)	(89.0, 0.0)	(90.0, 0.0)	(91.0, 0.0)	(92.0, 0.0)	(93.0, 0.0)	(94.0, 0.0)	(95.0, 0.0)	(96.0, 0.0)	(97.0, 0.0)	(98.0, 0.0)	(99.0, 0.0)	(100.0, 0.0)	(0.0, 8.481316728831807)	(1.0, 1.7491813741367088)	(2.0, 0.5981340782481127)	(3.0, 0.332902505748813)	(4.0, 0.22642501836094972)	(5.0, 0.1478497641138765)	(6.0, 0.10166675753600575)	(7.0, 0.07889596957052836)	(8.0, 0.06414306469148667)	(9.0, 0.05163516707664676)	(10.0, 0.04201370737292372)	(11.0, 0.029185094434626337)	(12.0, 0.028222948464254046)	(13.0, 0.02180864199510541)	(14.0, 0.024374364582764863)	(15.0, 0.08146169215818778)	(16.0, 0.202692084425099)	(17.0, 0.27773947011413774)	(18.0, 0.33514751301301493)	(19.0, 0.34925898724514115)	(20.0, 0.3550318630673746)	(21.0, 0.3575975856550339)	(22.0, 0.3922348405884347)	(23.0, 0.38934840267731796)	(24.0, 0.42430637293417617)	(25.0, 0.4502843141342267)	(26.0, 0.4990330432997548)	(27.0, 0.6019826621296024)	(28.0, 0.6962729672260983)	(29.0, 0.828728395814033)	(30.0, 1.04328694720706)	(31.0, 1.2876720236815682)	(32.0, 1.6250645439587108)	(33.0, 2.069575982270679)	(34.0, 2.6199234773238835)	(35.0, 3.182137439345019)	(36.0, 3.6962441028475173)	(37.0, 4.1705820662409625)	(38.0, 4.6202249497278745)	(39.0, 4.97076679826653)	(40.0, 5.121182284967929)	(41.0, 5.043889892014758)	(42.0, 4.958579615975158)	(43.0, 4.70713880238476)	(44.0, 4.421702164507904)	(45.0, 4.058010987707506)	(46.0, 3.644929651094305)	(47.0, 3.2488462266241953)	(48.0, 2.800486204430501)	(49.0, 2.403440633990018)	(50.0, 2.0827253105324397)	(51.0, 1.741163491050275)	(52.0, 1.4377667950596127)	(53.0, 1.219680375108608)	(54.0, 1.0638127279083311)	(55.0, 0.8976821903573888)	(56.0, 0.7129501640458867)	(57.0, 0.6141698444209862)	(58.0, 0.5003159045935847)	(59.0, 0.407949891437848)	(60.0, 0.32488462266237766)	(61.0, 0.26587300314621337)	(62.0, 0.219369281244886)	(63.0, 0.14335974958547226)	(64.0, 0.12315468420765344)	(65.0, 0.09717674300760176)	(66.0, 0.07055737116063523)	(67.0, 0.050352305782817026)	(68.0, 0.031430101698828365)	(69.0, 0.024374364582764863)	(70.0, 0.0176393427901588)	(71.0, 0.014111474232127047)	(72.0, 0.008017883086435815)	(73.0, 0.006093591145691219)	(74.0, 0.005452160498776355)	(75.0, 0.004169299204946625)	(76.0, 0.0016035766172871634)	(77.0, 0.0006414306469148653)	(78.0, 0.0006414306469148653)	(79.0, 0.00032071532345743267)	(80.0, 0.0)	(81.0, 0.0)	(82.0, 0.0)	(83.0, 0.0)	(84.0, 0.0)	(85.0, 0.0)	(86.0, 0.0)	(87.0, 0.0)	(88.0, 0.0)	(89.0, 0.0)	(90.0, 0.0)	(91.0, 0.0)	(92.0, 0.0)	(93.0, 0.0)	(94.0, 0.0)	(95.0, 0.0)	(96.0, 0.0)	(97.0, 0.0)	(98.0, 0.0)	(99.0, 0.0)	(100.0, 0.0)
SRR908450_1_paired	(0.0, 16.789564174866868)	(1.0, 9.011307564869744)	(2.0, 1.0617151770096909)	(3.0, 0.21756214090690149)	(4.0, 0.082610984278563)	(5.0, 0.03489344823318365)	(6.0, 0.01252585321191208)	(7.0, 0.005815574705530608)	(8.0, 0.0067102785063814716)	(9.0, 0.004920870904679746)	(10.0, 0.002684111402552589)	(11.0, 0.002236759502127157)	(12.0, 0.002236759502127157)	(13.0, 0.002236759502127157)	(14.0, 0.002684111402552589)	(15.0, 0.007903216907515954)	(16.0, 0.013271439712621133)	(17.0, 0.020130835519144415)	(18.0, 0.02400788532283149)	(19.0, 0.029376108127936666)	(20.0, 0.044884307342684955)	(21.0, 0.0685939580652328)	(22.0, 0.08932126278494447)	(23.0, 0.11929384011344836)	(24.0, 0.17476547576620197)	(25.0, 0.24798207013583093)	(26.0, 0.32582130080985583)	(27.0, 0.379056176960482)	(28.0, 0.49223620776811594)	(29.0, 0.6608878742285047)	(30.0, 0.8277501330871921)	(31.0, 0.9892441691407733)	(32.0, 1.1423876363864098)	(33.0, 1.3337051324683493)	(34.0, 1.5976427537193496)	(35.0, 1.8064069739178783)	(36.0, 1.9558225086599774)	(37.0, 2.100913641697964)	(38.0, 2.2537588743433252)	(39.0, 2.413910854695632)	(40.0, 2.427778763608822)	(41.0, 2.4726630709515063)	(42.0, 2.6023951220748853)	(43.0, 2.5736154831475115)	(44.0, 2.6016495355741776)	(45.0, 2.606272171878574)	(46.0, 2.586588688259852)	(47.0, 2.5591511050337585)	(48.0, 2.5415552636170227)	(49.0, 2.6062721718785706)	(50.0, 2.6380341568087773)	(51.0, 2.6298327053009762)	(52.0, 2.537529096513192)	(53.0, 2.3336857472193357)	(54.0, 2.1273074038230666)	(55.0, 1.9984700565005409)	(56.0, 1.8837988526914877)	(57.0, 1.7753905754883905)	(58.0, 1.5545478539783706)	(59.0, 1.3192407543545952)	(60.0, 1.1935348703350508)	(61.0, 1.1083888919540776)	(62.0, 0.9947615092460185)	(63.0, 0.8290921887884677)	(64.0, 0.673264610140275)	(65.0, 0.5690316173411489)	(66.0, 0.4752368355519497)	(67.0, 0.362504156644741)	(68.0, 0.2788493512651856)	(69.0, 0.2147289122042072)	(70.0, 0.16373079555570796)	(71.0, 0.12332000721727726)	(72.0, 0.08768097248338456)	(73.0, 0.06277838335970222)	(74.0, 0.04503342464282676)	(75.0, 0.03206021953048925)	(76.0, 0.020578187419569845)	(77.0, 0.011631149411061217)	(78.0, 0.008052334207657767)	(79.0, 0.004473519004254314)	(80.0, 0.002236759502127157)	(81.0, 0.0013420557012762944)	(82.0, 0.0008947038008508629)	(83.0, 0.00044735190042543145)	(84.0, 0.0)	(85.0, 0.0)	(86.0, 0.00044735190042543145)	(87.0, 0.0008947038008508629)	(88.0, 0.00044735190042543145)	(89.0, 0.0)	(90.0, 0.0)	(91.0, 0.0)	(92.0, 0.0)	(93.0, 0.0)	(94.0, 0.0)	(95.0, 0.0)	(96.0, 0.0)	(97.0, 0.0)	(98.0, 0.0)	(99.0, 0.0)	(100.0, 0.0)																																																																																																					
SRR908450_2	(0.0, 7.228581316755369)	(1.0, 3.0197237369045076)	(2.0, 1.1010971099391011)	(3.0, 0.4749517951040733)	(4.0, 0.206056991025682)	(5.0, 0.11674436333653034)	(6.0, 0.0740018915138666)	(7.0, 0.05167373459157938)	(8.0, 0.03859581410852527)	(9.0, 0.03604402474597813)	(10.0, 0.023923025273879274)	(11.0, 0.022647130592605716)	(12.0, 0.019776367559740212)	(13.0, 0.014672788834645976)	(14.0, 0.014034841494009194)	(15.0, 0.018181499208148263)	(16.0, 0.014034841494009194)	(17.0, 0.017543551867511487)	(18.0, 0.03157839336152063)	(19.0, 0.0417855508117092)	(20.0, 0.05486347129476331)	(21.0, 0.06666549709654372)	(22.0, 0.10781310056761553)	(23.0, 0.13014125748990288)	(24.0, 0.14640891467614126)	(25.0, 0.18053909740021)	(26.0, 0.23635948970593)	(27.0, 0.2752742774847721)	(28.0, 0.3001542237696052)	(29.0, 0.37989764134919835)	(30.0, 0.4685723216977059)	(31.0, 0.5601177650790907)	(32.0, 0.6982333643269695)	(33.0, 0.8357110162342115)	(34.0, 1.0165690873047468)	(35.0, 1.267282392174945)	(36.0, 1.584342220471353)	(37.0, 2.0194223067855797)	(38.0, 2.6226015173579307)	(39.0, 3.261186805335639)	(40.0, 3.9284797236420035)	(41.0, 4.599600325991287)	(42.0, 5.240737403330669)	(43.0, 5.637859622876704)	(44.0, 5.785863405904303)	(45.0, 5.776294195794759)	(46.0, 5.698145646566824)	(47.0, 5.310592637130332)	(48.0, 4.786518896797694)	(49.0, 4.225763184378472)	(50.0, 3.622902947476858)	(51.0, 3.024189368288967)	(52.0, 2.5706088090960093)	(53.0, 2.1087349344747697)	(54.0, 1.7396823979163738)	(55.0, 1.396785702324182)	(56.0, 1.1594692916073532)	(57.0, 0.9607486949990349)	(58.0, 0.7371481521058176)	(59.0, 0.6079638156268546)	(60.0, 0.4609169536100649)	(61.0, 0.37989764134919835)	(62.0, 0.29377475036323775)	(63.0, 0.24433383146388998)	(64.0, 0.2006344386302692)	(65.0, 0.15278838808250927)	(66.0, 0.11833923168812226)	(67.0, 0.09951978513933749)	(68.0, 0.08229520694214464)	(69.0, 0.05645833964635528)	(70.0, 0.04880297155871385)	(71.0, 0.03604402474597813)	(72.0, 0.028388656658336727)	(73.0, 0.02647481463642639)	(74.0, 0.015948683515919538)	(75.0, 0.011164078461143674)	(76.0, 0.00988818377987011)	(77.0, 0.008293315428278153)	(78.0, 0.006379473406367809)	(79.0, 0.003827684043820687)	(80.0, 0.0019138420219103433)	(81.0, 0.002232815692228734)	(82.0, 0.0019138420219103433)	(83.0, 0.002232815692228734)	(84.0, 0.0025517893625471243)	(85.0, 0.0006379473406367811)	(86.0, 0.0009569210109551718)	(87.0, 0.0009569210109551718)	(88.0, 0.0006379473406367811)	(89.0, 0.00031897367031839054)	(90.0, 0.0006379473406367811)	(91.0, 0.0006379473406367811)	(92.0, 0.0009569210109551718)	(93.0, 0.0006379473406367811)	(94.0, 0.0)	(95.0, 0.0)	(96.0, 0.0)	(97.0, 0.0006379473406367811)	(98.0, 0.00031897367031839054)	(99.0, 0.00031897367031839054)	(100.0, 0.0014353815164327578)	(0.0, 7.228581316755369)	(1.0, 3.0197237369045076)	(2.0, 1.1010971099391011)	(3.0, 0.4749517951040733)	(4.0, 0.206056991025682)	(5.0, 0.11674436333653034)	(6.0, 0.0740018915138666)	(7.0, 0.05167373459157938)	(8.0, 0.03859581410852527)	(9.0, 0.03604402474597813)	(10.0, 0.023923025273879274)	(11.0, 0.022647130592605716)	(12.0, 0.019776367559740212)	(13.0, 0.014672788834645976)	(14.0, 0.014034841494009194)	(15.0, 0.018181499208148263)	(16.0, 0.014034841494009194)	(17.0, 0.017543551867511487)	(18.0, 0.03157839336152063)	(19.0, 0.0417855508117092)	(20.0, 0.05486347129476331)	(21.0, 0.06666549709654372)	(22.0, 0.10781310056761553)	(23.0, 0.13014125748990288)	(24.0, 0.14640891467614126)	(25.0, 0.18053909740021)	(26.0, 0.23635948970593)	(27.0, 0.2752742774847721)	(28.0, 0.3001542237696052)	(29.0, 0.37989764134919835)	(30.0, 0.4685723216977059)	(31.0, 0.5601177650790907)	(32.0, 0.6982333643269695)	(33.0, 0.8357110162342115)	(34.0, 1.0165690873047468)	(35.0, 1.267282392174945)	(36.0, 1.584342220471353)	(37.0, 2.0194223067855797)	(38.0, 2.6226015173579307)	(39.0, 3.261186805335639)	(40.0, 3.9284797236420035)	(41.0, 4.599600325991287)	(42.0, 5.240737403330669)	(43.0, 5.637859622876704)	(44.0, 5.785863405904303)	(45.0, 5.776294195794759)	(46.0, 5.698145646566824)	(47.0, 5.310592637130332)	(48.0, 4.786518896797694)	(49.0, 4.225763184378472)	(50.0, 3.622902947476858)	(51.0, 3.024189368288967)	(52.0, 2.5706088090960093)	(53.0, 2.1087349344747697)	(54.0, 1.7396823979163738)	(55.0, 1.396785702324182)	(56.0, 1.1594692916073532)	(57.0, 0.9607486949990349)	(58.0, 0.7371481521058176)	(59.0, 0.6079638156268546)	(60.0, 0.4609169536100649)	(61.0, 0.37989764134919835)	(62.0, 0.29377475036323775)	(63.0, 0.24433383146388998)	(64.0, 0.2006344386302692)	(65.0, 0.15278838808250927)	(66.0, 0.11833923168812226)	(67.0, 0.09951978513933749)	(68.0, 0.08229520694214464)	(69.0, 0.05645833964635528)	(70.0, 0.04880297155871385)	(71.0, 0.03604402474597813)	(72.0, 0.028388656658336727)	(73.0, 0.02647481463642639)	(74.0, 0.015948683515919538)	(75.0, 0.011164078461143674)	(76.0, 0.00988818377987011)	(77.0, 0.008293315428278153)	(78.0, 0.006379473406367809)	(79.0, 0.003827684043820687)	(80.0, 0.0019138420219103433)	(81.0, 0.002232815692228734)	(82.0, 0.0019138420219103433)	(83.0, 0.002232815692228734)	(84.0, 0.0025517893625471243)	(85.0, 0.0006379473406367811)	(86.0, 0.0009569210109551718)	(87.0, 0.0009569210109551718)	(88.0, 0.0006379473406367811)	(89.0, 0.00031897367031839054)	(90.0, 0.0006379473406367811)	(91.0, 0.0006379473406367811)	(92.0, 0.0009569210109551718)	(93.0, 0.0006379473406367811)	(94.0, 0.0)	(95.0, 0.0)	(96.0, 0.0)	(97.0, 0.0006379473406367811)	(98.0, 0.00031897367031839054)	(99.0, 0.00031897367031839054)	(100.0, 0.0014353815164327578)
SRR908450_2_paired	(0.0, 16.966316628851867)	(1.0, 9.420185928307738)	(2.0, 1.0674671355509722)	(3.0, 0.08648161799506061)	(4.0, 0.006453852089183628)	(5.0, 0.0030117976416190267)	(6.0, 0.0012907704178367256)	(7.0, 0.0008605136118911505)	(8.0, 0.0012907704178367256)	(9.0, 0.001721027223782301)	(10.0, 0.0012907704178367256)	(11.0, 0.0)	(12.0, 0.0008605136118911505)	(13.0, 0.0012907704178367256)	(14.0, 0.003872311253510177)	(15.0, 0.006453852089183628)	(16.0, 0.008605136118911505)	(17.0, 0.014485312466834366)	(18.0, 0.020939164556017992)	(19.0, 0.02552857048610413)	(20.0, 0.03886653147041696)	(21.0, 0.05492945222571844)	(22.0, 0.06955818362786799)	(23.0, 0.10139718726784053)	(24.0, 0.1418413270267246)	(25.0, 0.20279437453568122)	(26.0, 0.26475135459184385)	(27.0, 0.3457830530449271)	(28.0, 0.4491881054071801)	(29.0, 0.5623456453708672)	(30.0, 0.7482165855393567)	(31.0, 0.936669066543519)	(32.0, 1.0602961887852125)	(33.0, 1.2315383975515495)	(34.0, 1.4661717757272006)	(35.0, 1.6409994578764162)	(36.0, 1.7898683127335848)	(37.0, 2.0533288969075976)	(38.0, 2.211233144689626)	(39.0, 2.280791328317498)	(40.0, 2.3091882775099046)	(41.0, 2.3711452575660674)	(42.0, 2.5059590567623506)	(43.0, 2.555868846252038)	(44.0, 2.628008570715581)	(45.0, 2.612089068895594)	(46.0, 2.5793895516437275)	(47.0, 2.5933011883693027)	(48.0, 2.528188991736204)	(49.0, 2.5623226983412173)	(50.0, 2.6611383447733847)	(51.0, 2.678635454881839)	(52.0, 2.5469768722624924)	(53.0, 2.424066844697372)	(54.0, 2.272186192198584)	(55.0, 2.041711963147069)	(56.0, 1.9117744077515049)	(57.0, 1.7653436747946942)	(58.0, 1.5969698447346592)	(59.0, 1.422142162585441)	(60.0, 1.270118091151338)	(61.0, 1.1996993939115792)	(62.0, 1.0711960278691672)	(63.0, 0.9141522936990322)	(64.0, 0.7774740483436549)	(65.0, 0.6405089651176463)	(66.0, 0.5283553577011663)	(67.0, 0.4309739006221512)	(68.0, 0.3516632293928501)	(69.0, 0.2697710173278757)	(70.0, 0.19920890115280132)	(71.0, 0.14843859805122345)	(72.0, 0.10799445829233938)	(73.0, 0.07830673868209469)	(74.0, 0.058084668802652645)	(75.0, 0.03571131489348274)	(76.0, 0.018931299461605308)	(77.0, 0.015058988208095132)	(78.0, 0.01075642014863938)	(79.0, 0.004732824865401327)	(80.0, 0.0012907704178367256)	(81.0, 0.0030117976416190267)	(82.0, 0.0030117976416190267)	(83.0, 0.0008605136118911505)	(84.0, 0.00043025680594557526)	(85.0, 0.00043025680594557526)	(86.0, 0.0008605136118911505)	(87.0, 0.001721027223782301)	(88.0, 0.0008605136118911505)	(89.0, 0.0)	(90.0, 0.0)	(91.0, 0.0)	(92.0, 0.00028683787063038345)	(93.0, 0.00028683787063038345)	(94.0, 0.0)	(95.0, 0.0)	(96.0, 0.0)	(97.0, 0.0)	(98.0, 0.0)	(99.0, 0.0)	(100.0, 0.00043025680594557526)																																																																																																					
SRR908451_1	(0.0, 0.5557368230758809)	(1.0, 0.14532756020771795)	(2.0, 0.08230525254482607)	(3.0, 0.06172893940861916)	(4.0, 0.05079409871337778)	(5.0, 0.040682310543584864)	(6.0, 0.034450627136619616)	(7.0, 0.027866206933033683)	(8.0, 0.026220101882137203)	(9.0, 0.02175210245827531)	(10.0, 0.02151694459386152)	(11.0, 0.01869505022089606)	(12.0, 0.016813787305585758)	(13.0, 0.015167682254689238)	(14.0, 0.016225892644551286)	(15.0, 0.0158731558479306)	(16.0, 0.022692733915930453)	(17.0, 0.08171735788379157)	(18.0, 0.17930787161550818)	(19.0, 0.2993559613987596)	(20.0, 0.3930663703676532)	(21.0, 0.4272818396398514)	(22.0, 0.45397225725081014)	(23.0, 0.474313412522598)	(24.0, 0.5182879331679661)	(25.0, 0.5402751934906501)	(26.0, 0.5801344515087778)	(27.0, 0.6048260272722198)	(28.0, 0.6745503340708917)	(29.0, 0.738866009988059)	(30.0, 0.8493902062625889)	(31.0, 0.996599029385686)	(32.0, 1.2143552118329513)	(33.0, 1.4985434909770683)	(34.0, 1.8776179684117476)	(35.0, 2.326299173712844)	(36.0, 2.8387081602700186)	(37.0, 3.463169869221825)	(38.0, 4.10515083907263)	(39.0, 4.7213820227700785)	(40.0, 5.260363848007458)	(41.0, 5.613218223560986)	(42.0, 5.8770653474331995)	(43.0, 5.889058398518259)	(44.0, 5.760544625616491)	(45.0, 5.427796247470378)	(46.0, 5.097987342629443)	(47.0, 4.617794983495617)	(48.0, 3.991687169492772)	(49.0, 3.5125530207488107)	(50.0, 3.0759824454638216)	(51.0, 2.6124862947041616)	(52.0, 2.204017084217786)	(53.0, 1.8830265992932596)	(54.0, 1.574029165453825)	(55.0, 1.2782005720213234)	(56.0, 1.0596213370486096)	(57.0, 0.8633820991952155)	(58.0, 0.6968903311901963)	(59.0, 0.5814278197630534)	(60.0, 0.49359635740452407)	(61.0, 0.3762525830620713)	(62.0, 0.2948879619748971)	(63.0, 0.2323359700408228)	(64.0, 0.1931821856159229)	(65.0, 0.14520998127551105)	(66.0, 0.10358703927427322)	(67.0, 0.07983609496848124)	(68.0, 0.05514451920503295)	(69.0, 0.0373901004417919)	(70.0, 0.02692557547537855)	(71.0, 0.014227050797034088)	(72.0, 0.012228208949516888)	(73.0, 0.007995367390068736)	(74.0, 0.0043504204916550515)	(75.0, 0.0035273679662067973)	(76.0, 0.0027043154407585435)	(77.0, 0.001293368254275826)	(78.0, 0.0010582103898620393)	(79.0, 0.0008230525254482526)	(80.0, 0.0010582103898620393)	(81.0, 0.00047031572882757296)	(82.0, 0.0003527367966206798)	(83.0, 0.0003527367966206798)	(84.0, 0.0005878946610344661)	(85.0, 0.0003527367966206798)	(86.0, 0.00011757893220689324)	(87.0, 0.0003527367966206798)	(88.0, 0.0003527367966206798)	(89.0, 0.00023515786441378648)	(90.0, 0.0)	(91.0, 0.00011757893220689324)	(92.0, 0.0003527367966206798)	(93.0, 0.0003527367966206798)	(94.0, 0.00011757893220689324)	(95.0, 0.0)	(96.0, 0.0)	(97.0, 0.0)	(98.0, 0.0)	(99.0, 0.00011757893220689324)	(100.0, 0.0)	(0.0, 0.5557368230758809)	(1.0, 0.14532756020771795)	(2.0, 0.08230525254482607)	(3.0, 0.06172893940861916)	(4.0, 0.05079409871337778)	(5.0, 0.040682310543584864)	(6.0, 0.034450627136619616)	(7.0, 0.027866206933033683)	(8.0, 0.026220101882137203)	(9.0, 0.02175210245827531)	(10.0, 0.02151694459386152)	(11.0, 0.01869505022089606)	(12.0, 0.016813787305585758)	(13.0, 0.015167682254689238)	(14.0, 0.016225892644551286)	(15.0, 0.0158731558479306)	(16.0, 0.022692733915930453)	(17.0, 0.08171735788379157)	(18.0, 0.17930787161550818)	(19.0, 0.2993559613987596)	(20.0, 0.3930663703676532)	(21.0, 0.4272818396398514)	(22.0, 0.45397225725081014)	(23.0, 0.474313412522598)	(24.0, 0.5182879331679661)	(25.0, 0.5402751934906501)	(26.0, 0.5801344515087778)	(27.0, 0.6048260272722198)	(28.0, 0.6745503340708917)	(29.0, 0.738866009988059)	(30.0, 0.8493902062625889)	(31.0, 0.996599029385686)	(32.0, 1.2143552118329513)	(33.0, 1.4985434909770683)	(34.0, 1.8776179684117476)	(35.0, 2.326299173712844)	(36.0, 2.8387081602700186)	(37.0, 3.463169869221825)	(38.0, 4.10515083907263)	(39.0, 4.7213820227700785)	(40.0, 5.260363848007458)	(41.0, 5.613218223560986)	(42.0, 5.8770653474331995)	(43.0, 5.889058398518259)	(44.0, 5.760544625616491)	(45.0, 5.427796247470378)	(46.0, 5.097987342629443)	(47.0, 4.617794983495617)	(48.0, 3.991687169492772)	(49.0, 3.5125530207488107)	(50.0, 3.0759824454638216)	(51.0, 2.6124862947041616)	(52.0, 2.204017084217786)	(53.0, 1.8830265992932596)	(54.0, 1.574029165453825)	(55.0, 1.2782005720213234)	(56.0, 1.0596213370486096)	(57.0, 0.8633820991952155)	(58.0, 0.6968903311901963)	(59.0, 0.5814278197630534)	(60.0, 0.49359635740452407)	(61.0, 0.3762525830620713)	(62.0, 0.2948879619748971)	(63.0, 0.2323359700408228)	(64.0, 0.1931821856159229)	(65.0, 0.14520998127551105)	(66.0, 0.10358703927427322)	(67.0, 0.07983609496848124)	(68.0, 0.05514451920503295)	(69.0, 0.0373901004417919)	(70.0, 0.02692557547537855)	(71.0, 0.014227050797034088)	(72.0, 0.012228208949516888)	(73.0, 0.007995367390068736)	(74.0, 0.0043504204916550515)	(75.0, 0.0035273679662067973)	(76.0, 0.0027043154407585435)	(77.0, 0.001293368254275826)	(78.0, 0.0010582103898620393)	(79.0, 0.0008230525254482526)	(80.0, 0.0010582103898620393)	(81.0, 0.00047031572882757296)	(82.0, 0.0003527367966206798)	(83.0, 0.0003527367966206798)	(84.0, 0.0005878946610344661)	(85.0, 0.0003527367966206798)	(86.0, 0.00011757893220689324)	(87.0, 0.0003527367966206798)	(88.0, 0.0003527367966206798)	(89.0, 0.00023515786441378648)	(90.0, 0.0)	(91.0, 0.00011757893220689324)	(92.0, 0.0003527367966206798)	(93.0, 0.0003527367966206798)	(94.0, 0.00011757893220689324)	(95.0, 0.0)	(96.0, 0.0)	(97.0, 0.0)	(98.0, 0.0)	(99.0, 0.00011757893220689324)	(100.0, 0.0)
SRR908451_1_paired	(0.0, 3.5010028282529424)	(1.0, 1.8500332735641472)	(2.0, 0.18046287224799837)	(3.0, 0.06516072980017357)	(4.0, 0.047484148843743496)	(5.0, 0.03258036490008678)	(6.0, 0.024955173114960087)	(7.0, 0.023568774608573415)	(8.0, 0.014903783943656719)	(9.0, 0.008318391038320029)	(10.0, 0.003119396639370011)	(11.0, 0.0006931992531933357)	(12.0, 0.0013863985063866714)	(13.0, 0.0027727970127733427)	(14.0, 0.006931992531933357)	(15.0, 0.011437787677690039)	(16.0, 0.009358189918110032)	(17.0, 0.009358189918110032)	(18.0, 0.022875575355380078)	(19.0, 0.036624027210381244)	(20.0, 0.04552008429302905)	(21.0, 0.09000036970626807)	(22.0, 0.150655304360685)	(23.0, 0.18623953269127633)	(24.0, 0.21258110431262295)	(25.0, 0.27450690426456076)	(26.0, 0.3626587426289796)	(27.0, 0.46941142762075405)	(28.0, 0.6431733737545509)	(29.0, 0.8155489213819596)	(30.0, 0.9003502966892776)	(31.0, 1.0883228275135344)	(32.0, 1.3017126642882126)	(33.0, 1.4975414533153293)	(34.0, 1.6910595781651407)	(35.0, 1.8707137179510864)	(36.0, 2.1424478252028827)	(37.0, 2.3842588313584985)	(38.0, 2.5336432704216683)	(39.0, 2.618675712146724)	(40.0, 2.7835416011978813)	(41.0, 3.0169186831062818)	(42.0, 3.1362644878643957)	(43.0, 3.1251732998133046)	(44.0, 3.0983695953564903)	(45.0, 3.120436438249812)	(46.0, 3.252375362774275)	(47.0, 3.2427861064384356)	(48.0, 3.2878440578960006)	(49.0, 3.46853799656172)	(50.0, 3.6307466218089535)	(51.0, 3.8001183060058557)	(52.0, 3.510707617797644)	(53.0, 3.0477660498733825)	(54.0, 2.8721555723977485)	(55.0, 2.7719882803113087)	(56.0, 2.518623953269138)	(57.0, 2.3382766142300024)	(58.0, 2.2465432463907455)	(59.0, 2.0953102759857334)	(60.0, 1.8949756918128577)	(61.0, 1.7202894800081299)	(62.0, 1.506668576815711)	(63.0, 1.3330221638907798)	(64.0, 1.2092860971957713)	(65.0, 1.0373726824038259)	(66.0, 0.8586428082888115)	(67.0, 0.6964341830415726)	(68.0, 0.5781281771632426)	(69.0, 0.4740327559753763)	(70.0, 0.34475109525481884)	(71.0, 0.2347634804148097)	(72.0, 0.16290182450043394)	(73.0, 0.12177200214429598)	(74.0, 0.09831876074458813)	(75.0, 0.0813353790413514)	(76.0, 0.05060354548311351)	(77.0, 0.02114257722239674)	(78.0, 0.014903783943656719)	(79.0, 0.020449377969203403)	(80.0, 0.018369780209623397)	(81.0, 0.010051389171303366)	(82.0, 0.005198994398950017)	(83.0, 0.0038125958925633464)	(84.0, 0.004505795145756682)	(85.0, 0.0017329981329833393)	(86.0, 0.0)	(87.0, 0.0)	(88.0, 0.0)	(89.0, 0.0)	(90.0, 0.0)	(91.0, 0.0)	(92.0, 0.0)	(93.0, 0.0)	(94.0, 0.0)	(95.0, 0.0)	(96.0, 0.0)	(97.0, 0.0)	(98.0, 0.0)	(99.0, 0.0)	(100.0, 0.0)																																																																																																					
SRR908451_2	(0.0, 0.5305378079448916)	(1.0, 0.2984458833216177)	(2.0, 0.14363957046829476)	(3.0, 0.0729952318009926)	(4.0, 0.03961254930263158)	(5.0, 0.024801922560401517)	(6.0, 0.01974750232297374)	(7.0, 0.01598607330907396)	(8.0, 0.01093165307164614)	(9.0, 0.010461474444908673)	(10.0, 0.009168483221380638)	(11.0, 0.006935134744377666)	(12.0, 0.007757947341168235)	(13.0, 0.006229866804271466)	(14.0, 0.007993036654536968)	(15.0, 0.0070526794010620335)	(16.0, 0.007522858027799501)	(17.0, 0.01128428704169924)	(18.0, 0.015750983995705226)	(19.0, 0.024214199276979688)	(20.0, 0.04008272792936904)	(21.0, 0.05301264016464959)	(22.0, 0.07029170469725207)	(23.0, 0.100030502838397)	(24.0, 0.13541144450038953)	(25.0, 0.1706748415056977)	(26.0, 0.21228564997196672)	(27.0, 0.2613017718093535)	(28.0, 0.314902135257431)	(29.0, 0.38625174186484146)	(30.0, 0.4393819266861634)	(31.0, 0.5075578275630809)	(32.0, 0.6033567227608184)	(33.0, 0.6966871801681848)	(34.0, 0.8406793846065828)	(35.0, 1.0148805658128943)	(36.0, 1.24503300360099)	(37.0, 1.513740088781481)	(38.0, 1.8824776768000058)	(39.0, 2.321977148142455)	(40.0, 2.9389690510782747)	(41.0, 3.6371843117846856)	(42.0, 4.415447483693297)	(43.0, 5.30408508822873)	(44.0, 6.093515002520652)	(45.0, 6.752940526517554)	(46.0, 7.233580627698181)	(47.0, 7.33408130916295)	(48.0, 7.0539723922851225)	(49.0, 6.495165094409673)	(50.0, 5.75439866798736)	(51.0, 4.884215574551407)	(52.0, 4.007567524997801)	(53.0, 3.186753187369371)	(54.0, 2.5035836427196374)	(55.0, 1.9175059844919153)	(56.0, 1.452264233335613)	(57.0, 1.1227865606491925)	(58.0, 0.8651286731969422)	(59.0, 0.6750589633382661)	(60.0, 0.498624433655071)	(61.0, 0.3853113846113667)	(62.0, 0.2986809726349865)	(63.0, 0.22744891068425185)	(64.0, 0.18195912854739654)	(65.0, 0.15045716055598768)	(66.0, 0.11789729065441981)	(67.0, 0.09297782343733536)	(68.0, 0.07428822302452068)	(69.0, 0.059595140938974354)	(70.0, 0.04525469282348114)	(71.0, 0.03361777181172894)	(72.0, 0.025859824470560806)	(73.0, 0.021745761486608)	(74.0, 0.016456251935811433)	(75.0, 0.01187201032512108)	(76.0, 0.009286027878065005)	(77.0, 0.006700045431008933)	(78.0, 0.006229866804271466)	(79.0, 0.004701786267374692)	(80.0, 0.0037614290138997526)	(81.0, 0.002233348477002977)	(82.0, 0.0015280805368967742)	(83.0, 0.0025859824470560785)	(84.0, 0.0014105358802124072)	(85.0, 0.001645625193581141)	(86.0, 0.0011754465668436726)	(87.0, 0.0005877232834218362)	(88.0, 0.0011754465668436726)	(89.0, 0.0010579019101593053)	(90.0, 0.000470178626737469)	(91.0, 0.0003526339700531018)	(92.0, 0.0007052679401062035)	(93.0, 0.0003526339700531018)	(94.0, 0.000470178626737469)	(95.0, 0.000470178626737469)	(96.0, 0.0002350893133687345)	(97.0, 0.00011754465668436726)	(98.0, 0.0005877232834218362)	(99.0, 0.000470178626737469)	(100.0, 0.0003526339700531018)	(0.0, 0.5305378079448916)	(1.0, 0.2984458833216177)	(2.0, 0.14363957046829476)	(3.0, 0.0729952318009926)	(4.0, 0.03961254930263158)	(5.0, 0.024801922560401517)	(6.0, 0.01974750232297374)	(7.0, 0.01598607330907396)	(8.0, 0.01093165307164614)	(9.0, 0.010461474444908673)	(10.0, 0.009168483221380638)	(11.0, 0.006935134744377666)	(12.0, 0.007757947341168235)	(13.0, 0.006229866804271466)	(14.0, 0.007993036654536968)	(15.0, 0.0070526794010620335)	(16.0, 0.007522858027799501)	(17.0, 0.01128428704169924)	(18.0, 0.015750983995705226)	(19.0, 0.024214199276979688)	(20.0, 0.04008272792936904)	(21.0, 0.05301264016464959)	(22.0, 0.07029170469725207)	(23.0, 0.100030502838397)	(24.0, 0.13541144450038953)	(25.0, 0.1706748415056977)	(26.0, 0.21228564997196672)	(27.0, 0.2613017718093535)	(28.0, 0.314902135257431)	(29.0, 0.38625174186484146)	(30.0, 0.4393819266861634)	(31.0, 0.5075578275630809)	(32.0, 0.6033567227608184)	(33.0, 0.6966871801681848)	(34.0, 0.8406793846065828)	(35.0, 1.0148805658128943)	(36.0, 1.24503300360099)	(37.0, 1.513740088781481)	(38.0, 1.8824776768000058)	(39.0, 2.321977148142455)	(40.0, 2.9389690510782747)	(41.0, 3.6371843117846856)	(42.0, 4.415447483693297)	(43.0, 5.30408508822873)	(44.0, 6.093515002520652)	(45.0, 6.752940526517554)	(46.0, 7.233580627698181)	(47.0, 7.33408130916295)	(48.0, 7.0539723922851225)	(49.0, 6.495165094409673)	(50.0, 5.75439866798736)	(51.0, 4.884215574551407)	(52.0, 4.007567524997801)	(53.0, 3.186753187369371)	(54.0, 2.5035836427196374)	(55.0, 1.9175059844919153)	(56.0, 1.452264233335613)	(57.0, 1.1227865606491925)	(58.0, 0.8651286731969422)	(59.0, 0.6750589633382661)	(60.0, 0.498624433655071)	(61.0, 0.3853113846113667)	(62.0, 0.2986809726349865)	(63.0, 0.22744891068425185)	(64.0, 0.18195912854739654)	(65.0, 0.15045716055598768)	(66.0, 0.11789729065441981)	(67.0, 0.09297782343733536)	(68.0, 0.07428822302452068)	(69.0, 0.059595140938974354)	(70.0, 0.04525469282348114)	(71.0, 0.03361777181172894)	(72.0, 0.025859824470560806)	(73.0, 0.021745761486608)	(74.0, 0.016456251935811433)	(75.0, 0.01187201032512108)	(76.0, 0.009286027878065005)	(77.0, 0.006700045431008933)	(78.0, 0.006229866804271466)	(79.0, 0.004701786267374692)	(80.0, 0.0037614290138997526)	(81.0, 0.002233348477002977)	(82.0, 0.0015280805368967742)	(83.0, 0.0025859824470560785)	(84.0, 0.0014105358802124072)	(85.0, 0.001645625193581141)	(86.0, 0.0011754465668436726)	(87.0, 0.0005877232834218362)	(88.0, 0.0011754465668436726)	(89.0, 0.0010579019101593053)	(90.0, 0.000470178626737469)	(91.0, 0.0003526339700531018)	(92.0, 0.0007052679401062035)	(93.0, 0.0003526339700531018)	(94.0, 0.000470178626737469)	(95.0, 0.000470178626737469)	(96.0, 0.0002350893133687345)	(97.0, 0.00011754465668436726)	(98.0, 0.0005877232834218362)	(99.0, 0.000470178626737469)	(100.0, 0.0003526339700531018)
SRR908451_2_paired	(0.0, 3.347888563996446)	(1.0, 1.9275013718573861)	(2.0, 0.28683784923927264)	(3.0, 0.028717176990194934)	(4.0, 0.0040070479521202235)	(5.0, 0.0020035239760601118)	(6.0, 0.0016696033133834264)	(7.0, 0.001335682650706741)	(8.0, 0.0010017619880300559)	(9.0, 0.001335682650706741)	(10.0, 0.002337444638736797)	(11.0, 0.002671365301413482)	(12.0, 0.003673127289443538)	(13.0, 0.0030052859640901674)	(14.0, 0.0033392066267668528)	(15.0, 0.0030052859640901674)	(16.0, 0.0030052859640901674)	(17.0, 0.004674889277473594)	(18.0, 0.0040070479521202235)	(19.0, 0.013468133394626306)	(20.0, 0.031388542291608416)	(21.0, 0.05031071317662057)	(22.0, 0.08192186924334678)	(23.0, 0.12978383089367168)	(24.0, 0.1928948361395652)	(25.0, 0.2545588518471929)	(26.0, 0.30097382395925215)	(27.0, 0.37332330087253407)	(28.0, 0.521361461325865)	(29.0, 0.7397455747164173)	(30.0, 0.8365825668926556)	(31.0, 0.9306368868799206)	(32.0, 1.2101284815403024)	(33.0, 1.4373058390480071)	(34.0, 1.6102767423145334)	(35.0, 1.8264347179539144)	(36.0, 2.0807709560259955)	(37.0, 2.353027602995056)	(38.0, 2.603913327552812)	(39.0, 2.713995839348559)	(40.0, 2.775882468831303)	(41.0, 2.9052210721747342)	(42.0, 3.0149696633078)	(43.0, 3.014413128870005)	(44.0, 2.9183552849066787)	(45.0, 2.956978774889616)	(46.0, 3.124050413115514)	(47.0, 3.1487605421535863)	(48.0, 3.237249517762908)	(49.0, 3.463647727057694)	(50.0, 3.5802973452194187)	(51.0, 3.5536949990928433)	(52.0, 3.4424994184215083)	(53.0, 3.234021618023696)	(54.0, 3.0167505735087348)	(55.0, 2.8898607216915977)	(56.0, 2.678488942217254)	(57.0, 2.502846673649319)	(58.0, 2.400333030207576)	(59.0, 2.171040841836251)	(60.0, 1.9593351416992306)	(61.0, 1.8491413230159248)	(62.0, 1.6437801154697629)	(63.0, 1.489508769313134)	(64.0, 1.3482603290008963)	(65.0, 1.1140706375769809)	(66.0, 0.9128277848704985)	(67.0, 0.8224465921726758)	(68.0, 0.7081344186496906)	(69.0, 0.5352748222707265)	(70.0, 0.4295332790897761)	(71.0, 0.3448287376574569)	(72.0, 0.23741759116312325)	(73.0, 0.17130129995313956)	(74.0, 0.13490394772138084)	(75.0, 0.1041832467551258)	(76.0, 0.07613391109028425)	(77.0, 0.0520916233775629)	(78.0, 0.0317224629542851)	(79.0, 0.02738149433948819)	(80.0, 0.023040525724691282)	(81.0, 0.014024667832420783)	(82.0, 0.006010571928180335)	(83.0, 0.004229661727238013)	(84.0, 0.003561820401884643)	(85.0, 0.0016696033133834264)	(86.0, 0.0006678413253533705)	(87.0, 0.00033392066267668526)	(88.0, 0.0)	(89.0, 0.0)	(90.0, 0.0)	(91.0, 0.0)	(92.0, 0.0)	(93.0, 0.0)	(94.0, 0.0)	(95.0, 0.0)	(96.0, 0.0)	(97.0, 0.0)	(98.0, 0.0)	(99.0, 0.0)	(100.0, 0.0)																																																																																																					
SRR908452_1	(0.0, 0.9716437115761)	(1.0, 0.26021064671401845)	(2.0, 0.12238478768527784)	(3.0, 0.07034265834247183)	(4.0, 0.046895105561648096)	(5.0, 0.03278844779107114)	(6.0, 0.025735118905782544)	(7.0, 0.02154124767669203)	(8.0, 0.014678549301816682)	(9.0, 0.013534766239337463)	(10.0, 0.01029404756231301)	(11.0, 0.007434589906114952)	(12.0, 0.0097221560310734)	(13.0, 0.011247200114379026)	(14.0, 0.011437830624792228)	(15.0, 0.0097221560310734)	(16.0, 0.012200352666445041)	(17.0, 0.02611637992660895)	(18.0, 0.06157365486346458)	(19.0, 0.105228041748089)	(20.0, 0.14468855740362332)	(21.0, 0.1711861983510573)	(22.0, 0.1769051136634531)	(23.0, 0.1963494257255988)	(24.0, 0.21445932421485212)	(25.0, 0.23180670066245265)	(26.0, 0.26192632130773713)	(27.0, 0.30081494543202986)	(28.0, 0.3599104036601298)	(29.0, 0.45961016060624676)	(30.0, 0.5717009007292233)	(31.0, 0.7270647667159538)	(32.0, 0.9600152504408359)	(33.0, 1.2751274841538611)	(34.0, 1.6729733593863982)	(35.0, 2.1947290663875747)	(36.0, 2.8325787542297762)	(37.0, 3.5201830052895766)	(38.0, 4.181098984891554)	(39.0, 4.829433350806664)	(40.0, 5.344707620454491)	(41.0, 5.722537292094149)	(42.0, 6.0029547729124815)	(43.0, 6.005242339037444)	(44.0, 5.829290377925736)	(45.0, 5.535528761378456)	(46.0, 5.131201448791314)	(47.0, 4.699042081683795)	(48.0, 4.284611352045829)	(49.0, 3.8175666015339047)	(50.0, 3.3972263260731723)	(51.0, 2.903683934613836)	(52.0, 2.4968784253924294)	(53.0, 2.134680455607388)	(54.0, 1.8104179573943808)	(55.0, 1.539532002097095)	(56.0, 1.318972501548918)	(57.0, 1.0581899633036136)	(58.0, 0.8443025306200475)	(59.0, 0.6990420816852192)	(60.0, 0.5785635991040994)	(61.0, 0.4523662012105441)	(62.0, 0.36029166468095625)	(63.0, 0.27260162989087594)	(64.0, 0.19730257827766476)	(65.0, 0.14240099127866482)	(66.0, 0.10751560787304751)	(67.0, 0.07472716008197552)	(68.0, 0.042891864842970875)	(69.0, 0.022113139207931645)	(70.0, 0.01868179002049395)	(71.0, 0.011247200114379026)	(72.0, 0.005147023781156502)	(73.0, 0.004003240718677279)	(74.0, 0.0036219796978508713)	(75.0, 0.0020969356145452422)	(76.0, 0.0009531525520660191)	(77.0, 0.0)	(78.0, 0.00038126102082640764)	(79.0, 0.0)	(80.0, 0.0)	(81.0, 0.0)	(82.0, 0.0)	(83.0, 0.0)	(84.0, 0.0)	(85.0, 0.00019063051041320382)	(86.0, 0.0)	(87.0, 0.0)	(88.0, 0.0)	(89.0, 0.0)	(90.0, 0.0)	(91.0, 0.0)	(92.0, 0.0)	(93.0, 0.0)	(94.0, 0.0)	(95.0, 0.0)	(96.0, 0.0)	(97.0, 0.0)	(98.0, 0.0)	(99.0, 0.0)	(100.0, 0.0)	(0.0, 0.9716437115761)	(1.0, 0.26021064671401845)	(2.0, 0.12238478768527784)	(3.0, 0.07034265834247183)	(4.0, 0.046895105561648096)	(5.0, 0.03278844779107114)	(6.0, 0.025735118905782544)	(7.0, 0.02154124767669203)	(8.0, 0.014678549301816682)	(9.0, 0.013534766239337463)	(10.0, 0.01029404756231301)	(11.0, 0.007434589906114952)	(12.0, 0.0097221560310734)	(13.0, 0.011247200114379026)	(14.0, 0.011437830624792228)	(15.0, 0.0097221560310734)	(16.0, 0.012200352666445041)	(17.0, 0.02611637992660895)	(18.0, 0.06157365486346458)	(19.0, 0.105228041748089)	(20.0, 0.14468855740362332)	(21.0, 0.1711861983510573)	(22.0, 0.1769051136634531)	(23.0, 0.1963494257255988)	(24.0, 0.21445932421485212)	(25.0, 0.23180670066245265)	(26.0, 0.26192632130773713)	(27.0, 0.30081494543202986)	(28.0, 0.3599104036601298)	(29.0, 0.45961016060624676)	(30.0, 0.5717009007292233)	(31.0, 0.7270647667159538)	(32.0, 0.9600152504408359)	(33.0, 1.2751274841538611)	(34.0, 1.6729733593863982)	(35.0, 2.1947290663875747)	(36.0, 2.8325787542297762)	(37.0, 3.5201830052895766)	(38.0, 4.181098984891554)	(39.0, 4.829433350806664)	(40.0, 5.344707620454491)	(41.0, 5.722537292094149)	(42.0, 6.0029547729124815)	(43.0, 6.005242339037444)	(44.0, 5.829290377925736)	(45.0, 5.535528761378456)	(46.0, 5.131201448791314)	(47.0, 4.699042081683795)	(48.0, 4.284611352045829)	(49.0, 3.8175666015339047)	(50.0, 3.3972263260731723)	(51.0, 2.903683934613836)	(52.0, 2.4968784253924294)	(53.0, 2.134680455607388)	(54.0, 1.8104179573943808)	(55.0, 1.539532002097095)	(56.0, 1.318972501548918)	(57.0, 1.0581899633036136)	(58.0, 0.8443025306200475)	(59.0, 0.6990420816852192)	(60.0, 0.5785635991040994)	(61.0, 0.4523662012105441)	(62.0, 0.36029166468095625)	(63.0, 0.27260162989087594)	(64.0, 0.19730257827766476)	(65.0, 0.14240099127866482)	(66.0, 0.10751560787304751)	(67.0, 0.07472716008197552)	(68.0, 0.042891864842970875)	(69.0, 0.022113139207931645)	(70.0, 0.01868179002049395)	(71.0, 0.011247200114379026)	(72.0, 0.005147023781156502)	(73.0, 0.004003240718677279)	(74.0, 0.0036219796978508713)	(75.0, 0.0020969356145452422)	(76.0, 0.0009531525520660191)	(77.0, 0.0)	(78.0, 0.00038126102082640764)	(79.0, 0.0)	(80.0, 0.0)	(81.0, 0.0)	(82.0, 0.0)	(83.0, 0.0)	(84.0, 0.0)	(85.0, 0.00019063051041320382)	(86.0, 0.0)	(87.0, 0.0)	(88.0, 0.0)	(89.0, 0.0)	(90.0, 0.0)	(91.0, 0.0)	(92.0, 0.0)	(93.0, 0.0)	(94.0, 0.0)	(95.0, 0.0)	(96.0, 0.0)	(97.0, 0.0)	(98.0, 0.0)	(99.0, 0.0)	(100.0, 0.0)
SRR908452_1_paired	(0.0, 1.3902954814426858)	(1.0, 0.7876918301224245)	(2.0, 0.1641994709918587)	(3.0, 0.09319079862121642)	(4.0, 0.07935122131036261)	(5.0, 0.05548765108744183)	(6.0, 0.03181809363056105)	(7.0, 0.01843121277380061)	(8.0, 0.009312612769920308)	(9.0, 0.004462293618920147)	(10.0, 0.0036862425547601213)	(11.0, 0.0019401276604000639)	(12.0, 0.0015521021283200513)	(13.0, 0.004462293618920147)	(14.0, 0.008083865251666935)	(15.0, 0.018366541851787273)	(16.0, 0.02483363405312082)	(17.0, 0.027937838309760918)	(18.0, 0.03970794611618798)	(19.0, 0.05794514612394856)	(20.0, 0.0827787801770694)	(21.0, 0.12300409366936406)	(22.0, 0.17351208376177898)	(23.0, 0.22783565825298088)	(24.0, 0.2912131618260498)	(25.0, 0.4133765335092411)	(26.0, 0.5844311222345118)	(27.0, 0.7366018017318893)	(28.0, 0.9586170770036709)	(29.0, 1.2583021296134722)	(30.0, 1.52067206022158)	(31.0, 1.7498658078368388)	(32.0, 2.045541263281798)	(33.0, 2.4009079797450585)	(34.0, 2.6920564706490824)	(35.0, 2.928493361529831)	(36.0, 3.1651889360986276)	(37.0, 3.2929786779969916)	(38.0, 3.3392830581585353)	(39.0, 3.4752860071525915)	(40.0, 3.62499919161348)	(41.0, 3.647245988786072)	(42.0, 3.588848146208025)	(43.0, 3.576301987337439)	(44.0, 3.615751249765579)	(45.0, 3.5913056412445377)	(46.0, 3.4756740326846822)	(47.0, 3.3629526156154332)	(48.0, 3.2235867786766867)	(49.0, 3.0915287559254567)	(50.0, 3.0144410168855607)	(51.0, 2.786928713242654)	(52.0, 2.5867075386893696)	(53.0, 2.4746975017622774)	(54.0, 2.3189052506321595)	(55.0, 2.159362086025263)	(56.0, 2.045217908671729)	(57.0, 1.8808244249138346)	(58.0, 1.7002632106526097)	(59.0, 1.552296141086101)	(60.0, 1.3783313608702263)	(61.0, 1.211286369309778)	(62.0, 1.0956547607499327)	(63.0, 0.9724566543145253)	(64.0, 0.8460896727004669)	(65.0, 0.7003860854044215)	(66.0, 0.5537771052001914)	(67.0, 0.4473287675662417)	(68.0, 0.3514864611424785)	(69.0, 0.26573281855279546)	(70.0, 0.18450614050404604)	(71.0, 0.12235738444923068)	(72.0, 0.0871764028739762)	(73.0, 0.05930323548622862)	(74.0, 0.04417023973510812)	(75.0, 0.03505163973122783)	(76.0, 0.01991864398010732)	(77.0, 0.0073724851095202425)	(78.0, 0.004462293618920147)	(79.0, 0.0036862425547601213)	(80.0, 0.0034922297887201147)	(81.0, 0.002522165958520083)	(82.0, 0.0011640765962400385)	(83.0, 0.0009700638302000319)	(84.0, 0.0005820382981200192)	(85.0, 0.0001940127660400064)	(86.0, 0.0)	(87.0, 0.0)	(88.0, 0.0)	(89.0, 0.0)	(90.0, 0.0)	(91.0, 0.0)	(92.0, 0.0)	(93.0, 0.0)	(94.0, 0.0)	(95.0, 0.0)	(96.0, 0.0)	(97.0, 0.0)	(98.0, 0.0)	(99.0, 0.0)	(100.0, 0.0)																																																																																																					
SRR908452_2	(0.0, 0.9300461014231678)	(1.0, 0.43352518397620265)	(2.0, 0.16531607632029274)	(3.0, 0.07368591854461017)	(4.0, 0.03512489381401135)	(5.0, 0.01756244690700561)	(6.0, 0.013553627504319554)	(7.0, 0.010881081235862185)	(8.0, 0.007444950319274129)	(9.0, 0.007444950319274129)	(10.0, 0.00839943112943748)	(11.0, 0.006299573347078108)	(12.0, 0.006108677185045438)	(13.0, 0.0076358464813068)	(14.0, 0.00859032729147015)	(15.0, 0.00782674264333947)	(16.0, 0.006299573347078108)	(17.0, 0.006490469509110778)	(18.0, 0.010117496587731508)	(19.0, 0.015462589124646245)	(20.0, 0.01947140852733231)	(21.0, 0.032643243707586624)	(22.0, 0.04390611726751407)	(23.0, 0.05326002920711477)	(24.0, 0.07177695692428349)	(25.0, 0.10690185073829568)	(26.0, 0.14469929082076538)	(27.0, 0.16760683026468465)	(28.0, 0.2010136586204)	(29.0, 0.28195363132224743)	(30.0, 0.3758745430423297)	(31.0, 0.46483215454956406)	(32.0, 0.6057135221296838)	(33.0, 0.7609121018622091)	(34.0, 1.005831877750069)	(35.0, 1.3053479559793504)	(36.0, 1.7400185169279374)	(37.0, 2.2436025923703493)	(38.0, 2.7395508213309143)	(39.0, 3.320066050071736)	(40.0, 3.923107025932391)	(41.0, 4.517748570663617)	(42.0, 5.131479731599293)	(43.0, 5.531979879544563)	(44.0, 5.917590126851257)	(45.0, 6.110777042828671)	(46.0, 6.151437925341703)	(47.0, 6.047781309357775)	(48.0, 5.725357691684009)	(49.0, 5.290878026896862)	(50.0, 4.6998635092426415)	(51.0, 4.078687397988875)	(52.0, 3.537687674788781)	(53.0, 3.005278278880149)	(54.0, 2.4917676030127343)	(55.0, 2.066641850165984)	(56.0, 1.7247468239653168)	(57.0, 1.4126315990417595)	(58.0, 1.117697028701188)	(59.0, 0.8680048487625125)	(60.0, 0.7051704225486821)	(61.0, 0.5742156553942963)	(62.0, 0.4447880575361314)	(63.0, 0.34609474176522986)	(64.0, 0.2714543424104512)	(65.0, 0.20425889337495517)	(66.0, 0.15787112600101902)	(67.0, 0.1277095323998573)	(68.0, 0.10155675820138078)	(69.0, 0.06547738357720546)	(70.0, 0.04867852131833075)	(71.0, 0.03684295927230539)	(72.0, 0.023289331767985734)	(73.0, 0.01660796609684226)	(74.0, 0.016798862258874933)	(75.0, 0.00973570426366617)	(76.0, 0.00801763880537214)	(77.0, 0.0059177810230127675)	(78.0, 0.004772404050816746)	(79.0, 0.003627027078620727)	(80.0, 0.0019089616203266991)	(81.0, 0.0013362731342286892)	(82.0, 0.0020998577823593692)	(83.0, 0.0024816501064247086)	(84.0, 0.0013362731342286892)	(85.0, 0.00038179232406533977)	(86.0, 0.00019089616203266988)	(87.0, 0.00038179232406533977)	(88.0, 0.00038179232406533977)	(89.0, 0.0)	(90.0, 0.0005726884860980097)	(91.0, 0.0009544808101633496)	(92.0, 0.00019089616203266988)	(93.0, 0.00019089616203266988)	(94.0, 0.00019089616203266988)	(95.0, 0.0)	(96.0, 0.0)	(97.0, 0.00038179232406533977)	(98.0, 0.00019089616203266988)	(99.0, 0.0)	(100.0, 0.0)	(0.0, 0.9300461014231678)	(1.0, 0.43352518397620265)	(2.0, 0.16531607632029274)	(3.0, 0.07368591854461017)	(4.0, 0.03512489381401135)	(5.0, 0.01756244690700561)	(6.0, 0.013553627504319554)	(7.0, 0.010881081235862185)	(8.0, 0.007444950319274129)	(9.0, 0.007444950319274129)	(10.0, 0.00839943112943748)	(11.0, 0.006299573347078108)	(12.0, 0.006108677185045438)	(13.0, 0.0076358464813068)	(14.0, 0.00859032729147015)	(15.0, 0.00782674264333947)	(16.0, 0.006299573347078108)	(17.0, 0.006490469509110778)	(18.0, 0.010117496587731508)	(19.0, 0.015462589124646245)	(20.0, 0.01947140852733231)	(21.0, 0.032643243707586624)	(22.0, 0.04390611726751407)	(23.0, 0.05326002920711477)	(24.0, 0.07177695692428349)	(25.0, 0.10690185073829568)	(26.0, 0.14469929082076538)	(27.0, 0.16760683026468465)	(28.0, 0.2010136586204)	(29.0, 0.28195363132224743)	(30.0, 0.3758745430423297)	(31.0, 0.46483215454956406)	(32.0, 0.6057135221296838)	(33.0, 0.7609121018622091)	(34.0, 1.005831877750069)	(35.0, 1.3053479559793504)	(36.0, 1.7400185169279374)	(37.0, 2.2436025923703493)	(38.0, 2.7395508213309143)	(39.0, 3.320066050071736)	(40.0, 3.923107025932391)	(41.0, 4.517748570663617)	(42.0, 5.131479731599293)	(43.0, 5.531979879544563)	(44.0, 5.917590126851257)	(45.0, 6.110777042828671)	(46.0, 6.151437925341703)	(47.0, 6.047781309357775)	(48.0, 5.725357691684009)	(49.0, 5.290878026896862)	(50.0, 4.6998635092426415)	(51.0, 4.078687397988875)	(52.0, 3.537687674788781)	(53.0, 3.005278278880149)	(54.0, 2.4917676030127343)	(55.0, 2.066641850165984)	(56.0, 1.7247468239653168)	(57.0, 1.4126315990417595)	(58.0, 1.117697028701188)	(59.0, 0.8680048487625125)	(60.0, 0.7051704225486821)	(61.0, 0.5742156553942963)	(62.0, 0.4447880575361314)	(63.0, 0.34609474176522986)	(64.0, 0.2714543424104512)	(65.0, 0.20425889337495517)	(66.0, 0.15787112600101902)	(67.0, 0.1277095323998573)	(68.0, 0.10155675820138078)	(69.0, 0.06547738357720546)	(70.0, 0.04867852131833075)	(71.0, 0.03684295927230539)	(72.0, 0.023289331767985734)	(73.0, 0.01660796609684226)	(74.0, 0.016798862258874933)	(75.0, 0.00973570426366617)	(76.0, 0.00801763880537214)	(77.0, 0.0059177810230127675)	(78.0, 0.004772404050816746)	(79.0, 0.003627027078620727)	(80.0, 0.0019089616203266991)	(81.0, 0.0013362731342286892)	(82.0, 0.0020998577823593692)	(83.0, 0.0024816501064247086)	(84.0, 0.0013362731342286892)	(85.0, 0.00038179232406533977)	(86.0, 0.00019089616203266988)	(87.0, 0.00038179232406533977)	(88.0, 0.00038179232406533977)	(89.0, 0.0)	(90.0, 0.0005726884860980097)	(91.0, 0.0009544808101633496)	(92.0, 0.00019089616203266988)	(93.0, 0.00019089616203266988)	(94.0, 0.00019089616203266988)	(95.0, 0.0)	(96.0, 0.0)	(97.0, 0.00038179232406533977)	(98.0, 0.00019089616203266988)	(99.0, 0.0)	(100.0, 0.0)
SRR908452_2_paired	(0.0, 1.640059365351319)	(1.0, 0.943507593323357)	(2.0, 0.15055972233883352)	(3.0, 0.021589696033493113)	(4.0, 0.005492115657642985)	(5.0, 0.0034088993737094384)	(6.0, 0.0015150663883153062)	(7.0, 0.001325683089775893)	(8.0, 0.001325683089775893)	(9.0, 0.0005681498956182398)	(10.0, 0.0007575331941576531)	(11.0, 0.0011362997912364797)	(12.0, 0.002840749478091199)	(13.0, 0.006249648851800638)	(14.0, 0.00826973736955438)	(15.0, 0.01470876951989443)	(16.0, 0.020832162839335457)	(17.0, 0.020074629645177804)	(18.0, 0.028786261377990813)	(19.0, 0.04456820292294192)	(20.0, 0.05927697244283635)	(21.0, 0.09456539373734704)	(22.0, 0.15661998789209475)	(23.0, 0.21444502171279553)	(24.0, 0.2590763524019174)	(25.0, 0.3681611323606199)	(26.0, 0.5240235870585558)	(27.0, 0.6682074050132285)	(28.0, 0.8510885436361227)	(29.0, 1.0947617210901692)	(30.0, 1.3390030484398372)	(31.0, 1.5884839803824273)	(32.0, 1.8570926254774875)	(33.0, 2.1301202142051325)	(34.0, 2.422591154916155)	(35.0, 2.715062095627184)	(36.0, 3.0271657716201252)	(37.0, 3.3113038471954397)	(38.0, 3.44166268435674)	(39.0, 3.5164059595136363)	(40.0, 3.6167159799733497)	(41.0, 3.6104663311215486)	(42.0, 3.5564289632716384)	(43.0, 3.5496111645242188)	(44.0, 3.6182310463616676)	(45.0, 3.636159331956732)	(46.0, 3.4618004417681094)	(47.0, 3.335292398343782)	(48.0, 3.2445777983433954)	(49.0, 3.125392575795924)	(50.0, 3.037203086442739)	(51.0, 2.870419528195699)	(52.0, 2.7126001127461907)	(53.0, 2.5526343532465687)	(54.0, 2.363566693538054)	(55.0, 2.2476009870657534)	(56.0, 2.1257012705725535)	(57.0, 1.9642204446846148)	(58.0, 1.815365172032636)	(59.0, 1.6553994125330116)	(60.0, 1.50768043967227)	(61.0, 1.3549743732833226)	(62.0, 1.1749339841385207)	(63.0, 1.027151883511598)	(64.0, 0.9077141498994076)	(65.0, 0.785940688938565)	(66.0, 0.6312776617980442)	(67.0, 0.4898714655552824)	(68.0, 0.3826173908157946)	(69.0, 0.2980893119010365)	(70.0, 0.22069467056459627)	(71.0, 0.1586400764098485)	(72.0, 0.12650804342432806)	(73.0, 0.09355534947847015)	(74.0, 0.060413272234072835)	(75.0, 0.036929743215185586)	(76.0, 0.0214003127349537)	(77.0, 0.014582513987534821)	(78.0, 0.01496128058461365)	(79.0, 0.0128780643006801)	(80.0, 0.007385948643037117)	(81.0, 0.004734582463485332)	(82.0, 0.004166432567867092)	(83.0, 0.0035982826722488516)	(84.0, 0.001325683089775893)	(85.0, 0.00037876659707882654)	(86.0, 0.00037876659707882654)	(87.0, 0.00037876659707882654)	(88.0, 0.00018938329853941327)	(89.0, 0.0)	(90.0, 0.0)	(91.0, 0.0)	(92.0, 0.0)	(93.0, 0.0)	(94.0, 0.0)	(95.0, 0.0)	(96.0, 0.0)	(97.0, 0.0)	(98.0, 0.0)	(99.0, 0.00018938329853941327)	(100.0, 0.00037876659707882654)																																																																																																					
SRR908453_1	(0.0, 1.073484878892963)	(1.0, 0.3089186509264039)	(2.0, 0.09811660712773197)	(3.0, 0.044895780837235194)	(4.0, 0.0282456899307108)	(5.0, 0.017839383114133158)	(6.0, 0.014568829543208756)	(7.0, 0.012190245127990999)	(8.0, 0.00891969155706658)	(9.0, 0.007730399349457701)	(10.0, 0.0047571688304355085)	(11.0, 0.0044598457785332895)	(12.0, 0.0041625227266310705)	(13.0, 0.0023785844152177547)	(14.0, 0.0050544918823377276)	(15.0, 0.0074330762975554805)	(16.0, 0.018136706166035375)	(17.0, 0.07165485550843481)	(18.0, 0.1700687856880704)	(19.0, 0.27651043826906385)	(20.0, 0.3341911103380911)	(21.0, 0.3332991411823845)	(22.0, 0.34459741715466824)	(23.0, 0.3665993229954312)	(24.0, 0.3820601216943457)	(25.0, 0.40227808922369546)	(26.0, 0.445687254801417)	(27.0, 0.47333829862832466)	(28.0, 0.5553994609533465)	(29.0, 0.6627330826900599)	(30.0, 0.8057454706550436)	(31.0, 1.0213046832841404)	(32.0, 1.2787864462314038)	(33.0, 1.6037605419604555)	(34.0, 2.0836399477307035)	(35.0, 2.6176321489473326)	(36.0, 3.310989505983623)	(37.0, 4.048053351649021)	(38.0, 4.665890653501272)	(39.0, 5.212667745948956)	(40.0, 5.664598784839918)	(41.0, 5.983329096478808)	(42.0, 6.100177055876274)	(43.0, 5.919404640319889)	(44.0, 5.65716570854237)	(45.0, 5.230507129063073)	(46.0, 4.854096145355205)	(47.0, 4.345673726602873)	(48.0, 3.854198721808951)	(49.0, 3.3187199053330847)	(50.0, 2.8379485304069774)	(51.0, 2.4434008405325525)	(52.0, 1.9953350013157043)	(53.0, 1.7161486555794687)	(54.0, 1.4744250143830195)	(55.0, 1.25202737156021)	(56.0, 1.0198180680246296)	(57.0, 0.8060427937069459)	(58.0, 0.6442990534721202)	(59.0, 0.47304097557642244)	(60.0, 0.33954292527233076)	(61.0, 0.2726452385943352)	(62.0, 0.2072341671758489)	(63.0, 0.14033648049784764)	(64.0, 0.09276479219349208)	(65.0, 0.059761933432346204)	(66.0, 0.05886996427663956)	(67.0, 0.03776002759158188)	(68.0, 0.01902867532174203)	(69.0, 0.015163475647013194)	(70.0, 0.01040630681657768)	(71.0, 0.0050544918823377276)	(72.0, 0.0050544918823377276)	(73.0, 0.0047571688304355085)	(74.0, 0.0059464610380443855)	(75.0, 0.0041625227266310705)	(76.0, 0.0020812613633155353)	(77.0, 0.0005946461038044387)	(78.0, 0.0)	(79.0, 0.0)	(80.0, 0.0)	(81.0, 0.0)	(82.0, 0.0)	(83.0, 0.0)	(84.0, 0.0)	(85.0, 0.0)	(86.0, 0.0)	(87.0, 0.0)	(88.0, 0.0)	(89.0, 0.0)	(90.0, 0.0)	(91.0, 0.0)	(92.0, 0.0)	(93.0, 0.0)	(94.0, 0.0)	(95.0, 0.0)	(96.0, 0.0)	(97.0, 0.0)	(98.0, 0.0)	(99.0, 0.00029732305190221934)	(100.0, 0.0)	(0.0, 1.073484878892963)	(1.0, 0.3089186509264039)	(2.0, 0.09811660712773197)	(3.0, 0.044895780837235194)	(4.0, 0.0282456899307108)	(5.0, 0.017839383114133158)	(6.0, 0.014568829543208756)	(7.0, 0.012190245127990999)	(8.0, 0.00891969155706658)	(9.0, 0.007730399349457701)	(10.0, 0.0047571688304355085)	(11.0, 0.0044598457785332895)	(12.0, 0.0041625227266310705)	(13.0, 0.0023785844152177547)	(14.0, 0.0050544918823377276)	(15.0, 0.0074330762975554805)	(16.0, 0.018136706166035375)	(17.0, 0.07165485550843481)	(18.0, 0.1700687856880704)	(19.0, 0.27651043826906385)	(20.0, 0.3341911103380911)	(21.0, 0.3332991411823845)	(22.0, 0.34459741715466824)	(23.0, 0.3665993229954312)	(24.0, 0.3820601216943457)	(25.0, 0.40227808922369546)	(26.0, 0.445687254801417)	(27.0, 0.47333829862832466)	(28.0, 0.5553994609533465)	(29.0, 0.6627330826900599)	(30.0, 0.8057454706550436)	(31.0, 1.0213046832841404)	(32.0, 1.2787864462314038)	(33.0, 1.6037605419604555)	(34.0, 2.0836399477307035)	(35.0, 2.6176321489473326)	(36.0, 3.310989505983623)	(37.0, 4.048053351649021)	(38.0, 4.665890653501272)	(39.0, 5.212667745948956)	(40.0, 5.664598784839918)	(41.0, 5.983329096478808)	(42.0, 6.100177055876274)	(43.0, 5.919404640319889)	(44.0, 5.65716570854237)	(45.0, 5.230507129063073)	(46.0, 4.854096145355205)	(47.0, 4.345673726602873)	(48.0, 3.854198721808951)	(49.0, 3.3187199053330847)	(50.0, 2.8379485304069774)	(51.0, 2.4434008405325525)	(52.0, 1.9953350013157043)	(53.0, 1.7161486555794687)	(54.0, 1.4744250143830195)	(55.0, 1.25202737156021)	(56.0, 1.0198180680246296)	(57.0, 0.8060427937069459)	(58.0, 0.6442990534721202)	(59.0, 0.47304097557642244)	(60.0, 0.33954292527233076)	(61.0, 0.2726452385943352)	(62.0, 0.2072341671758489)	(63.0, 0.14033648049784764)	(64.0, 0.09276479219349208)	(65.0, 0.059761933432346204)	(66.0, 0.05886996427663956)	(67.0, 0.03776002759158188)	(68.0, 0.01902867532174203)	(69.0, 0.015163475647013194)	(70.0, 0.01040630681657768)	(71.0, 0.0050544918823377276)	(72.0, 0.0050544918823377276)	(73.0, 0.0047571688304355085)	(74.0, 0.0059464610380443855)	(75.0, 0.0041625227266310705)	(76.0, 0.0020812613633155353)	(77.0, 0.0005946461038044387)	(78.0, 0.0)	(79.0, 0.0)	(80.0, 0.0)	(81.0, 0.0)	(82.0, 0.0)	(83.0, 0.0)	(84.0, 0.0)	(85.0, 0.0)	(86.0, 0.0)	(87.0, 0.0)	(88.0, 0.0)	(89.0, 0.0)	(90.0, 0.0)	(91.0, 0.0)	(92.0, 0.0)	(93.0, 0.0)	(94.0, 0.0)	(95.0, 0.0)	(96.0, 0.0)	(97.0, 0.0)	(98.0, 0.0)	(99.0, 0.00029732305190221934)	(100.0, 0.0)
SRR908453_1_paired	(0.0, 2.1327421434863503)	(1.0, 1.2321787688739732)	(2.0, 0.2774298723234277)	(3.0, 0.11580220117071643)	(4.0, 0.043658049104467966)	(5.0, 0.01625565658145084)	(6.0, 0.006966709963478931)	(7.0, 0.002322236654492977)	(8.0, 0.005108920639884549)	(9.0, 0.0037155786471887633)	(10.0, 0.0)	(11.0, 0.0007740788848309923)	(12.0, 0.0012385262157295878)	(13.0, 0.0009288946617971908)	(14.0, 0.0037155786471887633)	(15.0, 0.00603781530168174)	(16.0, 0.01114673594156629)	(17.0, 0.02461570853762556)	(18.0, 0.03436910248649606)	(19.0, 0.05712702170052724)	(20.0, 0.09784357104263744)	(21.0, 0.1302000684285729)	(22.0, 0.18407595881281)	(23.0, 0.240119270074574)	(24.0, 0.29786555488296595)	(25.0, 0.4153707296003102)	(26.0, 0.5830362160547035)	(27.0, 0.7223704153242826)	(28.0, 0.892048506879237)	(29.0, 1.1461011968807668)	(30.0, 1.4181125170103754)	(31.0, 1.6949231262259365)	(32.0, 1.95331065798252)	(33.0, 2.226250872773934)	(34.0, 2.6244370511310033)	(35.0, 2.9266374477690316)	(36.0, 3.14353435129868)	(37.0, 3.3146057848463375)	(38.0, 3.37591283252495)	(39.0, 3.542649424317551)	(40.0, 3.7197586731668855)	(41.0, 3.8728714765864503)	(42.0, 3.895629395800478)	(43.0, 3.770693063788761)	(44.0, 3.658141993934331)	(45.0, 3.5014684276445323)	(46.0, 3.390155884005835)	(47.0, 3.3562512288502355)	(48.0, 3.312438363968806)	(49.0, 3.2611943417929896)	(50.0, 3.178213085339105)	(51.0, 2.923850763783636)	(52.0, 2.636357865957401)	(53.0, 2.478910220782773)	(54.0, 2.3658947035974456)	(55.0, 2.2048862955525954)	(56.0, 2.0288607571420276)	(57.0, 1.851596692515729)	(58.0, 1.7144299141236756)	(59.0, 1.495365589716508)	(60.0, 1.291628027228993)	(61.0, 1.132632224284708)	(62.0, 0.9497947916876286)	(63.0, 0.7434253609916852)	(64.0, 0.5889192155794188)	(65.0, 0.46862735687668267)	(66.0, 0.3497288401666423)	(67.0, 0.2429059540599654)	(68.0, 0.18067001171955363)	(69.0, 0.1538868823044013)	(70.0, 0.12989043687464052)	(71.0, 0.09010278219432752)	(72.0, 0.047528443528622934)	(73.0, 0.026473497861219938)	(74.0, 0.02740239252301713)	(75.0, 0.02415126120672696)	(76.0, 0.01300452526516067)	(77.0, 0.004180025978087359)	(78.0, 0.004644473308985954)	(79.0, 0.0032511313162901677)	(80.0, 0.0018577893235943816)	(81.0, 0.002322236654492977)	(82.0, 0.0004644473308985954)	(83.0, 0.0)	(84.0, 0.0)	(85.0, 0.0)	(86.0, 0.0)	(87.0, 0.0)	(88.0, 0.0)	(89.0, 0.0)	(90.0, 0.0)	(91.0, 0.0)	(92.0, 0.0)	(93.0, 0.0)	(94.0, 0.0)	(95.0, 0.0)	(96.0, 0.0)	(97.0, 0.0)	(98.0, 0.0)	(99.0, 0.0)	(100.0, 0.0)																																																																																																					
SRR908453_2	(0.0, 1.058082313126497)	(1.0, 0.41021311760487095)	(2.0, 0.11503802645875882)	(3.0, 0.046966429406935475)	(4.0, 0.021996935291855795)	(5.0, 0.010998467645927911)	(6.0, 0.009809444116638406)	(7.0, 0.006539629411092266)	(8.0, 0.006539629411092266)	(9.0, 0.005053349999480389)	(10.0, 0.004458838234835638)	(11.0, 0.002675302940901383)	(12.0, 0.003567070587868511)	(13.0, 0.002972558823223759)	(14.0, 0.0017835352939342551)	(15.0, 0.002675302940901383)	(16.0, 0.0038643264701908858)	(17.0, 0.004161582352513261)	(18.0, 0.010998467645927911)	(19.0, 0.017538097057020176)	(20.0, 0.025564005879724298)	(21.0, 0.04637191764229072)	(22.0, 0.06539629411092272)	(23.0, 0.08293439116794266)	(24.0, 0.10612034998908765)	(25.0, 0.1516004999844121)	(26.0, 0.1804343205696834)	(27.0, 0.23780470585790273)	(28.0, 0.2797177852653554)	(29.0, 0.33352109996570234)	(30.0, 0.4250759117209889)	(31.0, 0.5511124058256852)	(32.0, 0.68368852934148)	(33.0, 0.8174536763865642)	(34.0, 1.0299916322470473)	(35.0, 1.2612567086938031)	(36.0, 1.6378799115961677)	(37.0, 2.0296631644971086)	(38.0, 2.4913015497439686)	(39.0, 3.1057294585045985)	(40.0, 3.7454241172625165)	(41.0, 4.423464784839239)	(42.0, 5.237648646519485)	(43.0, 5.80005677587291)	(44.0, 6.385056352282812)	(45.0, 6.718577452248216)	(46.0, 6.772083511066194)	(47.0, 6.643668969903045)	(48.0, 6.247129622885357)	(49.0, 5.58276272589545)	(50.0, 4.822084923033182)	(51.0, 4.15682625839631)	(52.0, 3.485622476112768)	(53.0, 2.8096625997113778)	(54.0, 2.202071576244165)	(55.0, 1.763619149818504)	(56.0, 1.3956163675034863)	(57.0, 1.1034138351806575)	(58.0, 0.8659063852051171)	(59.0, 0.6628806175789113)	(60.0, 0.49047220583191364)	(61.0, 0.375434179373155)	(62.0, 0.2722863882072964)	(63.0, 0.17775901762878193)	(64.0, 0.12603649410468706)	(65.0, 0.10314779116586392)	(66.0, 0.0897712764613572)	(67.0, 0.05588410587660682)	(68.0, 0.038940520584231274)	(69.0, 0.03477893823171798)	(70.0, 0.024672238232757174)	(71.0, 0.021996935291855795)	(72.0, 0.016349073527730674)	(73.0, 0.011592979410572664)	(74.0, 0.009512188234316028)	(75.0, 0.008620420587348899)	(76.0, 0.0038643264701908858)	(77.0, 0.005350605881802764)	(78.0, 0.002972558823223759)	(79.0, 0.002378047058579007)	(80.0, 0.003567070587868511)	(81.0, 0.0020807911762566306)	(82.0, 0.002378047058579007)	(83.0, 0.0005945117646447517)	(84.0, 0.0005945117646447517)	(85.0, 0.0014862794116118792)	(86.0, 0.00029725588232237587)	(87.0, 0.0)	(88.0, 0.0)	(89.0, 0.00029725588232237587)	(90.0, 0.0005945117646447517)	(91.0, 0.0011890235292895035)	(92.0, 0.0008917676469671278)	(93.0, 0.0008917676469671278)	(94.0, 0.0005945117646447517)	(95.0, 0.0005945117646447517)	(96.0, 0.0)	(97.0, 0.0)	(98.0, 0.0)	(99.0, 0.0)	(100.0, 0.0)	(0.0, 1.058082313126497)	(1.0, 0.41021311760487095)	(2.0, 0.11503802645875882)	(3.0, 0.046966429406935475)	(4.0, 0.021996935291855795)	(5.0, 0.010998467645927911)	(6.0, 0.009809444116638406)	(7.0, 0.006539629411092266)	(8.0, 0.006539629411092266)	(9.0, 0.005053349999480389)	(10.0, 0.004458838234835638)	(11.0, 0.002675302940901383)	(12.0, 0.003567070587868511)	(13.0, 0.002972558823223759)	(14.0, 0.0017835352939342551)	(15.0, 0.002675302940901383)	(16.0, 0.0038643264701908858)	(17.0, 0.004161582352513261)	(18.0, 0.010998467645927911)	(19.0, 0.017538097057020176)	(20.0, 0.025564005879724298)	(21.0, 0.04637191764229072)	(22.0, 0.06539629411092272)	(23.0, 0.08293439116794266)	(24.0, 0.10612034998908765)	(25.0, 0.1516004999844121)	(26.0, 0.1804343205696834)	(27.0, 0.23780470585790273)	(28.0, 0.2797177852653554)	(29.0, 0.33352109996570234)	(30.0, 0.4250759117209889)	(31.0, 0.5511124058256852)	(32.0, 0.68368852934148)	(33.0, 0.8174536763865642)	(34.0, 1.0299916322470473)	(35.0, 1.2612567086938031)	(36.0, 1.6378799115961677)	(37.0, 2.0296631644971086)	(38.0, 2.4913015497439686)	(39.0, 3.1057294585045985)	(40.0, 3.7454241172625165)	(41.0, 4.423464784839239)	(42.0, 5.237648646519485)	(43.0, 5.80005677587291)	(44.0, 6.385056352282812)	(45.0, 6.718577452248216)	(46.0, 6.772083511066194)	(47.0, 6.643668969903045)	(48.0, 6.247129622885357)	(49.0, 5.58276272589545)	(50.0, 4.822084923033182)	(51.0, 4.15682625839631)	(52.0, 3.485622476112768)	(53.0, 2.8096625997113778)	(54.0, 2.202071576244165)	(55.0, 1.763619149818504)	(56.0, 1.3956163675034863)	(57.0, 1.1034138351806575)	(58.0, 0.8659063852051171)	(59.0, 0.6628806175789113)	(60.0, 0.49047220583191364)	(61.0, 0.375434179373155)	(62.0, 0.2722863882072964)	(63.0, 0.17775901762878193)	(64.0, 0.12603649410468706)	(65.0, 0.10314779116586392)	(66.0, 0.0897712764613572)	(67.0, 0.05588410587660682)	(68.0, 0.038940520584231274)	(69.0, 0.03477893823171798)	(70.0, 0.024672238232757174)	(71.0, 0.021996935291855795)	(72.0, 0.016349073527730674)	(73.0, 0.011592979410572664)	(74.0, 0.009512188234316028)	(75.0, 0.008620420587348899)	(76.0, 0.0038643264701908858)	(77.0, 0.005350605881802764)	(78.0, 0.002972558823223759)	(79.0, 0.002378047058579007)	(80.0, 0.003567070587868511)	(81.0, 0.0020807911762566306)	(82.0, 0.002378047058579007)	(83.0, 0.0005945117646447517)	(84.0, 0.0005945117646447517)	(85.0, 0.0014862794116118792)	(86.0, 0.00029725588232237587)	(87.0, 0.0)	(88.0, 0.0)	(89.0, 0.00029725588232237587)	(90.0, 0.0005945117646447517)	(91.0, 0.0011890235292895035)	(92.0, 0.0008917676469671278)	(93.0, 0.0008917676469671278)	(94.0, 0.0005945117646447517)	(95.0, 0.0005945117646447517)	(96.0, 0.0)	(97.0, 0.0)	(98.0, 0.0)	(99.0, 0.0)	(100.0, 0.0)
SRR908453_2_paired	(0.0, 2.4330805197302734)	(1.0, 1.4141134896690954)	(2.0, 0.2262701780112259)	(3.0, 0.01697777564094855)	(4.0, 0.0030049160426457618)	(5.0, 0.0004507374063968643)	(6.0, 0.0)	(7.0, 0.0)	(8.0, 0.0004507374063968643)	(9.0, 0.0009014748127937286)	(10.0, 0.0004507374063968643)	(11.0, 0.0004507374063968643)	(12.0, 0.0007512290106614404)	(13.0, 0.003004916042645762)	(14.0, 0.0036058992511749143)	(15.0, 0.0027044244383811855)	(16.0, 0.010817697753524742)	(17.0, 0.02298760772624008)	(18.0, 0.029748668822193042)	(19.0, 0.029748668822193042)	(20.0, 0.0593470918422538)	(21.0, 0.11028041876509946)	(22.0, 0.1398788417851602)	(23.0, 0.18585405723764042)	(24.0, 0.2582725338654033)	(25.0, 0.351575176989554)	(26.0, 0.45990240032693336)	(27.0, 0.6026359123526074)	(28.0, 0.8146327391612671)	(29.0, 1.0589324134283669)	(30.0, 1.25229876077262)	(31.0, 1.4671502578217905)	(32.0, 1.7814644758825333)	(33.0, 2.0983328725795345)	(34.0, 2.391612678341766)	(35.0, 2.726210079690376)	(36.0, 3.0315095496231925)	(37.0, 3.235393103116715)	(38.0, 3.343419834849828)	(39.0, 3.4896090003245437)	(40.0, 3.6811723980432127)	(41.0, 3.7804848732526506)	(42.0, 3.8372777864586496)	(43.0, 3.732406216570313)	(44.0, 3.6658473262257156)	(45.0, 3.5746481243314117)	(46.0, 3.3805305479764938)	(47.0, 3.2740062742646994)	(48.0, 3.244407851244636)	(49.0, 3.191521328894071)	(50.0, 3.135930382105122)	(51.0, 3.0696719833647816)	(52.0, 2.8064413380290127)	(53.0, 2.628700554106515)	(54.0, 2.5845282882796212)	(55.0, 2.3737334278880198)	(56.0, 2.1609853720686996)	(57.0, 2.009687849321485)	(58.0, 1.8307450989819292)	(59.0, 1.617095568349816)	(60.0, 1.4217760255778418)	(61.0, 1.222550091950428)	(62.0, 1.0207699796867653)	(63.0, 0.8559503347476454)	(64.0, 0.6983424883108751)	(65.0, 0.5456927533444703)	(66.0, 0.40220801230813524)	(67.0, 0.30650143634986776)	(68.0, 0.2285238650432102)	(69.0, 0.17578758849477708)	(70.0, 0.13822613796170505)	(71.0, 0.09901198360517786)	(72.0, 0.07121651021070455)	(73.0, 0.0441722658268927)	(74.0, 0.035608255105352274)	(75.0, 0.030650143634986773)	(76.0, 0.02118465810065262)	(77.0, 0.014423597004699657)	(78.0, 0.011268435159921607)	(79.0, 0.009916222940731014)	(80.0, 0.005408848876762371)	(81.0, 0.0018029496255874571)	(82.0, 0.0009014748127937286)	(83.0, 0.0004507374063968643)	(84.0, 0.0)	(85.0, 0.0)	(86.0, 0.0)	(87.0, 0.0)	(88.0, 0.0)	(89.0, 0.0)	(90.0, 0.0)	(91.0, 0.0)	(92.0, 0.0)	(93.0, 0.0)	(94.0, 0.0)	(95.0, 0.0)	(96.0, 0.0)	(97.0, 0.0)	(98.0, 0.0)	(99.0, 0.0)	(100.0, 0.0)																																																																																																					
